subset,representation,can,abs_residual
all Q-HERO,expert (Good/Bad),CCCCCCCCCCCC[N+](C)(C)Cc1ccccc1.[Cl-],1.4744648851011188
all Q-HERO,expert (Good/Bad),CCCCCCCCCCCCCCCC[n+]1ccccc1.[Cl-],2.045131076122873
all Q-HERO,expert (Good/Bad),CCCCCCCCCC[N+](C)(C)CCCCCCCCCC.[Cl-],1.785385973229466
all Q-HERO,expert (Good/Bad),CCCCCCCCCCCC[N+](C)(C)CCCCCCCCCCCC.[Cl-],2.4006302565359254
all Q-HERO,expert (Good/Bad),N=C(NCCCCCCNC(=N)NC(=N)Nc1ccc(Cl)cc1)NC(=N)Nc1ccc(Cl)cc1,3.5212885684486857
all Q-HERO,expert (Good/Bad),CCCCCCCCCCCCCCOc1cccc(C[N+](C)(C)C)c1C[N+](C)(C)C.[Br-].[Br-],0.15185905633401475
all Q-HERO,expert (Good/Bad),CCCCCCCCCCCCCCOc1ccc(C[N+](C)(C)C)cc1C[N+](C)(C)C.[Br-].[Br-],0.02886252458646954
all Q-HERO,expert (Good/Bad),CCCCCCCCCCCCCCOc1cc(C[N+](C)(C)C)ccc1C[N+](C)(C)C.[Br-].[Br-],1.1038413324906369
all Q-HERO,expert (Good/Bad),CCCCCCCCCCCCCCCCOc1cc(C[N+](C)(C)C)ccc1C[N+](C)(C)C.[Br-].[Br-],0.7124742305015719
all Q-HERO,expert (Good/Bad),CCCCCCCCCCCCCCCCCCOc1cc(C[N+](C)(C)C)ccc1C[N+](C)(C)C.[Br-].[Br-],1.1260359398501025
all Q-HERO,expert (Good/Bad),CCCCCCCCCCCCCCOc1c(C[N+](C)(C)C)cccc1C[N+](C)(C)C.[Br-].[Br-],1.048314138557151
all Q-HERO,expert (Good/Bad),CCCCCCCCCCCCCCOc1cc(C[N+](C)(C)C)cc(C[N+](C)(C)C)c1.[Br-].[Br-],0.8234963535196305
all Q-HERO,expert (Good/Bad),CCCCCCCCCCCCCCCCOc1cc(C[N+](C)(C)C)cc(C[N+](C)(C)C)c1.[Br-].[Br-],1.0788234065733855
all Q-HERO,expert (Good/Bad),CCCCCCCCCCOc1ccc(C[N+](C)(C)C)cc1.[Br-],0.763744784304794
all Q-HERO,expert (Good/Bad),CCCCCCCCCC[n+]1ccc(-c2cc[n+](CCCCCCCCCC)cc2)cc1.[Br-].[Br-],0.6392505783901535
all Q-HERO,expert (Good/Bad),CCCCCCCCCCC[n+]1ccc(-c2cc[n+](CCCCCCCCCCC)cc2)cc1.[Br-].[Br-],0.7873648003350062
all Q-HERO,expert (Good/Bad),CCCCCCCCCCCC[n+]1ccc(-c2cc[n+](CCCCCCCCCCCC)cc2)cc1.[Br-].[Br-],0.8503416901357812
all Q-HERO,expert (Good/Bad),CCCCCCCCCCCCC[n+]1ccc(-c2cc[n+](CCCCCCCCCCCCC)cc2)cc1.[Br-].[Br-],2.273458669903295
all Q-HERO,expert (Good/Bad),CCCCCCCCCCCC[n+]1ccc(-c2cc[n+](C)cc2)cc1.[Br-].[I-],3.558458971229451
all Q-HERO,expert (Good/Bad),CCCCCCCCCCCCCC[n+]1ccc(-c2cc[n+](C)cc2)cc1.[Br-].[I-],0.9388449234701
all Q-HERO,expert (Good/Bad),CCCCCCCCCCCCCC[n+]1ccc(-c2cc[n+](CC)cc2)cc1.[Br-].[Br-],1.565931005941524
all Q-HERO,expert (Good/Bad),CCCCCCCCCCCCCCCC[n+]1ccc(-c2cc[n+](C)cc2)cc1.[Br-].[I-],0.8322066588626593
all Q-HERO,expert (Good/Bad),CCCCCCCCCCCCCCCC[n+]1ccc(-c2cc[n+](CC)cc2)cc1.[Br-].[Br-],2.7895046450304726
all Q-HERO,expert (Good/Bad),CCCCCCCCCCCCCCCCCC[n+]1ccc(-c2cc[n+](C)cc2)cc1.[Br-].[I-],1.7335735887975903
all Q-HERO,expert (Good/Bad),CCCCCCCCCCCCCCCCCC[n+]1ccc(-c2cc[n+](CC)cc2)cc1.[Br-].[Br-],1.6931194923958341
all Q-HERO,expert (Good/Bad),CCCCCCCCCC[n+]1ccc(-c2cc[n+](CCCCCCCCCC)cc2)cc1.[Cl-].[Cl-],0.6795098055141855
all Q-HERO,expert (Good/Bad),CCCCCCCCCC[n+]1ccc(-c2cc[n+](CCCCCCCCCC)cc2)cc1.[I-].[I-],0.7767592447901628
all Q-HERO,expert (Good/Bad),CCCCCCCCCCC[n+]1ccc(-c2cc[n+](CCCCCCCCCCC)cc2)cc1.[Cl-].[Cl-],0.5195377958913563
all Q-HERO,expert (Good/Bad),CCCCCCCCCCC[n+]1ccc(-c2cc[n+](CCCCCCCCCCC)cc2)cc1.[I-].[I-],1.5936160861458408
all Q-HERO,expert (Good/Bad),CCCCCCCCCCCC[n+]1ccc(-c2cc[n+](CCCCCCCCCCCC)cc2)cc1.[Cl-].[Cl-],0.05411747986986337
all Q-HERO,expert (Good/Bad),CCCCCCCCCCCC[n+]1ccc(-c2cc[n+](CCCCCCCCCCCC)cc2)cc1.[I-].[I-],2.8161291532016883
all Q-HERO,expert (Good/Bad),CCCCCCCCCCCC[n+]1ccc(-c2cc[n+](CCCCCCCCCC)cc2)cc1.[Br-].[Br-],0.8880821397581897
all Q-HERO,expert (Good/Bad),CCCCCCCCCCCCCC[n+]1ccc(-c2cc[n+](CCCCCCCC)cc2)cc1.[Br-].[Br-],0.7526352489897561
all Q-HERO,expert (Good/Bad),CCCCCCCCCCCCCCCC[n+]1ccc(-c2cc[n+](CCCCCC)cc2)cc1.[Br-].[Br-],0.942728534904852
all Q-HERO,expert (Good/Bad),CCCCCCCCCCCCCCCCCC[n+]1ccc(-c2cc[n+](CCCC)cc2)cc1.[Br-].[Br-],2.0721298294586434
all Q-HERO,expert (Good/Bad),C[n+]1cccc(Br)c1.[Br-],0.9530346130167673
all Q-HERO,expert (Good/Bad),CCCCCCCCCCCC[n+]1cccc(Br)c1.[Br-],0.974787930389653
all Q-HERO,expert (Good/Bad),CCCCCCCCCCCCCC[n+]1cccc(Br)c1.[Br-],0.18850422622789909
all Q-HERO,expert (Good/Bad),CCCCCCCCCCCCCCCC[n+]1cccc(Br)c1.[Br-],1.656326593522317
all Q-HERO,expert (Good/Bad),CCCCCCCCCC[n+]1cccc(-c2ccc[n+](CCCCCCCCCC)c2)c1.[Br-].[Br-],0.04867513947834956
all Q-HERO,expert (Good/Bad),CCCCCCCCCCCC[n+]1cccc(-c2ccc[n+](CCCCCCCCCC)c2)c1.[Br-].[Br-],0.36500242107794767
all Q-HERO,expert (Good/Bad),CCCCCCCCCCC[n+]1cccc(-c2ccc[n+](CCCCCCCCCCC)c2)c1.[Br-].[Br-],1.6192194599857135
all Q-HERO,expert (Good/Bad),CCCCCCCCCCCC[n+]1cccc(-c2ccc[n+](CCCCCCCCCCCC)c2)c1.[Br-].[Br-],0.6385362080077727
all Q-HERO,expert (Good/Bad),CCCCCCCCCCCCCC[n+]1cccc(-c2ccc[n+](CCCCCCCCCCCC)c2)c1.[Br-].[Br-],0.39538319727807325
all Q-HERO,expert (Good/Bad),CCCCCCCCCCCCCC[n+]1cccc(-c2ccc[n+](CCCCCCCCCCCCCC)c2)c1.[Br-].[Br-],0.3129288585526253
all Q-HERO,expert (Good/Bad),CCCCCCCCCCCCCCCC[n+]1cccc(-c2ccc[n+](CCCCCCCCCCCCCCCC)c2)c1.[Br-].[Br-],0.06574194531992616
all Q-HERO,expert (Good/Bad),CCCCCCCCCCCC[n+]1cccc(-c2ccccc2)c1.[Br-],0.9670749384783841
all Q-HERO,expert (Good/Bad),CCCCCCCCCCCC[n+]1cccc(-c2ccc[n+](C)c2)c1.[Br-].[Br-],5.10469878060478
all Q-HERO,expert (Good/Bad),CCCCCCCCCCCC[n+]1cccc(-c2ccc[n+](Cc3ccccc3)c2)c1.[Br-].[Br-],1.0505140476671668
all Q-HERO,expert (Good/Bad),CCCCCCCCCC[n+]1ccc(-c2ccc[n+](CCCCCCCCCC)c2)cc1.[Br-].[Br-],0.7771414950663615
all Q-HERO,expert (Good/Bad),CCCCCCCCCCC[n+]1ccc(-c2ccc[n+](CCCCCCCCCCC)c2)cc1.[Br-].[Br-],1.2641115749803054
all Q-HERO,expert (Good/Bad),CCCCCCCCCCCC[n+]1ccc(-c2ccc[n+](CCCCCCCCCCCC)c2)cc1.[Br-].[Br-],0.31205843854888515
all Q-HERO,expert (Good/Bad),CCCCCCCCCCCCCC[n+]1ccc(-c2ccc[n+](CCCCCCCCCCCCCC)c2)cc1.[Br-].[Br-],0.3195025436949839
all Q-HERO,expert (Good/Bad),CCCCCCCCCCCCCCCC[n+]1ccc(-c2ccc[n+](CCCCCCCCCCCCCCCC)c2)cc1.[Br-].[Br-],0.9623859984999763
all Q-HERO,expert (Good/Bad),CCCCCCCCCCCCCCCCCCCC[N+](C)(C)CCN(C)C.[Br-],0.021329783762507493
all Q-HERO,expert (Good/Bad),CCCCCCCCCCCCCCCCCC[N+](C)(C)CCN(C)C.[Br-],1.0748326114795548
all Q-HERO,expert (Good/Bad),CCCCCCCCCCCCCCCC[N+](C)(C)CCN(C)C.[Br-],1.8118811825137064
all Q-HERO,expert (Good/Bad),CCCCCCCCCCCCCC[N+](C)(C)CCN(C)C.[Br-],0.6767116054192437
all Q-HERO,expert (Good/Bad),CCCCCCCCCCCC[N+](C)(C)CCN(C)C.[Br-],3.105237908412586
all Q-HERO,expert (Good/Bad),CCCCCCCCCC[N+](C)(C)CCN(C)C.[Br-],4.22698397890879
all Q-HERO,expert (Good/Bad),CCCCCCCCCCCCCCCCCCCC[N+](C)(C)CC[N+](C)(C)CCCCCCCCCCCCCCCC.[Br-].[Br-],3.0692703057417265
all Q-HERO,expert (Good/Bad),CCCCCCCCCCCCCCCCCCCC[N+](C)(C)CC[N+](C)(C)CCCCCCCCCCCCCC.[Br-].[Br-],2.2805169822397513
all Q-HERO,expert (Good/Bad),CCCCCCCCCCCCCCCCCCCC[N+](C)(C)CC[N+](C)(C)CCCCCCCCCCCC.[Br-].[Br-],2.148449389118649
all Q-HERO,expert (Good/Bad),CCCCCCCCCCCCCCCCCCCC[N+](C)(C)CC[N+](C)(C)CCCCCCCCCC.[Br-].[Br-],1.480560103642064
all Q-HERO,expert (Good/Bad),CCCCCCCCCCCCCCCCCCCC[N+](C)(C)CC[N+](C)(C)CCCCCCCC.[Br-].[Br-],1.2224424518971968
all Q-HERO,expert (Good/Bad),CCCCCCCCCCCCCCCCCC[N+](C)(C)CC[N+](C)(C)CCCCCCCCCCCCCCCCCC.[Br-].[Br-],3.9433226983780827
all Q-HERO,expert (Good/Bad),CCCCCCCCCCCCCCCCCC[N+](C)(C)CC[N+](C)(C)CCCCCCCCCCCCCCCC.[Br-].[Br-],3.1946083562405962
all Q-HERO,expert (Good/Bad),CCCCCCCCCCCCCCCCCC[N+](C)(C)CC[N+](C)(C)CCCCCCCCCCCCCC.[Br-].[Br-],2.349329719307645
all Q-HERO,expert (Good/Bad),CCCCCCCCCCCCCCCCCC[N+](C)(C)CC[N+](C)(C)CCCCCCCCCCCC.[Br-].[Br-],1.6231541771681215
all Q-HERO,expert (Good/Bad),CCCCCCCCCCCCCCCCCC[N+](C)(C)CC[N+](C)(C)CCCCCCCCCC.[Br-].[Br-],1.6667257887849387
all Q-HERO,expert (Good/Bad),CCCCCCCCCCCCCCCCCC[N+](C)(C)CC[N+](C)(C)CCCCCCCC.[Br-].[Br-],0.7503853157951093
all Q-HERO,expert (Good/Bad),CCCCCCCCCCCCCCCC[N+](C)(C)CC[N+](C)(C)CCCCCCCCCCCCCCCC.[Br-].[Br-],2.4638381783622454
all Q-HERO,expert (Good/Bad),CCCCCCCCCCCCCCCC[N+](C)(C)CC[N+](C)(C)CCCCCCCCCCCCCC.[Br-].[Br-],2.6132684557647115
all Q-HERO,expert (Good/Bad),CCCCCCCCCCCCCCCC[N+](C)(C)CC[N+](C)(C)CCCCCCCCCCCC.[Br-].[Br-],2.492663450295213
all Q-HERO,expert (Good/Bad),CCCCCCCCCCCCCCCC[N+](C)(C)CC[N+](C)(C)CCCCCCCCCC.[Br-].[Br-],1.6472256590770002
all Q-HERO,expert (Good/Bad),CCCCCCCCCCCCCCCC[N+](C)(C)CC[N+](C)(C)CCCCCCCC.[Br-].[Br-],1.026998248652273
all Q-HERO,expert (Good/Bad),CCCCCCCCCCCCCC[N+](C)(C)CC[N+](C)(C)CCCCCCCCCCCCCC.[Br-].[Br-],1.8032242080631415
all Q-HERO,expert (Good/Bad),CCCCCCCCCCCCCC[N+](C)(C)CC[N+](C)(C)CCCCCCCCCCCC.[Br-].[Br-],0.19777007149923698
all Q-HERO,expert (Good/Bad),CCCCCCCCCCCCCC[N+](C)(C)CC[N+](C)(C)CCCCCCCCCC.[Br-].[Br-],1.791187124002086
all Q-HERO,expert (Good/Bad),CCCCCCCCCCCCCC[N+](C)(C)CC[N+](C)(C)CCCCCCCC.[Br-].[Br-],0.2132411898281985
all Q-HERO,expert (Good/Bad),CCCCCCCCCCCC[N+](C)(C)CC[N+](C)(C)CCCCCCCCCCCC.[Br-].[Br-],0.2288214038153591
all Q-HERO,expert (Good/Bad),CCCCCCCCCCCC[N+](C)(C)CC[N+](C)(C)CCCCCCCCCC.[Br-].[Br-],0.07265346213037249
all Q-HERO,expert (Good/Bad),CCCCCCCCCCCC[N+](C)(C)CC[N+](C)(C)CCCBr.[Br-].[Br-],3.1178087115308406
all Q-HERO,expert (Good/Bad),CCCCCCCCCC[N+](C)(C)CC[N+](C)(C)CCCCCCCCCC.[Br-].[Br-],0.6531393152167132
all Q-HERO,expert (Good/Bad),CCCCCCCCCC[N+](C)(C)CC[N+](C)(C)CCCCCCCC.[Br-].[Br-],2.1654205762876675
all Q-HERO,expert (Good/Bad),CCCCCCCC[N+](C)(C)CC[N+](C)(C)CCCCCCCC.[Br-].[Br-],3.401502800541046
all Q-HERO,expert (Good/Bad),CCCCCCCCCCCCC[N+](C)(C)CC[N+](C)(C)CCCCCCCCCC.[Br-].[Br-],0.24330054677000823
all Q-HERO,expert (Good/Bad),CCCCCCCCCCC[N+](C)(C)CC[N+](C)(C)CCCCCCCCCC.[Br-].[Br-],0.38918189357048183
all Q-HERO,expert (Good/Bad),CCCCCCCCCC[n+]1cccc([C@@H]2CCCN2C)c1.[Br-],2.0862074160569257
all Q-HERO,expert (Good/Bad),CCCCCCCCCCC[n+]1cccc([C@@H]2CCCN2C)c1.[Br-],0.1504181237635729
all Q-HERO,expert (Good/Bad),CCCCCCCCCCCC[n+]1cccc([C@@H]2CCCN2C)c1.[Br-],0.3348422052661264
all Q-HERO,expert (Good/Bad),CCCCCCCCCCCCCC[n+]1cccc([C@@H]2CCCN2C)c1.[Br-],2.0856400500440335
all Q-HERO,expert (Good/Bad),CCCCCCCCCCCCCCCC[n+]1cccc([C@@H]2CCCN2C)c1.[Br-],2.3056626357849703
all Q-HERO,expert (Good/Bad),CCCCCCCCCCCCCCCCCC[n+]1cccc([C@@H]2CCCN2C)c1.[Br-],1.9926379600894741
all Q-HERO,expert (Good/Bad),CCCCCCCCCCCCCCCCCCCC[n+]1cccc([C@@H]2CCCN2C)c1.[Br-],0.7498321261589382
all Q-HERO,expert (Good/Bad),CCCCCCCCCC[n+]1cccc([C@@H]2CCC[N+]2(C)C)c1.[Br-].[I-],2.099984063506978
all Q-HERO,expert (Good/Bad),CCCCCCCCCCC[n+]1cccc([C@@H]2CCC[N+]2(C)C)c1.[Br-].[I-],3.0900332871836778
all Q-HERO,expert (Good/Bad),CCCCCCCCCCCC[n+]1cccc([C@@H]2CCC[N+]2(C)C)c1.[Br-].[I-],0.9084094376380896
all Q-HERO,expert (Good/Bad),CCCCCCCCCCCCCC[n+]1cccc([C@@H]2CCC[N+]2(C)C)c1.[Br-].[I-],0.16098083719935197
all Q-HERO,expert (Good/Bad),CCCCCCCCCCCCCCCC[n+]1cccc([C@@H]2CCC[N+]2(C)C)c1.[Br-].[I-],1.3295745153234029
all Q-HERO,expert (Good/Bad),CCCCCCCCCCCCCCCCCC[n+]1cccc([C@@H]2CCC[N+]2(C)C)c1.[Br-].[I-],1.486473398182838
all Q-HERO,expert (Good/Bad),CCCCCCCCCCCCCCCCCCCC[n+]1cccc([C@@H]2CCC[N+]2(C)C)c1.[Br-].[I-],2.479496094530322
all Q-HERO,expert (Good/Bad),C=C[C@H]1C[N@+]2(CCCCCCCCCC)CC[C@H]1C[C@H]2[C@@H](O)c1ccnc2ccc(OC)cc12.[Br-],0.7768498293854147
all Q-HERO,expert (Good/Bad),C=C[C@H]1C[N@+]2(CCCCCCCCCCC)CC[C@H]1C[C@H]2[C@@H](O)c1ccnc2ccc(OC)cc12.[Br-],0.3231258353246138
all Q-HERO,expert (Good/Bad),C=C[C@H]1C[N@+]2(CCCCCCCCCCCC)CC[C@H]1C[C@H]2[C@@H](O)c1ccnc2ccc(OC)cc12.[Br-],1.4880805972333202
all Q-HERO,expert (Good/Bad),C=C[C@H]1C[N@+]2(CCCCCCCCCCCCCC)CC[C@H]1C[C@H]2[C@@H](O)c1ccnc2ccc(OC)cc12.[Br-],2.1626833746398217
all Q-HERO,expert (Good/Bad),C=C[C@H]1C[N@+]2(CCCCCCCCCCCCCCCC)CC[C@H]1C[C@H]2[C@@H](O)c1ccnc2ccc(OC)cc12.[Br-],1.0595110369995222
all Q-HERO,expert (Good/Bad),C=C[C@H]1C[N@+]2(CCCCCCCCCCCCCCCCCC)CC[C@H]1C[C@H]2[C@@H](O)c1ccnc2ccc(OC)cc12.[Br-],0.006487841923950688
all Q-HERO,expert (Good/Bad),C=C[C@H]1C[N@+]2(CCCCCCCCCC)CC[C@H]1C[C@H]2[C@@H](O)c1cc[n+](C)c2ccc(OC)cc12.[Br-].[I-],1.2212095274283559
all Q-HERO,expert (Good/Bad),C=C[C@H]1C[N@+]2(CCCCCCCCCCC)CC[C@H]1C[C@H]2[C@@H](O)c1cc[n+](C)c2ccc(OC)cc12.[Br-].[I-],0.4877165984667131
all Q-HERO,expert (Good/Bad),C=C[C@H]1C[N@+]2(CCCCCCCCCCCC)CC[C@H]1C[C@H]2[C@@H](O)c1cc[n+](C)c2ccc(OC)cc12.[Br-].[I-],0.46762212771803857
all Q-HERO,expert (Good/Bad),C=C[C@H]1C[N@+]2(CCCCCCCCCCCCCC)CC[C@H]1C[C@H]2[C@@H](O)c1cc[n+](C)c2ccc(OC)cc12.[Br-].[I-],2.5298469524595855
all Q-HERO,expert (Good/Bad),C=C[C@H]1C[N@+]2(CCCCCCCCCCCCCCCC)CC[C@H]1C[C@H]2[C@@H](O)c1cc[n+](C)c2ccc(OC)cc12.[Br-].[I-],1.0246229660793267
all Q-HERO,expert (Good/Bad),C=C[C@H]1C[N@+]2(CCCCCCCCCCCCCCCCCC)CC[C@H]1C[C@H]2[C@@H](O)c1cc[n+](C)c2ccc(OC)cc12.[Br-].[I-],1.2203769750709006
all Q-HERO,expert (Good/Bad),CCCCCCCCCC[N+](C)(C)CCN(C)CC[N+](C)(C)CCCCCCCCCC.[Br-].[Br-],0.7177252310250617
all Q-HERO,expert (Good/Bad),CCCCCCCCCCC[N+](C)(C)CCN(C)CC[N+](C)(C)CCCCCCCCCCC.[Br-].[Br-],1.0615167294670673
all Q-HERO,expert (Good/Bad),CCCCCCCCCCCC[N+](C)(C)CCN(C)CC[N+](C)(C)CCCCCCCCCCCC.[Br-].[Br-],0.05390933801029041
all Q-HERO,expert (Good/Bad),CCCCCCCCCCCCCC[N+](C)(C)CCN(C)CC[N+](C)(C)CCCCCCCCCCCCCC.[Br-].[Br-],0.9424898920921898
all Q-HERO,expert (Good/Bad),CCCCCCCCCCCCCCCC[N+](C)(C)CCN(C)CC[N+](C)(C)CCCCCCCCCCCCCCCC.[Br-].[Br-],0.9232398035738489
all Q-HERO,expert (Good/Bad),CCCCCCCCCC[N+](C)(C)CC[N+](C)(C)CC[N+](C)(C)CCCCCCCCCC.[Br-].[Br-].[I-],0.09555246784484939
all Q-HERO,expert (Good/Bad),CCCCCCCCCCC[N+](C)(C)CC[N+](C)(C)CC[N+](C)(C)CCCCCCCCCCC.[Br-].[Br-].[I-],0.148774543669436
all Q-HERO,expert (Good/Bad),CCCCCCCCCCCCCC[N+](C)(C)CC[N+](C)(C)CC[N+](C)(C)CCCCCCCCCCCCCC.[Br-].[Br-].[I-],0.9723810416633722
all Q-HERO,expert (Good/Bad),C=CC[N+](C)(CC[N+](C)(C)CCCCCCCCCC)CC[N+](C)(C)CCCCCCCCCC.[Br-].[Br-].[Br-],0.6327994615688444
all Q-HERO,expert (Good/Bad),C=CC[N+](C)(CC[N+](C)(C)CCCCCCCCCCC)CC[N+](C)(C)CCCCCCCCCCC.[Br-].[Br-].[Br-],0.5451971538909159
all Q-HERO,expert (Good/Bad),C=CC[N+](C)(CC[N+](C)(C)CCCCCCCCCCCC)CC[N+](C)(C)CCCCCCCCCCCC.[Br-].[Br-].[Br-],0.2820586388037092
all Q-HERO,expert (Good/Bad),C=CC[N+](C)(CC[N+](C)(C)CCCCCCCCCCCCCC)CC[N+](C)(C)CCCCCCCCCCCCCC.[Br-].[Br-].[Br-],0.18478141926630753
all Q-HERO,expert (Good/Bad),C=CC[N+](C)(CC[N+](C)(C)CCCCCCCCCCCCCCCC)CC[N+](C)(C)CCCCCCCCCCCCCCCC.[Br-].[Br-].[Br-],0.8334112482427778
all Q-HERO,expert (Good/Bad),CCCCCCCCCC[N+](C)(C)CCCN(C)CCC[N+](C)(C)CCCCCCCCCC.[Br-].[Br-],0.1976861205251481
all Q-HERO,expert (Good/Bad),CCCCCCCCCC[N+](C)(C)CCC[N+](C)(CC)CCC[N+](C)(C)CCCCCCCCCC.[Br-].[Br-].[Br-],0.49690058030402173
all Q-HERO,expert (Good/Bad),CCCCCCCCCCCC[N+](C)(C)CCCN(C)CCC[N+](C)(C)CCCCCCCCCCCC.[Br-].[Br-],0.12361428307091682
all Q-HERO,expert (Good/Bad),CCCCCCCCCCCC[N+](C)(C)CCC[N+](C)(C)CCC[N+](C)(C)CCCCCCCCCCCC.[Br-].[Br-].[I-],0.5205982827635562
all Q-HERO,expert (Good/Bad),CCCCCCCCCCCC[N+](C)(C)CCC[N+](C)(CC)CCC[N+](C)(C)CCCCCCCCCCCC.[Br-].[Br-].[Br-],1.3421174286091946
all Q-HERO,expert (Good/Bad),CCCCCCCCCCCC[N+](C)(C)CCC[N+](C)(CCCC)CCC[N+](C)(C)CCCCCCCCCCCC.[Br-].[Br-].[Br-],0.2656800548024918
all Q-HERO,expert (Good/Bad),C=CC[N+](C)(CCC[N+](C)(C)CCCCCCCCCCCC)CCC[N+](C)(C)CCCCCCCCCCCC.[Br-].[Br-].[Br-],0.049126381678350706
all Q-HERO,expert (Good/Bad),CCCCCCCCCCCC[N+](C)(C)CCC[N+](C)(CCC[N+](C)(C)CCCCCCCCCCCC)Cc1ccccc1.[Br-].[Br-].[Br-],0.24356173801215486
all Q-HERO,expert (Good/Bad),CCCCCCCCCCCC[N+](C)(C)CCC[N+](C)(CCC[N+](C)(C)CCCCCCCCCCCC)Cc1ccc(CCCCCCCC)cc1.[Br-].[Br-].[Cl-],0.5877192689765891
all Q-HERO,expert (Good/Bad),CCCCCCCCCCCC[N+](C)(C)CCC[N+](C)(CCCCCCCCCCCS)CCC[N+](C)(C)CCCCCCCCCCCC.[Br-].[Br-].[Br-],0.03939841280181189
all Q-HERO,expert (Good/Bad),CCCCCCCCCCCC[N+](C)(C)CCC[N+](C)(CCCCCCCCCCCC)CCC[N+](C)(C)CCCCCCCCCCCC.[Br-].[Br-].[Br-],2.2579182328492258
all Q-HERO,expert (Good/Bad),C=CCCCCCCCCC[N+](C)(CCC[N+](C)(C)CCCCCCCCCCCC)CCC[N+](C)(C)CCCCCCCCCCCC.[Br-].[Br-].[Br-],2.1464162748383226
all Q-HERO,expert (Good/Bad),CCCCCCCCCCCC[N+](C)(C)CCN(C)CCN(C)CCN(C)C.[Br-],0.02930104427213598
all Q-HERO,expert (Good/Bad),CCCCCCCCCCCCCC[N+](C)(C)CCN(C)CCN(C)CCN(C)C.[Br-],1.3007674371958498
all Q-HERO,expert (Good/Bad),CCCCCCCCCCCCCC[N+](C)(C)CCN(C)CCN(C)CC[N+](C)(C)CCCCCCCCCCCC.[Br-].[Br-],0.3557841329710798
all Q-HERO,expert (Good/Bad),CCCCCCCCCCCC[N+](C)(C)CCN(C)CCN(C)CC[N+](C)(C)CCCCCCCCCCCC.[Br-].[Br-],0.383865217736288
all Q-HERO,expert (Good/Bad),CCCCCCCCCCCCCC[N+](C)(C)CCN(C)CCN(C)CC[N+](C)(C)CCCCCCCCCCCCCC.[Br-].[Br-],0.6559711857431227
all Q-HERO,expert (Good/Bad),C=CC[N+](C)(CC[N+](C)(C)CCCCCCCCCCCC)CC[N+](C)(CC=C)CC[N+](C)(C)CCCCCCCCCCCC.[Br-].[Br-].[Br-].[Br-],0.6609623114076716
all Q-HERO,expert (Good/Bad),CCCCCCCCCCCC[N+](C)(C)CC[N+](C)(C)CCCCC[N+](C)(C)CC[N+](C)(C)CCCCCCCCCCCC.[Br-].[Br-].[I-].[I-],0.432695389533827
all Q-HERO,expert (Good/Bad),CCCCCCCCCCCC[N+](C)(C)Cc1cc(C[N+](C)(C)C)cc(C[N+](C)(C)CCCCCCCCCCCC)c1.[Br-].[Br-].[Br-],0.29470011477160807
all Q-HERO,expert (Good/Bad),CCCCCCCCCCCCCC[N+](C)(C)Cc1cc(C[N+](C)(C)C)cc(C[N+](C)(C)CCCCCCCCCCCCCC)c1.[Br-].[Br-].[Br-],0.8964606607271877
all Q-HERO,expert (Good/Bad),CCCCCCCCCC[N+](C)(C)Cc1cc(C[n+]2ccccc2)cc(C[N+](C)(C)CCCCCCCCCC)c1.[Br-].[Br-].[Br-],0.15588952092744623
all Q-HERO,expert (Good/Bad),CCCCCCCCCCCC[N+](C)(C)Cc1cc(C[n+]2ccccc2)cc(C[N+](C)(C)CCCCCCCCCCCC)c1.[Br-].[Br-].[Br-],0.23562628378239947
all Q-HERO,expert (Good/Bad),CCCCCCCCCCCCCC[N+](C)(C)Cc1cc(C[n+]2ccccc2)cc(C[N+](C)(C)CCCCCCCCCCCCCC)c1.[Br-].[Br-].[Br-],0.8450791330018028
all Q-HERO,expert (Good/Bad),CCCCCCCCCC[N+](C)(C)CCN1CC[N+](C)(CCCCCCCCCC)CC1.[Br-].[Br-],1.2309145741586045
all Q-HERO,expert (Good/Bad),CCCCCCCCCCC[N+](C)(C)CCN1CC[N+](C)(CCCCCCCCCCC)CC1.[Br-].[Br-],1.41972885556187
all Q-HERO,expert (Good/Bad),CCCCCCCCCCCC[N+](C)(C)CCN1CC[N+](C)(CCCCCCCCCCCC)CC1.[Br-].[Br-],1.2666819559750513
all Q-HERO,expert (Good/Bad),CCCCCCCCCCCC[N+](C)(C)CCN1CC[N+](C)(CCCCCCCCCCCC)CC1.[Cl-].[Cl-],1.7711711861112174
all Q-HERO,expert (Good/Bad),CCCCCCCCCCCCC[N+](C)(C)CCN1CC[N+](C)(CCCCCCCCCCCCC)CC1.[Br-].[Br-],0.5718021076896945
all Q-HERO,expert (Good/Bad),CCCCCCCCCCCCCC[N+](C)(C)CCN1CC[N+](C)(CCCCCCCCCCCCCC)CC1.[Br-].[Br-],1.5638314404825477
all Q-HERO,expert (Good/Bad),CCCCCCCCCC[N+]1(C)CCN(C)CCN(C)CC1.[Br-],3.7208172444040617
all Q-HERO,expert (Good/Bad),CCCCCCCCCCC[N+]1(C)CCN(C)CCN(C)CC1.[Br-],1.7333334985077207
all Q-HERO,expert (Good/Bad),CCCCCCCCCCCC[N+]1(C)CCN(C)CCN(C)CC1.[Br-],0.1491204816950491
all Q-HERO,expert (Good/Bad),CCCCCCCCCCCCC[N+]1(C)CCN(C)CCN(C)CC1.[Br-],1.2151207571917746
all Q-HERO,expert (Good/Bad),CCCCCCCCCCCCCC[N+]1(C)CCN(C)CCN(C)CC1.[Br-],1.9863471789347327
all Q-HERO,expert (Good/Bad),CCCCCCCCCCCCCCCCCC[N+]1(C)CCN(C)CCN(C)CC1.[Br-],1.898890877307761
all Q-HERO,expert (Good/Bad),CCCCCCCCCCCCCCCCCCCC[N+]1(C)CCN(C)CCN(C)CC1.[Br-],1.8687061070986095
all Q-HERO,expert (Good/Bad),CCCCCCCCCC[N+]1(C)CC[N+](C)(C)CC[N+](C)(C)CC1.[Br-].[I-].[I-],4.9772977123011115
all Q-HERO,expert (Good/Bad),CCCCCCCCCCC[N+]1(C)CC[N+](C)(C)CC[N+](C)(C)CC1.[Br-].[I-].[I-],4.985292621500819
all Q-HERO,expert (Good/Bad),CCCCCCCCCCCC[N+]1(C)CC[N+](C)(C)CC[N+](C)(C)CC1.[Br-].[I-].[I-],2.3980582374641477
all Q-HERO,expert (Good/Bad),CCCCCCCCCCCCC[N+]1(C)CC[N+](C)(C)CC[N+](C)(C)CC1.[Br-].[I-].[I-],0.49659552750536884
all Q-HERO,expert (Good/Bad),CCCCCCCCCCCCCC[N+]1(C)CC[N+](C)(C)CC[N+](C)(C)CC1.[Br-].[I-].[I-],0.18269504515655566
all Q-HERO,expert (Good/Bad),CCCCCCCCCCCCCCCC[N+]1(C)CC[N+](C)(C)CC[N+](C)(C)CC1.[Br-].[I-].[I-],0.9945539461776598
all Q-HERO,expert (Good/Bad),CCCCCCCCCCCCCCCCCC[N+]1(C)CC[N+](C)(C)CC[N+](C)(C)CC1.[Br-].[I-].[I-],0.7562071467063279
all Q-HERO,expert (Good/Bad),CCCCCCCCCCCCCCCCCCCC[N+]1(C)CC[N+](C)(C)CC[N+](C)(C)CC1.[Br-].[I-].[I-],0.6194486468939768
all Q-HERO,expert (Good/Bad),CCCCCCCC[N+](C)(C)CCN(CC[N+](C)(C)CCCCCCCC)CC[N+](C)(C)CCCCCCCC.[Br-].[Br-].[Br-],1.2435354467920054
all Q-HERO,expert (Good/Bad),CCCCCCCCCC[N+](C)(C)CCN(CC[N+](C)(C)CCCCCCCCCC)CC[N+](C)(C)CCCCCCCCCC.[Br-].[Br-].[Br-],0.09961802001066311
all Q-HERO,expert (Good/Bad),CCCCCCCCCCC[N+](C)(C)CCN(CC[N+](C)(C)CCCCCCCCCCC)CC[N+](C)(C)CCCCCCCCCCC.[Br-].[Br-].[Br-],0.8791140382338998
all Q-HERO,expert (Good/Bad),CCCCCCCCCCCC[N+](C)(C)CCN(CC[N+](C)(C)CCCCCCCCCCCC)CC[N+](C)(C)CCCCCCCCCCCC.[Br-].[Br-].[Br-],0.5027474178583003
all Q-HERO,expert (Good/Bad),CCCCCCCCCCCCCC[N+](C)(C)CCN(CC[N+](C)(C)CCCCCCCCCCCCCC)CC[N+](C)(C)CCCCCCCCCCCCCC.[Br-].[Br-].[Br-],0.3290286557142923
all Q-HERO,expert (Good/Bad),CCCCCCCC[N+](C)(C)CCCN(CCC[N+](C)(C)CCCCCCCC)CCC[N+](C)(C)CCCCCCCC.[Br-].[Br-].[Br-],2.2132956245543625
all Q-HERO,expert (Good/Bad),CCCCCCCCCC[N+](C)(C)CCCN(CCC[N+](C)(C)CCCCCCCCCC)CCC[N+](C)(C)CCCCCCCCCC.[Br-].[Br-].[Br-],0.5751970433501217
all Q-HERO,expert (Good/Bad),CCCCCCCCCCC[N+](C)(C)CCCN(CCC[N+](C)(C)CCCCCCCCCCC)CCC[N+](C)(C)CCCCCCCCCCC.[Br-].[Br-].[Br-],1.3388322489331463
all Q-HERO,expert (Good/Bad),CCCCCCCCCCCC[N+](C)(C)CCCN(CCC[N+](C)(C)CCCCCCCCCCCC)CCC[N+](C)(C)CCCCCCCCCCCC.[Br-].[Br-].[Br-],1.293093667611281
all Q-HERO,expert (Good/Bad),CCCCCCCCCCCC[N+](C)(C)CCCN(CCC[N+](C)(C)CCCCCCCCCCCC)CCC[N+](C)(C)CCCCCCCCCCCC.[Cl-].[Cl-].[Cl-],2.0518966591173022
all Q-HERO,expert (Good/Bad),CCCCCCCCCCCCC[N+](C)(C)CCCN(CCC[N+](C)(C)CCCCCCCCCCCCC)CCC[N+](C)(C)CCCCCCCCCCCCC.[Br-].[Br-].[Br-],0.5952437221510236
all Q-HERO,expert (Good/Bad),CCCCCCCCCCCCCC[N+](C)(C)CCCN(CCC[N+](C)(C)CCCCCCCCCCCCCC)CCC[N+](C)(C)CCCCCCCCCCCCCC.[Br-].[Br-].[Br-],1.2883939908174664
all Q-HERO,expert (Good/Bad),CCCCCCCCCCCCCCCC[N+](C)(C)CCCN(CCC[N+](C)(C)CCCCCCCCCCCCCCCC)CCC[N+](C)(C)CCCCCCCCCCCCCCCC.[Br-].[Br-].[Br-],1.0824162250146951
all Q-HERO,expert (Good/Bad),CCCCCCCCCCCCCCCCCC[N+](C)(C)CCCN(CCC[N+](C)(C)CCCCCCCCCCCCCCCCCC)CCC[N+](C)(C)CCCCCCCCCCCCCCCCCC.[Br-].[Br-].[Br-],0.30129114358879505
all Q-HERO,expert (Good/Bad),CCCCCCCC[N+](C)(C)CCC[N+](C)(CCC[N+](C)(C)CCCCCCCC)CCC[N+](C)(C)CCCCCCCC.[Br-].[Br-].[Br-].[Br-],1.9660574072010957
all Q-HERO,expert (Good/Bad),CCCCCCCCCC[N+](C)(C)CCC[N+](C)(CCC[N+](C)(C)CCCCCCCCCC)CCC[N+](C)(C)CCCCCCCCCC.[Br-].[Br-].[Br-].[Br-],0.36654515747002225
all Q-HERO,expert (Good/Bad),CCCCCCCCCCC[N+](C)(C)CCC[N+](C)(CCC[N+](C)(C)CCCCCCCCCCC)CCC[N+](C)(C)CCCCCCCCCCC.[Br-].[Br-].[Br-].[Br-],0.38418566444457447
all Q-HERO,expert (Good/Bad),CCCCCCCCCCCC[N+](C)(C)CCC[N+](C)(CCC[N+](C)(C)CCCCCCCCCCCC)CCC[N+](C)(C)CCCCCCCCCCCC.[Br-].[Br-].[Br-].[Br-],0.028726138138174706
all Q-HERO,expert (Good/Bad),CCCCCCCCCCCCC[N+](C)(C)CCC[N+](C)(CCC[N+](C)(C)CCCCCCCCCCCCC)CCC[N+](C)(C)CCCCCCCCCCCCC.[Br-].[Br-].[Br-].[Br-],0.20139456277324608
all Q-HERO,expert (Good/Bad),CCCCCCCCCCCCCC[N+](C)(C)CCC[N+](C)(CCC[N+](C)(C)CCCCCCCCCCCCCC)CCC[N+](C)(C)CCCCCCCCCCCCCC.[Br-].[Br-].[Br-].[Br-],2.193158546091693
all Q-HERO,expert (Good/Bad),C=CC[N+](CCC[N+](C)(C)CCCCCCCC)(CCC[N+](C)(C)CCCCCCCC)CCC[N+](C)(C)CCCCCCCC.[Br-].[Br-].[Br-].[Br-],0.8247357868020911
all Q-HERO,expert (Good/Bad),C=CC[N+](CCC[N+](C)(C)CCCCCCCCCC)(CCC[N+](C)(C)CCCCCCCCCC)CCC[N+](C)(C)CCCCCCCCCC.[Br-].[Br-].[Br-].[Br-],1.385474703931448
all Q-HERO,expert (Good/Bad),C=CC[N+](CCC[N+](C)(C)CCCCCCCCCCC)(CCC[N+](C)(C)CCCCCCCCCCC)CCC[N+](C)(C)CCCCCCCCCCC.[Br-].[Br-].[Br-].[Br-],1.6057492427236746
all Q-HERO,expert (Good/Bad),C=CC[N+](CCC[N+](C)(C)CCCCCCCCCCCC)(CCC[N+](C)(C)CCCCCCCCCCCC)CCC[N+](C)(C)CCCCCCCCCCCC.[Br-].[Br-].[Br-].[Br-],0.24373774247736035
all Q-HERO,expert (Good/Bad),C=CC[N+](CCC[N+](C)(C)CCCCCCCCCCCCC)(CCC[N+](C)(C)CCCCCCCCCCCCC)CCC[N+](C)(C)CCCCCCCCCCCCC.[Br-].[Br-].[Br-].[Br-],1.290877402748359
all Q-HERO,expert (Good/Bad),C=CC[N+](CCC[N+](C)(C)CCCCCCCCCCCCCC)(CCC[N+](C)(C)CCCCCCCCCCCCCC)CCC[N+](C)(C)CCCCCCCCCCCCCC.[Br-].[Br-].[Br-].[Br-],0.9733391583732116
all Q-HERO,expert (Good/Bad),C=CC[N+](CCC[N+](C)(C)CCCCCCCCCCCCCCCC)(CCC[N+](C)(C)CCCCCCCCCCCCCCCC)CCC[N+](C)(C)CCCCCCCCCCCCCCCC.[Br-].[Br-].[Br-].[Br-],1.5558659917925728
all Q-HERO,expert (Good/Bad),C=CC[N+](CCC[N+](C)(C)CCCCCCCCCCCCCCCCCC)(CCC[N+](C)(C)CCCCCCCCCCCCCCCCCC)CCC[N+](C)(C)CCCCCCCCCCCCCCCCCC.[Br-].[Br-].[Br-].[Br-],0.5287396008861847
all Q-HERO,expert (Good/Bad),CCCCCCCCCCC[N+](C)(C)CCC[N+](CCC[N+](C)(C)CCCCCCCCCCC)(CCC[N+](C)(C)CCCCCCCCCCC)Cc1ccccc1.[Br-].[Br-].[Br-].[Br-],0.9534037113137386
all Q-HERO,expert (Good/Bad),CCCCCCCCCCCC[N+](C)(C)CCC[N+](CCC[N+](C)(C)CCCCCCCCCCCC)(CCC[N+](C)(C)CCCCCCCCCCCC)Cc1ccccc1.[Br-].[Br-].[Br-].[Br-],0.7356643657583208
all Q-HERO,expert (Good/Bad),CCCCCCCCCC[N+](C)(C)CCCCCNCCCCC[N+](C)(C)CCCCCCCCCC.[Br-].[Br-],0.8081127658942615
all Q-HERO,expert (Good/Bad),CCCCCCCCCCCC[N+](C)(C)CCCCCNCCCCC[N+](C)(C)CCCCCCCCCCCC.[Br-].[Br-],1.0069140765884026
all Q-HERO,expert (Good/Bad),CCCCCCCCCCCCCC[N+](C)(C)CCCCCNCCCCC[N+](C)(C)CCCCCCCCCCCCCC.[Br-].[Br-],0.2455466761538716
all Q-HERO,expert (Good/Bad),CCCCCCCCCCCCCCCC[N+](C)(C)CCCCCNCCCCC[N+](C)(C)CCCCCCCCCCCCCCCC.[Br-].[Br-],0.061740118590934645
all Q-HERO,expert (Good/Bad),CCCCCCCCCCCC[N+](C)(C)CCCNCCC[N+](C)(C)CCCCCCCCCCCC.[Br-].[Br-],1.0548535464932487
all Q-HERO,expert (Good/Bad),CCCCCCCCCCCC[N+](C)(C)CCCNCCCN(C)C.[Br-],0.4906677340063865
all Q-HERO,expert (Good/Bad),CCCCCCCCCCCC[N+](C)(C)CCCNCCC[N+](C)(C)CCC.[Br-].[Br-],0.5520148041871775
all Q-HERO,expert (Good/Bad),CCCCCCCCCCCC[N+](C)(C)CCCCCCCNCCCCCCC[N+](C)(C)CCCCCCCCCCCC.[Br-].[Br-],0.3392060421851777
all Q-HERO,expert (Good/Bad),CCCCCCCCCCC[N+](CC)(CC)c1ccc(N(c2ccc(N(CC)CC)cc2)c2ccc(N(CC)CC)cc2)cc1.[I-],0.3964023604928628
all Q-HERO,expert (Good/Bad),CCCCCCCCCCCC[N+](CC)(CC)c1ccc(N(c2ccc(N(CC)CC)cc2)c2ccc(N(CC)CC)cc2)cc1.[I-],1.488765826133247
all Q-HERO,expert (Good/Bad),CCCCCCCCCCCCCC[N+](CC)(CC)c1ccc(N(c2ccc(N(CC)CC)cc2)c2ccc(N(CC)CC)cc2)cc1.[I-],2.6214167691497856
all Q-HERO,expert (Good/Bad),CCCCCCCCCCCCCCCC[N+](CC)(CC)c1ccc(N(c2ccc(N(CC)CC)cc2)c2ccc(N(CC)CC)cc2)cc1.[I-],1.3788413594921312
all Q-HERO,expert (Good/Bad),CCCCCCCCCCCCCCCCCC[N+](CC)(CC)c1ccc(N(c2ccc(N(CC)CC)cc2)c2ccc(N(CC)CC)cc2)cc1.[I-],0.5958299910106435
all Q-HERO,expert (Good/Bad),CCCCCCCCCC[N+](CC)(CC)c1ccc(N(c2ccc([N+](C)(CC)CC)cc2)c2ccc([N+](C)(CC)CC)cc2)cc1.[I-].[I-].[I-],1.1736734038251777
all Q-HERO,expert (Good/Bad),CCCCCCCCCCC[N+](CC)(CC)c1ccc(N(c2ccc([N+](C)(CC)CC)cc2)c2ccc([N+](C)(CC)CC)cc2)cc1.[I-].[I-].[I-],2.188412127207374
all Q-HERO,expert (Good/Bad),CCCCCCCCCCCC[N+](CC)(CC)c1ccc(N(c2ccc([N+](C)(CC)CC)cc2)c2ccc([N+](C)(CC)CC)cc2)cc1.[I-].[I-].[I-],2.2331317034484193
all Q-HERO,expert (Good/Bad),CCCCCCCCCCCCCC[N+](CC)(CC)c1ccc(N(c2ccc([N+](C)(CC)CC)cc2)c2ccc([N+](C)(CC)CC)cc2)cc1.[I-].[I-].[I-],3.2851623606786835
all Q-HERO,expert (Good/Bad),CCCCCCCCCCCCCCCC[N+](CC)(CC)c1ccc(N(c2ccc([N+](C)(CC)CC)cc2)c2ccc([N+](C)(CC)CC)cc2)cc1.[I-].[I-].[I-],2.406604605878541
all Q-HERO,expert (Good/Bad),CCCCCCCCCCCCCCCCCC[N+](CC)(CC)c1ccc(N(c2ccc([N+](C)(CC)CC)cc2)c2ccc([N+](C)(CC)CC)cc2)cc1.[I-].[I-].[I-],2.3524596340011734
all Q-HERO,expert (Good/Bad),CCCCCCCCCCCCCCCCCCCC[N+](CC)(CC)c1ccc(N(c2ccc([N+](C)(CC)CC)cc2)c2ccc([N+](C)(CC)CC)cc2)cc1.[Br-].[I-].[I-],1.8825161061429543
all Q-HERO,expert (Good/Bad),CCCCCCCCCC[N+](C)(C)c1ccc(C(c2ccc(N(C)C)cc2)c2ccc(N(C)C)cc2)cc1.[I-],3.1030373722007973
all Q-HERO,expert (Good/Bad),CCCCCCCCCCC[N+](C)(C)c1ccc(C(c2ccc(N(C)C)cc2)c2ccc(N(C)C)cc2)cc1.[I-],4.0612099433140365
all Q-HERO,expert (Good/Bad),CCCCCCCCCCCC[N+](C)(C)c1ccc(C(c2ccc(N(C)C)cc2)c2ccc(N(C)C)cc2)cc1.[I-],4.856698706540095
all Q-HERO,expert (Good/Bad),CCCCCCCCCCCCCC[N+](C)(C)c1ccc(C(c2ccc(N(C)C)cc2)c2ccc(N(C)C)cc2)cc1.[I-],1.74827991822364
all Q-HERO,expert (Good/Bad),CCCCCCCCCCCCCCCC[N+](C)(C)c1ccc(C(c2ccc(N(C)C)cc2)c2ccc(N(C)C)cc2)cc1.[I-],0.912701178119776
all Q-HERO,expert (Good/Bad),CCCCCCCCCCCCCCCCCC[N+](C)(C)c1ccc(C(c2ccc(N(C)C)cc2)c2ccc(N(C)C)cc2)cc1.[I-],1.4113261935874117
all Q-HERO,expert (Good/Bad),CCCCCCCCCC[N+](C)(C)c1ccc(C(c2ccc([N+](C)(C)C)cc2)c2ccc([N+](C)(C)C)cc2)cc1.[I-].[I-].[I-],0.4995360052840061
all Q-HERO,expert (Good/Bad),CCCCCCCCCCC[N+](C)(C)c1ccc(C(c2ccc([N+](C)(C)C)cc2)c2ccc([N+](C)(C)C)cc2)cc1.[I-].[I-].[I-],0.2929385754965308
all Q-HERO,expert (Good/Bad),CCCCCCCCCCCC[N+](C)(C)c1ccc(C(c2ccc([N+](C)(C)C)cc2)c2ccc([N+](C)(C)C)cc2)cc1.[I-].[I-].[I-],0.9203794685437416
all Q-HERO,expert (Good/Bad),CCCCCCCCCCCCCC[N+](C)(C)c1ccc(C(c2ccc([N+](C)(C)C)cc2)c2ccc([N+](C)(C)C)cc2)cc1.[I-].[I-].[I-],0.44632457280069815
all Q-HERO,expert (Good/Bad),CCCCCCCCCCCCCCCC[N+](C)(C)c1ccc(C(c2ccc([N+](C)(C)C)cc2)c2ccc([N+](C)(C)C)cc2)cc1.[I-].[I-].[I-],2.580612129293793
all Q-HERO,expert (Good/Bad),CCCCCCCCCCCCCCCCCC[N+](C)(C)c1ccc(C(c2ccc([N+](C)(C)C)cc2)c2ccc([N+](C)(C)C)cc2)cc1.[I-].[I-].[I-],2.5064696161066244
all Q-HERO,expert (Good/Bad),CCCCCCCCCC[N+](C)(C)c1ccc(C(c2ccccc2)c2ccc(N(C)C)cc2)cc1.[I-],2.9239431711884727
all Q-HERO,expert (Good/Bad),CCCCCCCCCCCCCC[N+](C)(C)c1ccc(C(c2ccccc2)c2ccc(N(C)C)cc2)cc1.[I-],1.6617929939217775
all Q-HERO,expert (Good/Bad),CCCCCCCCCCCCCCCC[N+](C)(C)c1ccc(C(c2ccccc2)c2ccc(N(C)C)cc2)cc1.[I-],0.4451041843856376
all Q-HERO,expert (Good/Bad),CCCCCCCCCCCCCCCCCC[N+](C)(C)c1ccc(C(c2ccccc2)c2ccc(N(C)C)cc2)cc1.[I-],0.557714196866328
all Q-HERO,expert (Good/Bad),CCCCCCCCCC[N+](C)(C)c1ccc(C(c2ccccc2)c2ccc([N+](C)(C)C)cc2)cc1.[I-].[I-],1.6704741395739102
all Q-HERO,expert (Good/Bad),CCCCCCCCCCC[N+](C)(C)c1ccc(C(c2ccccc2)c2ccc([N+](C)(C)C)cc2)cc1.[I-].[I-],2.4263961414439184
all Q-HERO,expert (Good/Bad),CCCCCCCCCCCC[N+](C)(C)c1ccc(C(c2ccccc2)c2ccc([N+](C)(C)C)cc2)cc1.[I-].[I-],3.4331953147579135
all Q-HERO,expert (Good/Bad),CCCCCCCCCCCCCC[N+](C)(C)c1ccc(C(c2ccccc2)c2ccc([N+](C)(C)C)cc2)cc1.[I-].[I-],3.478083458492129
all Q-HERO,expert (Good/Bad),CCCCCCCCCCCCCCCC[N+](C)(C)c1ccc(C(c2ccccc2)c2ccc([N+](C)(C)C)cc2)cc1.[I-].[I-],3.256729659198709
all Q-HERO,expert (Good/Bad),CCCCCCCCCCCCCCCCCC[N+](C)(C)c1ccc(C(c2ccccc2)c2ccc([N+](C)(C)C)cc2)cc1.[I-].[I-],3.3909717419080407
all Q-HERO,expert (Good/Bad),CCCCCCCCCC[N+](C)(C)c1ccc(C(c2ccccc2)c2ccc([N+](C)(C)CCCCCCCCCC)cc2)cc1.[I-].[I-],2.9683713375647716
all Q-HERO,expert (Good/Bad),CCCCCCCCCCC[N+](C)(C)c1ccc(C(c2ccccc2)c2ccc([N+](C)(C)CCCCCCCCCCC)cc2)cc1.[I-].[I-],2.804869796102452
all Q-HERO,expert (Good/Bad),CCCCCCCCCCCC[N+](C)(C)c1ccc(C(c2ccccc2)c2ccc([N+](C)(C)CCCCCCCCCCCC)cc2)cc1.[I-].[I-],1.7054864229503823
all Q-HERO,expert (Good/Bad),CCCCCCCCCCCCCC[N+](C)(C)c1ccc(C(c2ccccc2)c2ccc([N+](C)(C)CCCCCCCCCCCCCC)cc2)cc1.[I-].[I-],1.089996069321046
all Q-HERO,expert (Good/Bad),CCCCCCCCCCCCCCCC[N+](C)(C)c1ccc(C(c2ccccc2)c2ccc([N+](C)(C)CCCCCCCCCCCCCCCC)cc2)cc1.[I-].[I-],2.4641684839814495
all Q-HERO,expert (Good/Bad),CCCCCCCCCCCCCCCCCC[N+](C)(C)c1ccc(C(c2ccccc2)c2ccc([N+](C)(C)CCCCCCCCCCCCCCCCCC)cc2)cc1.[I-].[I-],0.6664013389772188
all Q-HERO,expert (Good/Bad),CCCCCCCCCCN(C)c1ccc(C(c2ccccc2)c2ccc([N+](C)(C)CCCCCCCCCC)cc2)cc1.[I-],0.5405574963000257
all Q-HERO,expert (Good/Bad),CCCCCCCCCCCN(C)c1ccc(C(c2ccccc2)c2ccc([N+](C)(C)CCCCCCCCCCC)cc2)cc1.[I-],0.5924390484518147
all Q-HERO,expert (Good/Bad),CCCCCCCCCCCCN(C)c1ccc(C(c2ccccc2)c2ccc([N+](C)(C)CCCCCCCCCCCC)cc2)cc1.[I-],1.6454600639426946
all Q-HERO,expert (Good/Bad),CCCCCCCCCCCCCCN(C)c1ccc(C(c2ccccc2)c2ccc([N+](C)(C)CCCCCCCCCCCCCC)cc2)cc1.[I-],4.63640433219229
all Q-HERO,expert (Good/Bad),CCCCCCCCCCCCCCCCN(C)c1ccc(C(c2ccccc2)c2ccc([N+](C)(C)CCCCCCCCCCCCCCCC)cc2)cc1.[I-],0.5365436011490639
all Q-HERO,expert (Good/Bad),CCCCCCCCCCCCCCCCCCN(C)c1ccc(C(c2ccccc2)c2ccc([N+](C)(C)CCCCCCCCCCCCCCCCCC)cc2)cc1.[I-],3.619657696819279
all Q-HERO,expert (Good/Bad),CCCCCCCC[n+]1ccc(CCCc2cc[n+](CCCCCCCC)cc2)cc1.[Br-].[Br-],1.7926193641010564
all Q-HERO,expert (Good/Bad),CCCCCCCCCC[n+]1ccc(CCCc2cc[n+](CCCCCCCCCC)cc2)cc1.[Br-].[Br-],1.5199328323182335
all Q-HERO,expert (Good/Bad),CCCCCCCCCCC[n+]1ccc(CCCc2cc[n+](CCCCCCCCCCC)cc2)cc1.[Br-].[Br-],2.043102752188235
all Q-HERO,expert (Good/Bad),CCCCCCCCCCCC[n+]1ccc(CCCc2cc[n+](CCCCCCCCCCCC)cc2)cc1.[Br-].[Br-],3.0033957138462464
all Q-HERO,expert (Good/Bad),CCCCCCCCCCCCC[n+]1ccc(CCCc2cc[n+](CCCCCCCCCCCCC)cc2)cc1.[Br-].[Br-],2.934886908050343
all Q-HERO,expert (Good/Bad),CCCCCCCCCCCCCC[n+]1ccc(CCCc2cc[n+](CCCCCCCCCCCCCC)cc2)cc1.[Br-].[Br-],1.3438600187175118
all Q-HERO,expert (Good/Bad),CCCCCCCCCCCCCCCC[n+]1ccc(CCCc2cc[n+](CCCCCCCCCCCCCCCC)cc2)cc1.[Br-].[Br-],0.6228075401497011
all Q-HERO,expert (Good/Bad),CCCCCCCCCCCCCCCCCC[n+]1ccc(CCCc2cc[n+](CCCCCCCCCCCCCCCCC)cc2)cc1.[Br-].[Br-],2.2017197119740404
all Q-HERO,expert (Good/Bad),CCCCCCCC[n+]1cccc(CN(Cc2ccc[n+](CCCCCCCC)c2)Cc2ccc[n+](CCCCCCCC)c2)c1.[Br-].[Br-].[Br-],0.5496244720829015
all Q-HERO,expert (Good/Bad),CCCCCCCCCC[n+]1cccc(CN(Cc2ccc[n+](CCCCCCCCCC)c2)Cc2ccc[n+](CCCCCCCCCC)c2)c1.[Br-].[Br-].[Br-],2.8493039115129655
all Q-HERO,expert (Good/Bad),CCCCCCCCCCC[n+]1cccc(CN(Cc2ccc[n+](CCCCCCCCCCC)c2)Cc2ccc[n+](CCCCCCCCCCC)c2)c1.[Br-].[Br-].[Br-],2.3645884268166597
all Q-HERO,expert (Good/Bad),CCCCCCCCCCCC[n+]1cccc(CN(Cc2ccc[n+](CCCCCCCCCCCC)c2)Cc2ccc[n+](CCCCCCCCCCCC)c2)c1.[Br-].[Br-].[Br-],1.2295101502145158
all Q-HERO,expert (Good/Bad),CCCCCCCCCCCCC[n+]1cccc(CN(Cc2ccc[n+](CCCCCCCCCCCCC)c2)Cc2ccc[n+](CCCCCCCCCCCCC)c2)c1.[Br-].[Br-].[Br-],1.68820826169171
all Q-HERO,expert (Good/Bad),CCCCCCCCCCCCCC[n+]1cccc(CN(Cc2ccc[n+](CCCCCCCCCCCCCC)c2)Cc2ccc[n+](CCCCCCCCCCCCCC)c2)c1.[Br-].[Br-].[Br-],0.4466853406929734
all Q-HERO,expert (Good/Bad),CCCCCCCCCC[n+]1ccc(CN(Cc2cc[n+](CCCCCCCCCC)cc2)Cc2cc[n+](CCCCCCCCCC)cc2)cc1.[Br-].[Br-].[Br-],3.5854984190621426
all Q-HERO,expert (Good/Bad),CCCCCCCCCCCC[n+]1ccc(CN(Cc2cc[n+](CCCCCCCCCCCC)cc2)Cc2cc[n+](CCCCCCCCCCCC)cc2)cc1.[Br-].[Br-].[Br-],0.779987932164661
all Q-HERO,expert (Good/Bad),CCCCCCCCCCCCC[n+]1ccc(CN(Cc2cc[n+](CCCCCCCCCCCCC)cc2)Cc2cc[n+](CCCCCCCCCCCCC)cc2)cc1.[Br-].[Br-].[Br-],0.38260776906836136
all Q-HERO,expert (Good/Bad),CCCCCCCCCOC(=O)C[n+]1ccc(CCCc2cc[n+](CC(=O)OCCCCCCCCC)cc2)cc1.[Br-].[Br-],0.9477921441012711
all Q-HERO,expert (Good/Bad),CCCCCCCCCCOC(=O)C[n+]1ccc(CCCc2cc[n+](CC(=O)OCCCCCCCCCC)cc2)cc1.[Br-].[Br-],0.1061561932336419
all Q-HERO,expert (Good/Bad),CCCCCCCCCCCCOC(=O)C[n+]1ccc(CCCc2cc[n+](CC(=O)OCCCCCCCCCCCC)cc2)cc1.[Br-].[Br-],2.4158417282292195
all Q-HERO,expert (Good/Bad),CCCCCCCCOC(=O)C[n+]1ccc(CN(Cc2cc[n+](CC(=O)OCCCCCCCC)cc2)Cc2cc[n+](CC(=O)OCCCCCCCC)cc2)cc1.[Br-].[Br-].[Br-],0.4494986367165419
all Q-HERO,expert (Good/Bad),CCCCCCCCCOC(=O)C[n+]1ccc(CN(Cc2cc[n+](CC(=O)OCCCCCCCCC)cc2)Cc2cc[n+](CC(=O)OCCCCCCCCC)cc2)cc1.[Br-].[Br-].[Br-],0.6812054141840131
all Q-HERO,expert (Good/Bad),CCCCCCCCCCOC(=O)C[n+]1ccc(CN(Cc2cc[n+](CC(=O)OCCCCCCCCCC)cc2)Cc2cc[n+](CC(=O)OCCCCCCCCCC)cc2)cc1.[Br-].[Br-].[Br-],0.7318304368117867
all Q-HERO,expert (Good/Bad),CCCCCCCCCCCCOC(=O)C[n+]1ccc(CN(Cc2cc[n+](CC(=O)OCCCCCCCCCCCC)cc2)Cc2cc[n+](CC(=O)OCCCCCCCCCCCC)cc2)cc1.[Br-].[Br-].[Br-],0.30936921957054686
all Q-HERO,expert (Good/Bad),CCCCCCCCCCCCOC(=O)C[N+](C)(C)Cc1ccccc1.[Br-],1.5833851367283676
all Q-HERO,expert (Good/Bad),CCCCCCCCCCCCCCOC(=O)C[N+](C)(C)Cc1ccccc1.[Br-],2.227479384430572
all Q-HERO,expert (Good/Bad),CCCCCCCCOC(=O)C[N+](C)(C)CC[N+](C)(C)CC(=O)OCCCCCCCC.[Br-].[Br-],2.3725654869189983
all Q-HERO,expert (Good/Bad),CCCCCCCCCOC(=O)C[N+](C)(C)CC[N+](C)(C)CC(=O)OCCCCCCCCC.[Br-].[Br-],1.545264704643838
all Q-HERO,expert (Good/Bad),CCCCCCCCCCOC(=O)C[N+](C)(C)CC[N+](C)(C)CC(=O)OCCCCCCCCCC.[Br-].[Br-],0.24486458144286916
all Q-HERO,expert (Good/Bad),CCCCCCCCCCCCOC(=O)C[N+](C)(C)CC[N+](C)(C)CC(=O)OCCCCCCCCCCCC.[Br-].[Br-],1.0934176527145998
all Q-HERO,expert (Good/Bad),CCCCCCCOC(=O)C[N+](C)(C)CCC[N+](C)(CCC[N+](C)(C)CC(=O)OCCCCCCC)CC(=O)OCCCCCCC.[Br-].[Br-].[Br-],3.890475299148886
all Q-HERO,expert (Good/Bad),CCCCCCCCOC(=O)C[N+](C)(C)CCC[N+](C)(CCC[N+](C)(C)CC(=O)OCCCCCCCC)CC(=O)OCCCCCCCC.[Br-].[Br-].[Br-],2.30534916270275
all Q-HERO,expert (Good/Bad),CCCCCCCCCOC(=O)C[N+](C)(C)CCC[N+](C)(CCC[N+](C)(C)CC(=O)OCCCCCCCCC)CC(=O)OCCCCCCCCC.[Br-].[Br-].[Br-],1.6247134223117627
all Q-HERO,expert (Good/Bad),CCCCCCCCCCOC(=O)C[N+](C)(C)CCC[N+](C)(CCC[N+](C)(C)CC(=O)OCCCCCCCCCC)CC(=O)OCCCCCCCCCC.[Br-].[Br-].[Br-],1.5255288861157101
all Q-HERO,expert (Good/Bad),CCCCCCCCCCCCOC(=O)C[N+](C)(C)CCC[N+](C)(CCC[N+](C)(C)CC(=O)OCCCCCCCCCCCC)CC(=O)OCCCCCCCCCCCC.[Br-].[Br-].[Br-],0.8739916770378642
all Q-HERO,expert (Good/Bad),CCCCCCCCCCCCCCOC(=O)C[N+](C)(C)CCC[N+](C)(CCC[N+](C)(C)CC(=O)OCCCCCCCCCCCCCC)CC(=O)OCCCCCCCCCCCCCC.[Br-].[Br-].[Br-],4.149060265011952
all Q-HERO,expert (Good/Bad),CCCCCCCCCOC(=O)C[N+](C)(C)CCN1CC[N+](C)(CC(=O)OCCCCCCCCC)CC1.[Br-].[Br-],0.6190807950129411
all Q-HERO,expert (Good/Bad),CCCCCCCCCCOC(=O)C[N+](C)(C)CCN1CC[N+](C)(CC(=O)OCCCCCCCCCC)CC1.[Br-].[Br-],1.906058587020742
all Q-HERO,expert (Good/Bad),CCCCCCCCCCCCOC(=O)C[N+](C)(C)CCN1CC[N+](C)(CC(=O)OCCCCCCCCCCCC)CC1.[Br-].[Br-],0.41463075469935795
all Q-HERO,expert (Good/Bad),CCCCCCCCOC(=O)C[N+](C)(C)CCCN(CCC[N+](C)(C)CC(=O)OCCCCCCCC)CCC[N+](C)(C)CC(=O)OCCCCCCCC.[Br-].[Br-].[Br-],0.029895117753188538
all Q-HERO,expert (Good/Bad),CCCCCCCCCOC(=O)C[N+](C)(C)CCCN(CCC[N+](C)(C)CC(=O)OCCCCCCCCC)CCC[N+](C)(C)CC(=O)OCCCCCCCCC.[Br-].[Br-].[Br-],0.23980488358308416
all Q-HERO,expert (Good/Bad),CCCCCCCCCCOC(=O)C[N+](C)(C)CCCN(CCC[N+](C)(C)CC(=O)OCCCCCCCCCC)CCC[N+](C)(C)CC(=O)OCCCCCCCCCC.[Br-].[Br-].[Br-],0.5933594344117201
all Q-HERO,expert (Good/Bad),CCCCCCCCCCCCCCOC(=O)C[N+](C)(C)CCCN(CCC[N+](C)(C)CC(=O)OCCCCCCCCCCCCCC)CCC[N+](C)(C)CC(=O)OCCCCCCCCCCCCCC.[Br-].[Br-].[Br-],5.618695479560552
all Q-HERO,expert (Good/Bad),CCCCCCCCCCNC(=O)C[N+](C)(C)Cc1ccccc1.[Br-],0.7363769925354786
all Q-HERO,expert (Good/Bad),CCCCCCCCCCCCCNC(=O)C[N+](C)(C)CC[N+](C)(C)CC(=O)NCCCCCCCCCCCCC.[Br-].[Br-],1.7609305329670155
all Q-HERO,expert (Good/Bad),CCCCCCCCCCNC(=O)C[N+](C)(C)CCC[N+](C)(CCC[N+](C)(C)CC(=O)NCCCCCCCCCC)CC(=O)NCCCCCCCCCC.[Br-].[Br-].[Br-],1.707953929087282
all Q-HERO,expert (Good/Bad),CCCCCCCCCCNC(=O)C[N+](C)(C)CCN1CC[N+](C)(CC(=O)NCCCCCCCCCC)CC1.[Br-].[Br-],3.730258316069024
all Q-HERO,expert (Good/Bad),CCCCCCCCCCNC(=O)C[N+](C)(C)CCCN(CCC[N+](C)(C)CC(=O)NCCCCCCCCCC)CCC[N+](C)(C)CC(=O)NCCCCCCCCCC.[Br-].[Br-].[Br-],1.4822983500679852
all Q-HERO,expert (Good/Bad),CCCCCCCCCC[N+](C)(C)CCCN(C)CCC[N+](C)(C)CCCCCCCCCC.[Cl-].[Cl-],0.42774109401514737
all Q-HERO,expert (Good/Bad),CCCCCCCCCCC[N+](C)(C)CCCN(C)CCC[N+](C)(C)CCCCCCCCCCC.[Cl-].[Cl-],1.1663767739816395
all Q-HERO,expert (Good/Bad),CCCCCCCCCCCC[N+](C)(C)CCCN(C)CCC[N+](C)(C)CCCCCCCCCCCC.[Cl-].[Cl-],0.036678062321114924
all Q-HERO,expert (Good/Bad),CCCCCCCCCCCCCC[N+](C)(C)CCCN(C)CCC[N+](C)(C)CCCCCCCCCCCCCC.[Cl-].[Cl-],0.6710410304489397
all Q-HERO,expert (Good/Bad),CCCCCCCCCCCC[N+](C)(C)CCN(C)CCN(C)CC[N+](C)(C)CCCCCCCCCCCC.[Cl-].[Cl-],2.3933624847764183
all Q-HERO,expert (Good/Bad),C=CC[N+](C)(CCC[N+](C)(C)CCCCCCCCCCCC)CCC[N+](C)(C)CCCCCCCCCCCC.[Br-].[Cl-].[Cl-],1.1042549780186952
all Q-HERO,expert (Good/Bad),CCCCCCCCCCCC[N+](C)(C)CCC[N+](C)(CCC[N+](C)(C)CCCCCCCCCCCC)Cc1ccccc1.[Br-].[Cl-].[Cl-],0.03611212686175058
all Q-HERO,expert (Good/Bad),CCCCCCCCCC[N+](C)(C)CCN1CC[N+](C)(CCCCCCCCCC)CC1.[Cl-].[Cl-],0.42538444973024303
all Q-HERO,expert (Good/Bad),CCCCCCCCCCC[N+](C)(C)CCN1CC[N+](C)(CCCCCCCCCCC)CC1.[Cl-].[Cl-],2.0339435801030423
all Q-HERO,expert (Good/Bad),CCCCCCCCCCCCCC[N+](C)(C)CCN1CC[N+](C)(CCCCCCCCCCCCCC)CC1.[Cl-].[Cl-],1.1350400068907986
all Q-HERO,expert (Good/Bad),CCCCCCCCCCC[N+](C)(C)CCN(CC[N+](C)(C)CCCCCCCCCCC)CC[N+](C)(C)CCCCCCCCCCC.[Cl-].[Cl-].[Cl-],3.6986019747742906
all Q-HERO,expert (Good/Bad),CCCCCCCCCC[N+](C)(C)CCCN(CCC[N+](C)(C)CCCCCCCCCC)CCC[N+](C)(C)CCCCCCCCCC.[Cl-].[Cl-].[Cl-],0.3874788510448335
all Q-HERO,expert (Good/Bad),CCCCCCCCCCC[N+](C)(C)CCCN(CCC[N+](C)(C)CCCCCCCCCCC)CCC[N+](C)(C)CCCCCCCCCCC.[Cl-].[Cl-].[Cl-],1.6190719032025505
all Q-HERO,expert (Good/Bad),CCCCCCCCCC[n+]1cccc(CN(Cc2ccc[n+](CCCCCCCCCC)c2)CC2CC[N+](C)(CCCCCCCCCC)CC2)c1.[Br-].[Br-].[Br-],2.2989844239234527
all Q-HERO,expert (Good/Bad),CCCCCCCCCCC[n+]1cccc(CN(Cc2ccc[n+](CCCCCCCCCCC)c2)CC2CC[N+](C)(CCCCCCCCCCC)CC2)c1.[Br-].[Br-].[Br-],2.602821551489821
all Q-HERO,expert (Good/Bad),CCCCCCCCCCCC[n+]1cccc(CN(Cc2ccc[n+](CCCCCCCCCCCC)c2)CC2CC[N+](C)(CCCCCCCCCCCC)CC2)c1.[Br-].[Br-].[Br-],1.5100485690525338
all Q-HERO,expert (Good/Bad),CCCCCCCCCCCC[N+](C)(C)Cc1cccnc1.[I-],4.184723953337093
all Q-HERO,expert (Good/Bad),CCCCCCCCCCCCCCCC[N+](C)(C)Cc1cccnc1.[I-],0.36002878112758707
all Q-HERO,expert (Good/Bad),CCCCCCCCCC[n+]1cccc(C[N+](C)(C)CCCCCCCCCC)c1.[Br-].[Br-],0.9491128603171559
all Q-HERO,expert (Good/Bad),CCCCCCCCCCC[n+]1cccc(C[N+](C)(C)CCCCCCCCCCC)c1.[Br-].[Br-],1.0080149527436852
all Q-HERO,expert (Good/Bad),CCCCCCCCCCCC[n+]1cccc(C[N+](C)(C)CCCCCCCCCCCC)c1.[Br-].[Br-],0.9266638604898827
all Q-HERO,expert (Good/Bad),CCCCCCCCCCCCC[n+]1cccc(C[N+](C)(C)CCCCCCCCCCCCC)c1.[Br-].[Br-],0.5814809506596473
all Q-HERO,expert (Good/Bad),CCCCCCCCCCCCCC[n+]1cccc(C[N+](C)(C)CCCCCCCCCCCCCC)c1.[Br-].[Br-],0.6897848048044983
all Q-HERO,expert (Good/Bad),CCCCCCCCCCCCCCCC[n+]1cccc(C[N+](C)(C)CCCCCCCCCCCCCCCC)c1.[Br-].[Br-],0.36339649643102145
all Q-HERO,expert (Good/Bad),CCCCCCCCCC[N+](C)(C)Cc1ccc[n+](CC(=O)NCCCCCCCC)c1.[Br-].[I-],0.015808225577122692
all Q-HERO,expert (Good/Bad),CCCCCCCCCC[N+](C)(C)Cc1ccc[n+](CC(=O)NCCCCCCCCC)c1.[Br-].[I-],0.31329074490112174
all Q-HERO,expert (Good/Bad),CCCCCCCCCCNC(=O)C[n+]1cccc(C[N+](C)(C)CCCCCCCCCC)c1.[Br-].[I-],0.0702429525116266
all Q-HERO,expert (Good/Bad),CCCCCCCCCCCCNC(=O)C[n+]1cccc(C[N+](C)(C)CCCCCCCCCC)c1.[Br-].[I-],0.30550748258667615
all Q-HERO,expert (Good/Bad),CCCCCCCCCCCC[N+](C)(C)Cc1ccc[n+](CC(=O)NCCCCCCCC)c1.[Br-].[I-],0.22632986151408763
all Q-HERO,expert (Good/Bad),CCCCCCCCCCCC[N+](C)(C)Cc1ccc[n+](CC(=O)NCCCCCCCCC)c1.[Br-].[I-],0.05251732143014487
all Q-HERO,expert (Good/Bad),CCCCCCCCCCCC[N+](C)(C)Cc1ccc[n+](CC(=O)NCCCCCCCCCC)c1.[Br-].[I-],1.1817546246635056
all Q-HERO,expert (Good/Bad),CCCCCCCCCCCCNC(=O)C[n+]1cccc(C[N+](C)(C)CCCCCCCCCCCC)c1.[Br-].[I-],0.7850976014364008
all Q-HERO,expert (Good/Bad),CCCCCCCCCCCCCC[N+](C)(C)Cc1ccc[n+](CC(=O)NCCCCCCCC)c1.[Br-].[I-],0.06521874017091833
all Q-HERO,expert (Good/Bad),CCCCCCCCCCCCCC[N+](C)(C)Cc1ccc[n+](CC(=O)NCCCCCCCCC)c1.[Br-].[I-],0.026817328743621083
all Q-HERO,expert (Good/Bad),CCCCCCCCCCCCCC[N+](C)(C)Cc1ccc[n+](CC(=O)NCCCCCCCCCC)c1.[Br-].[I-],0.9928364193250432
all Q-HERO,expert (Good/Bad),CCCCCCCCCCCCCC[N+](C)(C)Cc1ccc[n+](CC(=O)NCCCCCCCCCCCC)c1.[Br-].[I-],2.0989087837640907
all Q-HERO,expert (Good/Bad),CCCCCCCCCCCCCCCC[N+](C)(C)Cc1ccc[n+](CC(=O)NCCCCCCCC)c1.[Br-].[I-],0.8678552811931901
all Q-HERO,expert (Good/Bad),CCCCCCCCCCCCCCCC[N+](C)(C)Cc1ccc[n+](CC(=O)NCCCCCCCCC)c1.[Br-].[I-],0.8917164186641016
all Q-HERO,expert (Good/Bad),CCCCCCCCCCCCCCCC[N+](C)(C)Cc1ccc[n+](CC(=O)NCCCCCCCCCC)c1.[Br-].[I-],0.9090218067615037
all Q-HERO,expert (Good/Bad),CCCCCCCCCC[N@+]1(C)CC[N@@+](C)(CCCCCCCCCC)CC1.[Br-].[Br-],0.4736851220432723
all Q-HERO,expert (Good/Bad),CCCCCCCCCCC[N@+]1(C)CC[N@@+](C)(CCCCCCCCCCC)CC1.[Br-].[Br-],0.2886068466035059
all Q-HERO,expert (Good/Bad),CCCCCCCCCCCC[N@+]1(C)CC[N@@+](C)(CCCCCCCCCCCC)CC1.[Br-].[Br-],0.6191519105134988
all Q-HERO,expert (Good/Bad),CCCCCCCCCCCC[N@+]1(C)CC[N@@+](C)(CCCCCCCCCCCC)CC1.[Br-].[Cl-],1.0581771985829944
all Q-HERO,expert (Good/Bad),CCCCCCCCCCCCC[N@+]1(C)CC[N@@+](C)(CCCCCCCCCCCCC)CC1.[Br-].[Br-],0.3614528807201782
all Q-HERO,expert (Good/Bad),CCCCCCCCCCCCCC[N@+]1(C)CC[N@@+](C)(CCCCCCCCCCCCCC)CC1.[Br-].[Br-],2.3669343332626718
all Q-HERO,expert (Good/Bad),CCCCCCCCNC(=O)C[N@+]1(C)CC[N@@+](C)(CC(=O)NCCCCCCCC)CC1.[Br-].[Br-],1.4888606186518438
all Q-HERO,expert (Good/Bad),CCCCCCCCCNC(=O)C[N@+]1(C)CC[N@@+](C)(CC(=O)NCCCCCCCCC)CC1.[Br-].[Br-],2.2374691428744278
all Q-HERO,expert (Good/Bad),CCCCCCCCCCNC(=O)C[N@+]1(C)CC[N@@+](C)(CC(=O)NCCCCCCCCCC)CC1.[Br-].[Br-],1.1609271874569411
all Q-HERO,expert (Good/Bad),CCCCCCCCCCCNC(=O)C[N@+]1(C)CC[N@@+](C)(CC(=O)NCCCCCCCCCCC)CC1.[Br-].[Br-],0.007030387072676891
all Q-HERO,expert (Good/Bad),CCCCCCCCCCCCNC(=O)C[N@+]1(C)CC[N@@+](C)(CC(=O)NCCCCCCCCCCCC)CC1.[Br-].[Br-],1.282109882619988
all Q-HERO,expert (Good/Bad),CCCCCCCCCCCC[N+]12CC[N+](CCCCCCCCCCCC)(CC1)CC2.[Br-].[Br-],2.4241261190826195
all Q-HERO,expert (Good/Bad),CCCCCCCCCNC(=O)C[N+]12CC[N+](CC(=O)NCCCCCCCCC)(CC1)CC2.[Br-].[Br-],2.2494534792165686
all Q-HERO,expert (Good/Bad),CCCCCCCCCCNC(=O)C[N+]12CC[N+](CC(=O)NCCCCCCCCCC)(CC1)CC2.[Br-].[Br-],2.510870982458865
all Q-HERO,expert (Good/Bad),CCCCCCCCCC[n+]1ccc(CCc2cc[n+](CCCCCCCCCC)cc2)cc1.[Br-].[Br-],0.5480259926999931
all Q-HERO,expert (Good/Bad),CCCCCCCCCCCC[n+]1ccc(CCc2cc[n+](CCCCCCCCCCCC)cc2)cc1.[Br-].[Br-],2.1575158524711937
all Q-HERO,expert (Good/Bad),CCCCCCCCCCCCC[n+]1ccc(CCc2cc[n+](CCCCCCCCCCCCC)cc2)cc1.[Br-].[Br-],3.124352768373802
all Q-HERO,expert (Good/Bad),CCCCCCCC[n+]1ccc(/C=C/c2cc[n+](CCCCCCCC)cc2)cc1.[Br-].[Br-],2.4064708882876378
all Q-HERO,expert (Good/Bad),CCCCCCCCCCC[n+]1ccc(/C=C/c2cc[n+](CCCCCCCCCCC)cc2)cc1.[Br-].[Br-],0.3848579312094428
all Q-HERO,expert (Good/Bad),CCCCCCCCCCCC[n+]1ccc(/C=C/c2cc[n+](CCCCCCCCCCCC)cc2)cc1.[Br-].[Br-],2.2731682098419825
all Q-HERO,expert (Good/Bad),CCCCCCCCCNC(=O)C[n+]1ccc(CCc2cc[n+](CC(=O)NCCCCCCCCC)cc2)cc1.[Br-].[Br-],0.7212396928148479
all Q-HERO,expert (Good/Bad),CCCCCCCCCCNC(=O)C[n+]1ccc(CCc2cc[n+](CC(=O)NCCCCCCCCCC)cc2)cc1.[Br-].[Br-],0.46566049178092395
all Q-HERO,expert (Good/Bad),CCCCCCCCCCCNC(=O)C[n+]1ccc(CCc2cc[n+](CC(=O)NCCCCCCCCCCC)cc2)cc1.[Br-].[Br-],0.4515978251429962
all Q-HERO,expert (Good/Bad),CCCCCCCCNC(=O)C[n+]1ccc(/C=C/c2cc[n+](CC(=O)NCCCCCCCC)cc2)cc1.[Br-].[Br-],0.37656679627577416
all Q-HERO,expert (Good/Bad),CCCCCCCCCNC(=O)C[n+]1ccc(/C=C/c2cc[n+](CC(=O)NCCCCCCCCC)cc2)cc1.[Br-].[Br-],0.3585172238620451
all Q-HERO,expert (Good/Bad),CCCCCCCCCCNC(=O)C[n+]1ccc(/C=C/c2cc[n+](CC(=O)NCCCCCCCCCC)cc2)cc1.[Br-].[Br-],2.590488912992694
all Q-HERO,expert (Good/Bad),CCCCCCCCNC(=O)C[n+]1ccc(C#Cc2cc[n+](CC(=O)NCCCCCCCC)cc2)cc1.[Br-].[Br-],2.2123001878220143
all Q-HERO,expert (Good/Bad),CCCCCCCCCNC(=O)C[n+]1ccc(C#Cc2cc[n+](CC(=O)NCCCCCCCCC)cc2)cc1.[Br-].[Br-],3.1006957958741235
all Q-HERO,expert (Good/Bad),CCCCCCCCCC[N+](C)(C)Cc1cc(OC)cc(OC)c1.[Br-],1.6917784300122003
all Q-HERO,expert (Good/Bad),CCCCCCCCCCCCCC[N+](C)(C)Cc1cc(OC)cc(OC)c1.[Br-],1.652003064194906
all Q-HERO,expert (Good/Bad),CCCCCCCCCCCCCCCC[N+](C)(C)Cc1cc(OC)cc(OC)c1.[Br-],0.8150526377797868
all Q-HERO,expert (Good/Bad),CCCCCCCCCC[N+](C)(C)Cc1ccc(C[N+](C)(C)CCCCCCCCCC)cc1.[Cl-].[Cl-],0.6594158620101407
all Q-HERO,expert (Good/Bad),CCCCCCCCCCCC[N+](C)(C)Cc1ccc(C[N+](C)(C)CCCCCCCCCCCC)cc1.[Cl-].[Cl-],1.227385372043986
all Q-HERO,expert (Good/Bad),CCCCCCCCCCCCC[N+](C)(C)Cc1ccc(C[N+](C)(C)CCCCCCCCCCCCC)cc1.[Cl-].[Cl-],0.5852747453597169
all Q-HERO,expert (Good/Bad),CCCCCCCCCCCCCC[N+](C)(C)Cc1ccc(C[N+](C)(C)CCCCCCCCCCCCCC)cc1.[Cl-].[Cl-],0.3320909538777612
all Q-HERO,expert (Good/Bad),CCCCCCCCCC[N+](C)(C)Cc1cccc(C[N+](C)(C)CCCCCCCCCC)c1.[Cl-].[Cl-],0.6342783627764121
all Q-HERO,expert (Good/Bad),CCCCCCCCCCCC[N+](C)(C)Cc1cccc(C[N+](C)(C)CCCCCCCCCCCC)c1.[Cl-].[Cl-],0.3657520560712064
all Q-HERO,expert (Good/Bad),CCCCCCCCCCCCC[N+](C)(C)Cc1cccc(C[N+](C)(C)CCCCCCCCCCCCC)c1.[Cl-].[Cl-],0.4789539889950163
all Q-HERO,expert (Good/Bad),CCCCCCCCCCCCCC[N+](C)(C)Cc1cccc(C[N+](C)(C)CCCCCCCCCCCCCC)c1.[Cl-].[Cl-],1.4994211209762938
all Q-HERO,expert (Good/Bad),CCCCCCCCCCCCCCCC[N+](C)(C)Cc1cccc(C[N+](C)(C)CCCCCCCCCCCCCCCC)c1.[Cl-].[Cl-],0.1497252154952058
all Q-HERO,expert (Good/Bad),CCCCCCCCC[N+](C)(C)Cc1ccccc1C[N+](C)(C)CCCCCCCCC.[Cl-].[Cl-],4.435021741828349
all Q-HERO,expert (Good/Bad),CCCCCCCCCC[N+](C)(C)Cc1ccccc1C[N+](C)(C)CCCCCCCCCC.[Cl-].[Cl-],1.3292371539412193
all Q-HERO,expert (Good/Bad),CCCCCCCCCCCC[N+](C)(C)Cc1ccccc1C[N+](C)(C)CCCCCCCCCCCC.[Cl-].[Cl-],1.4919892350985569
all Q-HERO,expert (Good/Bad),CCCCCCCCCCCCC[N+](C)(C)Cc1ccccc1C[N+](C)(C)CCCCCCCCCCCCC.[Cl-].[Cl-],1.151311816044835
all Q-HERO,expert (Good/Bad),CCCCCCCCCCCCCC[N+](C)(C)Cc1ccccc1C[N+](C)(C)CCCCCCCCCCCCCC.[Cl-].[Cl-],0.7236107621762524
all Q-HERO,expert (Good/Bad),CCCCCCCCCCCCCCCC[N+](C)(C)Cc1ccccc1C[N+](C)(C)CCCCCCCCCCCCCCCC.[Cl-].[Cl-],1.981762316057332
all Q-HERO,expert (Good/Bad),CCCCCCCC[N+](C)(C)Cc1cc(C[N+](C)(C)CCCCCCCC)cc(C[N+](C)(C)CCCCCCCC)c1.[Br-].[Br-].[Br-],1.1005308394210516
all Q-HERO,expert (Good/Bad),CCCCCCCCC[N+](C)(C)Cc1cc(C[N+](C)(C)CCCCCCCCC)cc(C[N+](C)(C)CCCCCCCCC)c1.[Br-].[Br-].[Br-],0.7725142367230136
all Q-HERO,expert (Good/Bad),CCCCCCCCCC[N+](C)(C)Cc1cc(C[N+](C)(C)CCCCCCCCCC)cc(C[N+](C)(C)CCCCCCCCCC)c1.[Br-].[Br-].[Br-],0.04980510276451766
all Q-HERO,expert (Good/Bad),CCCCCCCCCCCC[N+](C)(C)Cc1cc(C[N+](C)(C)CCCCCCCCCCCC)cc(C[N+](C)(C)CCCCCCCCCCCC)c1.[Br-].[Br-].[Br-],2.406405091817091
all Q-HERO,expert (Good/Bad),CCCCCCCCCCCCC[N+](C)(C)Cc1cc(C[N+](C)(C)CCCCCCCCCCCCC)cc(C[N+](C)(C)CCCCCCCCCCCCC)c1.[Br-].[Br-].[Br-],4.235275482620901
all Q-HERO,expert (Good/Bad),CCCCCCCC[N+](C)(CCCCCCCC)Cc1ccccc1.[Cl-],0.004894775405696161
all Q-HERO,expert (Good/Bad),CCCCCCCCCC[N+](C)(CCCCCCCCCC)Cc1ccccc1.[Cl-],1.4786486052622616
all Q-HERO,expert (Good/Bad),CCCCCCCCCCCC[N+](C)(CCCCCCCCCCCC)Cc1ccccc1.[Cl-],0.4530262431712164
all Q-HERO,expert (Good/Bad),CCCCCCCC[N+](CCCCCCCC)(CCCCCCCC)Cc1ccccc1.[Br-],1.2634181305899508
all Q-HERO,expert (Good/Bad),CCCCCC[N+](C)(CCCCCC)Cc1ccc(C[N+](C)(CCCCCC)CCCCCC)cc1.[Cl-].[Cl-],3.7073640810029174
all Q-HERO,expert (Good/Bad),CCCCCCCC[N+](C)(CCCCCCCC)Cc1ccc(C[N+](C)(CCCCCCCC)CCCCCCCC)cc1.[Cl-].[Cl-],1.8064133199145926
all Q-HERO,expert (Good/Bad),CCCCCCCCCC[N+](C)(CCCCCCCCCC)Cc1ccc(C[N+](C)(CCCCCCCCCC)CCCCCCCCCC)cc1.[Cl-].[Cl-],0.31384695092307524
all Q-HERO,expert (Good/Bad),CCCCCC[N+](CCCCCC)(CCCCCC)Cc1ccc(C[N+](CCCCCC)(CCCCCC)CCCCCC)cc1.[Cl-].[Cl-],1.5810437632142997
all Q-HERO,expert (Good/Bad),CCCCCCCC[N+](CCCCCCCC)(CCCCCCCC)Cc1ccc(C[N+](CCCCCCCC)(CCCCCCCC)CCCCCCCC)cc1.[Cl-].[Cl-],1.3063224984317774
all Q-HERO,expert (Good/Bad),CCCCCCCC[N+](C)(CCCCCCCC)Cc1cccc(C[N+](C)(CCCCCCCC)CCCCCCCC)c1.[Cl-].[Cl-],0.33229731959735775
all Q-HERO,expert (Good/Bad),CCCCCC[N+](C)(CCCCCC)Cc1cccc(C[N+](C)(CCCCCC)CCCCCC)c1.[Cl-].[Cl-],2.688672696243577
all Q-HERO,expert (Good/Bad),CCCCCCCCCC[N+](C)(CCCCCCCCCC)Cc1cccc(C[N+](C)(CCCCCCCCCC)CCCCCCCCCC)c1.[Cl-].[Cl-],0.18436590659646823
all Q-HERO,expert (Good/Bad),CCCCCCCC[N+](C)(CCCCCCCC)Cc1ccccc1C[N+](C)(CCCCCCCC)CCCCCCCC.[Cl-].[Cl-],1.5105045390563105
all Q-HERO,expert (Good/Bad),CCCCCCCCCCCC[N+](C)(CCCCCCCCCCCC)Cc1ccccc1C[N+](C)(CCCCCCCCCCCC)CCCCCCCCCCCC.[Cl-].[Cl-],0.5000304817083423
all Q-HERO,expert (Good/Bad),CCCCCC[N+](C)(CCCCCC)Cc1cc(C[N+](C)(CCCCCC)CCCCCC)cc(C[N+](C)(CCCCCC)CCCCCC)c1.[Br-].[Br-].[Br-],0.8160345186428395
all Q-HERO,expert (Good/Bad),CCCCCCCC[N+](C)(CCCCCCCC)Cc1cc(C[N+](C)(CCCCCCCC)CCCCCCCC)cc(C[N+](C)(CCCCCCCC)CCCCCCCC)c1.[Br-].[Br-].[Br-],2.2255029940767077
all Q-HERO,expert (Good/Bad),CCCCCC[N+](CCCCCC)(CCCCCC)Cc1cc(C[N+](CCCCCC)(CCCCCC)CCCCCC)cc(C[N+](CCCCCC)(CCCCCC)CCCCCC)c1.[Br-].[Br-].[Br-],1.3651226002539967
all Q-HERO,multi-regression,CCCCCCCCCCCC[N+](C)(C)Cc1ccccc1.[Cl-],1.7795734072920815
all Q-HERO,multi-regression,CCCCCCCCCCCCCCCC[n+]1ccccc1.[Cl-],2.6982775607580836
all Q-HERO,multi-regression,CCCCCCCCCC[N+](C)(C)CCCCCCCCCC.[Cl-],1.5030119451900998
all Q-HERO,multi-regression,CCCCCCCCCCCC[N+](C)(C)CCCCCCCCCCCC.[Cl-],0.7604630245112313
all Q-HERO,multi-regression,N=C(NCCCCCCNC(=N)NC(=N)Nc1ccc(Cl)cc1)NC(=N)Nc1ccc(Cl)cc1,3.4401325588043017
all Q-HERO,multi-regression,CCCCCCCCCCCCCCOc1cccc(C[N+](C)(C)C)c1C[N+](C)(C)C.[Br-].[Br-],1.2299295849762861
all Q-HERO,multi-regression,CCCCCCCCCCCCCCOc1ccc(C[N+](C)(C)C)cc1C[N+](C)(C)C.[Br-].[Br-],1.0187993900956613
all Q-HERO,multi-regression,CCCCCCCCCCCCCCOc1cc(C[N+](C)(C)C)ccc1C[N+](C)(C)C.[Br-].[Br-],3.035761162623466
all Q-HERO,multi-regression,CCCCCCCCCCCCCCCCOc1cc(C[N+](C)(C)C)ccc1C[N+](C)(C)C.[Br-].[Br-],3.2445879779562854
all Q-HERO,multi-regression,CCCCCCCCCCCCCCCCCCOc1cc(C[N+](C)(C)C)ccc1C[N+](C)(C)C.[Br-].[Br-],2.863266039700711
all Q-HERO,multi-regression,CCCCCCCCCCCCCCOc1c(C[N+](C)(C)C)cccc1C[N+](C)(C)C.[Br-].[Br-],2.8181793943805005
all Q-HERO,multi-regression,CCCCCCCCCCCCCCOc1cc(C[N+](C)(C)C)cc(C[N+](C)(C)C)c1.[Br-].[Br-],0.9744761636693775
all Q-HERO,multi-regression,CCCCCCCCCCCCCCCCOc1cc(C[N+](C)(C)C)cc(C[N+](C)(C)C)c1.[Br-].[Br-],1.52299364615812
all Q-HERO,multi-regression,CCCCCCCCCCOc1ccc(C[N+](C)(C)C)cc1.[Br-],1.495665426539924
all Q-HERO,multi-regression,CCCCCCCCCC[n+]1ccc(-c2cc[n+](CCCCCCCCCC)cc2)cc1.[Br-].[Br-],0.37016635662117947
all Q-HERO,multi-regression,CCCCCCCCCCC[n+]1ccc(-c2cc[n+](CCCCCCCCCCC)cc2)cc1.[Br-].[Br-],0.26791913570862724
all Q-HERO,multi-regression,CCCCCCCCCCCC[n+]1ccc(-c2cc[n+](CCCCCCCCCCCC)cc2)cc1.[Br-].[Br-],0.3291602324858237
all Q-HERO,multi-regression,CCCCCCCCCCCCC[n+]1ccc(-c2cc[n+](CCCCCCCCCCCCC)cc2)cc1.[Br-].[Br-],1.9043677827390904
all Q-HERO,multi-regression,CCCCCCCCCCCC[n+]1ccc(-c2cc[n+](C)cc2)cc1.[Br-].[I-],3.2605512656286018
all Q-HERO,multi-regression,CCCCCCCCCCCCCC[n+]1ccc(-c2cc[n+](C)cc2)cc1.[Br-].[I-],0.1494466522868052
all Q-HERO,multi-regression,CCCCCCCCCCCCCC[n+]1ccc(-c2cc[n+](CC)cc2)cc1.[Br-].[Br-],1.6952577914542262
all Q-HERO,multi-regression,CCCCCCCCCCCCCCCC[n+]1ccc(-c2cc[n+](C)cc2)cc1.[Br-].[I-],0.42047526992454065
all Q-HERO,multi-regression,CCCCCCCCCCCCCCCC[n+]1ccc(-c2cc[n+](CC)cc2)cc1.[Br-].[Br-],2.235961110036929
all Q-HERO,multi-regression,CCCCCCCCCCCCCCCCCC[n+]1ccc(-c2cc[n+](C)cc2)cc1.[Br-].[I-],1.478197934586658
all Q-HERO,multi-regression,CCCCCCCCCCCCCCCCCC[n+]1ccc(-c2cc[n+](CC)cc2)cc1.[Br-].[Br-],2.0718124267818334
all Q-HERO,multi-regression,CCCCCCCCCC[n+]1ccc(-c2cc[n+](CCCCCCCCCC)cc2)cc1.[Cl-].[Cl-],0.19012721385094078
all Q-HERO,multi-regression,CCCCCCCCCC[n+]1ccc(-c2cc[n+](CCCCCCCCCC)cc2)cc1.[I-].[I-],0.29458304911988753
all Q-HERO,multi-regression,CCCCCCCCCCC[n+]1ccc(-c2cc[n+](CCCCCCCCCCC)cc2)cc1.[Cl-].[Cl-],0.26931557531851635
all Q-HERO,multi-regression,CCCCCCCCCCC[n+]1ccc(-c2cc[n+](CCCCCCCCCCC)cc2)cc1.[I-].[I-],0.8070768621955922
all Q-HERO,multi-regression,CCCCCCCCCCCC[n+]1ccc(-c2cc[n+](CCCCCCCCCCCC)cc2)cc1.[Cl-].[Cl-],0.287352391186787
all Q-HERO,multi-regression,CCCCCCCCCCCC[n+]1ccc(-c2cc[n+](CCCCCCCCCCCC)cc2)cc1.[I-].[I-],2.014228428026389
all Q-HERO,multi-regression,CCCCCCCCCCCC[n+]1ccc(-c2cc[n+](CCCCCCCCCC)cc2)cc1.[Br-].[Br-],0.1633365587125004
all Q-HERO,multi-regression,CCCCCCCCCCCCCC[n+]1ccc(-c2cc[n+](CCCCCCCC)cc2)cc1.[Br-].[Br-],0.23381987706982366
all Q-HERO,multi-regression,CCCCCCCCCCCCCCCC[n+]1ccc(-c2cc[n+](CCCCCC)cc2)cc1.[Br-].[Br-],0.005751255648881681
all Q-HERO,multi-regression,CCCCCCCCCCCCCCCCCC[n+]1ccc(-c2cc[n+](CCCC)cc2)cc1.[Br-].[Br-],1.592577764248241
all Q-HERO,multi-regression,C[n+]1cccc(Br)c1.[Br-],0.5769605753356624
all Q-HERO,multi-regression,CCCCCCCCCCCC[n+]1cccc(Br)c1.[Br-],0.41660504656328934
all Q-HERO,multi-regression,CCCCCCCCCCCCCC[n+]1cccc(Br)c1.[Br-],0.12304412601601733
all Q-HERO,multi-regression,CCCCCCCCCCCCCCCC[n+]1cccc(Br)c1.[Br-],0.5456224928905242
all Q-HERO,multi-regression,CCCCCCCCCC[n+]1cccc(-c2ccc[n+](CCCCCCCCCC)c2)c1.[Br-].[Br-],0.058386228291393394
all Q-HERO,multi-regression,CCCCCCCCCCCC[n+]1cccc(-c2ccc[n+](CCCCCCCCCC)c2)c1.[Br-].[Br-],0.22929556249356287
all Q-HERO,multi-regression,CCCCCCCCCCC[n+]1cccc(-c2ccc[n+](CCCCCCCCCCC)c2)c1.[Br-].[Br-],2.22820552952206
all Q-HERO,multi-regression,CCCCCCCCCCCC[n+]1cccc(-c2ccc[n+](CCCCCCCCCCCC)c2)c1.[Br-].[Br-],1.1097168179850898
all Q-HERO,multi-regression,CCCCCCCCCCCCCC[n+]1cccc(-c2ccc[n+](CCCCCCCCCCCC)c2)c1.[Br-].[Br-],0.018755218635325477
all Q-HERO,multi-regression,CCCCCCCCCCCCCC[n+]1cccc(-c2ccc[n+](CCCCCCCCCCCCCC)c2)c1.[Br-].[Br-],0.014557001663259461
all Q-HERO,multi-regression,CCCCCCCCCCCCCCCC[n+]1cccc(-c2ccc[n+](CCCCCCCCCCCCCCCC)c2)c1.[Br-].[Br-],0.08032486396000871
all Q-HERO,multi-regression,CCCCCCCCCCCC[n+]1cccc(-c2ccccc2)c1.[Br-],1.2152584515965281
all Q-HERO,multi-regression,CCCCCCCCCCCC[n+]1cccc(-c2ccc[n+](C)c2)c1.[Br-].[Br-],5.195207466891722
all Q-HERO,multi-regression,CCCCCCCCCCCC[n+]1cccc(-c2ccc[n+](Cc3ccccc3)c2)c1.[Br-].[Br-],0.33286022311275243
all Q-HERO,multi-regression,CCCCCCCCCC[n+]1ccc(-c2ccc[n+](CCCCCCCCCC)c2)cc1.[Br-].[Br-],0.7047075344596021
all Q-HERO,multi-regression,CCCCCCCCCCC[n+]1ccc(-c2ccc[n+](CCCCCCCCCCC)c2)cc1.[Br-].[Br-],2.322600845870733
all Q-HERO,multi-regression,CCCCCCCCCCCC[n+]1ccc(-c2ccc[n+](CCCCCCCCCCCC)c2)cc1.[Br-].[Br-],0.8986221044104115
all Q-HERO,multi-regression,CCCCCCCCCCCCCC[n+]1ccc(-c2ccc[n+](CCCCCCCCCCCCCC)c2)cc1.[Br-].[Br-],0.25458156917435404
all Q-HERO,multi-regression,CCCCCCCCCCCCCCCC[n+]1ccc(-c2ccc[n+](CCCCCCCCCCCCCCCC)c2)cc1.[Br-].[Br-],0.6919031973814735
all Q-HERO,multi-regression,CCCCCCCCCCCCCCCCCCCC[N+](C)(C)CCN(C)C.[Br-],0.6537975831018266
all Q-HERO,multi-regression,CCCCCCCCCCCCCCCCCC[N+](C)(C)CCN(C)C.[Br-],0.4859110174098267
all Q-HERO,multi-regression,CCCCCCCCCCCCCCCC[N+](C)(C)CCN(C)C.[Br-],1.5897381992802835
all Q-HERO,multi-regression,CCCCCCCCCCCCCC[N+](C)(C)CCN(C)C.[Br-],0.5512630768926856
all Q-HERO,multi-regression,CCCCCCCCCCCC[N+](C)(C)CCN(C)C.[Br-],3.477150303898732
all Q-HERO,multi-regression,CCCCCCCCCC[N+](C)(C)CCN(C)C.[Br-],4.846899495702161
all Q-HERO,multi-regression,CCCCCCCCCCCCCCCCCCCC[N+](C)(C)CC[N+](C)(C)CCCCCCCCCCCCCCCC.[Br-].[Br-],2.8582760482255836
all Q-HERO,multi-regression,CCCCCCCCCCCCCCCCCCCC[N+](C)(C)CC[N+](C)(C)CCCCCCCCCCCCCC.[Br-].[Br-],2.170557358616448
all Q-HERO,multi-regression,CCCCCCCCCCCCCCCCCCCC[N+](C)(C)CC[N+](C)(C)CCCCCCCCCCCC.[Br-].[Br-],2.1734073131616998
all Q-HERO,multi-regression,CCCCCCCCCCCCCCCCCCCC[N+](C)(C)CC[N+](C)(C)CCCCCCCCCC.[Br-].[Br-],1.0032693260126675
all Q-HERO,multi-regression,CCCCCCCCCCCCCCCCCCCC[N+](C)(C)CC[N+](C)(C)CCCCCCCC.[Br-].[Br-],1.2915029667959903
all Q-HERO,multi-regression,CCCCCCCCCCCCCCCCCC[N+](C)(C)CC[N+](C)(C)CCCCCCCCCCCCCCCCCC.[Br-].[Br-],3.8535688065000047
all Q-HERO,multi-regression,CCCCCCCCCCCCCCCCCC[N+](C)(C)CC[N+](C)(C)CCCCCCCCCCCCCCCC.[Br-].[Br-],3.0406052116723172
all Q-HERO,multi-regression,CCCCCCCCCCCCCCCCCC[N+](C)(C)CC[N+](C)(C)CCCCCCCCCCCCCC.[Br-].[Br-],1.9851951202493439
all Q-HERO,multi-regression,CCCCCCCCCCCCCCCCCC[N+](C)(C)CC[N+](C)(C)CCCCCCCCCCCC.[Br-].[Br-],1.2746597999077656
all Q-HERO,multi-regression,CCCCCCCCCCCCCCCCCC[N+](C)(C)CC[N+](C)(C)CCCCCCCCCC.[Br-].[Br-],1.271856944743006
all Q-HERO,multi-regression,CCCCCCCCCCCCCCCCCC[N+](C)(C)CC[N+](C)(C)CCCCCCCC.[Br-].[Br-],0.024494849095852755
all Q-HERO,multi-regression,CCCCCCCCCCCCCCCC[N+](C)(C)CC[N+](C)(C)CCCCCCCCCCCCCCCC.[Br-].[Br-],2.159649590270683
all Q-HERO,multi-regression,CCCCCCCCCCCCCCCC[N+](C)(C)CC[N+](C)(C)CCCCCCCCCCCCCC.[Br-].[Br-],2.465923489053553
all Q-HERO,multi-regression,CCCCCCCCCCCCCCCC[N+](C)(C)CC[N+](C)(C)CCCCCCCCCCCC.[Br-].[Br-],2.077533241000048
all Q-HERO,multi-regression,CCCCCCCCCCCCCCCC[N+](C)(C)CC[N+](C)(C)CCCCCCCCCC.[Br-].[Br-],0.7484319867830571
all Q-HERO,multi-regression,CCCCCCCCCCCCCCCC[N+](C)(C)CC[N+](C)(C)CCCCCCCC.[Br-].[Br-],0.09725417453824348
all Q-HERO,multi-regression,CCCCCCCCCCCCCC[N+](C)(C)CC[N+](C)(C)CCCCCCCCCCCCCC.[Br-].[Br-],1.2940855288559208
all Q-HERO,multi-regression,CCCCCCCCCCCCCC[N+](C)(C)CC[N+](C)(C)CCCCCCCCCCCC.[Br-].[Br-],0.7725008962188301
all Q-HERO,multi-regression,CCCCCCCCCCCCCC[N+](C)(C)CC[N+](C)(C)CCCCCCCCCC.[Br-].[Br-],1.5046463211821595
all Q-HERO,multi-regression,CCCCCCCCCCCCCC[N+](C)(C)CC[N+](C)(C)CCCCCCCC.[Br-].[Br-],0.4514253120304601
all Q-HERO,multi-regression,CCCCCCCCCCCC[N+](C)(C)CC[N+](C)(C)CCCCCCCCCCCC.[Br-].[Br-],0.4536522118896177
all Q-HERO,multi-regression,CCCCCCCCCCCC[N+](C)(C)CC[N+](C)(C)CCCCCCCCCC.[Br-].[Br-],0.7461957309799324
all Q-HERO,multi-regression,CCCCCCCCCCCC[N+](C)(C)CC[N+](C)(C)CCCBr.[Br-].[Br-],1.783625640108268
all Q-HERO,multi-regression,CCCCCCCCCC[N+](C)(C)CC[N+](C)(C)CCCCCCCCCC.[Br-].[Br-],0.6615546371649488
all Q-HERO,multi-regression,CCCCCCCCCC[N+](C)(C)CC[N+](C)(C)CCCCCCCC.[Br-].[Br-],2.6494446114589234
all Q-HERO,multi-regression,CCCCCCCC[N+](C)(C)CC[N+](C)(C)CCCCCCCC.[Br-].[Br-],4.5214615513131635
all Q-HERO,multi-regression,CCCCCCCCCCCCC[N+](C)(C)CC[N+](C)(C)CCCCCCCCCC.[Br-].[Br-],0.6080844466180879
all Q-HERO,multi-regression,CCCCCCCCCCC[N+](C)(C)CC[N+](C)(C)CCCCCCCCCC.[Br-].[Br-],0.6076307621605352
all Q-HERO,multi-regression,CCCCCCCCCC[n+]1cccc([C@@H]2CCCN2C)c1.[Br-],2.848822760474
all Q-HERO,multi-regression,CCCCCCCCCCC[n+]1cccc([C@@H]2CCCN2C)c1.[Br-],0.4386457556203256
all Q-HERO,multi-regression,CCCCCCCCCCCC[n+]1cccc([C@@H]2CCCN2C)c1.[Br-],0.5708308668910043
all Q-HERO,multi-regression,CCCCCCCCCCCCCC[n+]1cccc([C@@H]2CCCN2C)c1.[Br-],2.139386046555423
all Q-HERO,multi-regression,CCCCCCCCCCCCCCCC[n+]1cccc([C@@H]2CCCN2C)c1.[Br-],2.284072200231588
all Q-HERO,multi-regression,CCCCCCCCCCCCCCCCCC[n+]1cccc([C@@H]2CCCN2C)c1.[Br-],1.8331261674506671
all Q-HERO,multi-regression,CCCCCCCCCCCCCCCCCCCC[n+]1cccc([C@@H]2CCCN2C)c1.[Br-],1.0622926299908677
all Q-HERO,multi-regression,CCCCCCCCCC[n+]1cccc([C@@H]2CCC[N+]2(C)C)c1.[Br-].[I-],2.3174544556184835
all Q-HERO,multi-regression,CCCCCCCCCCC[n+]1cccc([C@@H]2CCC[N+]2(C)C)c1.[Br-].[I-],3.4204494561172263
all Q-HERO,multi-regression,CCCCCCCCCCCC[n+]1cccc([C@@H]2CCC[N+]2(C)C)c1.[Br-].[I-],1.2016502736650292
all Q-HERO,multi-regression,CCCCCCCCCCCCCC[n+]1cccc([C@@H]2CCC[N+]2(C)C)c1.[Br-].[I-],0.12720169365535483
all Q-HERO,multi-regression,CCCCCCCCCCCCCCCC[n+]1cccc([C@@H]2CCC[N+]2(C)C)c1.[Br-].[I-],1.7062024047815605
all Q-HERO,multi-regression,CCCCCCCCCCCCCCCCCC[n+]1cccc([C@@H]2CCC[N+]2(C)C)c1.[Br-].[I-],1.82664615997101
all Q-HERO,multi-regression,CCCCCCCCCCCCCCCCCCCC[n+]1cccc([C@@H]2CCC[N+]2(C)C)c1.[Br-].[I-],2.6635812335321845
all Q-HERO,multi-regression,C=C[C@H]1C[N@+]2(CCCCCCCCCC)CC[C@H]1C[C@H]2[C@@H](O)c1ccnc2ccc(OC)cc12.[Br-],0.39722394707470343
all Q-HERO,multi-regression,C=C[C@H]1C[N@+]2(CCCCCCCCCCC)CC[C@H]1C[C@H]2[C@@H](O)c1ccnc2ccc(OC)cc12.[Br-],1.0603391813189043
all Q-HERO,multi-regression,C=C[C@H]1C[N@+]2(CCCCCCCCCCCC)CC[C@H]1C[C@H]2[C@@H](O)c1ccnc2ccc(OC)cc12.[Br-],1.965908652040647
all Q-HERO,multi-regression,C=C[C@H]1C[N@+]2(CCCCCCCCCCCCCC)CC[C@H]1C[C@H]2[C@@H](O)c1ccnc2ccc(OC)cc12.[Br-],2.9341319263399006
all Q-HERO,multi-regression,C=C[C@H]1C[N@+]2(CCCCCCCCCCCCCCCC)CC[C@H]1C[C@H]2[C@@H](O)c1ccnc2ccc(OC)cc12.[Br-],2.308528183883518
all Q-HERO,multi-regression,C=C[C@H]1C[N@+]2(CCCCCCCCCCCCCCCCCC)CC[C@H]1C[C@H]2[C@@H](O)c1ccnc2ccc(OC)cc12.[Br-],1.4917596520358627
all Q-HERO,multi-regression,C=C[C@H]1C[N@+]2(CCCCCCCCCC)CC[C@H]1C[C@H]2[C@@H](O)c1cc[n+](C)c2ccc(OC)cc12.[Br-].[I-],0.8742628772129573
all Q-HERO,multi-regression,C=C[C@H]1C[N@+]2(CCCCCCCCCCC)CC[C@H]1C[C@H]2[C@@H](O)c1cc[n+](C)c2ccc(OC)cc12.[Br-].[I-],0.13027144029811843
all Q-HERO,multi-regression,C=C[C@H]1C[N@+]2(CCCCCCCCCCCC)CC[C@H]1C[C@H]2[C@@H](O)c1cc[n+](C)c2ccc(OC)cc12.[Br-].[I-],1.3193933673396185
all Q-HERO,multi-regression,C=C[C@H]1C[N@+]2(CCCCCCCCCCCCCC)CC[C@H]1C[C@H]2[C@@H](O)c1cc[n+](C)c2ccc(OC)cc12.[Br-].[I-],2.9987992841398645
all Q-HERO,multi-regression,C=C[C@H]1C[N@+]2(CCCCCCCCCCCCCCCC)CC[C@H]1C[C@H]2[C@@H](O)c1cc[n+](C)c2ccc(OC)cc12.[Br-].[I-],2.58421814078477
all Q-HERO,multi-regression,C=C[C@H]1C[N@+]2(CCCCCCCCCCCCCCCCCC)CC[C@H]1C[C@H]2[C@@H](O)c1cc[n+](C)c2ccc(OC)cc12.[Br-].[I-],2.366184616708071
all Q-HERO,multi-regression,CCCCCCCCCC[N+](C)(C)CCN(C)CC[N+](C)(C)CCCCCCCCCC.[Br-].[Br-],0.4226147574052842
all Q-HERO,multi-regression,CCCCCCCCCCC[N+](C)(C)CCN(C)CC[N+](C)(C)CCCCCCCCCCC.[Br-].[Br-],0.3055267462437574
all Q-HERO,multi-regression,CCCCCCCCCCCC[N+](C)(C)CCN(C)CC[N+](C)(C)CCCCCCCCCCCC.[Br-].[Br-],0.751170732383943
all Q-HERO,multi-regression,CCCCCCCCCCCCCC[N+](C)(C)CCN(C)CC[N+](C)(C)CCCCCCCCCCCCCC.[Br-].[Br-],0.037811733274578874
all Q-HERO,multi-regression,CCCCCCCCCCCCCCCC[N+](C)(C)CCN(C)CC[N+](C)(C)CCCCCCCCCCCCCCCC.[Br-].[Br-],0.9552512803047701
all Q-HERO,multi-regression,CCCCCCCCCC[N+](C)(C)CC[N+](C)(C)CC[N+](C)(C)CCCCCCCCCC.[Br-].[Br-].[I-],0.6450943534509987
all Q-HERO,multi-regression,CCCCCCCCCCC[N+](C)(C)CC[N+](C)(C)CC[N+](C)(C)CCCCCCCCCCC.[Br-].[Br-].[I-],0.19007652504476713
all Q-HERO,multi-regression,CCCCCCCCCCCCCC[N+](C)(C)CC[N+](C)(C)CC[N+](C)(C)CCCCCCCCCCCCCC.[Br-].[Br-].[I-],1.5383505977505114
all Q-HERO,multi-regression,C=CC[N+](C)(CC[N+](C)(C)CCCCCCCCCC)CC[N+](C)(C)CCCCCCCCCC.[Br-].[Br-].[Br-],0.3576367734116509
all Q-HERO,multi-regression,C=CC[N+](C)(CC[N+](C)(C)CCCCCCCCCCC)CC[N+](C)(C)CCCCCCCCCCC.[Br-].[Br-].[Br-],0.5236671965982175
all Q-HERO,multi-regression,C=CC[N+](C)(CC[N+](C)(C)CCCCCCCCCCCC)CC[N+](C)(C)CCCCCCCCCCCC.[Br-].[Br-].[Br-],0.5054072315722572
all Q-HERO,multi-regression,C=CC[N+](C)(CC[N+](C)(C)CCCCCCCCCCCCCC)CC[N+](C)(C)CCCCCCCCCCCCCC.[Br-].[Br-].[Br-],0.2785749472585043
all Q-HERO,multi-regression,C=CC[N+](C)(CC[N+](C)(C)CCCCCCCCCCCCCCCC)CC[N+](C)(C)CCCCCCCCCCCCCCCC.[Br-].[Br-].[Br-],0.77876171856613
all Q-HERO,multi-regression,CCCCCCCCCC[N+](C)(C)CCCN(C)CCC[N+](C)(C)CCCCCCCCCC.[Br-].[Br-],0.3561780037069482
all Q-HERO,multi-regression,CCCCCCCCCC[N+](C)(C)CCC[N+](C)(CC)CCC[N+](C)(C)CCCCCCCCCC.[Br-].[Br-].[Br-],0.10348981472527452
all Q-HERO,multi-regression,CCCCCCCCCCCC[N+](C)(C)CCCN(C)CCC[N+](C)(C)CCCCCCCCCCCC.[Br-].[Br-],0.8489337534362098
all Q-HERO,multi-regression,CCCCCCCCCCCC[N+](C)(C)CCC[N+](C)(C)CCC[N+](C)(C)CCCCCCCCCCCC.[Br-].[Br-].[I-],1.1280629066897814
all Q-HERO,multi-regression,CCCCCCCCCCCC[N+](C)(C)CCC[N+](C)(CC)CCC[N+](C)(C)CCCCCCCCCCCC.[Br-].[Br-].[Br-],1.6473319122052796
all Q-HERO,multi-regression,CCCCCCCCCCCC[N+](C)(C)CCC[N+](C)(CCCC)CCC[N+](C)(C)CCCCCCCCCCCC.[Br-].[Br-].[Br-],0.6981571437632538
all Q-HERO,multi-regression,C=CC[N+](C)(CCC[N+](C)(C)CCCCCCCCCCCC)CCC[N+](C)(C)CCCCCCCCCCCC.[Br-].[Br-].[Br-],0.18990738448097888
all Q-HERO,multi-regression,CCCCCCCCCCCC[N+](C)(C)CCC[N+](C)(CCC[N+](C)(C)CCCCCCCCCCCC)Cc1ccccc1.[Br-].[Br-].[Br-],0.3470145875315509
all Q-HERO,multi-regression,CCCCCCCCCCCC[N+](C)(C)CCC[N+](C)(CCC[N+](C)(C)CCCCCCCCCCCC)Cc1ccc(CCCCCCCC)cc1.[Br-].[Br-].[Cl-],0.5896367124427878
all Q-HERO,multi-regression,CCCCCCCCCCCC[N+](C)(C)CCC[N+](C)(CCCCCCCCCCCS)CCC[N+](C)(C)CCCCCCCCCCCC.[Br-].[Br-].[Br-],0.27302914441046866
all Q-HERO,multi-regression,CCCCCCCCCCCC[N+](C)(C)CCC[N+](C)(CCCCCCCCCCCC)CCC[N+](C)(C)CCCCCCCCCCCC.[Br-].[Br-].[Br-],2.2327110472988805
all Q-HERO,multi-regression,C=CCCCCCCCCC[N+](C)(CCC[N+](C)(C)CCCCCCCCCCCC)CCC[N+](C)(C)CCCCCCCCCCCC.[Br-].[Br-].[Br-],1.7918689264899128
all Q-HERO,multi-regression,CCCCCCCCCCCC[N+](C)(C)CCN(C)CCN(C)CCN(C)C.[Br-],1.5267262910989998
all Q-HERO,multi-regression,CCCCCCCCCCCCCC[N+](C)(C)CCN(C)CCN(C)CCN(C)C.[Br-],2.910510965785485
all Q-HERO,multi-regression,CCCCCCCCCCCCCC[N+](C)(C)CCN(C)CCN(C)CC[N+](C)(C)CCCCCCCCCCCC.[Br-].[Br-],0.9913719748386143
all Q-HERO,multi-regression,CCCCCCCCCCCC[N+](C)(C)CCN(C)CCN(C)CC[N+](C)(C)CCCCCCCCCCCC.[Br-].[Br-],1.1313362491704733
all Q-HERO,multi-regression,CCCCCCCCCCCCCC[N+](C)(C)CCN(C)CCN(C)CC[N+](C)(C)CCCCCCCCCCCCCC.[Br-].[Br-],0.09077570350218622
all Q-HERO,multi-regression,C=CC[N+](C)(CC[N+](C)(C)CCCCCCCCCCCC)CC[N+](C)(CC=C)CC[N+](C)(C)CCCCCCCCCCCC.[Br-].[Br-].[Br-].[Br-],0.6409972081431322
all Q-HERO,multi-regression,CCCCCCCCCCCC[N+](C)(C)CC[N+](C)(C)CCCCC[N+](C)(C)CC[N+](C)(C)CCCCCCCCCCCC.[Br-].[Br-].[I-].[I-],1.2163954727670605
all Q-HERO,multi-regression,CCCCCCCCCCCC[N+](C)(C)Cc1cc(C[N+](C)(C)C)cc(C[N+](C)(C)CCCCCCCCCCCC)c1.[Br-].[Br-].[Br-],0.5882122522440937
all Q-HERO,multi-regression,CCCCCCCCCCCCCC[N+](C)(C)Cc1cc(C[N+](C)(C)C)cc(C[N+](C)(C)CCCCCCCCCCCCCC)c1.[Br-].[Br-].[Br-],1.0820834642080777
all Q-HERO,multi-regression,CCCCCCCCCC[N+](C)(C)Cc1cc(C[n+]2ccccc2)cc(C[N+](C)(C)CCCCCCCCCC)c1.[Br-].[Br-].[Br-],0.5377540846795579
all Q-HERO,multi-regression,CCCCCCCCCCCC[N+](C)(C)Cc1cc(C[n+]2ccccc2)cc(C[N+](C)(C)CCCCCCCCCCCC)c1.[Br-].[Br-].[Br-],0.35034023082724675
all Q-HERO,multi-regression,CCCCCCCCCCCCCC[N+](C)(C)Cc1cc(C[n+]2ccccc2)cc(C[N+](C)(C)CCCCCCCCCCCCCC)c1.[Br-].[Br-].[Br-],0.060782670319907695
all Q-HERO,multi-regression,CCCCCCCCCC[N+](C)(C)CCN1CC[N+](C)(CCCCCCCCCC)CC1.[Br-].[Br-],0.4291345356403361
all Q-HERO,multi-regression,CCCCCCCCCCC[N+](C)(C)CCN1CC[N+](C)(CCCCCCCCCCC)CC1.[Br-].[Br-],1.4659062739896505
all Q-HERO,multi-regression,CCCCCCCCCCCC[N+](C)(C)CCN1CC[N+](C)(CCCCCCCCCCCC)CC1.[Br-].[Br-],1.5070509044188705
all Q-HERO,multi-regression,CCCCCCCCCCCC[N+](C)(C)CCN1CC[N+](C)(CCCCCCCCCCCC)CC1.[Cl-].[Cl-],1.6542525501094647
all Q-HERO,multi-regression,CCCCCCCCCCCCC[N+](C)(C)CCN1CC[N+](C)(CCCCCCCCCCCCC)CC1.[Br-].[Br-],0.6656967432777106
all Q-HERO,multi-regression,CCCCCCCCCCCCCC[N+](C)(C)CCN1CC[N+](C)(CCCCCCCCCCCCCC)CC1.[Br-].[Br-],2.00141409322943
all Q-HERO,multi-regression,CCCCCCCCCC[N+]1(C)CCN(C)CCN(C)CC1.[Br-],3.086127410066055
all Q-HERO,multi-regression,CCCCCCCCCCC[N+]1(C)CCN(C)CCN(C)CC1.[Br-],1.409193205558784
all Q-HERO,multi-regression,CCCCCCCCCCCC[N+]1(C)CCN(C)CCN(C)CC1.[Br-],0.4311674926186644
all Q-HERO,multi-regression,CCCCCCCCCCCCC[N+]1(C)CCN(C)CCN(C)CC1.[Br-],1.5504554144372942
all Q-HERO,multi-regression,CCCCCCCCCCCCCC[N+]1(C)CCN(C)CCN(C)CC1.[Br-],2.8654806851049472
all Q-HERO,multi-regression,CCCCCCCCCCCCCCCCCC[N+]1(C)CCN(C)CCN(C)CC1.[Br-],2.784571393162095
all Q-HERO,multi-regression,CCCCCCCCCCCCCCCCCCCC[N+]1(C)CCN(C)CCN(C)CC1.[Br-],2.4262611571383905
all Q-HERO,multi-regression,CCCCCCCCCC[N+]1(C)CC[N+](C)(C)CC[N+](C)(C)CC1.[Br-].[I-].[I-],4.011878526258661
all Q-HERO,multi-regression,CCCCCCCCCCC[N+]1(C)CC[N+](C)(C)CC[N+](C)(C)CC1.[Br-].[I-].[I-],4.997925357425125
all Q-HERO,multi-regression,CCCCCCCCCCCC[N+]1(C)CC[N+](C)(C)CC[N+](C)(C)CC1.[Br-].[I-].[I-],3.077440167467155
all Q-HERO,multi-regression,CCCCCCCCCCCCC[N+]1(C)CC[N+](C)(C)CC[N+](C)(C)CC1.[Br-].[I-].[I-],0.8489130568236998
all Q-HERO,multi-regression,CCCCCCCCCCCCCC[N+]1(C)CC[N+](C)(C)CC[N+](C)(C)CC1.[Br-].[I-].[I-],0.15214969967453396
all Q-HERO,multi-regression,CCCCCCCCCCCCCCCC[N+]1(C)CC[N+](C)(C)CC[N+](C)(C)CC1.[Br-].[I-].[I-],1.1835673363210255
all Q-HERO,multi-regression,CCCCCCCCCCCCCCCCCC[N+]1(C)CC[N+](C)(C)CC[N+](C)(C)CC1.[Br-].[I-].[I-],1.034153215853842
all Q-HERO,multi-regression,CCCCCCCCCCCCCCCCCCCC[N+]1(C)CC[N+](C)(C)CC[N+](C)(C)CC1.[Br-].[I-].[I-],1.7159748257253555
all Q-HERO,multi-regression,CCCCCCCC[N+](C)(C)CCN(CC[N+](C)(C)CCCCCCCC)CC[N+](C)(C)CCCCCCCC.[Br-].[Br-].[Br-],0.12477664191012838
all Q-HERO,multi-regression,CCCCCCCCCC[N+](C)(C)CCN(CC[N+](C)(C)CCCCCCCCCC)CC[N+](C)(C)CCCCCCCCCC.[Br-].[Br-].[Br-],0.8555405774337281
all Q-HERO,multi-regression,CCCCCCCCCCC[N+](C)(C)CCN(CC[N+](C)(C)CCCCCCCCCCC)CC[N+](C)(C)CCCCCCCCCCC.[Br-].[Br-].[Br-],1.842040036833513
all Q-HERO,multi-regression,CCCCCCCCCCCC[N+](C)(C)CCN(CC[N+](C)(C)CCCCCCCCCCCC)CC[N+](C)(C)CCCCCCCCCCCC.[Br-].[Br-].[Br-],0.6186427979406087
all Q-HERO,multi-regression,CCCCCCCCCCCCCC[N+](C)(C)CCN(CC[N+](C)(C)CCCCCCCCCCCCCC)CC[N+](C)(C)CCCCCCCCCCCCCC.[Br-].[Br-].[Br-],0.4113841483321947
all Q-HERO,multi-regression,CCCCCCCC[N+](C)(C)CCCN(CCC[N+](C)(C)CCCCCCCC)CCC[N+](C)(C)CCCCCCCC.[Br-].[Br-].[Br-],1.5622410712430685
all Q-HERO,multi-regression,CCCCCCCCCC[N+](C)(C)CCCN(CCC[N+](C)(C)CCCCCCCCCC)CCC[N+](C)(C)CCCCCCCCCC.[Br-].[Br-].[Br-],1.2624876039060224
all Q-HERO,multi-regression,CCCCCCCCCCC[N+](C)(C)CCCN(CCC[N+](C)(C)CCCCCCCCCCC)CCC[N+](C)(C)CCCCCCCCCCC.[Br-].[Br-].[Br-],1.3939917433429536
all Q-HERO,multi-regression,CCCCCCCCCCCC[N+](C)(C)CCCN(CCC[N+](C)(C)CCCCCCCCCCCC)CCC[N+](C)(C)CCCCCCCCCCCC.[Br-].[Br-].[Br-],1.370746927308809
all Q-HERO,multi-regression,CCCCCCCCCCCC[N+](C)(C)CCCN(CCC[N+](C)(C)CCCCCCCCCCCC)CCC[N+](C)(C)CCCCCCCCCCCC.[Cl-].[Cl-].[Cl-],1.7461710315049208
all Q-HERO,multi-regression,CCCCCCCCCCCCC[N+](C)(C)CCCN(CCC[N+](C)(C)CCCCCCCCCCCCC)CCC[N+](C)(C)CCCCCCCCCCCCC.[Br-].[Br-].[Br-],1.2718905380388292
all Q-HERO,multi-regression,CCCCCCCCCCCCCC[N+](C)(C)CCCN(CCC[N+](C)(C)CCCCCCCCCCCCCC)CCC[N+](C)(C)CCCCCCCCCCCCCC.[Br-].[Br-].[Br-],1.2230994162241768
all Q-HERO,multi-regression,CCCCCCCCCCCCCCCC[N+](C)(C)CCCN(CCC[N+](C)(C)CCCCCCCCCCCCCCCC)CCC[N+](C)(C)CCCCCCCCCCCCCCCC.[Br-].[Br-].[Br-],1.343797681115394
all Q-HERO,multi-regression,CCCCCCCCCCCCCCCCCC[N+](C)(C)CCCN(CCC[N+](C)(C)CCCCCCCCCCCCCCCCCC)CCC[N+](C)(C)CCCCCCCCCCCCCCCCCC.[Br-].[Br-].[Br-],1.4763716263944495
all Q-HERO,multi-regression,CCCCCCCC[N+](C)(C)CCC[N+](C)(CCC[N+](C)(C)CCCCCCCC)CCC[N+](C)(C)CCCCCCCC.[Br-].[Br-].[Br-].[Br-],1.393904030727012
all Q-HERO,multi-regression,CCCCCCCCCC[N+](C)(C)CCC[N+](C)(CCC[N+](C)(C)CCCCCCCCCC)CCC[N+](C)(C)CCCCCCCCCC.[Br-].[Br-].[Br-].[Br-],1.3347799580585613
all Q-HERO,multi-regression,CCCCCCCCCCC[N+](C)(C)CCC[N+](C)(CCC[N+](C)(C)CCCCCCCCCCC)CCC[N+](C)(C)CCCCCCCCCCC.[Br-].[Br-].[Br-].[Br-],1.1805536074397784
all Q-HERO,multi-regression,CCCCCCCCCCCC[N+](C)(C)CCC[N+](C)(CCC[N+](C)(C)CCCCCCCCCCCC)CCC[N+](C)(C)CCCCCCCCCCCC.[Br-].[Br-].[Br-].[Br-],0.4125464712568129
all Q-HERO,multi-regression,CCCCCCCCCCCCC[N+](C)(C)CCC[N+](C)(CCC[N+](C)(C)CCCCCCCCCCCCC)CCC[N+](C)(C)CCCCCCCCCCCCC.[Br-].[Br-].[Br-].[Br-],0.4818318532844509
all Q-HERO,multi-regression,CCCCCCCCCCCCCC[N+](C)(C)CCC[N+](C)(CCC[N+](C)(C)CCCCCCCCCCCCCC)CCC[N+](C)(C)CCCCCCCCCCCCCC.[Br-].[Br-].[Br-].[Br-],1.4569174430163518
all Q-HERO,multi-regression,C=CC[N+](CCC[N+](C)(C)CCCCCCCC)(CCC[N+](C)(C)CCCCCCCC)CCC[N+](C)(C)CCCCCCCC.[Br-].[Br-].[Br-].[Br-],0.5427056382637251
all Q-HERO,multi-regression,C=CC[N+](CCC[N+](C)(C)CCCCCCCCCC)(CCC[N+](C)(C)CCCCCCCCCC)CCC[N+](C)(C)CCCCCCCCCC.[Br-].[Br-].[Br-].[Br-],1.7376265872009056
all Q-HERO,multi-regression,C=CC[N+](CCC[N+](C)(C)CCCCCCCCCCC)(CCC[N+](C)(C)CCCCCCCCCCC)CCC[N+](C)(C)CCCCCCCCCCC.[Br-].[Br-].[Br-].[Br-],1.7419911545074824
all Q-HERO,multi-regression,C=CC[N+](CCC[N+](C)(C)CCCCCCCCCCCC)(CCC[N+](C)(C)CCCCCCCCCCCC)CCC[N+](C)(C)CCCCCCCCCCCC.[Br-].[Br-].[Br-].[Br-],0.5775310527573324
all Q-HERO,multi-regression,C=CC[N+](CCC[N+](C)(C)CCCCCCCCCCCCC)(CCC[N+](C)(C)CCCCCCCCCCCCC)CCC[N+](C)(C)CCCCCCCCCCCCC.[Br-].[Br-].[Br-].[Br-],0.19096775172109015
all Q-HERO,multi-regression,C=CC[N+](CCC[N+](C)(C)CCCCCCCCCCCCCC)(CCC[N+](C)(C)CCCCCCCCCCCCCC)CCC[N+](C)(C)CCCCCCCCCCCCCC.[Br-].[Br-].[Br-].[Br-],0.11607164175540374
all Q-HERO,multi-regression,C=CC[N+](CCC[N+](C)(C)CCCCCCCCCCCCCCCC)(CCC[N+](C)(C)CCCCCCCCCCCCCCCC)CCC[N+](C)(C)CCCCCCCCCCCCCCCC.[Br-].[Br-].[Br-].[Br-],0.8044476939892322
all Q-HERO,multi-regression,C=CC[N+](CCC[N+](C)(C)CCCCCCCCCCCCCCCCCC)(CCC[N+](C)(C)CCCCCCCCCCCCCCCCCC)CCC[N+](C)(C)CCCCCCCCCCCCCCCCCC.[Br-].[Br-].[Br-].[Br-],0.4948876692162396
all Q-HERO,multi-regression,CCCCCCCCCCC[N+](C)(C)CCC[N+](CCC[N+](C)(C)CCCCCCCCCCC)(CCC[N+](C)(C)CCCCCCCCCCC)Cc1ccccc1.[Br-].[Br-].[Br-].[Br-],1.3273100993673472
all Q-HERO,multi-regression,CCCCCCCCCCCC[N+](C)(C)CCC[N+](CCC[N+](C)(C)CCCCCCCCCCCC)(CCC[N+](C)(C)CCCCCCCCCCCC)Cc1ccccc1.[Br-].[Br-].[Br-].[Br-],0.4451313085972548
all Q-HERO,multi-regression,CCCCCCCCCC[N+](C)(C)CCCCCNCCCCC[N+](C)(C)CCCCCCCCCC.[Br-].[Br-],0.03556829419569518
all Q-HERO,multi-regression,CCCCCCCCCCCC[N+](C)(C)CCCCCNCCCCC[N+](C)(C)CCCCCCCCCCCC.[Br-].[Br-],0.19850516687351583
all Q-HERO,multi-regression,CCCCCCCCCCCCCC[N+](C)(C)CCCCCNCCCCC[N+](C)(C)CCCCCCCCCCCCCC.[Br-].[Br-],1.127337063819928
all Q-HERO,multi-regression,CCCCCCCCCCCCCCCC[N+](C)(C)CCCCCNCCCCC[N+](C)(C)CCCCCCCCCCCCCCCC.[Br-].[Br-],0.7415904251961751
all Q-HERO,multi-regression,CCCCCCCCCCCC[N+](C)(C)CCCNCCC[N+](C)(C)CCCCCCCCCCCC.[Br-].[Br-],0.14267604807534218
all Q-HERO,multi-regression,CCCCCCCCCCCC[N+](C)(C)CCCNCCCN(C)C.[Br-],0.19167208125161306
all Q-HERO,multi-regression,CCCCCCCCCCCC[N+](C)(C)CCCNCCC[N+](C)(C)CCC.[Br-].[Br-],1.054063501466243
all Q-HERO,multi-regression,CCCCCCCCCCCC[N+](C)(C)CCCCCCCNCCCCCCC[N+](C)(C)CCCCCCCCCCCC.[Br-].[Br-],0.897527399523166
all Q-HERO,multi-regression,CCCCCCCCCCC[N+](CC)(CC)c1ccc(N(c2ccc(N(CC)CC)cc2)c2ccc(N(CC)CC)cc2)cc1.[I-],0.7414166830453528
all Q-HERO,multi-regression,CCCCCCCCCCCC[N+](CC)(CC)c1ccc(N(c2ccc(N(CC)CC)cc2)c2ccc(N(CC)CC)cc2)cc1.[I-],0.04785826441471208
all Q-HERO,multi-regression,CCCCCCCCCCCCCC[N+](CC)(CC)c1ccc(N(c2ccc(N(CC)CC)cc2)c2ccc(N(CC)CC)cc2)cc1.[I-],1.2023506996241307
all Q-HERO,multi-regression,CCCCCCCCCCCCCCCC[N+](CC)(CC)c1ccc(N(c2ccc(N(CC)CC)cc2)c2ccc(N(CC)CC)cc2)cc1.[I-],0.008140470618402285
all Q-HERO,multi-regression,CCCCCCCCCCCCCCCCCC[N+](CC)(CC)c1ccc(N(c2ccc(N(CC)CC)cc2)c2ccc(N(CC)CC)cc2)cc1.[I-],2.118849620860048
all Q-HERO,multi-regression,CCCCCCCCCC[N+](CC)(CC)c1ccc(N(c2ccc([N+](C)(CC)CC)cc2)c2ccc([N+](C)(CC)CC)cc2)cc1.[I-].[I-].[I-],0.6297149873761787
all Q-HERO,multi-regression,CCCCCCCCCCC[N+](CC)(CC)c1ccc(N(c2ccc([N+](C)(CC)CC)cc2)c2ccc([N+](C)(CC)CC)cc2)cc1.[I-].[I-].[I-],2.117741040749963
all Q-HERO,multi-regression,CCCCCCCCCCCC[N+](CC)(CC)c1ccc(N(c2ccc([N+](C)(CC)CC)cc2)c2ccc([N+](C)(CC)CC)cc2)cc1.[I-].[I-].[I-],1.8135532400078405
all Q-HERO,multi-regression,CCCCCCCCCCCCCC[N+](CC)(CC)c1ccc(N(c2ccc([N+](C)(CC)CC)cc2)c2ccc([N+](C)(CC)CC)cc2)cc1.[I-].[I-].[I-],3.05454319399399
all Q-HERO,multi-regression,CCCCCCCCCCCCCCCC[N+](CC)(CC)c1ccc(N(c2ccc([N+](C)(CC)CC)cc2)c2ccc([N+](C)(CC)CC)cc2)cc1.[I-].[I-].[I-],1.8975591710552622
all Q-HERO,multi-regression,CCCCCCCCCCCCCCCCCC[N+](CC)(CC)c1ccc(N(c2ccc([N+](C)(CC)CC)cc2)c2ccc([N+](C)(CC)CC)cc2)cc1.[I-].[I-].[I-],1.8076784215705686
all Q-HERO,multi-regression,CCCCCCCCCCCCCCCCCCCC[N+](CC)(CC)c1ccc(N(c2ccc([N+](C)(CC)CC)cc2)c2ccc([N+](C)(CC)CC)cc2)cc1.[Br-].[I-].[I-],1.8869844929027877
all Q-HERO,multi-regression,CCCCCCCCCC[N+](C)(C)c1ccc(C(c2ccc(N(C)C)cc2)c2ccc(N(C)C)cc2)cc1.[I-],2.0124881447966345
all Q-HERO,multi-regression,CCCCCCCCCCC[N+](C)(C)c1ccc(C(c2ccc(N(C)C)cc2)c2ccc(N(C)C)cc2)cc1.[I-],2.9798486856786566
all Q-HERO,multi-regression,CCCCCCCCCCCC[N+](C)(C)c1ccc(C(c2ccc(N(C)C)cc2)c2ccc(N(C)C)cc2)cc1.[I-],4.085062412691238
all Q-HERO,multi-regression,CCCCCCCCCCCCCC[N+](C)(C)c1ccc(C(c2ccc(N(C)C)cc2)c2ccc(N(C)C)cc2)cc1.[I-],0.71963333817548
all Q-HERO,multi-regression,CCCCCCCCCCCCCCCC[N+](C)(C)c1ccc(C(c2ccc(N(C)C)cc2)c2ccc(N(C)C)cc2)cc1.[I-],0.11048175459175757
all Q-HERO,multi-regression,CCCCCCCCCCCCCCCCCC[N+](C)(C)c1ccc(C(c2ccc(N(C)C)cc2)c2ccc(N(C)C)cc2)cc1.[I-],1.8028075927263498
all Q-HERO,multi-regression,CCCCCCCCCC[N+](C)(C)c1ccc(C(c2ccc([N+](C)(C)C)cc2)c2ccc([N+](C)(C)C)cc2)cc1.[I-].[I-].[I-],0.6209193680329186
all Q-HERO,multi-regression,CCCCCCCCCCC[N+](C)(C)c1ccc(C(c2ccc([N+](C)(C)C)cc2)c2ccc([N+](C)(C)C)cc2)cc1.[I-].[I-].[I-],0.520031353659796
all Q-HERO,multi-regression,CCCCCCCCCCCC[N+](C)(C)c1ccc(C(c2ccc([N+](C)(C)C)cc2)c2ccc([N+](C)(C)C)cc2)cc1.[I-].[I-].[I-],0.7867545303692811
all Q-HERO,multi-regression,CCCCCCCCCCCCCC[N+](C)(C)c1ccc(C(c2ccc([N+](C)(C)C)cc2)c2ccc([N+](C)(C)C)cc2)cc1.[I-].[I-].[I-],0.7829766464921342
all Q-HERO,multi-regression,CCCCCCCCCCCCCCCC[N+](C)(C)c1ccc(C(c2ccc([N+](C)(C)C)cc2)c2ccc([N+](C)(C)C)cc2)cc1.[I-].[I-].[I-],2.919278898812003
all Q-HERO,multi-regression,CCCCCCCCCCCCCCCCCC[N+](C)(C)c1ccc(C(c2ccc([N+](C)(C)C)cc2)c2ccc([N+](C)(C)C)cc2)cc1.[I-].[I-].[I-],2.789269384386164
all Q-HERO,multi-regression,CCCCCCCCCC[N+](C)(C)c1ccc(C(c2ccccc2)c2ccc(N(C)C)cc2)cc1.[I-],2.0462801864044495
all Q-HERO,multi-regression,CCCCCCCCCCCCCC[N+](C)(C)c1ccc(C(c2ccccc2)c2ccc(N(C)C)cc2)cc1.[I-],0.9942526923146369
all Q-HERO,multi-regression,CCCCCCCCCCCCCCCC[N+](C)(C)c1ccc(C(c2ccccc2)c2ccc(N(C)C)cc2)cc1.[I-],0.12437539189703495
all Q-HERO,multi-regression,CCCCCCCCCCCCCCCCCC[N+](C)(C)c1ccc(C(c2ccccc2)c2ccc(N(C)C)cc2)cc1.[I-],0.7180162766288918
all Q-HERO,multi-regression,CCCCCCCCCC[N+](C)(C)c1ccc(C(c2ccccc2)c2ccc([N+](C)(C)C)cc2)cc1.[I-].[I-],1.6024322876657418
all Q-HERO,multi-regression,CCCCCCCCCCC[N+](C)(C)c1ccc(C(c2ccccc2)c2ccc([N+](C)(C)C)cc2)cc1.[I-].[I-],2.652962083771298
all Q-HERO,multi-regression,CCCCCCCCCCCC[N+](C)(C)c1ccc(C(c2ccccc2)c2ccc([N+](C)(C)C)cc2)cc1.[I-].[I-],3.64845259682248
all Q-HERO,multi-regression,CCCCCCCCCCCCCC[N+](C)(C)c1ccc(C(c2ccccc2)c2ccc([N+](C)(C)C)cc2)cc1.[I-].[I-],3.492881375139891
all Q-HERO,multi-regression,CCCCCCCCCCCCCCCC[N+](C)(C)c1ccc(C(c2ccccc2)c2ccc([N+](C)(C)C)cc2)cc1.[I-].[I-],3.631030629333054
all Q-HERO,multi-regression,CCCCCCCCCCCCCCCCCC[N+](C)(C)c1ccc(C(c2ccccc2)c2ccc([N+](C)(C)C)cc2)cc1.[I-].[I-],3.3087574857669204
all Q-HERO,multi-regression,CCCCCCCCCC[N+](C)(C)c1ccc(C(c2ccccc2)c2ccc([N+](C)(C)CCCCCCCCCC)cc2)cc1.[I-].[I-],3.313871700993929
all Q-HERO,multi-regression,CCCCCCCCCCC[N+](C)(C)c1ccc(C(c2ccccc2)c2ccc([N+](C)(C)CCCCCCCCCCC)cc2)cc1.[I-].[I-],3.5246319464544604
all Q-HERO,multi-regression,CCCCCCCCCCCC[N+](C)(C)c1ccc(C(c2ccccc2)c2ccc([N+](C)(C)CCCCCCCCCCCC)cc2)cc1.[I-].[I-],2.057141586726532
all Q-HERO,multi-regression,CCCCCCCCCCCCCC[N+](C)(C)c1ccc(C(c2ccccc2)c2ccc([N+](C)(C)CCCCCCCCCCCCCC)cc2)cc1.[I-].[I-],0.9374668873251548
all Q-HERO,multi-regression,CCCCCCCCCCCCCCCC[N+](C)(C)c1ccc(C(c2ccccc2)c2ccc([N+](C)(C)CCCCCCCCCCCCCCCC)cc2)cc1.[I-].[I-],1.625399782333552
all Q-HERO,multi-regression,CCCCCCCCCCCCCCCCCC[N+](C)(C)c1ccc(C(c2ccccc2)c2ccc([N+](C)(C)CCCCCCCCCCCCCCCCCC)cc2)cc1.[I-].[I-],1.1115661355400532
all Q-HERO,multi-regression,CCCCCCCCCCN(C)c1ccc(C(c2ccccc2)c2ccc([N+](C)(C)CCCCCCCCCC)cc2)cc1.[I-],1.8385834920773412
all Q-HERO,multi-regression,CCCCCCCCCCCN(C)c1ccc(C(c2ccccc2)c2ccc([N+](C)(C)CCCCCCCCCCC)cc2)cc1.[I-],1.5206942696785577
all Q-HERO,multi-regression,CCCCCCCCCCCCN(C)c1ccc(C(c2ccccc2)c2ccc([N+](C)(C)CCCCCCCCCCCC)cc2)cc1.[I-],2.6506229629670854
all Q-HERO,multi-regression,CCCCCCCCCCCCCCN(C)c1ccc(C(c2ccccc2)c2ccc([N+](C)(C)CCCCCCCCCCCCCC)cc2)cc1.[I-],5.663777603079797
all Q-HERO,multi-regression,CCCCCCCCCCCCCCCCN(C)c1ccc(C(c2ccccc2)c2ccc([N+](C)(C)CCCCCCCCCCCCCCCC)cc2)cc1.[I-],1.4274723743057638
all Q-HERO,multi-regression,CCCCCCCCCCCCCCCCCCN(C)c1ccc(C(c2ccccc2)c2ccc([N+](C)(C)CCCCCCCCCCCCCCCCCC)cc2)cc1.[I-],4.558958198204037
all Q-HERO,multi-regression,CCCCCCCC[n+]1ccc(CCCc2cc[n+](CCCCCCCC)cc2)cc1.[Br-].[Br-],1.2794999955490873
all Q-HERO,multi-regression,CCCCCCCCCC[n+]1ccc(CCCc2cc[n+](CCCCCCCCCC)cc2)cc1.[Br-].[Br-],1.6386623780534246
all Q-HERO,multi-regression,CCCCCCCCCCC[n+]1ccc(CCCc2cc[n+](CCCCCCCCCCC)cc2)cc1.[Br-].[Br-],2.246798997162313
all Q-HERO,multi-regression,CCCCCCCCCCCC[n+]1ccc(CCCc2cc[n+](CCCCCCCCCCCC)cc2)cc1.[Br-].[Br-],2.7502694525701727
all Q-HERO,multi-regression,CCCCCCCCCCCCC[n+]1ccc(CCCc2cc[n+](CCCCCCCCCCCCC)cc2)cc1.[Br-].[Br-],2.356732761844797
all Q-HERO,multi-regression,CCCCCCCCCCCCCC[n+]1ccc(CCCc2cc[n+](CCCCCCCCCCCCCC)cc2)cc1.[Br-].[Br-],1.7152281022845177
all Q-HERO,multi-regression,CCCCCCCCCCCCCCCC[n+]1ccc(CCCc2cc[n+](CCCCCCCCCCCCCCCC)cc2)cc1.[Br-].[Br-],0.7579225492670325
all Q-HERO,multi-regression,CCCCCCCCCCCCCCCCCC[n+]1ccc(CCCc2cc[n+](CCCCCCCCCCCCCCCCC)cc2)cc1.[Br-].[Br-],1.1199912510169427
all Q-HERO,multi-regression,CCCCCCCC[n+]1cccc(CN(Cc2ccc[n+](CCCCCCCC)c2)Cc2ccc[n+](CCCCCCCC)c2)c1.[Br-].[Br-].[Br-],1.687677759261133
all Q-HERO,multi-regression,CCCCCCCCCC[n+]1cccc(CN(Cc2ccc[n+](CCCCCCCCCC)c2)Cc2ccc[n+](CCCCCCCCCC)c2)c1.[Br-].[Br-].[Br-],3.2376432752860387
all Q-HERO,multi-regression,CCCCCCCCCCC[n+]1cccc(CN(Cc2ccc[n+](CCCCCCCCCCC)c2)Cc2ccc[n+](CCCCCCCCCCC)c2)c1.[Br-].[Br-].[Br-],3.5018898718975997
all Q-HERO,multi-regression,CCCCCCCCCCCC[n+]1cccc(CN(Cc2ccc[n+](CCCCCCCCCCCC)c2)Cc2ccc[n+](CCCCCCCCCCCC)c2)c1.[Br-].[Br-].[Br-],2.2526761670456614
all Q-HERO,multi-regression,CCCCCCCCCCCCC[n+]1cccc(CN(Cc2ccc[n+](CCCCCCCCCCCCC)c2)Cc2ccc[n+](CCCCCCCCCCCCC)c2)c1.[Br-].[Br-].[Br-],2.5693105553211337
all Q-HERO,multi-regression,CCCCCCCCCCCCCC[n+]1cccc(CN(Cc2ccc[n+](CCCCCCCCCCCCCC)c2)Cc2ccc[n+](CCCCCCCCCCCCCC)c2)c1.[Br-].[Br-].[Br-],1.8373186607326355
all Q-HERO,multi-regression,CCCCCCCCCC[n+]1ccc(CN(Cc2cc[n+](CCCCCCCCCC)cc2)Cc2cc[n+](CCCCCCCCCC)cc2)cc1.[Br-].[Br-].[Br-],3.155983203493162
all Q-HERO,multi-regression,CCCCCCCCCCCC[n+]1ccc(CN(Cc2cc[n+](CCCCCCCCCCCC)cc2)Cc2cc[n+](CCCCCCCCCCCC)cc2)cc1.[Br-].[Br-].[Br-],0.648918759868446
all Q-HERO,multi-regression,CCCCCCCCCCCCC[n+]1ccc(CN(Cc2cc[n+](CCCCCCCCCCCCC)cc2)Cc2cc[n+](CCCCCCCCCCCCC)cc2)cc1.[Br-].[Br-].[Br-],0.2144636850783419
all Q-HERO,multi-regression,CCCCCCCCCOC(=O)C[n+]1ccc(CCCc2cc[n+](CC(=O)OCCCCCCCCC)cc2)cc1.[Br-].[Br-],0.7623659334571671
all Q-HERO,multi-regression,CCCCCCCCCCOC(=O)C[n+]1ccc(CCCc2cc[n+](CC(=O)OCCCCCCCCCC)cc2)cc1.[Br-].[Br-],0.21618694313325904
all Q-HERO,multi-regression,CCCCCCCCCCCCOC(=O)C[n+]1ccc(CCCc2cc[n+](CC(=O)OCCCCCCCCCCCC)cc2)cc1.[Br-].[Br-],1.6315196667797802
all Q-HERO,multi-regression,CCCCCCCCOC(=O)C[n+]1ccc(CN(Cc2cc[n+](CC(=O)OCCCCCCCC)cc2)Cc2cc[n+](CC(=O)OCCCCCCCC)cc2)cc1.[Br-].[Br-].[Br-],0.6382370944569962
all Q-HERO,multi-regression,CCCCCCCCCOC(=O)C[n+]1ccc(CN(Cc2cc[n+](CC(=O)OCCCCCCCCC)cc2)Cc2cc[n+](CC(=O)OCCCCCCCCC)cc2)cc1.[Br-].[Br-].[Br-],0.566742471152009
all Q-HERO,multi-regression,CCCCCCCCCCOC(=O)C[n+]1ccc(CN(Cc2cc[n+](CC(=O)OCCCCCCCCCC)cc2)Cc2cc[n+](CC(=O)OCCCCCCCCCC)cc2)cc1.[Br-].[Br-].[Br-],0.6370879679219681
all Q-HERO,multi-regression,CCCCCCCCCCCCOC(=O)C[n+]1ccc(CN(Cc2cc[n+](CC(=O)OCCCCCCCCCCCC)cc2)Cc2cc[n+](CC(=O)OCCCCCCCCCCCC)cc2)cc1.[Br-].[Br-].[Br-],0.05667501222382931
all Q-HERO,multi-regression,CCCCCCCCCCCCOC(=O)C[N+](C)(C)Cc1ccccc1.[Br-],1.323671161788475
all Q-HERO,multi-regression,CCCCCCCCCCCCCCOC(=O)C[N+](C)(C)Cc1ccccc1.[Br-],2.2418029102137482
all Q-HERO,multi-regression,CCCCCCCCOC(=O)C[N+](C)(C)CC[N+](C)(C)CC(=O)OCCCCCCCC.[Br-].[Br-],3.1757842202929227
all Q-HERO,multi-regression,CCCCCCCCCOC(=O)C[N+](C)(C)CC[N+](C)(C)CC(=O)OCCCCCCCCC.[Br-].[Br-],1.2002197059739013
all Q-HERO,multi-regression,CCCCCCCCCCOC(=O)C[N+](C)(C)CC[N+](C)(C)CC(=O)OCCCCCCCCCC.[Br-].[Br-],0.28204188269527375
all Q-HERO,multi-regression,CCCCCCCCCCCCOC(=O)C[N+](C)(C)CC[N+](C)(C)CC(=O)OCCCCCCCCCCCC.[Br-].[Br-],1.8474534631314623
all Q-HERO,multi-regression,CCCCCCCOC(=O)C[N+](C)(C)CCC[N+](C)(CCC[N+](C)(C)CC(=O)OCCCCCCC)CC(=O)OCCCCCCC.[Br-].[Br-].[Br-],3.4051863719202364
all Q-HERO,multi-regression,CCCCCCCCOC(=O)C[N+](C)(C)CCC[N+](C)(CCC[N+](C)(C)CC(=O)OCCCCCCCC)CC(=O)OCCCCCCCC.[Br-].[Br-].[Br-],1.7062736242881835
all Q-HERO,multi-regression,CCCCCCCCCOC(=O)C[N+](C)(C)CCC[N+](C)(CCC[N+](C)(C)CC(=O)OCCCCCCCCC)CC(=O)OCCCCCCCCC.[Br-].[Br-].[Br-],1.1796929550411939
all Q-HERO,multi-regression,CCCCCCCCCCOC(=O)C[N+](C)(C)CCC[N+](C)(CCC[N+](C)(C)CC(=O)OCCCCCCCCCC)CC(=O)OCCCCCCCCCC.[Br-].[Br-].[Br-],1.0904057908052374
all Q-HERO,multi-regression,CCCCCCCCCCCCOC(=O)C[N+](C)(C)CCC[N+](C)(CCC[N+](C)(C)CC(=O)OCCCCCCCCCCCC)CC(=O)OCCCCCCCCCCCC.[Br-].[Br-].[Br-],0.5840649082918221
all Q-HERO,multi-regression,CCCCCCCCCCCCCCOC(=O)C[N+](C)(C)CCC[N+](C)(CCC[N+](C)(C)CC(=O)OCCCCCCCCCCCCCC)CC(=O)OCCCCCCCCCCCCCC.[Br-].[Br-].[Br-],4.480202150326724
all Q-HERO,multi-regression,CCCCCCCCCOC(=O)C[N+](C)(C)CCN1CC[N+](C)(CC(=O)OCCCCCCCCC)CC1.[Br-].[Br-],0.19467972253785648
all Q-HERO,multi-regression,CCCCCCCCCCOC(=O)C[N+](C)(C)CCN1CC[N+](C)(CC(=O)OCCCCCCCCCC)CC1.[Br-].[Br-],0.5858048172869457
all Q-HERO,multi-regression,CCCCCCCCCCCCOC(=O)C[N+](C)(C)CCN1CC[N+](C)(CC(=O)OCCCCCCCCCCCC)CC1.[Br-].[Br-],1.614007493897753
all Q-HERO,multi-regression,CCCCCCCCOC(=O)C[N+](C)(C)CCCN(CCC[N+](C)(C)CC(=O)OCCCCCCCC)CCC[N+](C)(C)CC(=O)OCCCCCCCC.[Br-].[Br-].[Br-],0.7445945783411654
all Q-HERO,multi-regression,CCCCCCCCCOC(=O)C[N+](C)(C)CCCN(CCC[N+](C)(C)CC(=O)OCCCCCCCCC)CCC[N+](C)(C)CC(=O)OCCCCCCCCC.[Br-].[Br-].[Br-],0.284130109441863
all Q-HERO,multi-regression,CCCCCCCCCCOC(=O)C[N+](C)(C)CCCN(CCC[N+](C)(C)CC(=O)OCCCCCCCCCC)CCC[N+](C)(C)CC(=O)OCCCCCCCCCC.[Br-].[Br-].[Br-],0.3456751642861966
all Q-HERO,multi-regression,CCCCCCCCCCCCCCOC(=O)C[N+](C)(C)CCCN(CCC[N+](C)(C)CC(=O)OCCCCCCCCCCCCCC)CCC[N+](C)(C)CC(=O)OCCCCCCCCCCCCCC.[Br-].[Br-].[Br-],5.71594318475613
all Q-HERO,multi-regression,CCCCCCCCCCNC(=O)C[N+](C)(C)Cc1ccccc1.[Br-],1.075947804072404
all Q-HERO,multi-regression,CCCCCCCCCCCCCNC(=O)C[N+](C)(C)CC[N+](C)(C)CC(=O)NCCCCCCCCCCCCC.[Br-].[Br-],1.4597605285990767
all Q-HERO,multi-regression,CCCCCCCCCCNC(=O)C[N+](C)(C)CCC[N+](C)(CCC[N+](C)(C)CC(=O)NCCCCCCCCCC)CC(=O)NCCCCCCCCCC.[Br-].[Br-].[Br-],0.861787806600022
all Q-HERO,multi-regression,CCCCCCCCCCNC(=O)C[N+](C)(C)CCN1CC[N+](C)(CC(=O)NCCCCCCCCCC)CC1.[Br-].[Br-],2.172209731002839
all Q-HERO,multi-regression,CCCCCCCCCCNC(=O)C[N+](C)(C)CCCN(CCC[N+](C)(C)CC(=O)NCCCCCCCCCC)CCC[N+](C)(C)CC(=O)NCCCCCCCCCC.[Br-].[Br-].[Br-],1.3783492673421542
all Q-HERO,multi-regression,CCCCCCCCCC[N+](C)(C)CCCN(C)CCC[N+](C)(C)CCCCCCCCCC.[Cl-].[Cl-],0.4427949199198319
all Q-HERO,multi-regression,CCCCCCCCCCC[N+](C)(C)CCCN(C)CCC[N+](C)(C)CCCCCCCCCCC.[Cl-].[Cl-],1.5477933906379748
all Q-HERO,multi-regression,CCCCCCCCCCCC[N+](C)(C)CCCN(C)CCC[N+](C)(C)CCCCCCCCCCCC.[Cl-].[Cl-],0.6755386444946643
all Q-HERO,multi-regression,CCCCCCCCCCCCCC[N+](C)(C)CCCN(C)CCC[N+](C)(C)CCCCCCCCCCCCCC.[Cl-].[Cl-],0.76467883226022
all Q-HERO,multi-regression,CCCCCCCCCCCC[N+](C)(C)CCN(C)CCN(C)CC[N+](C)(C)CCCCCCCCCCCC.[Cl-].[Cl-],2.2401109031275084
all Q-HERO,multi-regression,C=CC[N+](C)(CCC[N+](C)(C)CCCCCCCCCCCC)CCC[N+](C)(C)CCCCCCCCCCCC.[Br-].[Cl-].[Cl-],2.1823122665238492
all Q-HERO,multi-regression,CCCCCCCCCCCC[N+](C)(C)CCC[N+](C)(CCC[N+](C)(C)CCCCCCCCCCCC)Cc1ccccc1.[Br-].[Cl-].[Cl-],0.7280155405178353
all Q-HERO,multi-regression,CCCCCCCCCC[N+](C)(C)CCN1CC[N+](C)(CCCCCCCCCC)CC1.[Cl-].[Cl-],0.526289040214509
all Q-HERO,multi-regression,CCCCCCCCCCC[N+](C)(C)CCN1CC[N+](C)(CCCCCCCCCCC)CC1.[Cl-].[Cl-],1.5354675693858317
all Q-HERO,multi-regression,CCCCCCCCCCCCCC[N+](C)(C)CCN1CC[N+](C)(CCCCCCCCCCCCCC)CC1.[Cl-].[Cl-],0.06177969980140774
all Q-HERO,multi-regression,CCCCCCCCCCC[N+](C)(C)CCN(CC[N+](C)(C)CCCCCCCCCCC)CC[N+](C)(C)CCCCCCCCCCC.[Cl-].[Cl-].[Cl-],2.9190096327853707
all Q-HERO,multi-regression,CCCCCCCCCC[N+](C)(C)CCCN(CCC[N+](C)(C)CCCCCCCCCC)CCC[N+](C)(C)CCCCCCCCCC.[Cl-].[Cl-].[Cl-],0.76159923902018
all Q-HERO,multi-regression,CCCCCCCCCCC[N+](C)(C)CCCN(CCC[N+](C)(C)CCCCCCCCCCC)CCC[N+](C)(C)CCCCCCCCCCC.[Cl-].[Cl-].[Cl-],1.8784808442620258
all Q-HERO,multi-regression,CCCCCCCCCC[n+]1cccc(CN(Cc2ccc[n+](CCCCCCCCCC)c2)CC2CC[N+](C)(CCCCCCCCCC)CC2)c1.[Br-].[Br-].[Br-],2.242004697395818
all Q-HERO,multi-regression,CCCCCCCCCCC[n+]1cccc(CN(Cc2ccc[n+](CCCCCCCCCCC)c2)CC2CC[N+](C)(CCCCCCCCCCC)CC2)c1.[Br-].[Br-].[Br-],2.3793998090837203
all Q-HERO,multi-regression,CCCCCCCCCCCC[n+]1cccc(CN(Cc2ccc[n+](CCCCCCCCCCCC)c2)CC2CC[N+](C)(CCCCCCCCCCCC)CC2)c1.[Br-].[Br-].[Br-],1.3409091996901776
all Q-HERO,multi-regression,CCCCCCCCCCCC[N+](C)(C)Cc1cccnc1.[I-],5.209658184027502
all Q-HERO,multi-regression,CCCCCCCCCCCCCCCC[N+](C)(C)Cc1cccnc1.[I-],0.0026123789775123196
all Q-HERO,multi-regression,CCCCCCCCCC[n+]1cccc(C[N+](C)(C)CCCCCCCCCC)c1.[Br-].[Br-],0.011966397990512467
all Q-HERO,multi-regression,CCCCCCCCCCC[n+]1cccc(C[N+](C)(C)CCCCCCCCCCC)c1.[Br-].[Br-],0.23355835997461982
all Q-HERO,multi-regression,CCCCCCCCCCCC[n+]1cccc(C[N+](C)(C)CCCCCCCCCCCC)c1.[Br-].[Br-],0.060877829430397545
all Q-HERO,multi-regression,CCCCCCCCCCCCC[n+]1cccc(C[N+](C)(C)CCCCCCCCCCCCC)c1.[Br-].[Br-],0.08099209395033413
all Q-HERO,multi-regression,CCCCCCCCCCCCCC[n+]1cccc(C[N+](C)(C)CCCCCCCCCCCCCC)c1.[Br-].[Br-],0.00993871012594516
all Q-HERO,multi-regression,CCCCCCCCCCCCCCCC[n+]1cccc(C[N+](C)(C)CCCCCCCCCCCCCCCC)c1.[Br-].[Br-],0.8922392564995243
all Q-HERO,multi-regression,CCCCCCCCCC[N+](C)(C)Cc1ccc[n+](CC(=O)NCCCCCCCC)c1.[Br-].[I-],0.2033754210379084
all Q-HERO,multi-regression,CCCCCCCCCC[N+](C)(C)Cc1ccc[n+](CC(=O)NCCCCCCCCC)c1.[Br-].[I-],0.03744658365548781
all Q-HERO,multi-regression,CCCCCCCCCCNC(=O)C[n+]1cccc(C[N+](C)(C)CCCCCCCCCC)c1.[Br-].[I-],0.45541598421267904
all Q-HERO,multi-regression,CCCCCCCCCCCCNC(=O)C[n+]1cccc(C[N+](C)(C)CCCCCCCCCC)c1.[Br-].[I-],0.312402636111331
all Q-HERO,multi-regression,CCCCCCCCCCCC[N+](C)(C)Cc1ccc[n+](CC(=O)NCCCCCCCC)c1.[Br-].[I-],0.15724018141593343
all Q-HERO,multi-regression,CCCCCCCCCCCC[N+](C)(C)Cc1ccc[n+](CC(=O)NCCCCCCCCC)c1.[Br-].[I-],0.21032047073017857
all Q-HERO,multi-regression,CCCCCCCCCCCC[N+](C)(C)Cc1ccc[n+](CC(=O)NCCCCCCCCCC)c1.[Br-].[I-],1.2478250160578415
all Q-HERO,multi-regression,CCCCCCCCCCCCNC(=O)C[n+]1cccc(C[N+](C)(C)CCCCCCCCCCCC)c1.[Br-].[I-],0.3762474444157198
all Q-HERO,multi-regression,CCCCCCCCCCCCCC[N+](C)(C)Cc1ccc[n+](CC(=O)NCCCCCCCC)c1.[Br-].[I-],0.3362057351165204
all Q-HERO,multi-regression,CCCCCCCCCCCCCC[N+](C)(C)Cc1ccc[n+](CC(=O)NCCCCCCCCC)c1.[Br-].[I-],0.13948963985578122
all Q-HERO,multi-regression,CCCCCCCCCCCCCC[N+](C)(C)Cc1ccc[n+](CC(=O)NCCCCCCCCCC)c1.[Br-].[I-],0.9112110845627157
all Q-HERO,multi-regression,CCCCCCCCCCCCCC[N+](C)(C)Cc1ccc[n+](CC(=O)NCCCCCCCCCCCC)c1.[Br-].[I-],1.6441837260810546
all Q-HERO,multi-regression,CCCCCCCCCCCCCCCC[N+](C)(C)Cc1ccc[n+](CC(=O)NCCCCCCCC)c1.[Br-].[I-],0.5906406027634186
all Q-HERO,multi-regression,CCCCCCCCCCCCCCCC[N+](C)(C)Cc1ccc[n+](CC(=O)NCCCCCCCCC)c1.[Br-].[I-],0.5930704193912182
all Q-HERO,multi-regression,CCCCCCCCCCCCCCCC[N+](C)(C)Cc1ccc[n+](CC(=O)NCCCCCCCCCC)c1.[Br-].[I-],0.6982373682612593
all Q-HERO,multi-regression,CCCCCCCCCC[N@+]1(C)CC[N@@+](C)(CCCCCCCCCC)CC1.[Br-].[Br-],0.2776970380504644
all Q-HERO,multi-regression,CCCCCCCCCCC[N@+]1(C)CC[N@@+](C)(CCCCCCCCCCC)CC1.[Br-].[Br-],0.3966206766894733
all Q-HERO,multi-regression,CCCCCCCCCCCC[N@+]1(C)CC[N@@+](C)(CCCCCCCCCCCC)CC1.[Br-].[Br-],0.7843797419406644
all Q-HERO,multi-regression,CCCCCCCCCCCC[N@+]1(C)CC[N@@+](C)(CCCCCCCCCCCC)CC1.[Br-].[Cl-],1.2309550819201578
all Q-HERO,multi-regression,CCCCCCCCCCCCC[N@+]1(C)CC[N@@+](C)(CCCCCCCCCCCCC)CC1.[Br-].[Br-],0.00794342005282811
all Q-HERO,multi-regression,CCCCCCCCCCCCCC[N@+]1(C)CC[N@@+](C)(CCCCCCCCCCCCCC)CC1.[Br-].[Br-],2.607390646712214
all Q-HERO,multi-regression,CCCCCCCCNC(=O)C[N@+]1(C)CC[N@@+](C)(CC(=O)NCCCCCCCC)CC1.[Br-].[Br-],0.6175110317671741
all Q-HERO,multi-regression,CCCCCCCCCNC(=O)C[N@+]1(C)CC[N@@+](C)(CC(=O)NCCCCCCCCC)CC1.[Br-].[Br-],1.663705125392235
all Q-HERO,multi-regression,CCCCCCCCCCNC(=O)C[N@+]1(C)CC[N@@+](C)(CC(=O)NCCCCCCCCCC)CC1.[Br-].[Br-],1.1620166613753389
all Q-HERO,multi-regression,CCCCCCCCCCCNC(=O)C[N@+]1(C)CC[N@@+](C)(CC(=O)NCCCCCCCCCCC)CC1.[Br-].[Br-],1.1760324123807393
all Q-HERO,multi-regression,CCCCCCCCCCCCNC(=O)C[N@+]1(C)CC[N@@+](C)(CC(=O)NCCCCCCCCCCCC)CC1.[Br-].[Br-],2.463105895991249
all Q-HERO,multi-regression,CCCCCCCCCCCC[N+]12CC[N+](CCCCCCCCCCCC)(CC1)CC2.[Br-].[Br-],3.5771268824358677
all Q-HERO,multi-regression,CCCCCCCCCNC(=O)C[N+]12CC[N+](CC(=O)NCCCCCCCCC)(CC1)CC2.[Br-].[Br-],1.691297259498258
all Q-HERO,multi-regression,CCCCCCCCCCNC(=O)C[N+]12CC[N+](CC(=O)NCCCCCCCCCC)(CC1)CC2.[Br-].[Br-],2.6509113831481708
all Q-HERO,multi-regression,CCCCCCCCCC[n+]1ccc(CCc2cc[n+](CCCCCCCCCC)cc2)cc1.[Br-].[Br-],0.10776099053685573
all Q-HERO,multi-regression,CCCCCCCCCCCC[n+]1ccc(CCc2cc[n+](CCCCCCCCCCCC)cc2)cc1.[Br-].[Br-],1.741211969679496
all Q-HERO,multi-regression,CCCCCCCCCCCCC[n+]1ccc(CCc2cc[n+](CCCCCCCCCCCCC)cc2)cc1.[Br-].[Br-],2.5761239916135104
all Q-HERO,multi-regression,CCCCCCCC[n+]1ccc(/C=C/c2cc[n+](CCCCCCCC)cc2)cc1.[Br-].[Br-],2.6954364280495238
all Q-HERO,multi-regression,CCCCCCCCCCC[n+]1ccc(/C=C/c2cc[n+](CCCCCCCCCCC)cc2)cc1.[Br-].[Br-],0.9552281799491831
all Q-HERO,multi-regression,CCCCCCCCCCCC[n+]1ccc(/C=C/c2cc[n+](CCCCCCCCCCCC)cc2)cc1.[Br-].[Br-],1.8948457902200313
all Q-HERO,multi-regression,CCCCCCCCCNC(=O)C[n+]1ccc(CCc2cc[n+](CC(=O)NCCCCCCCCC)cc2)cc1.[Br-].[Br-],0.43412829126390773
all Q-HERO,multi-regression,CCCCCCCCCCNC(=O)C[n+]1ccc(CCc2cc[n+](CC(=O)NCCCCCCCCCC)cc2)cc1.[Br-].[Br-],0.8200594179559155
all Q-HERO,multi-regression,CCCCCCCCCCCNC(=O)C[n+]1ccc(CCc2cc[n+](CC(=O)NCCCCCCCCCCC)cc2)cc1.[Br-].[Br-],0.27118863888361
all Q-HERO,multi-regression,CCCCCCCCNC(=O)C[n+]1ccc(/C=C/c2cc[n+](CC(=O)NCCCCCCCC)cc2)cc1.[Br-].[Br-],0.4433809118887777
all Q-HERO,multi-regression,CCCCCCCCCNC(=O)C[n+]1ccc(/C=C/c2cc[n+](CC(=O)NCCCCCCCCC)cc2)cc1.[Br-].[Br-],0.1606718272489358
all Q-HERO,multi-regression,CCCCCCCCCCNC(=O)C[n+]1ccc(/C=C/c2cc[n+](CC(=O)NCCCCCCCCCC)cc2)cc1.[Br-].[Br-],2.4835301241238184
all Q-HERO,multi-regression,CCCCCCCCNC(=O)C[n+]1ccc(C#Cc2cc[n+](CC(=O)NCCCCCCCC)cc2)cc1.[Br-].[Br-],2.650891900108072
all Q-HERO,multi-regression,CCCCCCCCCNC(=O)C[n+]1ccc(C#Cc2cc[n+](CC(=O)NCCCCCCCCC)cc2)cc1.[Br-].[Br-],3.8095765386428315
all Q-HERO,multi-regression,CCCCCCCCCC[N+](C)(C)Cc1cc(OC)cc(OC)c1.[Br-],0.38843739662617893
all Q-HERO,multi-regression,CCCCCCCCCCCCCC[N+](C)(C)Cc1cc(OC)cc(OC)c1.[Br-],1.4623970426647388
all Q-HERO,multi-regression,CCCCCCCCCCCCCCCC[N+](C)(C)Cc1cc(OC)cc(OC)c1.[Br-],1.2575630530482045
all Q-HERO,multi-regression,CCCCCCCCCC[N+](C)(C)Cc1ccc(C[N+](C)(C)CCCCCCCCCC)cc1.[Cl-].[Cl-],0.3503396694321874
all Q-HERO,multi-regression,CCCCCCCCCCCC[N+](C)(C)Cc1ccc(C[N+](C)(C)CCCCCCCCCCCC)cc1.[Cl-].[Cl-],0.8205646314644224
all Q-HERO,multi-regression,CCCCCCCCCCCCC[N+](C)(C)Cc1ccc(C[N+](C)(C)CCCCCCCCCCCCC)cc1.[Cl-].[Cl-],0.002956143597159011
all Q-HERO,multi-regression,CCCCCCCCCCCCCC[N+](C)(C)Cc1ccc(C[N+](C)(C)CCCCCCCCCCCCCC)cc1.[Cl-].[Cl-],0.9292209832943064
all Q-HERO,multi-regression,CCCCCCCCCC[N+](C)(C)Cc1cccc(C[N+](C)(C)CCCCCCCCCC)c1.[Cl-].[Cl-],0.24717736161891446
all Q-HERO,multi-regression,CCCCCCCCCCCC[N+](C)(C)Cc1cccc(C[N+](C)(C)CCCCCCCCCCCC)c1.[Cl-].[Cl-],0.03736450434914684
all Q-HERO,multi-regression,CCCCCCCCCCCCC[N+](C)(C)Cc1cccc(C[N+](C)(C)CCCCCCCCCCCCC)c1.[Cl-].[Cl-],1.111036428512614
all Q-HERO,multi-regression,CCCCCCCCCCCCCC[N+](C)(C)Cc1cccc(C[N+](C)(C)CCCCCCCCCCCCCC)c1.[Cl-].[Cl-],1.4764432551526745
all Q-HERO,multi-regression,CCCCCCCCCCCCCCCC[N+](C)(C)Cc1cccc(C[N+](C)(C)CCCCCCCCCCCCCCCC)c1.[Cl-].[Cl-],0.5766176682549857
all Q-HERO,multi-regression,CCCCCCCCC[N+](C)(C)Cc1ccccc1C[N+](C)(C)CCCCCCCCC.[Cl-].[Cl-],3.9261220148967704
all Q-HERO,multi-regression,CCCCCCCCCC[N+](C)(C)Cc1ccccc1C[N+](C)(C)CCCCCCCCCC.[Cl-].[Cl-],1.2724425191364357
all Q-HERO,multi-regression,CCCCCCCCCCCC[N+](C)(C)Cc1ccccc1C[N+](C)(C)CCCCCCCCCCCC.[Cl-].[Cl-],1.6639314604766489
all Q-HERO,multi-regression,CCCCCCCCCCCCC[N+](C)(C)Cc1ccccc1C[N+](C)(C)CCCCCCCCCCCCC.[Cl-].[Cl-],1.6045295466085117
all Q-HERO,multi-regression,CCCCCCCCCCCCCC[N+](C)(C)Cc1ccccc1C[N+](C)(C)CCCCCCCCCCCCCC.[Cl-].[Cl-],1.2908565233334528
all Q-HERO,multi-regression,CCCCCCCCCCCCCCCC[N+](C)(C)Cc1ccccc1C[N+](C)(C)CCCCCCCCCCCCCCCC.[Cl-].[Cl-],2.321681722129071
all Q-HERO,multi-regression,CCCCCCCC[N+](C)(C)Cc1cc(C[N+](C)(C)CCCCCCCC)cc(C[N+](C)(C)CCCCCCCC)c1.[Br-].[Br-].[Br-],1.6991846115145637
all Q-HERO,multi-regression,CCCCCCCCC[N+](C)(C)Cc1cc(C[N+](C)(C)CCCCCCCCC)cc(C[N+](C)(C)CCCCCCCCC)c1.[Br-].[Br-].[Br-],0.062320083907968726
all Q-HERO,multi-regression,CCCCCCCCCC[N+](C)(C)Cc1cc(C[N+](C)(C)CCCCCCCCCC)cc(C[N+](C)(C)CCCCCCCCCC)c1.[Br-].[Br-].[Br-],1.047091718801631
all Q-HERO,multi-regression,CCCCCCCCCCCC[N+](C)(C)Cc1cc(C[N+](C)(C)CCCCCCCCCCCC)cc(C[N+](C)(C)CCCCCCCCCCCC)c1.[Br-].[Br-].[Br-],2.4225960692410506
all Q-HERO,multi-regression,CCCCCCCCCCCCC[N+](C)(C)Cc1cc(C[N+](C)(C)CCCCCCCCCCCCC)cc(C[N+](C)(C)CCCCCCCCCCCCC)c1.[Br-].[Br-].[Br-],4.580033449543518
all Q-HERO,multi-regression,CCCCCCCC[N+](C)(CCCCCCCC)Cc1ccccc1.[Cl-],0.04069808746281467
all Q-HERO,multi-regression,CCCCCCCCCC[N+](C)(CCCCCCCCCC)Cc1ccccc1.[Cl-],0.6142195761996257
all Q-HERO,multi-regression,CCCCCCCCCCCC[N+](C)(CCCCCCCCCCCC)Cc1ccccc1.[Cl-],0.5389526358317697
all Q-HERO,multi-regression,CCCCCCCC[N+](CCCCCCCC)(CCCCCCCC)Cc1ccccc1.[Br-],1.1465387835221277
all Q-HERO,multi-regression,CCCCCC[N+](C)(CCCCCC)Cc1ccc(C[N+](C)(CCCCCC)CCCCCC)cc1.[Cl-].[Cl-],4.467149137005264
all Q-HERO,multi-regression,CCCCCCCC[N+](C)(CCCCCCCC)Cc1ccc(C[N+](C)(CCCCCCCC)CCCCCCCC)cc1.[Cl-].[Cl-],0.7662263287347633
all Q-HERO,multi-regression,CCCCCCCCCC[N+](C)(CCCCCCCCCC)Cc1ccc(C[N+](C)(CCCCCCCCCC)CCCCCCCCCC)cc1.[Cl-].[Cl-],0.7234002699900617
all Q-HERO,multi-regression,CCCCCC[N+](CCCCCC)(CCCCCC)Cc1ccc(C[N+](CCCCCC)(CCCCCC)CCCCCC)cc1.[Cl-].[Cl-],0.9376056809275704
all Q-HERO,multi-regression,CCCCCCCC[N+](CCCCCCCC)(CCCCCCCC)Cc1ccc(C[N+](CCCCCCCC)(CCCCCCCC)CCCCCCCC)cc1.[Cl-].[Cl-],0.0800741130999485
all Q-HERO,multi-regression,CCCCCCCC[N+](C)(CCCCCCCC)Cc1cccc(C[N+](C)(CCCCCCCC)CCCCCCCC)c1.[Cl-].[Cl-],0.09679524702091902
all Q-HERO,multi-regression,CCCCCC[N+](C)(CCCCCC)Cc1cccc(C[N+](C)(CCCCCC)CCCCCC)c1.[Cl-].[Cl-],3.691782415691467
all Q-HERO,multi-regression,CCCCCCCCCC[N+](C)(CCCCCCCCCC)Cc1cccc(C[N+](C)(CCCCCCCCCC)CCCCCCCCCC)c1.[Cl-].[Cl-],1.336394167962609
all Q-HERO,multi-regression,CCCCCCCC[N+](C)(CCCCCCCC)Cc1ccccc1C[N+](C)(CCCCCCCC)CCCCCCCC.[Cl-].[Cl-],1.3814646845717162
all Q-HERO,multi-regression,CCCCCCCCCCCC[N+](C)(CCCCCCCCCCCC)Cc1ccccc1C[N+](C)(CCCCCCCCCCCC)CCCCCCCCCCCC.[Cl-].[Cl-],1.8686616600713002
all Q-HERO,multi-regression,CCCCCC[N+](C)(CCCCCC)Cc1cc(C[N+](C)(CCCCCC)CCCCCC)cc(C[N+](C)(CCCCCC)CCCCCC)c1.[Br-].[Br-].[Br-],0.9824099806697031
all Q-HERO,multi-regression,CCCCCCCC[N+](C)(CCCCCCCC)Cc1cc(C[N+](C)(CCCCCCCC)CCCCCCCC)cc(C[N+](C)(CCCCCCCC)CCCCCCCC)c1.[Br-].[Br-].[Br-],2.3112645488182255
all Q-HERO,multi-regression,CCCCCC[N+](CCCCCC)(CCCCCC)Cc1cc(C[N+](CCCCCC)(CCCCCC)CCCCCC)cc(C[N+](CCCCCC)(CCCCCC)CCCCCC)c1.[Br-].[Br-].[Br-],0.7258720143268924
all Q-HERO,MolFormer (raw),CCCCCCCCCCCC[N+](C)(C)Cc1ccccc1.[Cl-],1.7353442879215906
all Q-HERO,MolFormer (raw),CCCCCCCCCCCCCCCC[n+]1ccccc1.[Cl-],2.6576010783336423
all Q-HERO,MolFormer (raw),CCCCCCCCCC[N+](C)(C)CCCCCCCCCC.[Cl-],1.335536651943411
all Q-HERO,MolFormer (raw),CCCCCCCCCCCC[N+](C)(C)CCCCCCCCCCCC.[Cl-],1.6348349020174526
all Q-HERO,MolFormer (raw),N=C(NCCCCCCNC(=N)NC(=N)Nc1ccc(Cl)cc1)NC(=N)Nc1ccc(Cl)cc1,3.808144477763038
all Q-HERO,MolFormer (raw),CCCCCCCCCCCCCCOc1cccc(C[N+](C)(C)C)c1C[N+](C)(C)C.[Br-].[Br-],1.0938880390863963
all Q-HERO,MolFormer (raw),CCCCCCCCCCCCCCOc1ccc(C[N+](C)(C)C)cc1C[N+](C)(C)C.[Br-].[Br-],1.0468853676360403
all Q-HERO,MolFormer (raw),CCCCCCCCCCCCCCOc1cc(C[N+](C)(C)C)ccc1C[N+](C)(C)C.[Br-].[Br-],2.3734087416495937
all Q-HERO,MolFormer (raw),CCCCCCCCCCCCCCCCOc1cc(C[N+](C)(C)C)ccc1C[N+](C)(C)C.[Br-].[Br-],2.5731001142166576
all Q-HERO,MolFormer (raw),CCCCCCCCCCCCCCCCCCOc1cc(C[N+](C)(C)C)ccc1C[N+](C)(C)C.[Br-].[Br-],2.5030953608752737
all Q-HERO,MolFormer (raw),CCCCCCCCCCCCCCOc1c(C[N+](C)(C)C)cccc1C[N+](C)(C)C.[Br-].[Br-],2.0256961314915447
all Q-HERO,MolFormer (raw),CCCCCCCCCCCCCCOc1cc(C[N+](C)(C)C)cc(C[N+](C)(C)C)c1.[Br-].[Br-],0.3663103782572441
all Q-HERO,MolFormer (raw),CCCCCCCCCCCCCCCCOc1cc(C[N+](C)(C)C)cc(C[N+](C)(C)C)c1.[Br-].[Br-],1.2766902279851946
all Q-HERO,MolFormer (raw),CCCCCCCCCCOc1ccc(C[N+](C)(C)C)cc1.[Br-],0.4574396158434322
all Q-HERO,MolFormer (raw),CCCCCCCCCC[n+]1ccc(-c2cc[n+](CCCCCCCCCC)cc2)cc1.[Br-].[Br-],0.14648150744857746
all Q-HERO,MolFormer (raw),CCCCCCCCCCC[n+]1ccc(-c2cc[n+](CCCCCCCCCCC)cc2)cc1.[Br-].[Br-],0.48935164175418067
all Q-HERO,MolFormer (raw),CCCCCCCCCCCC[n+]1ccc(-c2cc[n+](CCCCCCCCCCCC)cc2)cc1.[Br-].[Br-],0.7944055198291193
all Q-HERO,MolFormer (raw),CCCCCCCCCCCCC[n+]1ccc(-c2cc[n+](CCCCCCCCCCCCC)cc2)cc1.[Br-].[Br-],2.629917429043357
all Q-HERO,MolFormer (raw),CCCCCCCCCCCC[n+]1ccc(-c2cc[n+](C)cc2)cc1.[Br-].[I-],3.59247730627719
all Q-HERO,MolFormer (raw),CCCCCCCCCCCCCC[n+]1ccc(-c2cc[n+](C)cc2)cc1.[Br-].[I-],0.8187182982038879
all Q-HERO,MolFormer (raw),CCCCCCCCCCCCCC[n+]1ccc(-c2cc[n+](CC)cc2)cc1.[Br-].[Br-],1.7994986652835192
all Q-HERO,MolFormer (raw),CCCCCCCCCCCCCCCC[n+]1ccc(-c2cc[n+](C)cc2)cc1.[Br-].[I-],1.1744574492230857
all Q-HERO,MolFormer (raw),CCCCCCCCCCCCCCCC[n+]1ccc(-c2cc[n+](CC)cc2)cc1.[Br-].[Br-],2.8487262259568613
all Q-HERO,MolFormer (raw),CCCCCCCCCCCCCCCCCC[n+]1ccc(-c2cc[n+](C)cc2)cc1.[Br-].[I-],2.1441409209912723
all Q-HERO,MolFormer (raw),CCCCCCCCCCCCCCCCCC[n+]1ccc(-c2cc[n+](CC)cc2)cc1.[Br-].[Br-],1.8842023430232246
all Q-HERO,MolFormer (raw),CCCCCCCCCC[n+]1ccc(-c2cc[n+](CCCCCCCCCC)cc2)cc1.[Cl-].[Cl-],0.10942136235822453
all Q-HERO,MolFormer (raw),CCCCCCCCCC[n+]1ccc(-c2cc[n+](CCCCCCCCCC)cc2)cc1.[I-].[I-],0.43651755921449253
all Q-HERO,MolFormer (raw),CCCCCCCCCCC[n+]1ccc(-c2cc[n+](CCCCCCCCCCC)cc2)cc1.[Cl-].[Cl-],0.4137517051474411
all Q-HERO,MolFormer (raw),CCCCCCCCCCC[n+]1ccc(-c2cc[n+](CCCCCCCCCCC)cc2)cc1.[I-].[I-],1.481087359802231
all Q-HERO,MolFormer (raw),CCCCCCCCCCCC[n+]1ccc(-c2cc[n+](CCCCCCCCCCCC)cc2)cc1.[Cl-].[Cl-],0.38319448205704876
all Q-HERO,MolFormer (raw),CCCCCCCCCCCC[n+]1ccc(-c2cc[n+](CCCCCCCCCCCC)cc2)cc1.[I-].[I-],2.5420337491237093
all Q-HERO,MolFormer (raw),CCCCCCCCCCCC[n+]1ccc(-c2cc[n+](CCCCCCCCCC)cc2)cc1.[Br-].[Br-],0.15800408059561044
all Q-HERO,MolFormer (raw),CCCCCCCCCCCCCC[n+]1ccc(-c2cc[n+](CCCCCCCC)cc2)cc1.[Br-].[Br-],0.3287318498274219
all Q-HERO,MolFormer (raw),CCCCCCCCCCCCCCCC[n+]1ccc(-c2cc[n+](CCCCCC)cc2)cc1.[Br-].[Br-],0.2217878655577067
all Q-HERO,MolFormer (raw),CCCCCCCCCCCCCCCCCC[n+]1ccc(-c2cc[n+](CCCC)cc2)cc1.[Br-].[Br-],2.093580096308979
all Q-HERO,MolFormer (raw),C[n+]1cccc(Br)c1.[Br-],0.5148884786074803
all Q-HERO,MolFormer (raw),CCCCCCCCCCCC[n+]1cccc(Br)c1.[Br-],0.730100597519594
all Q-HERO,MolFormer (raw),CCCCCCCCCCCCCC[n+]1cccc(Br)c1.[Br-],0.12568856017421592
all Q-HERO,MolFormer (raw),CCCCCCCCCCCCCCCC[n+]1cccc(Br)c1.[Br-],0.7045919630430815
all Q-HERO,MolFormer (raw),CCCCCCCCCC[n+]1cccc(-c2ccc[n+](CCCCCCCCCC)c2)c1.[Br-].[Br-],0.37140928444820454
all Q-HERO,MolFormer (raw),CCCCCCCCCCCC[n+]1cccc(-c2ccc[n+](CCCCCCCCCC)c2)c1.[Br-].[Br-],0.525599144324932
all Q-HERO,MolFormer (raw),CCCCCCCCCCC[n+]1cccc(-c2ccc[n+](CCCCCCCCCCC)c2)c1.[Br-].[Br-],1.2876156068562945
all Q-HERO,MolFormer (raw),CCCCCCCCCCCC[n+]1cccc(-c2ccc[n+](CCCCCCCCCCCC)c2)c1.[Br-].[Br-],0.22341313287400832
all Q-HERO,MolFormer (raw),CCCCCCCCCCCCCC[n+]1cccc(-c2ccc[n+](CCCCCCCCCCCC)c2)c1.[Br-].[Br-],0.6135378414369307
all Q-HERO,MolFormer (raw),CCCCCCCCCCCCCC[n+]1cccc(-c2ccc[n+](CCCCCCCCCCCCCC)c2)c1.[Br-].[Br-],0.3065032748712715
all Q-HERO,MolFormer (raw),CCCCCCCCCCCCCCCC[n+]1cccc(-c2ccc[n+](CCCCCCCCCCCCCCCC)c2)c1.[Br-].[Br-],0.43749115571037267
all Q-HERO,MolFormer (raw),CCCCCCCCCCCC[n+]1cccc(-c2ccccc2)c1.[Br-],1.1249945241520019
all Q-HERO,MolFormer (raw),CCCCCCCCCCCC[n+]1cccc(-c2ccc[n+](C)c2)c1.[Br-].[Br-],4.976641760327927
all Q-HERO,MolFormer (raw),CCCCCCCCCCCC[n+]1cccc(-c2ccc[n+](Cc3ccccc3)c2)c1.[Br-].[Br-],0.09529227521142403
all Q-HERO,MolFormer (raw),CCCCCCCCCC[n+]1ccc(-c2ccc[n+](CCCCCCCCCC)c2)cc1.[Br-].[Br-],0.4066928897304306
all Q-HERO,MolFormer (raw),CCCCCCCCCCC[n+]1ccc(-c2ccc[n+](CCCCCCCCCCC)c2)cc1.[Br-].[Br-],1.526397823279108
all Q-HERO,MolFormer (raw),CCCCCCCCCCCC[n+]1ccc(-c2ccc[n+](CCCCCCCCCCCC)c2)cc1.[Br-].[Br-],0.015279691032440201
all Q-HERO,MolFormer (raw),CCCCCCCCCCCCCC[n+]1ccc(-c2ccc[n+](CCCCCCCCCCCCCC)c2)cc1.[Br-].[Br-],0.12972787961483734
all Q-HERO,MolFormer (raw),CCCCCCCCCCCCCCCC[n+]1ccc(-c2ccc[n+](CCCCCCCCCCCCCCCC)c2)cc1.[Br-].[Br-],0.4721342159963502
all Q-HERO,MolFormer (raw),CCCCCCCCCCCCCCCCCCCC[N+](C)(C)CCN(C)C.[Br-],0.8988925018285185
all Q-HERO,MolFormer (raw),CCCCCCCCCCCCCCCCCC[N+](C)(C)CCN(C)C.[Br-],0.19554315780809595
all Q-HERO,MolFormer (raw),CCCCCCCCCCCCCCCC[N+](C)(C)CCN(C)C.[Br-],1.423459490987546
all Q-HERO,MolFormer (raw),CCCCCCCCCCCCCC[N+](C)(C)CCN(C)C.[Br-],0.5540565603824994
all Q-HERO,MolFormer (raw),CCCCCCCCCCCC[N+](C)(C)CCN(C)C.[Br-],3.2908102197030136
all Q-HERO,MolFormer (raw),CCCCCCCCCC[N+](C)(C)CCN(C)C.[Br-],4.43683279731542
all Q-HERO,MolFormer (raw),CCCCCCCCCCCCCCCCCCCC[N+](C)(C)CC[N+](C)(C)CCCCCCCCCCCCCCCC.[Br-].[Br-],2.547944991102809
all Q-HERO,MolFormer (raw),CCCCCCCCCCCCCCCCCCCC[N+](C)(C)CC[N+](C)(C)CCCCCCCCCCCCCC.[Br-].[Br-],1.370958803760115
all Q-HERO,MolFormer (raw),CCCCCCCCCCCCCCCCCCCC[N+](C)(C)CC[N+](C)(C)CCCCCCCCCCCC.[Br-].[Br-],1.2968157295486928
all Q-HERO,MolFormer (raw),CCCCCCCCCCCCCCCCCCCC[N+](C)(C)CC[N+](C)(C)CCCCCCCCCC.[Br-].[Br-],0.2825832038652596
all Q-HERO,MolFormer (raw),CCCCCCCCCCCCCCCCCCCC[N+](C)(C)CC[N+](C)(C)CCCCCCCC.[Br-].[Br-],0.8667986195735766
all Q-HERO,MolFormer (raw),CCCCCCCCCCCCCCCCCC[N+](C)(C)CC[N+](C)(C)CCCCCCCCCCCCCCCCCC.[Br-].[Br-],3.660975653585089
all Q-HERO,MolFormer (raw),CCCCCCCCCCCCCCCCCC[N+](C)(C)CC[N+](C)(C)CCCCCCCCCCCCCCCC.[Br-].[Br-],2.666211618980792
all Q-HERO,MolFormer (raw),CCCCCCCCCCCCCCCCCC[N+](C)(C)CC[N+](C)(C)CCCCCCCCCCCCCC.[Br-].[Br-],1.2746800948058863
all Q-HERO,MolFormer (raw),CCCCCCCCCCCCCCCCCC[N+](C)(C)CC[N+](C)(C)CCCCCCCCCCCC.[Br-].[Br-],0.41585406556635185
all Q-HERO,MolFormer (raw),CCCCCCCCCCCCCCCCCC[N+](C)(C)CC[N+](C)(C)CCCCCCCCCC.[Br-].[Br-],0.6521100885447706
all Q-HERO,MolFormer (raw),CCCCCCCCCCCCCCCCCC[N+](C)(C)CC[N+](C)(C)CCCCCCCC.[Br-].[Br-],0.009897524842038985
all Q-HERO,MolFormer (raw),CCCCCCCCCCCCCCCC[N+](C)(C)CC[N+](C)(C)CCCCCCCCCCCCCCCC.[Br-].[Br-],1.497354792106902
all Q-HERO,MolFormer (raw),CCCCCCCCCCCCCCCC[N+](C)(C)CC[N+](C)(C)CCCCCCCCCCCCCC.[Br-].[Br-],1.3388119430273833
all Q-HERO,MolFormer (raw),CCCCCCCCCCCCCCCC[N+](C)(C)CC[N+](C)(C)CCCCCCCCCCCC.[Br-].[Br-],1.6735345106603463
all Q-HERO,MolFormer (raw),CCCCCCCCCCCCCCCC[N+](C)(C)CC[N+](C)(C)CCCCCCCCCC.[Br-].[Br-],1.1425877371411768
all Q-HERO,MolFormer (raw),CCCCCCCCCCCCCCCC[N+](C)(C)CC[N+](C)(C)CCCCCCCC.[Br-].[Br-],0.36103731176079323
all Q-HERO,MolFormer (raw),CCCCCCCCCCCCCC[N+](C)(C)CC[N+](C)(C)CCCCCCCCCCCCCC.[Br-].[Br-],0.8794167985217374
all Q-HERO,MolFormer (raw),CCCCCCCCCCCCCC[N+](C)(C)CC[N+](C)(C)CCCCCCCCCCCC.[Br-].[Br-],1.0080323412323005
all Q-HERO,MolFormer (raw),CCCCCCCCCCCCCC[N+](C)(C)CC[N+](C)(C)CCCCCCCCCC.[Br-].[Br-],1.087154813050114
all Q-HERO,MolFormer (raw),CCCCCCCCCCCCCC[N+](C)(C)CC[N+](C)(C)CCCCCCCC.[Br-].[Br-],0.8294624947923472
all Q-HERO,MolFormer (raw),CCCCCCCCCCCC[N+](C)(C)CC[N+](C)(C)CCCCCCCCCCCC.[Br-].[Br-],0.9715991119426336
all Q-HERO,MolFormer (raw),CCCCCCCCCCCC[N+](C)(C)CC[N+](C)(C)CCCCCCCCCC.[Br-].[Br-],0.8431030469842857
all Q-HERO,MolFormer (raw),CCCCCCCCCCCC[N+](C)(C)CC[N+](C)(C)CCCBr.[Br-].[Br-],2.0514530286223667
all Q-HERO,MolFormer (raw),CCCCCCCCCC[N+](C)(C)CC[N+](C)(C)CCCCCCCCCC.[Br-].[Br-],0.22931531039879194
all Q-HERO,MolFormer (raw),CCCCCCCCCC[N+](C)(C)CC[N+](C)(C)CCCCCCCC.[Br-].[Br-],2.0206926302519435
all Q-HERO,MolFormer (raw),CCCCCCCC[N+](C)(C)CC[N+](C)(C)CCCCCCCC.[Br-].[Br-],4.139008905754588
all Q-HERO,MolFormer (raw),CCCCCCCCCCCCC[N+](C)(C)CC[N+](C)(C)CCCCCCCCCC.[Br-].[Br-],0.99412407731227
all Q-HERO,MolFormer (raw),CCCCCCCCCCC[N+](C)(C)CC[N+](C)(C)CCCCCCCCCC.[Br-].[Br-],0.8123011891979404
all Q-HERO,MolFormer (raw),CCCCCCCCCC[n+]1cccc([C@@H]2CCCN2C)c1.[Br-],2.3192133543040168
all Q-HERO,MolFormer (raw),CCCCCCCCCCC[n+]1cccc([C@@H]2CCCN2C)c1.[Br-],0.7966367179813711
all Q-HERO,MolFormer (raw),CCCCCCCCCCCC[n+]1cccc([C@@H]2CCCN2C)c1.[Br-],0.25504158377548825
all Q-HERO,MolFormer (raw),CCCCCCCCCCCCCC[n+]1cccc([C@@H]2CCCN2C)c1.[Br-],2.385478669542902
all Q-HERO,MolFormer (raw),CCCCCCCCCCCCCCCC[n+]1cccc([C@@H]2CCCN2C)c1.[Br-],2.1510866656200145
all Q-HERO,MolFormer (raw),CCCCCCCCCCCCCCCCCC[n+]1cccc([C@@H]2CCCN2C)c1.[Br-],2.0353960027138847
all Q-HERO,MolFormer (raw),CCCCCCCCCCCCCCCCCCCC[n+]1cccc([C@@H]2CCCN2C)c1.[Br-],0.8493091864885947
all Q-HERO,MolFormer (raw),CCCCCCCCCC[n+]1cccc([C@@H]2CCC[N+]2(C)C)c1.[Br-].[I-],1.8062997168946286
all Q-HERO,MolFormer (raw),CCCCCCCCCCC[n+]1cccc([C@@H]2CCC[N+]2(C)C)c1.[Br-].[I-],2.9937060739994066
all Q-HERO,MolFormer (raw),CCCCCCCCCCCC[n+]1cccc([C@@H]2CCC[N+]2(C)C)c1.[Br-].[I-],0.5990685778604301
all Q-HERO,MolFormer (raw),CCCCCCCCCCCCCC[n+]1cccc([C@@H]2CCC[N+]2(C)C)c1.[Br-].[I-],0.5215194921495705
all Q-HERO,MolFormer (raw),CCCCCCCCCCCCCCCC[n+]1cccc([C@@H]2CCC[N+]2(C)C)c1.[Br-].[I-],1.948536892155654
all Q-HERO,MolFormer (raw),CCCCCCCCCCCCCCCCCC[n+]1cccc([C@@H]2CCC[N+]2(C)C)c1.[Br-].[I-],1.9734404971719566
all Q-HERO,MolFormer (raw),CCCCCCCCCCCCCCCCCCCC[n+]1cccc([C@@H]2CCC[N+]2(C)C)c1.[Br-].[I-],2.755171431570636
all Q-HERO,MolFormer (raw),C=C[C@H]1C[N@+]2(CCCCCCCCCC)CC[C@H]1C[C@H]2[C@@H](O)c1ccnc2ccc(OC)cc12.[Br-],0.018985292689284616
all Q-HERO,MolFormer (raw),C=C[C@H]1C[N@+]2(CCCCCCCCCCC)CC[C@H]1C[C@H]2[C@@H](O)c1ccnc2ccc(OC)cc12.[Br-],0.958118788857417
all Q-HERO,MolFormer (raw),C=C[C@H]1C[N@+]2(CCCCCCCCCCCC)CC[C@H]1C[C@H]2[C@@H](O)c1ccnc2ccc(OC)cc12.[Br-],2.0335754273508337
all Q-HERO,MolFormer (raw),C=C[C@H]1C[N@+]2(CCCCCCCCCCCCCC)CC[C@H]1C[C@H]2[C@@H](O)c1ccnc2ccc(OC)cc12.[Br-],3.0160952153788445
all Q-HERO,MolFormer (raw),C=C[C@H]1C[N@+]2(CCCCCCCCCCCCCCCC)CC[C@H]1C[C@H]2[C@@H](O)c1ccnc2ccc(OC)cc12.[Br-],1.915197599246994
all Q-HERO,MolFormer (raw),C=C[C@H]1C[N@+]2(CCCCCCCCCCCCCCCCCC)CC[C@H]1C[C@H]2[C@@H](O)c1ccnc2ccc(OC)cc12.[Br-],0.6949091926565338
all Q-HERO,MolFormer (raw),C=C[C@H]1C[N@+]2(CCCCCCCCCC)CC[C@H]1C[C@H]2[C@@H](O)c1cc[n+](C)c2ccc(OC)cc12.[Br-].[I-],0.7165056563743186
all Q-HERO,MolFormer (raw),C=C[C@H]1C[N@+]2(CCCCCCCCCCC)CC[C@H]1C[C@H]2[C@@H](O)c1cc[n+](C)c2ccc(OC)cc12.[Br-].[I-],0.45380546472476846
all Q-HERO,MolFormer (raw),C=C[C@H]1C[N@+]2(CCCCCCCCCCCC)CC[C@H]1C[C@H]2[C@@H](O)c1cc[n+](C)c2ccc(OC)cc12.[Br-].[I-],1.2113581563350841
all Q-HERO,MolFormer (raw),C=C[C@H]1C[N@+]2(CCCCCCCCCCCCCC)CC[C@H]1C[C@H]2[C@@H](O)c1cc[n+](C)c2ccc(OC)cc12.[Br-].[I-],3.2784995472078173
all Q-HERO,MolFormer (raw),C=C[C@H]1C[N@+]2(CCCCCCCCCCCCCCCC)CC[C@H]1C[C@H]2[C@@H](O)c1cc[n+](C)c2ccc(OC)cc12.[Br-].[I-],2.209506427041585
all Q-HERO,MolFormer (raw),C=C[C@H]1C[N@+]2(CCCCCCCCCCCCCCCCCC)CC[C@H]1C[C@H]2[C@@H](O)c1cc[n+](C)c2ccc(OC)cc12.[Br-].[I-],2.0934072158281594
all Q-HERO,MolFormer (raw),CCCCCCCCCC[N+](C)(C)CCN(C)CC[N+](C)(C)CCCCCCCCCC.[Br-].[Br-],0.14274213697734695
all Q-HERO,MolFormer (raw),CCCCCCCCCCC[N+](C)(C)CCN(C)CC[N+](C)(C)CCCCCCCCCCC.[Br-].[Br-],0.22135409076261192
all Q-HERO,MolFormer (raw),CCCCCCCCCCCC[N+](C)(C)CCN(C)CC[N+](C)(C)CCCCCCCCCCCC.[Br-].[Br-],0.613728430315318
all Q-HERO,MolFormer (raw),CCCCCCCCCCCCCC[N+](C)(C)CCN(C)CC[N+](C)(C)CCCCCCCCCCCCCC.[Br-].[Br-],0.4048323560749425
all Q-HERO,MolFormer (raw),CCCCCCCCCCCCCCCC[N+](C)(C)CCN(C)CC[N+](C)(C)CCCCCCCCCCCCCCCC.[Br-].[Br-],1.045314297955013
all Q-HERO,MolFormer (raw),CCCCCCCCCC[N+](C)(C)CC[N+](C)(C)CC[N+](C)(C)CCCCCCCCCC.[Br-].[Br-].[I-],0.5607814459893343
all Q-HERO,MolFormer (raw),CCCCCCCCCCC[N+](C)(C)CC[N+](C)(C)CC[N+](C)(C)CCCCCCCCCCC.[Br-].[Br-].[I-],0.7560693095482949
all Q-HERO,MolFormer (raw),CCCCCCCCCCCCCC[N+](C)(C)CC[N+](C)(C)CC[N+](C)(C)CCCCCCCCCCCCCC.[Br-].[Br-].[I-],0.876931704569377
all Q-HERO,MolFormer (raw),C=CC[N+](C)(CC[N+](C)(C)CCCCCCCCCC)CC[N+](C)(C)CCCCCCCCCC.[Br-].[Br-].[Br-],0.7725531272966537
all Q-HERO,MolFormer (raw),C=CC[N+](C)(CC[N+](C)(C)CCCCCCCCCCC)CC[N+](C)(C)CCCCCCCCCCC.[Br-].[Br-].[Br-],0.2702408397307505
all Q-HERO,MolFormer (raw),C=CC[N+](C)(CC[N+](C)(C)CCCCCCCCCCCC)CC[N+](C)(C)CCCCCCCCCCCC.[Br-].[Br-].[Br-],0.7866956221566184
all Q-HERO,MolFormer (raw),C=CC[N+](C)(CC[N+](C)(C)CCCCCCCCCCCCCC)CC[N+](C)(C)CCCCCCCCCCCCCC.[Br-].[Br-].[Br-],0.5164040738744627
all Q-HERO,MolFormer (raw),C=CC[N+](C)(CC[N+](C)(C)CCCCCCCCCCCCCCCC)CC[N+](C)(C)CCCCCCCCCCCCCCCC.[Br-].[Br-].[Br-],1.0810138767649917
all Q-HERO,MolFormer (raw),CCCCCCCCCC[N+](C)(C)CCCN(C)CCC[N+](C)(C)CCCCCCCCCC.[Br-].[Br-],0.6819732606106162
all Q-HERO,MolFormer (raw),CCCCCCCCCC[N+](C)(C)CCC[N+](C)(CC)CCC[N+](C)(C)CCCCCCCCCC.[Br-].[Br-].[Br-],0.8941636680008795
all Q-HERO,MolFormer (raw),CCCCCCCCCCCC[N+](C)(C)CCCN(C)CCC[N+](C)(C)CCCCCCCCCCCC.[Br-].[Br-],0.5566040084558385
all Q-HERO,MolFormer (raw),CCCCCCCCCCCC[N+](C)(C)CCC[N+](C)(C)CCC[N+](C)(C)CCCCCCCCCCCC.[Br-].[Br-].[I-],0.027028798433797574
all Q-HERO,MolFormer (raw),CCCCCCCCCCCC[N+](C)(C)CCC[N+](C)(CC)CCC[N+](C)(C)CCCCCCCCCCCC.[Br-].[Br-].[Br-],1.036961211421218
all Q-HERO,MolFormer (raw),CCCCCCCCCCCC[N+](C)(C)CCC[N+](C)(CCCC)CCC[N+](C)(C)CCCCCCCCCCCC.[Br-].[Br-].[Br-],0.12289113197996326
all Q-HERO,MolFormer (raw),C=CC[N+](C)(CCC[N+](C)(C)CCCCCCCCCCCC)CCC[N+](C)(C)CCCCCCCCCCCC.[Br-].[Br-].[Br-],0.12632179867818238
all Q-HERO,MolFormer (raw),CCCCCCCCCCCC[N+](C)(C)CCC[N+](C)(CCC[N+](C)(C)CCCCCCCCCCCC)Cc1ccccc1.[Br-].[Br-].[Br-],0.17460860923447985
all Q-HERO,MolFormer (raw),CCCCCCCCCCCC[N+](C)(C)CCC[N+](C)(CCC[N+](C)(C)CCCCCCCCCCCC)Cc1ccc(CCCCCCCC)cc1.[Br-].[Br-].[Cl-],0.412395562104666
all Q-HERO,MolFormer (raw),CCCCCCCCCCCC[N+](C)(C)CCC[N+](C)(CCCCCCCCCCCS)CCC[N+](C)(C)CCCCCCCCCCCC.[Br-].[Br-].[Br-],0.5217113352428202
all Q-HERO,MolFormer (raw),CCCCCCCCCCCC[N+](C)(C)CCC[N+](C)(CCCCCCCCCCCC)CCC[N+](C)(C)CCCCCCCCCCCC.[Br-].[Br-].[Br-],1.6004941451212213
all Q-HERO,MolFormer (raw),C=CCCCCCCCCC[N+](C)(CCC[N+](C)(C)CCCCCCCCCCCC)CCC[N+](C)(C)CCCCCCCCCCCC.[Br-].[Br-].[Br-],1.6828156376669847
all Q-HERO,MolFormer (raw),CCCCCCCCCCCC[N+](C)(C)CCN(C)CCN(C)CCN(C)C.[Br-],0.6695780527324646
all Q-HERO,MolFormer (raw),CCCCCCCCCCCCCC[N+](C)(C)CCN(C)CCN(C)CCN(C)C.[Br-],2.411631178437465
all Q-HERO,MolFormer (raw),CCCCCCCCCCCCCC[N+](C)(C)CCN(C)CCN(C)CC[N+](C)(C)CCCCCCCCCCCC.[Br-].[Br-],1.0303115365171385
all Q-HERO,MolFormer (raw),CCCCCCCCCCCC[N+](C)(C)CCN(C)CCN(C)CC[N+](C)(C)CCCCCCCCCCCC.[Br-].[Br-],0.6740539367373651
all Q-HERO,MolFormer (raw),CCCCCCCCCCCCCC[N+](C)(C)CCN(C)CCN(C)CC[N+](C)(C)CCCCCCCCCCCCCC.[Br-].[Br-],0.0950813137674893
all Q-HERO,MolFormer (raw),C=CC[N+](C)(CC[N+](C)(C)CCCCCCCCCCCC)CC[N+](C)(CC=C)CC[N+](C)(C)CCCCCCCCCCCC.[Br-].[Br-].[Br-].[Br-],0.7574448522343911
all Q-HERO,MolFormer (raw),CCCCCCCCCCCC[N+](C)(C)CC[N+](C)(C)CCCCC[N+](C)(C)CC[N+](C)(C)CCCCCCCCCCCC.[Br-].[Br-].[I-].[I-],0.7195729714019805
all Q-HERO,MolFormer (raw),CCCCCCCCCCCC[N+](C)(C)Cc1cc(C[N+](C)(C)C)cc(C[N+](C)(C)CCCCCCCCCCCC)c1.[Br-].[Br-].[Br-],0.13660362406430027
all Q-HERO,MolFormer (raw),CCCCCCCCCCCCCC[N+](C)(C)Cc1cc(C[N+](C)(C)C)cc(C[N+](C)(C)CCCCCCCCCCCCCC)c1.[Br-].[Br-].[Br-],0.7663144675148639
all Q-HERO,MolFormer (raw),CCCCCCCCCC[N+](C)(C)Cc1cc(C[n+]2ccccc2)cc(C[N+](C)(C)CCCCCCCCCC)c1.[Br-].[Br-].[Br-],0.543104354014017
all Q-HERO,MolFormer (raw),CCCCCCCCCCCC[N+](C)(C)Cc1cc(C[n+]2ccccc2)cc(C[N+](C)(C)CCCCCCCCCCCC)c1.[Br-].[Br-].[Br-],0.13638413455865206
all Q-HERO,MolFormer (raw),CCCCCCCCCCCCCC[N+](C)(C)Cc1cc(C[n+]2ccccc2)cc(C[N+](C)(C)CCCCCCCCCCCCCC)c1.[Br-].[Br-].[Br-],0.48709053471486463
all Q-HERO,MolFormer (raw),CCCCCCCCCC[N+](C)(C)CCN1CC[N+](C)(CCCCCCCCCC)CC1.[Br-].[Br-],0.9723331992841187
all Q-HERO,MolFormer (raw),CCCCCCCCCCC[N+](C)(C)CCN1CC[N+](C)(CCCCCCCCCCC)CC1.[Br-].[Br-],1.8057850007466454
all Q-HERO,MolFormer (raw),CCCCCCCCCCCC[N+](C)(C)CCN1CC[N+](C)(CCCCCCCCCCCC)CC1.[Br-].[Br-],2.363122638384314
all Q-HERO,MolFormer (raw),CCCCCCCCCCCC[N+](C)(C)CCN1CC[N+](C)(CCCCCCCCCCCC)CC1.[Cl-].[Cl-],1.7532142661755699
all Q-HERO,MolFormer (raw),CCCCCCCCCCCCC[N+](C)(C)CCN1CC[N+](C)(CCCCCCCCCCCCC)CC1.[Br-].[Br-],1.6383729114862113
all Q-HERO,MolFormer (raw),CCCCCCCCCCCCCC[N+](C)(C)CCN1CC[N+](C)(CCCCCCCCCCCCCC)CC1.[Br-].[Br-],2.535700241427765
all Q-HERO,MolFormer (raw),CCCCCCCCCC[N+]1(C)CCN(C)CCN(C)CC1.[Br-],2.3392428104570966
all Q-HERO,MolFormer (raw),CCCCCCCCCCC[N+]1(C)CCN(C)CCN(C)CC1.[Br-],0.852686698312354
all Q-HERO,MolFormer (raw),CCCCCCCCCCCC[N+]1(C)CCN(C)CCN(C)CC1.[Br-],1.3913159819880203
all Q-HERO,MolFormer (raw),CCCCCCCCCCCCC[N+]1(C)CCN(C)CCN(C)CC1.[Br-],2.0047102283669007
all Q-HERO,MolFormer (raw),CCCCCCCCCCCCCC[N+]1(C)CCN(C)CCN(C)CC1.[Br-],2.972314462663379
all Q-HERO,MolFormer (raw),CCCCCCCCCCCCCCCCCC[N+]1(C)CCN(C)CCN(C)CC1.[Br-],2.536985818802348
all Q-HERO,MolFormer (raw),CCCCCCCCCCCCCCCCCCCC[N+]1(C)CCN(C)CCN(C)CC1.[Br-],2.393991160817934
all Q-HERO,MolFormer (raw),CCCCCCCCCC[N+]1(C)CC[N+](C)(C)CC[N+](C)(C)CC1.[Br-].[I-].[I-],2.9016595841901456
all Q-HERO,MolFormer (raw),CCCCCCCCCCC[N+]1(C)CC[N+](C)(C)CC[N+](C)(C)CC1.[Br-].[I-].[I-],3.9337771812622484
all Q-HERO,MolFormer (raw),CCCCCCCCCCCC[N+]1(C)CC[N+](C)(C)CC[N+](C)(C)CC1.[Br-].[I-].[I-],2.359687432275293
all Q-HERO,MolFormer (raw),CCCCCCCCCCCCC[N+]1(C)CC[N+](C)(C)CC[N+](C)(C)CC1.[Br-].[I-].[I-],0.16692923469175636
all Q-HERO,MolFormer (raw),CCCCCCCCCCCCCC[N+]1(C)CC[N+](C)(C)CC[N+](C)(C)CC1.[Br-].[I-].[I-],0.7876252462824502
all Q-HERO,MolFormer (raw),CCCCCCCCCCCCCCCC[N+]1(C)CC[N+](C)(C)CC[N+](C)(C)CC1.[Br-].[I-].[I-],1.9524522116225218
all Q-HERO,MolFormer (raw),CCCCCCCCCCCCCCCCCC[N+]1(C)CC[N+](C)(C)CC[N+](C)(C)CC1.[Br-].[I-].[I-],1.720235826970059
all Q-HERO,MolFormer (raw),CCCCCCCCCCCCCCCCCCCC[N+]1(C)CC[N+](C)(C)CC[N+](C)(C)CC1.[Br-].[I-].[I-],1.0359168545764292
all Q-HERO,MolFormer (raw),CCCCCCCC[N+](C)(C)CCN(CC[N+](C)(C)CCCCCCCC)CC[N+](C)(C)CCCCCCCC.[Br-].[Br-].[Br-],0.5791169658659773
all Q-HERO,MolFormer (raw),CCCCCCCCCC[N+](C)(C)CCN(CC[N+](C)(C)CCCCCCCCCC)CC[N+](C)(C)CCCCCCCCCC.[Br-].[Br-].[Br-],0.14217262927639274
all Q-HERO,MolFormer (raw),CCCCCCCCCCC[N+](C)(C)CCN(CC[N+](C)(C)CCCCCCCCCCC)CC[N+](C)(C)CCCCCCCCCCC.[Br-].[Br-].[Br-],0.7956443294000486
all Q-HERO,MolFormer (raw),CCCCCCCCCCCC[N+](C)(C)CCN(CC[N+](C)(C)CCCCCCCCCCCC)CC[N+](C)(C)CCCCCCCCCCCC.[Br-].[Br-].[Br-],0.35852036721938707
all Q-HERO,MolFormer (raw),CCCCCCCCCCCCCC[N+](C)(C)CCN(CC[N+](C)(C)CCCCCCCCCCCCCC)CC[N+](C)(C)CCCCCCCCCCCCCC.[Br-].[Br-].[Br-],0.9404803493230494
all Q-HERO,MolFormer (raw),CCCCCCCC[N+](C)(C)CCCN(CCC[N+](C)(C)CCCCCCCC)CCC[N+](C)(C)CCCCCCCC.[Br-].[Br-].[Br-],1.6857985297787041
all Q-HERO,MolFormer (raw),CCCCCCCCCC[N+](C)(C)CCCN(CCC[N+](C)(C)CCCCCCCCCC)CCC[N+](C)(C)CCCCCCCCCC.[Br-].[Br-].[Br-],0.608966554569238
all Q-HERO,MolFormer (raw),CCCCCCCCCCC[N+](C)(C)CCCN(CCC[N+](C)(C)CCCCCCCCCCC)CCC[N+](C)(C)CCCCCCCCCCC.[Br-].[Br-].[Br-],0.6151260583131115
all Q-HERO,MolFormer (raw),CCCCCCCCCCCC[N+](C)(C)CCCN(CCC[N+](C)(C)CCCCCCCCCCCC)CCC[N+](C)(C)CCCCCCCCCCCC.[Br-].[Br-].[Br-],0.686814329144579
all Q-HERO,MolFormer (raw),CCCCCCCCCCCC[N+](C)(C)CCCN(CCC[N+](C)(C)CCCCCCCCCCCC)CCC[N+](C)(C)CCCCCCCCCCCC.[Cl-].[Cl-].[Cl-],1.2983851356768756
all Q-HERO,MolFormer (raw),CCCCCCCCCCCCC[N+](C)(C)CCCN(CCC[N+](C)(C)CCCCCCCCCCCCC)CCC[N+](C)(C)CCCCCCCCCCCCC.[Br-].[Br-].[Br-],0.24407760055505356
all Q-HERO,MolFormer (raw),CCCCCCCCCCCCCC[N+](C)(C)CCCN(CCC[N+](C)(C)CCCCCCCCCCCCCC)CCC[N+](C)(C)CCCCCCCCCCCCCC.[Br-].[Br-].[Br-],0.6707461807587484
all Q-HERO,MolFormer (raw),CCCCCCCCCCCCCCCC[N+](C)(C)CCCN(CCC[N+](C)(C)CCCCCCCCCCCCCCCC)CCC[N+](C)(C)CCCCCCCCCCCCCCCC.[Br-].[Br-].[Br-],1.4475805085935955
all Q-HERO,MolFormer (raw),CCCCCCCCCCCCCCCCCC[N+](C)(C)CCCN(CCC[N+](C)(C)CCCCCCCCCCCCCCCCCC)CCC[N+](C)(C)CCCCCCCCCCCCCCCCCC.[Br-].[Br-].[Br-],1.133740838578553
all Q-HERO,MolFormer (raw),CCCCCCCC[N+](C)(C)CCC[N+](C)(CCC[N+](C)(C)CCCCCCCC)CCC[N+](C)(C)CCCCCCCC.[Br-].[Br-].[Br-].[Br-],1.7024272964918608
all Q-HERO,MolFormer (raw),CCCCCCCCCC[N+](C)(C)CCC[N+](C)(CCC[N+](C)(C)CCCCCCCCCC)CCC[N+](C)(C)CCCCCCCCCC.[Br-].[Br-].[Br-].[Br-],0.2555285360408006
all Q-HERO,MolFormer (raw),CCCCCCCCCCC[N+](C)(C)CCC[N+](C)(CCC[N+](C)(C)CCCCCCCCCCC)CCC[N+](C)(C)CCCCCCCCCCC.[Br-].[Br-].[Br-].[Br-],0.3965273734978323
all Q-HERO,MolFormer (raw),CCCCCCCCCCCC[N+](C)(C)CCC[N+](C)(CCC[N+](C)(C)CCCCCCCCCCCC)CCC[N+](C)(C)CCCCCCCCCCCC.[Br-].[Br-].[Br-].[Br-],0.15824374584292222
all Q-HERO,MolFormer (raw),CCCCCCCCCCCCC[N+](C)(C)CCC[N+](C)(CCC[N+](C)(C)CCCCCCCCCCCCC)CCC[N+](C)(C)CCCCCCCCCCCCC.[Br-].[Br-].[Br-].[Br-],0.18989753643654128
all Q-HERO,MolFormer (raw),CCCCCCCCCCCCCC[N+](C)(C)CCC[N+](C)(CCC[N+](C)(C)CCCCCCCCCCCCCC)CCC[N+](C)(C)CCCCCCCCCCCCCC.[Br-].[Br-].[Br-].[Br-],1.313254863943396
all Q-HERO,MolFormer (raw),C=CC[N+](CCC[N+](C)(C)CCCCCCCC)(CCC[N+](C)(C)CCCCCCCC)CCC[N+](C)(C)CCCCCCCC.[Br-].[Br-].[Br-].[Br-],0.6157274094432944
all Q-HERO,MolFormer (raw),C=CC[N+](CCC[N+](C)(C)CCCCCCCCCC)(CCC[N+](C)(C)CCCCCCCCCC)CCC[N+](C)(C)CCCCCCCCCC.[Br-].[Br-].[Br-].[Br-],1.7468730288520538
all Q-HERO,MolFormer (raw),C=CC[N+](CCC[N+](C)(C)CCCCCCCCCCC)(CCC[N+](C)(C)CCCCCCCCCCC)CCC[N+](C)(C)CCCCCCCCCCC.[Br-].[Br-].[Br-].[Br-],1.5301254393672479
all Q-HERO,MolFormer (raw),C=CC[N+](CCC[N+](C)(C)CCCCCCCCCCCC)(CCC[N+](C)(C)CCCCCCCCCCCC)CCC[N+](C)(C)CCCCCCCCCCCC.[Br-].[Br-].[Br-].[Br-],0.5404526962228327
all Q-HERO,MolFormer (raw),C=CC[N+](CCC[N+](C)(C)CCCCCCCCCCCCC)(CCC[N+](C)(C)CCCCCCCCCCCCC)CCC[N+](C)(C)CCCCCCCCCCCCC.[Br-].[Br-].[Br-].[Br-],0.08333177405910752
all Q-HERO,MolFormer (raw),C=CC[N+](CCC[N+](C)(C)CCCCCCCCCCCCCC)(CCC[N+](C)(C)CCCCCCCCCCCCCC)CCC[N+](C)(C)CCCCCCCCCCCCCC.[Br-].[Br-].[Br-].[Br-],0.05021646759071707
all Q-HERO,MolFormer (raw),C=CC[N+](CCC[N+](C)(C)CCCCCCCCCCCCCCCC)(CCC[N+](C)(C)CCCCCCCCCCCCCCCC)CCC[N+](C)(C)CCCCCCCCCCCCCCCC.[Br-].[Br-].[Br-].[Br-],0.5631330889525519
all Q-HERO,MolFormer (raw),C=CC[N+](CCC[N+](C)(C)CCCCCCCCCCCCCCCCCC)(CCC[N+](C)(C)CCCCCCCCCCCCCCCCCC)CCC[N+](C)(C)CCCCCCCCCCCCCCCCCC.[Br-].[Br-].[Br-].[Br-],0.8318569949693617
all Q-HERO,MolFormer (raw),CCCCCCCCCCC[N+](C)(C)CCC[N+](CCC[N+](C)(C)CCCCCCCCCCC)(CCC[N+](C)(C)CCCCCCCCCCC)Cc1ccccc1.[Br-].[Br-].[Br-].[Br-],0.8998215498601827
all Q-HERO,MolFormer (raw),CCCCCCCCCCCC[N+](C)(C)CCC[N+](CCC[N+](C)(C)CCCCCCCCCCCC)(CCC[N+](C)(C)CCCCCCCCCCCC)Cc1ccccc1.[Br-].[Br-].[Br-].[Br-],0.0750817933320107
all Q-HERO,MolFormer (raw),CCCCCCCCCC[N+](C)(C)CCCCCNCCCCC[N+](C)(C)CCCCCCCCCC.[Br-].[Br-],0.03160009400344088
all Q-HERO,MolFormer (raw),CCCCCCCCCCCC[N+](C)(C)CCCCCNCCCCC[N+](C)(C)CCCCCCCCCCCC.[Br-].[Br-],0.052846653616118955
all Q-HERO,MolFormer (raw),CCCCCCCCCCCCCC[N+](C)(C)CCCCCNCCCCC[N+](C)(C)CCCCCCCCCCCCCC.[Br-].[Br-],1.626235922367557
all Q-HERO,MolFormer (raw),CCCCCCCCCCCCCCCC[N+](C)(C)CCCCCNCCCCC[N+](C)(C)CCCCCCCCCCCCCCCC.[Br-].[Br-],1.0034154092558811
all Q-HERO,MolFormer (raw),CCCCCCCCCCCC[N+](C)(C)CCCNCCC[N+](C)(C)CCCCCCCCCCCC.[Br-].[Br-],0.25233685935531014
all Q-HERO,MolFormer (raw),CCCCCCCCCCCC[N+](C)(C)CCCNCCCN(C)C.[Br-],0.35050823613753934
all Q-HERO,MolFormer (raw),CCCCCCCCCCCC[N+](C)(C)CCCNCCC[N+](C)(C)CCC.[Br-].[Br-],0.9247824970397966
all Q-HERO,MolFormer (raw),CCCCCCCCCCCC[N+](C)(C)CCCCCCCNCCCCCCC[N+](C)(C)CCCCCCCCCCCC.[Br-].[Br-],1.0881918446523289
all Q-HERO,MolFormer (raw),CCCCCCCCCCC[N+](CC)(CC)c1ccc(N(c2ccc(N(CC)CC)cc2)c2ccc(N(CC)CC)cc2)cc1.[I-],0.2114760946584986
all Q-HERO,MolFormer (raw),CCCCCCCCCCCC[N+](CC)(CC)c1ccc(N(c2ccc(N(CC)CC)cc2)c2ccc(N(CC)CC)cc2)cc1.[I-],0.7453027521482376
all Q-HERO,MolFormer (raw),CCCCCCCCCCCCCC[N+](CC)(CC)c1ccc(N(c2ccc(N(CC)CC)cc2)c2ccc(N(CC)CC)cc2)cc1.[I-],1.7414915384862801
all Q-HERO,MolFormer (raw),CCCCCCCCCCCCCCCC[N+](CC)(CC)c1ccc(N(c2ccc(N(CC)CC)cc2)c2ccc(N(CC)CC)cc2)cc1.[I-],0.8770367550552414
all Q-HERO,MolFormer (raw),CCCCCCCCCCCCCCCCCC[N+](CC)(CC)c1ccc(N(c2ccc(N(CC)CC)cc2)c2ccc(N(CC)CC)cc2)cc1.[I-],1.1506739368445058
all Q-HERO,MolFormer (raw),CCCCCCCCCC[N+](CC)(CC)c1ccc(N(c2ccc([N+](C)(CC)CC)cc2)c2ccc([N+](C)(CC)CC)cc2)cc1.[I-].[I-].[I-],1.2237252701153132
all Q-HERO,MolFormer (raw),CCCCCCCCCCC[N+](CC)(CC)c1ccc(N(c2ccc([N+](C)(CC)CC)cc2)c2ccc([N+](C)(CC)CC)cc2)cc1.[I-].[I-].[I-],2.042278000080529
all Q-HERO,MolFormer (raw),CCCCCCCCCCCC[N+](CC)(CC)c1ccc(N(c2ccc([N+](C)(CC)CC)cc2)c2ccc([N+](C)(CC)CC)cc2)cc1.[I-].[I-].[I-],1.8891608113223617
all Q-HERO,MolFormer (raw),CCCCCCCCCCCCCC[N+](CC)(CC)c1ccc(N(c2ccc([N+](C)(CC)CC)cc2)c2ccc([N+](C)(CC)CC)cc2)cc1.[I-].[I-].[I-],2.7978590833157293
all Q-HERO,MolFormer (raw),CCCCCCCCCCCCCCCC[N+](CC)(CC)c1ccc(N(c2ccc([N+](C)(CC)CC)cc2)c2ccc([N+](C)(CC)CC)cc2)cc1.[I-].[I-].[I-],1.450947642585815
all Q-HERO,MolFormer (raw),CCCCCCCCCCCCCCCCCC[N+](CC)(CC)c1ccc(N(c2ccc([N+](C)(CC)CC)cc2)c2ccc([N+](C)(CC)CC)cc2)cc1.[I-].[I-].[I-],2.043640179798478
all Q-HERO,MolFormer (raw),CCCCCCCCCCCCCCCCCCCC[N+](CC)(CC)c1ccc(N(c2ccc([N+](C)(CC)CC)cc2)c2ccc([N+](C)(CC)CC)cc2)cc1.[Br-].[I-].[I-],2.2043155684818814
all Q-HERO,MolFormer (raw),CCCCCCCCCC[N+](C)(C)c1ccc(C(c2ccc(N(C)C)cc2)c2ccc(N(C)C)cc2)cc1.[I-],2.7044098167408084
all Q-HERO,MolFormer (raw),CCCCCCCCCCC[N+](C)(C)c1ccc(C(c2ccc(N(C)C)cc2)c2ccc(N(C)C)cc2)cc1.[I-],3.7920171352654295
all Q-HERO,MolFormer (raw),CCCCCCCCCCCC[N+](C)(C)c1ccc(C(c2ccc(N(C)C)cc2)c2ccc(N(C)C)cc2)cc1.[I-],4.539123804788132
all Q-HERO,MolFormer (raw),CCCCCCCCCCCCCC[N+](C)(C)c1ccc(C(c2ccc(N(C)C)cc2)c2ccc(N(C)C)cc2)cc1.[I-],1.2029495604035203
all Q-HERO,MolFormer (raw),CCCCCCCCCCCCCCCC[N+](C)(C)c1ccc(C(c2ccc(N(C)C)cc2)c2ccc(N(C)C)cc2)cc1.[I-],0.3742781328582039
all Q-HERO,MolFormer (raw),CCCCCCCCCCCCCCCCCC[N+](C)(C)c1ccc(C(c2ccc(N(C)C)cc2)c2ccc(N(C)C)cc2)cc1.[I-],1.8155430245383193
all Q-HERO,MolFormer (raw),CCCCCCCCCC[N+](C)(C)c1ccc(C(c2ccc([N+](C)(C)C)cc2)c2ccc([N+](C)(C)C)cc2)cc1.[I-].[I-].[I-],0.40899323875782745
all Q-HERO,MolFormer (raw),CCCCCCCCCCC[N+](C)(C)c1ccc(C(c2ccc([N+](C)(C)C)cc2)c2ccc([N+](C)(C)C)cc2)cc1.[I-].[I-].[I-],0.39526127399718947
all Q-HERO,MolFormer (raw),CCCCCCCCCCCC[N+](C)(C)c1ccc(C(c2ccc([N+](C)(C)C)cc2)c2ccc([N+](C)(C)C)cc2)cc1.[I-].[I-].[I-],0.9568835307840078
all Q-HERO,MolFormer (raw),CCCCCCCCCCCCCC[N+](C)(C)c1ccc(C(c2ccc([N+](C)(C)C)cc2)c2ccc([N+](C)(C)C)cc2)cc1.[I-].[I-].[I-],0.3533218599818744
all Q-HERO,MolFormer (raw),CCCCCCCCCCCCCCCC[N+](C)(C)c1ccc(C(c2ccc([N+](C)(C)C)cc2)c2ccc([N+](C)(C)C)cc2)cc1.[I-].[I-].[I-],2.398522977452265
all Q-HERO,MolFormer (raw),CCCCCCCCCCCCCCCCCC[N+](C)(C)c1ccc(C(c2ccc([N+](C)(C)C)cc2)c2ccc([N+](C)(C)C)cc2)cc1.[I-].[I-].[I-],2.206439705885308
all Q-HERO,MolFormer (raw),CCCCCCCCCC[N+](C)(C)c1ccc(C(c2ccccc2)c2ccc(N(C)C)cc2)cc1.[I-],2.7435779929628064
all Q-HERO,MolFormer (raw),CCCCCCCCCCCCCC[N+](C)(C)c1ccc(C(c2ccccc2)c2ccc(N(C)C)cc2)cc1.[I-],1.1941781198371921
all Q-HERO,MolFormer (raw),CCCCCCCCCCCCCCCC[N+](C)(C)c1ccc(C(c2ccccc2)c2ccc(N(C)C)cc2)cc1.[I-],0.24855040583917942
all Q-HERO,MolFormer (raw),CCCCCCCCCCCCCCCCCC[N+](C)(C)c1ccc(C(c2ccccc2)c2ccc(N(C)C)cc2)cc1.[I-],1.0232944425796182
all Q-HERO,MolFormer (raw),CCCCCCCCCC[N+](C)(C)c1ccc(C(c2ccccc2)c2ccc([N+](C)(C)C)cc2)cc1.[I-].[I-],1.4754657261981339
all Q-HERO,MolFormer (raw),CCCCCCCCCCC[N+](C)(C)c1ccc(C(c2ccccc2)c2ccc([N+](C)(C)C)cc2)cc1.[I-].[I-],2.234037998893062
all Q-HERO,MolFormer (raw),CCCCCCCCCCCC[N+](C)(C)c1ccc(C(c2ccccc2)c2ccc([N+](C)(C)C)cc2)cc1.[I-].[I-],3.0663194327544945
all Q-HERO,MolFormer (raw),CCCCCCCCCCCCCC[N+](C)(C)c1ccc(C(c2ccccc2)c2ccc([N+](C)(C)C)cc2)cc1.[I-].[I-],3.244550338792547
all Q-HERO,MolFormer (raw),CCCCCCCCCCCCCCCC[N+](C)(C)c1ccc(C(c2ccccc2)c2ccc([N+](C)(C)C)cc2)cc1.[I-].[I-],3.1991737285834003
all Q-HERO,MolFormer (raw),CCCCCCCCCCCCCCCCCC[N+](C)(C)c1ccc(C(c2ccccc2)c2ccc([N+](C)(C)C)cc2)cc1.[I-].[I-],3.226673914664744
all Q-HERO,MolFormer (raw),CCCCCCCCCC[N+](C)(C)c1ccc(C(c2ccccc2)c2ccc([N+](C)(C)CCCCCCCCCC)cc2)cc1.[I-].[I-],2.9281341933036478
all Q-HERO,MolFormer (raw),CCCCCCCCCCC[N+](C)(C)c1ccc(C(c2ccccc2)c2ccc([N+](C)(C)CCCCCCCCCCC)cc2)cc1.[I-].[I-],2.9365976462409127
all Q-HERO,MolFormer (raw),CCCCCCCCCCCC[N+](C)(C)c1ccc(C(c2ccccc2)c2ccc([N+](C)(C)CCCCCCCCCCCC)cc2)cc1.[I-].[I-],2.1933805951689123
all Q-HERO,MolFormer (raw),CCCCCCCCCCCCCC[N+](C)(C)c1ccc(C(c2ccccc2)c2ccc([N+](C)(C)CCCCCCCCCCCCCC)cc2)cc1.[I-].[I-],0.686132376693362
all Q-HERO,MolFormer (raw),CCCCCCCCCCCCCCCC[N+](C)(C)c1ccc(C(c2ccccc2)c2ccc([N+](C)(C)CCCCCCCCCCCCCCCC)cc2)cc1.[I-].[I-],1.7337371038905345
all Q-HERO,MolFormer (raw),CCCCCCCCCCCCCCCCCC[N+](C)(C)c1ccc(C(c2ccccc2)c2ccc([N+](C)(C)CCCCCCCCCCCCCCCCCC)cc2)cc1.[I-].[I-],1.122417997361273
all Q-HERO,MolFormer (raw),CCCCCCCCCCN(C)c1ccc(C(c2ccccc2)c2ccc([N+](C)(C)CCCCCCCCCC)cc2)cc1.[I-],1.5853301089322198
all Q-HERO,MolFormer (raw),CCCCCCCCCCCN(C)c1ccc(C(c2ccccc2)c2ccc([N+](C)(C)CCCCCCCCCCC)cc2)cc1.[I-],1.1911677091993234
all Q-HERO,MolFormer (raw),CCCCCCCCCCCCN(C)c1ccc(C(c2ccccc2)c2ccc([N+](C)(C)CCCCCCCCCCCC)cc2)cc1.[I-],2.338867646253898
all Q-HERO,MolFormer (raw),CCCCCCCCCCCCCCN(C)c1ccc(C(c2ccccc2)c2ccc([N+](C)(C)CCCCCCCCCCCCCC)cc2)cc1.[I-],5.184836706443585
all Q-HERO,MolFormer (raw),CCCCCCCCCCCCCCCCN(C)c1ccc(C(c2ccccc2)c2ccc([N+](C)(C)CCCCCCCCCCCCCCCC)cc2)cc1.[I-],1.3906008943813346
all Q-HERO,MolFormer (raw),CCCCCCCCCCCCCCCCCCN(C)c1ccc(C(c2ccccc2)c2ccc([N+](C)(C)CCCCCCCCCCCCCCCCCC)cc2)cc1.[I-],4.286179620553905
all Q-HERO,MolFormer (raw),CCCCCCCC[n+]1ccc(CCCc2cc[n+](CCCCCCCC)cc2)cc1.[Br-].[Br-],1.1595488126634685
all Q-HERO,MolFormer (raw),CCCCCCCCCC[n+]1ccc(CCCc2cc[n+](CCCCCCCCCC)cc2)cc1.[Br-].[Br-],1.3709852775622382
all Q-HERO,MolFormer (raw),CCCCCCCCCCC[n+]1ccc(CCCc2cc[n+](CCCCCCCCCCC)cc2)cc1.[Br-].[Br-],2.0401949183501165
all Q-HERO,MolFormer (raw),CCCCCCCCCCCC[n+]1ccc(CCCc2cc[n+](CCCCCCCCCCCC)cc2)cc1.[Br-].[Br-],2.8732485138148514
all Q-HERO,MolFormer (raw),CCCCCCCCCCCCC[n+]1ccc(CCCc2cc[n+](CCCCCCCCCCCCC)cc2)cc1.[Br-].[Br-],3.2903348292449452
all Q-HERO,MolFormer (raw),CCCCCCCCCCCCCC[n+]1ccc(CCCc2cc[n+](CCCCCCCCCCCCCC)cc2)cc1.[Br-].[Br-],0.979330005538952
all Q-HERO,MolFormer (raw),CCCCCCCCCCCCCCCC[n+]1ccc(CCCc2cc[n+](CCCCCCCCCCCCCCCC)cc2)cc1.[Br-].[Br-],0.08245485650736306
all Q-HERO,MolFormer (raw),CCCCCCCCCCCCCCCCCC[n+]1ccc(CCCc2cc[n+](CCCCCCCCCCCCCCCCC)cc2)cc1.[Br-].[Br-],1.2619056848271388
all Q-HERO,MolFormer (raw),CCCCCCCC[n+]1cccc(CN(Cc2ccc[n+](CCCCCCCC)c2)Cc2ccc[n+](CCCCCCCC)c2)c1.[Br-].[Br-].[Br-],1.0613903992568852
all Q-HERO,MolFormer (raw),CCCCCCCCCC[n+]1cccc(CN(Cc2ccc[n+](CCCCCCCCCC)c2)Cc2ccc[n+](CCCCCCCCCC)c2)c1.[Br-].[Br-].[Br-],2.7669543522161675
all Q-HERO,MolFormer (raw),CCCCCCCCCCC[n+]1cccc(CN(Cc2ccc[n+](CCCCCCCCCCC)c2)Cc2ccc[n+](CCCCCCCCCCC)c2)c1.[Br-].[Br-].[Br-],2.706632243499655
all Q-HERO,MolFormer (raw),CCCCCCCCCCCC[n+]1cccc(CN(Cc2ccc[n+](CCCCCCCCCCCC)c2)Cc2ccc[n+](CCCCCCCCCCCC)c2)c1.[Br-].[Br-].[Br-],1.9380639420952
all Q-HERO,MolFormer (raw),CCCCCCCCCCCCC[n+]1cccc(CN(Cc2ccc[n+](CCCCCCCCCCCCC)c2)Cc2ccc[n+](CCCCCCCCCCCCC)c2)c1.[Br-].[Br-].[Br-],1.959634188346238
all Q-HERO,MolFormer (raw),CCCCCCCCCCCCCC[n+]1cccc(CN(Cc2ccc[n+](CCCCCCCCCCCCCC)c2)Cc2ccc[n+](CCCCCCCCCCCCCC)c2)c1.[Br-].[Br-].[Br-],0.5713956638683788
all Q-HERO,MolFormer (raw),CCCCCCCCCC[n+]1ccc(CN(Cc2cc[n+](CCCCCCCCCC)cc2)Cc2cc[n+](CCCCCCCCCC)cc2)cc1.[Br-].[Br-].[Br-],2.707020875188212
all Q-HERO,MolFormer (raw),CCCCCCCCCCCC[n+]1ccc(CN(Cc2cc[n+](CCCCCCCCCCCC)cc2)Cc2cc[n+](CCCCCCCCCCCC)cc2)cc1.[Br-].[Br-].[Br-],0.7620163488978526
all Q-HERO,MolFormer (raw),CCCCCCCCCCCCC[n+]1ccc(CN(Cc2cc[n+](CCCCCCCCCCCCC)cc2)Cc2cc[n+](CCCCCCCCCCCCC)cc2)cc1.[Br-].[Br-].[Br-],0.2389443460174192
all Q-HERO,MolFormer (raw),CCCCCCCCCOC(=O)C[n+]1ccc(CCCc2cc[n+](CC(=O)OCCCCCCCCC)cc2)cc1.[Br-].[Br-],1.1860308976050966
all Q-HERO,MolFormer (raw),CCCCCCCCCCOC(=O)C[n+]1ccc(CCCc2cc[n+](CC(=O)OCCCCCCCCCC)cc2)cc1.[Br-].[Br-],0.16892972582110932
all Q-HERO,MolFormer (raw),CCCCCCCCCCCCOC(=O)C[n+]1ccc(CCCc2cc[n+](CC(=O)OCCCCCCCCCCCC)cc2)cc1.[Br-].[Br-],2.0530899408324323
all Q-HERO,MolFormer (raw),CCCCCCCCOC(=O)C[n+]1ccc(CN(Cc2cc[n+](CC(=O)OCCCCCCCC)cc2)Cc2cc[n+](CC(=O)OCCCCCCCC)cc2)cc1.[Br-].[Br-].[Br-],0.3625050779308032
all Q-HERO,MolFormer (raw),CCCCCCCCCOC(=O)C[n+]1ccc(CN(Cc2cc[n+](CC(=O)OCCCCCCCCC)cc2)Cc2cc[n+](CC(=O)OCCCCCCCCC)cc2)cc1.[Br-].[Br-].[Br-],0.564044152887762
all Q-HERO,MolFormer (raw),CCCCCCCCCCOC(=O)C[n+]1ccc(CN(Cc2cc[n+](CC(=O)OCCCCCCCCCC)cc2)Cc2cc[n+](CC(=O)OCCCCCCCCCC)cc2)cc1.[Br-].[Br-].[Br-],1.016381227431559
all Q-HERO,MolFormer (raw),CCCCCCCCCCCCOC(=O)C[n+]1ccc(CN(Cc2cc[n+](CC(=O)OCCCCCCCCCCCC)cc2)Cc2cc[n+](CC(=O)OCCCCCCCCCCCC)cc2)cc1.[Br-].[Br-].[Br-],0.11114925831323275
all Q-HERO,MolFormer (raw),CCCCCCCCCCCCOC(=O)C[N+](C)(C)Cc1ccccc1.[Br-],2.1102353534498755
all Q-HERO,MolFormer (raw),CCCCCCCCCCCCCCOC(=O)C[N+](C)(C)Cc1ccccc1.[Br-],2.2714630242171236
all Q-HERO,MolFormer (raw),CCCCCCCCOC(=O)C[N+](C)(C)CC[N+](C)(C)CC(=O)OCCCCCCCC.[Br-].[Br-],2.4609017040460266
all Q-HERO,MolFormer (raw),CCCCCCCCCOC(=O)C[N+](C)(C)CC[N+](C)(C)CC(=O)OCCCCCCCCC.[Br-].[Br-],1.188137799150339
all Q-HERO,MolFormer (raw),CCCCCCCCCCOC(=O)C[N+](C)(C)CC[N+](C)(C)CC(=O)OCCCCCCCCCC.[Br-].[Br-],0.010202743584079688
all Q-HERO,MolFormer (raw),CCCCCCCCCCCCOC(=O)C[N+](C)(C)CC[N+](C)(C)CC(=O)OCCCCCCCCCCCC.[Br-].[Br-],2.4407253201429455
all Q-HERO,MolFormer (raw),CCCCCCCOC(=O)C[N+](C)(C)CCC[N+](C)(CCC[N+](C)(C)CC(=O)OCCCCCCC)CC(=O)OCCCCCCC.[Br-].[Br-].[Br-],3.4744622630269193
all Q-HERO,MolFormer (raw),CCCCCCCCOC(=O)C[N+](C)(C)CCC[N+](C)(CCC[N+](C)(C)CC(=O)OCCCCCCCC)CC(=O)OCCCCCCCC.[Br-].[Br-].[Br-],1.5785712515149435
all Q-HERO,MolFormer (raw),CCCCCCCCCOC(=O)C[N+](C)(C)CCC[N+](C)(CCC[N+](C)(C)CC(=O)OCCCCCCCCC)CC(=O)OCCCCCCCCC.[Br-].[Br-].[Br-],0.5899900330254422
all Q-HERO,MolFormer (raw),CCCCCCCCCCOC(=O)C[N+](C)(C)CCC[N+](C)(CCC[N+](C)(C)CC(=O)OCCCCCCCCCC)CC(=O)OCCCCCCCCCC.[Br-].[Br-].[Br-],0.27524675363904993
all Q-HERO,MolFormer (raw),CCCCCCCCCCCCOC(=O)C[N+](C)(C)CCC[N+](C)(CCC[N+](C)(C)CC(=O)OCCCCCCCCCCCC)CC(=O)OCCCCCCCCCCCC.[Br-].[Br-].[Br-],0.0632046231867216
all Q-HERO,MolFormer (raw),CCCCCCCCCCCCCCOC(=O)C[N+](C)(C)CCC[N+](C)(CCC[N+](C)(C)CC(=O)OCCCCCCCCCCCCCC)CC(=O)OCCCCCCCCCCCCCC.[Br-].[Br-].[Br-],4.021368138152868
all Q-HERO,MolFormer (raw),CCCCCCCCCOC(=O)C[N+](C)(C)CCN1CC[N+](C)(CC(=O)OCCCCCCCCC)CC1.[Br-].[Br-],0.06567788732898316
all Q-HERO,MolFormer (raw),CCCCCCCCCCOC(=O)C[N+](C)(C)CCN1CC[N+](C)(CC(=O)OCCCCCCCCCC)CC1.[Br-].[Br-],1.1741579393609163
all Q-HERO,MolFormer (raw),CCCCCCCCCCCCOC(=O)C[N+](C)(C)CCN1CC[N+](C)(CC(=O)OCCCCCCCCCCCC)CC1.[Br-].[Br-],0.7155384222620018
all Q-HERO,MolFormer (raw),CCCCCCCCOC(=O)C[N+](C)(C)CCCN(CCC[N+](C)(C)CC(=O)OCCCCCCCC)CCC[N+](C)(C)CC(=O)OCCCCCCCC.[Br-].[Br-].[Br-],0.3872163410540501
all Q-HERO,MolFormer (raw),CCCCCCCCCOC(=O)C[N+](C)(C)CCCN(CCC[N+](C)(C)CC(=O)OCCCCCCCCC)CCC[N+](C)(C)CC(=O)OCCCCCCCCC.[Br-].[Br-].[Br-],0.6552207581048699
all Q-HERO,MolFormer (raw),CCCCCCCCCCOC(=O)C[N+](C)(C)CCCN(CCC[N+](C)(C)CC(=O)OCCCCCCCCCC)CCC[N+](C)(C)CC(=O)OCCCCCCCCCC.[Br-].[Br-].[Br-],0.431854697598125
all Q-HERO,MolFormer (raw),CCCCCCCCCCCCCCOC(=O)C[N+](C)(C)CCCN(CCC[N+](C)(C)CC(=O)OCCCCCCCCCCCCCC)CCC[N+](C)(C)CC(=O)OCCCCCCCCCCCCCC.[Br-].[Br-].[Br-],5.221360258911299
all Q-HERO,MolFormer (raw),CCCCCCCCCCNC(=O)C[N+](C)(C)Cc1ccccc1.[Br-],0.7656729260742416
all Q-HERO,MolFormer (raw),CCCCCCCCCCCCCNC(=O)C[N+](C)(C)CC[N+](C)(C)CC(=O)NCCCCCCCCCCCCC.[Br-].[Br-],1.9705056660641591
all Q-HERO,MolFormer (raw),CCCCCCCCCCNC(=O)C[N+](C)(C)CCC[N+](C)(CCC[N+](C)(C)CC(=O)NCCCCCCCCCC)CC(=O)NCCCCCCCCCC.[Br-].[Br-].[Br-],1.2342497523335383
all Q-HERO,MolFormer (raw),CCCCCCCCCCNC(=O)C[N+](C)(C)CCN1CC[N+](C)(CC(=O)NCCCCCCCCCC)CC1.[Br-].[Br-],2.241476349784446
all Q-HERO,MolFormer (raw),CCCCCCCCCCNC(=O)C[N+](C)(C)CCCN(CCC[N+](C)(C)CC(=O)NCCCCCCCCCC)CCC[N+](C)(C)CC(=O)NCCCCCCCCCC.[Br-].[Br-].[Br-],1.256939859168441
all Q-HERO,MolFormer (raw),CCCCCCCCCC[N+](C)(C)CCCN(C)CCC[N+](C)(C)CCCCCCCCCC.[Cl-].[Cl-],0.011537862504728658
all Q-HERO,MolFormer (raw),CCCCCCCCCCC[N+](C)(C)CCCN(C)CCC[N+](C)(C)CCCCCCCCCCC.[Cl-].[Cl-],1.368964190459315
all Q-HERO,MolFormer (raw),CCCCCCCCCCCC[N+](C)(C)CCCN(C)CCC[N+](C)(C)CCCCCCCCCCCC.[Cl-].[Cl-],0.3109059006313666
all Q-HERO,MolFormer (raw),CCCCCCCCCCCCCC[N+](C)(C)CCCN(C)CCC[N+](C)(C)CCCCCCCCCCCCCC.[Cl-].[Cl-],0.48518664485242646
all Q-HERO,MolFormer (raw),CCCCCCCCCCCC[N+](C)(C)CCN(C)CCN(C)CC[N+](C)(C)CCCCCCCCCCCC.[Cl-].[Cl-],1.8459335545284217
all Q-HERO,MolFormer (raw),C=CC[N+](C)(CCC[N+](C)(C)CCCCCCCCCCCC)CCC[N+](C)(C)CCCCCCCCCCCC.[Br-].[Cl-].[Cl-],1.4629502908138738
all Q-HERO,MolFormer (raw),CCCCCCCCCCCC[N+](C)(C)CCC[N+](C)(CCC[N+](C)(C)CCCCCCCCCCCC)Cc1ccccc1.[Br-].[Cl-].[Cl-],0.33732246051548975
all Q-HERO,MolFormer (raw),CCCCCCCCCC[N+](C)(C)CCN1CC[N+](C)(CCCCCCCCCC)CC1.[Cl-].[Cl-],0.12261560515822745
all Q-HERO,MolFormer (raw),CCCCCCCCCCC[N+](C)(C)CCN1CC[N+](C)(CCCCCCCCCCC)CC1.[Cl-].[Cl-],1.8762297267242474
all Q-HERO,MolFormer (raw),CCCCCCCCCCCCCC[N+](C)(C)CCN1CC[N+](C)(CCCCCCCCCCCCCC)CC1.[Cl-].[Cl-],1.5314541772220918
all Q-HERO,MolFormer (raw),CCCCCCCCCCC[N+](C)(C)CCN(CC[N+](C)(C)CCCCCCCCCCC)CC[N+](C)(C)CCCCCCCCCCC.[Cl-].[Cl-].[Cl-],3.6824483120797247
all Q-HERO,MolFormer (raw),CCCCCCCCCC[N+](C)(C)CCCN(CCC[N+](C)(C)CCCCCCCCCC)CCC[N+](C)(C)CCCCCCCCCC.[Cl-].[Cl-].[Cl-],0.005033130839189104
all Q-HERO,MolFormer (raw),CCCCCCCCCCC[N+](C)(C)CCCN(CCC[N+](C)(C)CCCCCCCCCCC)CCC[N+](C)(C)CCCCCCCCCCC.[Cl-].[Cl-].[Cl-],1.0287654185069262
all Q-HERO,MolFormer (raw),CCCCCCCCCC[n+]1cccc(CN(Cc2ccc[n+](CCCCCCCCCC)c2)CC2CC[N+](C)(CCCCCCCCCC)CC2)c1.[Br-].[Br-].[Br-],2.5441566020371207
all Q-HERO,MolFormer (raw),CCCCCCCCCCC[n+]1cccc(CN(Cc2ccc[n+](CCCCCCCCCCC)c2)CC2CC[N+](C)(CCCCCCCCCCC)CC2)c1.[Br-].[Br-].[Br-],2.4505587073294537
all Q-HERO,MolFormer (raw),CCCCCCCCCCCC[n+]1cccc(CN(Cc2ccc[n+](CCCCCCCCCCCC)c2)CC2CC[N+](C)(CCCCCCCCCCCC)CC2)c1.[Br-].[Br-].[Br-],1.2522482185566053
all Q-HERO,MolFormer (raw),CCCCCCCCCCCC[N+](C)(C)Cc1cccnc1.[I-],4.191450828791066
all Q-HERO,MolFormer (raw),CCCCCCCCCCCCCCCC[N+](C)(C)Cc1cccnc1.[I-],0.7756913711600446
all Q-HERO,MolFormer (raw),CCCCCCCCCC[n+]1cccc(C[N+](C)(C)CCCCCCCCCC)c1.[Br-].[Br-],0.6137654033818722
all Q-HERO,MolFormer (raw),CCCCCCCCCCC[n+]1cccc(C[N+](C)(C)CCCCCCCCCCC)c1.[Br-].[Br-],0.5515428847985142
all Q-HERO,MolFormer (raw),CCCCCCCCCCCC[n+]1cccc(C[N+](C)(C)CCCCCCCCCCCC)c1.[Br-].[Br-],0.17464613082004576
all Q-HERO,MolFormer (raw),CCCCCCCCCCCCC[n+]1cccc(C[N+](C)(C)CCCCCCCCCCCCC)c1.[Br-].[Br-],0.17354663078011767
all Q-HERO,MolFormer (raw),CCCCCCCCCCCCCC[n+]1cccc(C[N+](C)(C)CCCCCCCCCCCCCC)c1.[Br-].[Br-],0.4160528295268313
all Q-HERO,MolFormer (raw),CCCCCCCCCCCCCCCC[n+]1cccc(C[N+](C)(C)CCCCCCCCCCCCCCCC)c1.[Br-].[Br-],0.9101304160816666
all Q-HERO,MolFormer (raw),CCCCCCCCCC[N+](C)(C)Cc1ccc[n+](CC(=O)NCCCCCCCC)c1.[Br-].[I-],0.09476323696929145
all Q-HERO,MolFormer (raw),CCCCCCCCCC[N+](C)(C)Cc1ccc[n+](CC(=O)NCCCCCCCCC)c1.[Br-].[I-],0.04465858820805635
all Q-HERO,MolFormer (raw),CCCCCCCCCCNC(=O)C[n+]1cccc(C[N+](C)(C)CCCCCCCCCC)c1.[Br-].[I-],0.3083095326031926
all Q-HERO,MolFormer (raw),CCCCCCCCCCCCNC(=O)C[n+]1cccc(C[N+](C)(C)CCCCCCCCCC)c1.[Br-].[I-],0.138349829561627
all Q-HERO,MolFormer (raw),CCCCCCCCCCCC[N+](C)(C)Cc1ccc[n+](CC(=O)NCCCCCCCC)c1.[Br-].[I-],0.24767603795529536
all Q-HERO,MolFormer (raw),CCCCCCCCCCCC[N+](C)(C)Cc1ccc[n+](CC(=O)NCCCCCCCCC)c1.[Br-].[I-],0.302985003687412
all Q-HERO,MolFormer (raw),CCCCCCCCCCCC[N+](C)(C)Cc1ccc[n+](CC(=O)NCCCCCCCCCC)c1.[Br-].[I-],1.1096212770172063
all Q-HERO,MolFormer (raw),CCCCCCCCCCCCNC(=O)C[n+]1cccc(C[N+](C)(C)CCCCCCCCCCCC)c1.[Br-].[I-],0.41913475010268053
all Q-HERO,MolFormer (raw),CCCCCCCCCCCCCC[N+](C)(C)Cc1ccc[n+](CC(=O)NCCCCCCCC)c1.[Br-].[I-],0.2434527106161255
all Q-HERO,MolFormer (raw),CCCCCCCCCCCCCC[N+](C)(C)Cc1ccc[n+](CC(=O)NCCCCCCCCC)c1.[Br-].[I-],0.08710201439649679
all Q-HERO,MolFormer (raw),CCCCCCCCCCCCCC[N+](C)(C)Cc1ccc[n+](CC(=O)NCCCCCCCCCC)c1.[Br-].[I-],0.8530912168731026
all Q-HERO,MolFormer (raw),CCCCCCCCCCCCCC[N+](C)(C)Cc1ccc[n+](CC(=O)NCCCCCCCCCCCC)c1.[Br-].[I-],1.7690115933991886
all Q-HERO,MolFormer (raw),CCCCCCCCCCCCCCCC[N+](C)(C)Cc1ccc[n+](CC(=O)NCCCCCCCC)c1.[Br-].[I-],0.7478075878248729
all Q-HERO,MolFormer (raw),CCCCCCCCCCCCCCCC[N+](C)(C)Cc1ccc[n+](CC(=O)NCCCCCCCCC)c1.[Br-].[I-],0.6488854751105579
all Q-HERO,MolFormer (raw),CCCCCCCCCCCCCCCC[N+](C)(C)Cc1ccc[n+](CC(=O)NCCCCCCCCCC)c1.[Br-].[I-],0.6162625008039815
all Q-HERO,MolFormer (raw),CCCCCCCCCC[N@+]1(C)CC[N@@+](C)(CCCCCCCCCC)CC1.[Br-].[Br-],0.1853488339481686
all Q-HERO,MolFormer (raw),CCCCCCCCCCC[N@+]1(C)CC[N@@+](C)(CCCCCCCCCCC)CC1.[Br-].[Br-],0.8648384022764741
all Q-HERO,MolFormer (raw),CCCCCCCCCCCC[N@+]1(C)CC[N@@+](C)(CCCCCCCCCCCC)CC1.[Br-].[Br-],0.8770393245599113
all Q-HERO,MolFormer (raw),CCCCCCCCCCCC[N@+]1(C)CC[N@@+](C)(CCCCCCCCCCCC)CC1.[Br-].[Cl-],1.8040949552931336
all Q-HERO,MolFormer (raw),CCCCCCCCCCCCC[N@+]1(C)CC[N@@+](C)(CCCCCCCCCCCCC)CC1.[Br-].[Br-],0.12866933556184756
all Q-HERO,MolFormer (raw),CCCCCCCCCCCCCC[N@+]1(C)CC[N@@+](C)(CCCCCCCCCCCCCC)CC1.[Br-].[Br-],2.0927661260143804
all Q-HERO,MolFormer (raw),CCCCCCCCNC(=O)C[N@+]1(C)CC[N@@+](C)(CC(=O)NCCCCCCCC)CC1.[Br-].[Br-],0.8044431596785395
all Q-HERO,MolFormer (raw),CCCCCCCCCNC(=O)C[N@+]1(C)CC[N@@+](C)(CC(=O)NCCCCCCCCC)CC1.[Br-].[Br-],2.0937430991314043
all Q-HERO,MolFormer (raw),CCCCCCCCCCNC(=O)C[N@+]1(C)CC[N@@+](C)(CC(=O)NCCCCCCCCCC)CC1.[Br-].[Br-],0.870970592165051
all Q-HERO,MolFormer (raw),CCCCCCCCCCCNC(=O)C[N@+]1(C)CC[N@@+](C)(CC(=O)NCCCCCCCCCCC)CC1.[Br-].[Br-],1.1838380084478035
all Q-HERO,MolFormer (raw),CCCCCCCCCCCCNC(=O)C[N@+]1(C)CC[N@@+](C)(CC(=O)NCCCCCCCCCCCC)CC1.[Br-].[Br-],2.059600050674556
all Q-HERO,MolFormer (raw),CCCCCCCCCCCC[N+]12CC[N+](CCCCCCCCCCCC)(CC1)CC2.[Br-].[Br-],2.7042762727545746
all Q-HERO,MolFormer (raw),CCCCCCCCCNC(=O)C[N+]12CC[N+](CC(=O)NCCCCCCCCC)(CC1)CC2.[Br-].[Br-],1.7572659529323857
all Q-HERO,MolFormer (raw),CCCCCCCCCCNC(=O)C[N+]12CC[N+](CC(=O)NCCCCCCCCCC)(CC1)CC2.[Br-].[Br-],2.5970084183777424
all Q-HERO,MolFormer (raw),CCCCCCCCCC[n+]1ccc(CCc2cc[n+](CCCCCCCCCC)cc2)cc1.[Br-].[Br-],0.17060012319702644
all Q-HERO,MolFormer (raw),CCCCCCCCCCCC[n+]1ccc(CCc2cc[n+](CCCCCCCCCCCC)cc2)cc1.[Br-].[Br-],1.89345672664128
all Q-HERO,MolFormer (raw),CCCCCCCCCCCCC[n+]1ccc(CCc2cc[n+](CCCCCCCCCCCCC)cc2)cc1.[Br-].[Br-],3.3862283843610177
all Q-HERO,MolFormer (raw),CCCCCCCC[n+]1ccc(/C=C/c2cc[n+](CCCCCCCC)cc2)cc1.[Br-].[Br-],2.748478772861673
all Q-HERO,MolFormer (raw),CCCCCCCCCCC[n+]1ccc(/C=C/c2cc[n+](CCCCCCCCCCC)cc2)cc1.[Br-].[Br-],0.7809736649266439
all Q-HERO,MolFormer (raw),CCCCCCCCCCCC[n+]1ccc(/C=C/c2cc[n+](CCCCCCCCCCCC)cc2)cc1.[Br-].[Br-],2.1411259049116316
all Q-HERO,MolFormer (raw),CCCCCCCCCNC(=O)C[n+]1ccc(CCc2cc[n+](CC(=O)NCCCCCCCCC)cc2)cc1.[Br-].[Br-],0.6526361110689605
all Q-HERO,MolFormer (raw),CCCCCCCCCCNC(=O)C[n+]1ccc(CCc2cc[n+](CC(=O)NCCCCCCCCCC)cc2)cc1.[Br-].[Br-],0.8421473746232357
all Q-HERO,MolFormer (raw),CCCCCCCCCCCNC(=O)C[n+]1ccc(CCc2cc[n+](CC(=O)NCCCCCCCCCCC)cc2)cc1.[Br-].[Br-],0.31798175568394216
all Q-HERO,MolFormer (raw),CCCCCCCCNC(=O)C[n+]1ccc(/C=C/c2cc[n+](CC(=O)NCCCCCCCC)cc2)cc1.[Br-].[Br-],0.1264547430395475
all Q-HERO,MolFormer (raw),CCCCCCCCCNC(=O)C[n+]1ccc(/C=C/c2cc[n+](CC(=O)NCCCCCCCCC)cc2)cc1.[Br-].[Br-],0.37461753846596824
all Q-HERO,MolFormer (raw),CCCCCCCCCCNC(=O)C[n+]1ccc(/C=C/c2cc[n+](CC(=O)NCCCCCCCCCC)cc2)cc1.[Br-].[Br-],2.260630463891976
all Q-HERO,MolFormer (raw),CCCCCCCCNC(=O)C[n+]1ccc(C#Cc2cc[n+](CC(=O)NCCCCCCCC)cc2)cc1.[Br-].[Br-],2.412515365092748
all Q-HERO,MolFormer (raw),CCCCCCCCCNC(=O)C[n+]1ccc(C#Cc2cc[n+](CC(=O)NCCCCCCCCC)cc2)cc1.[Br-].[Br-],3.424724478056892
all Q-HERO,MolFormer (raw),CCCCCCCCCC[N+](C)(C)Cc1cc(OC)cc(OC)c1.[Br-],0.5708910702443655
all Q-HERO,MolFormer (raw),CCCCCCCCCCCCCC[N+](C)(C)Cc1cc(OC)cc(OC)c1.[Br-],1.786456381725874
all Q-HERO,MolFormer (raw),CCCCCCCCCCCCCCCC[N+](C)(C)Cc1cc(OC)cc(OC)c1.[Br-],1.5970897498224645
all Q-HERO,MolFormer (raw),CCCCCCCCCC[N+](C)(C)Cc1ccc(C[N+](C)(C)CCCCCCCCCC)cc1.[Cl-].[Cl-],0.616258749713775
all Q-HERO,MolFormer (raw),CCCCCCCCCCCC[N+](C)(C)Cc1ccc(C[N+](C)(C)CCCCCCCCCCCC)cc1.[Cl-].[Cl-],0.4832861081446468
all Q-HERO,MolFormer (raw),CCCCCCCCCCCCC[N+](C)(C)Cc1ccc(C[N+](C)(C)CCCCCCCCCCCCC)cc1.[Cl-].[Cl-],0.18377194398683483
all Q-HERO,MolFormer (raw),CCCCCCCCCCCCCC[N+](C)(C)Cc1ccc(C[N+](C)(C)CCCCCCCCCCCCCC)cc1.[Cl-].[Cl-],0.9913261977426482
all Q-HERO,MolFormer (raw),CCCCCCCCCC[N+](C)(C)Cc1cccc(C[N+](C)(C)CCCCCCCCCC)c1.[Cl-].[Cl-],0.4835956461997385
all Q-HERO,MolFormer (raw),CCCCCCCCCCCC[N+](C)(C)Cc1cccc(C[N+](C)(C)CCCCCCCCCCCC)c1.[Cl-].[Cl-],0.27209138025996515
all Q-HERO,MolFormer (raw),CCCCCCCCCCCCC[N+](C)(C)Cc1cccc(C[N+](C)(C)CCCCCCCCCCCCC)c1.[Cl-].[Cl-],1.0969888311858882
all Q-HERO,MolFormer (raw),CCCCCCCCCCCCCC[N+](C)(C)Cc1cccc(C[N+](C)(C)CCCCCCCCCCCCCC)c1.[Cl-].[Cl-],2.1607726398588234
all Q-HERO,MolFormer (raw),CCCCCCCCCCCCCCCC[N+](C)(C)Cc1cccc(C[N+](C)(C)CCCCCCCCCCCCCCCC)c1.[Cl-].[Cl-],0.1905388839193014
all Q-HERO,MolFormer (raw),CCCCCCCCC[N+](C)(C)Cc1ccccc1C[N+](C)(C)CCCCCCCCC.[Cl-].[Cl-],4.260510172060148
all Q-HERO,MolFormer (raw),CCCCCCCCCC[N+](C)(C)Cc1ccccc1C[N+](C)(C)CCCCCCCCCC.[Cl-].[Cl-],1.0104040364720368
all Q-HERO,MolFormer (raw),CCCCCCCCCCCC[N+](C)(C)Cc1ccccc1C[N+](C)(C)CCCCCCCCCCCC.[Cl-].[Cl-],1.1068703164288154
all Q-HERO,MolFormer (raw),CCCCCCCCCCCCC[N+](C)(C)Cc1ccccc1C[N+](C)(C)CCCCCCCCCCCCC.[Cl-].[Cl-],0.6546736402291089
all Q-HERO,MolFormer (raw),CCCCCCCCCCCCCC[N+](C)(C)Cc1ccccc1C[N+](C)(C)CCCCCCCCCCCCCC.[Cl-].[Cl-],0.6556579345784324
all Q-HERO,MolFormer (raw),CCCCCCCCCCCCCCCC[N+](C)(C)Cc1ccccc1C[N+](C)(C)CCCCCCCCCCCCCCCC.[Cl-].[Cl-],2.268240117490991
all Q-HERO,MolFormer (raw),CCCCCCCC[N+](C)(C)Cc1cc(C[N+](C)(C)CCCCCCCC)cc(C[N+](C)(C)CCCCCCCC)c1.[Br-].[Br-].[Br-],0.7941450714557547
all Q-HERO,MolFormer (raw),CCCCCCCCC[N+](C)(C)Cc1cc(C[N+](C)(C)CCCCCCCCC)cc(C[N+](C)(C)CCCCCCCCC)c1.[Br-].[Br-].[Br-],0.9060265683262341
all Q-HERO,MolFormer (raw),CCCCCCCCCC[N+](C)(C)Cc1cc(C[N+](C)(C)CCCCCCCCCC)cc(C[N+](C)(C)CCCCCCCCCC)c1.[Br-].[Br-].[Br-],0.03578343194753009
all Q-HERO,MolFormer (raw),CCCCCCCCCCCC[N+](C)(C)Cc1cc(C[N+](C)(C)CCCCCCCCCCCC)cc(C[N+](C)(C)CCCCCCCCCCCC)c1.[Br-].[Br-].[Br-],2.1631014320598583
all Q-HERO,MolFormer (raw),CCCCCCCCCCCCC[N+](C)(C)Cc1cc(C[N+](C)(C)CCCCCCCCCCCCC)cc(C[N+](C)(C)CCCCCCCCCCCCC)c1.[Br-].[Br-].[Br-],3.8420374195665845
all Q-HERO,MolFormer (raw),CCCCCCCC[N+](C)(CCCCCCCC)Cc1ccccc1.[Cl-],0.6158861231361688
all Q-HERO,MolFormer (raw),CCCCCCCCCC[N+](C)(CCCCCCCCCC)Cc1ccccc1.[Cl-],0.9062781395621365
all Q-HERO,MolFormer (raw),CCCCCCCCCCCC[N+](C)(CCCCCCCCCCCC)Cc1ccccc1.[Cl-],0.12179545766455924
all Q-HERO,MolFormer (raw),CCCCCCCC[N+](CCCCCCCC)(CCCCCCCC)Cc1ccccc1.[Br-],1.6001005882939388
all Q-HERO,MolFormer (raw),CCCCCC[N+](C)(CCCCCC)Cc1ccc(C[N+](C)(CCCCCC)CCCCCC)cc1.[Cl-].[Cl-],4.067041500191841
all Q-HERO,MolFormer (raw),CCCCCCCC[N+](C)(CCCCCCCC)Cc1ccc(C[N+](C)(CCCCCCCC)CCCCCCCC)cc1.[Cl-].[Cl-],0.5766238420999434
all Q-HERO,MolFormer (raw),CCCCCCCCCC[N+](C)(CCCCCCCCCC)Cc1ccc(C[N+](C)(CCCCCCCCCC)CCCCCCCCCC)cc1.[Cl-].[Cl-],1.0122978251126842
all Q-HERO,MolFormer (raw),CCCCCC[N+](CCCCCC)(CCCCCC)Cc1ccc(C[N+](CCCCCC)(CCCCCC)CCCCCC)cc1.[Cl-].[Cl-],0.7654654522021906
all Q-HERO,MolFormer (raw),CCCCCCCC[N+](CCCCCCCC)(CCCCCCCC)Cc1ccc(C[N+](CCCCCCCC)(CCCCCCCC)CCCCCCCC)cc1.[Cl-].[Cl-],0.1543915278385639
all Q-HERO,MolFormer (raw),CCCCCCCC[N+](C)(CCCCCCCC)Cc1cccc(C[N+](C)(CCCCCCCC)CCCCCCCC)c1.[Cl-].[Cl-],0.5790572738342004
all Q-HERO,MolFormer (raw),CCCCCC[N+](C)(CCCCCC)Cc1cccc(C[N+](C)(CCCCCC)CCCCCC)c1.[Cl-].[Cl-],2.9138889066271685
all Q-HERO,MolFormer (raw),CCCCCCCCCC[N+](C)(CCCCCCCCCC)Cc1cccc(C[N+](C)(CCCCCCCCCC)CCCCCCCCCC)c1.[Cl-].[Cl-],1.1550189592460314
all Q-HERO,MolFormer (raw),CCCCCCCC[N+](C)(CCCCCCCC)Cc1ccccc1C[N+](C)(CCCCCCCC)CCCCCCCC.[Cl-].[Cl-],0.8200098441852455
all Q-HERO,MolFormer (raw),CCCCCCCCCCCC[N+](C)(CCCCCCCCCCCC)Cc1ccccc1C[N+](C)(CCCCCCCCCCCC)CCCCCCCCCCCC.[Cl-].[Cl-],1.5944830188692962
all Q-HERO,MolFormer (raw),CCCCCC[N+](C)(CCCCCC)Cc1cc(C[N+](C)(CCCCCC)CCCCCC)cc(C[N+](C)(CCCCCC)CCCCCC)c1.[Br-].[Br-].[Br-],0.03414152581405927
all Q-HERO,MolFormer (raw),CCCCCCCC[N+](C)(CCCCCCCC)Cc1cc(C[N+](C)(CCCCCCCC)CCCCCCCC)cc(C[N+](C)(CCCCCCCC)CCCCCCCC)c1.[Br-].[Br-].[Br-],2.5522755915952424
all Q-HERO,MolFormer (raw),CCCCCC[N+](CCCCCC)(CCCCCC)Cc1cc(C[N+](CCCCCC)(CCCCCC)CCCCCC)cc(C[N+](CCCCCC)(CCCCCC)CCCCCC)c1.[Br-].[Br-].[Br-],0.3361196353935625
unseen by expert encoder,expert (Good/Bad),CCCCCCCCCC[N+](C)(C)CCCCCCCCCC.[Cl-],0.8064003202509968
unseen by expert encoder,expert (Good/Bad),N=C(NCCCCCCNC(=N)NC(=N)Nc1ccc(Cl)cc1)NC(=N)Nc1ccc(Cl)cc1,3.694554299785117
unseen by expert encoder,expert (Good/Bad),CCCCCCCCCCCCCCOc1cccc(C[N+](C)(C)C)c1C[N+](C)(C)C.[Br-].[Br-],0.7108568069760435
unseen by expert encoder,expert (Good/Bad),CCCCCCCCCCCCCCOc1ccc(C[N+](C)(C)C)cc1C[N+](C)(C)C.[Br-].[Br-],0.8016735219140871
unseen by expert encoder,expert (Good/Bad),CCCCCCCCCCCCCCOc1cc(C[N+](C)(C)C)ccc1C[N+](C)(C)C.[Br-].[Br-],2.5705225863319074
unseen by expert encoder,expert (Good/Bad),CCCCCCCCCCCCCCCCOc1cc(C[N+](C)(C)C)ccc1C[N+](C)(C)C.[Br-].[Br-],2.5171217512815494
unseen by expert encoder,expert (Good/Bad),CCCCCCCCCCCCCCCCCCOc1cc(C[N+](C)(C)C)ccc1C[N+](C)(C)C.[Br-].[Br-],2.510106011413015
unseen by expert encoder,expert (Good/Bad),CCCCCCCCCCCCCCOc1c(C[N+](C)(C)C)cccc1C[N+](C)(C)C.[Br-].[Br-],2.130952977941465
unseen by expert encoder,expert (Good/Bad),CCCCCCCCCCCCCCOc1cc(C[N+](C)(C)C)cc(C[N+](C)(C)C)c1.[Br-].[Br-],0.2416995502746535
unseen by expert encoder,expert (Good/Bad),CCCCCCCCCCCCCCCCOc1cc(C[N+](C)(C)C)cc(C[N+](C)(C)C)c1.[Br-].[Br-],1.3143558012471683
unseen by expert encoder,expert (Good/Bad),CCCCCCCCCCOc1ccc(C[N+](C)(C)C)cc1.[Br-],1.0938461427524617
unseen by expert encoder,expert (Good/Bad),CCCCCCCCCCCC[n+]1ccc(-c2cc[n+](CCCCCCCCCCCC)cc2)cc1.[Br-].[Br-],0.4447432968762868
unseen by expert encoder,expert (Good/Bad),C[n+]1cccc(Br)c1.[Br-],1.0387069215988407
unseen by expert encoder,expert (Good/Bad),CCCCCCCCCCCC[n+]1cccc(Br)c1.[Br-],0.2673380207274154
unseen by expert encoder,expert (Good/Bad),CCCCCCCCCCCCCC[n+]1cccc(Br)c1.[Br-],0.08694586176821817
unseen by expert encoder,expert (Good/Bad),CCCCCCCCCCCCCCCC[n+]1cccc(Br)c1.[Br-],1.062354011219146
unseen by expert encoder,expert (Good/Bad),CCCCCCCCCCCC[n+]1cccc(-c2ccccc2)c1.[Br-],0.634436704261192
unseen by expert encoder,expert (Good/Bad),CCCCCCCCCCCC[n+]1cccc(-c2ccc[n+](C)c2)c1.[Br-].[Br-],4.425446378640154
unseen by expert encoder,expert (Good/Bad),CCCCCCCCCCCC[N+](C)(C)CC[N+](C)(C)CCCBr.[Br-].[Br-],2.604598325056074
unseen by expert encoder,expert (Good/Bad),C=C[C@H]1C[N@+]2(CCCCCCCCCC)CC[C@H]1C[C@H]2[C@@H](O)c1ccnc2ccc(OC)cc12.[Br-],0.4552831336191563
unseen by expert encoder,expert (Good/Bad),C=C[C@H]1C[N@+]2(CCCCCCCCCCC)CC[C@H]1C[C@H]2[C@@H](O)c1ccnc2ccc(OC)cc12.[Br-],0.6948610604287584
unseen by expert encoder,expert (Good/Bad),C=C[C@H]1C[N@+]2(CCCCCCCCCCCC)CC[C@H]1C[C@H]2[C@@H](O)c1ccnc2ccc(OC)cc12.[Br-],1.7263162796717475
unseen by expert encoder,expert (Good/Bad),C=C[C@H]1C[N@+]2(CCCCCCCCCCCCCC)CC[C@H]1C[C@H]2[C@@H](O)c1ccnc2ccc(OC)cc12.[Br-],2.7484682515300087
unseen by expert encoder,expert (Good/Bad),C=C[C@H]1C[N@+]2(CCCCCCCCCCCCCCCC)CC[C@H]1C[C@H]2[C@@H](O)c1ccnc2ccc(OC)cc12.[Br-],1.6765566448699185
unseen by expert encoder,expert (Good/Bad),C=C[C@H]1C[N@+]2(CCCCCCCCCCCCCCCCCC)CC[C@H]1C[C@H]2[C@@H](O)c1ccnc2ccc(OC)cc12.[Br-],0.5922205149692727
unseen by expert encoder,expert (Good/Bad),C=C[C@H]1C[N@+]2(CCCCCCCCCC)CC[C@H]1C[C@H]2[C@@H](O)c1cc[n+](C)c2ccc(OC)cc12.[Br-].[I-],0.8774276454459411
unseen by expert encoder,expert (Good/Bad),C=C[C@H]1C[N@+]2(CCCCCCCCCCC)CC[C@H]1C[C@H]2[C@@H](O)c1cc[n+](C)c2ccc(OC)cc12.[Br-].[I-],0.04515871409661165
unseen by expert encoder,expert (Good/Bad),C=C[C@H]1C[N@+]2(CCCCCCCCCCCC)CC[C@H]1C[C@H]2[C@@H](O)c1cc[n+](C)c2ccc(OC)cc12.[Br-].[I-],1.1713825952557029
unseen by expert encoder,expert (Good/Bad),C=C[C@H]1C[N@+]2(CCCCCCCCCCCCCC)CC[C@H]1C[C@H]2[C@@H](O)c1cc[n+](C)c2ccc(OC)cc12.[Br-].[I-],3.2753182393178415
unseen by expert encoder,expert (Good/Bad),C=C[C@H]1C[N@+]2(CCCCCCCCCCCCCCCC)CC[C@H]1C[C@H]2[C@@H](O)c1cc[n+](C)c2ccc(OC)cc12.[Br-].[I-],2.353023244124183
unseen by expert encoder,expert (Good/Bad),C=C[C@H]1C[N@+]2(CCCCCCCCCCCCCCCCCC)CC[C@H]1C[C@H]2[C@@H](O)c1cc[n+](C)c2ccc(OC)cc12.[Br-].[I-],2.333513388975023
unseen by expert encoder,expert (Good/Bad),CCCCCCCCCC[N+](C)(C)CCCN(C)CCC[N+](C)(C)CCCCCCCCCC.[Br-].[Br-],0.20924895102927588
unseen by expert encoder,expert (Good/Bad),CCCCCCCCCC[N+](C)(C)CCC[N+](C)(CC)CCC[N+](C)(C)CCCCCCCCCC.[Br-].[Br-].[Br-],0.9766044165728571
unseen by expert encoder,expert (Good/Bad),CCCCCCCCCCCC[N+](C)(C)CCC[N+](C)(CC)CCC[N+](C)(C)CCCCCCCCCCCC.[Br-].[Br-].[Br-],0.9015516127619778
unseen by expert encoder,expert (Good/Bad),CCCCCCCCCCCC[N+](C)(C)CCC[N+](C)(CCC[N+](C)(C)CCCCCCCCCCCC)Cc1ccc(CCCCCCCC)cc1.[Br-].[Br-].[Cl-],0.31423690729107645
unseen by expert encoder,expert (Good/Bad),CCCCCCCCCCCC[N+](C)(C)CCC[N+](C)(CCCCCCCCCCCS)CCC[N+](C)(C)CCCCCCCCCCCC.[Br-].[Br-].[Br-],0.03174785054755147
unseen by expert encoder,expert (Good/Bad),C=CCCCCCCCCC[N+](C)(CCC[N+](C)(C)CCCCCCCCCCCC)CCC[N+](C)(C)CCCCCCCCCCCC.[Br-].[Br-].[Br-],2.210861445272936
unseen by expert encoder,expert (Good/Bad),CCCCCCCCCCCC[N+](C)(C)CC[N+](C)(C)CCCCC[N+](C)(C)CC[N+](C)(C)CCCCCCCCCCCC.[Br-].[Br-].[I-].[I-],0.9312809028012925
unseen by expert encoder,expert (Good/Bad),CCCCCCCCCC[N+](C)(C)Cc1cc(C[n+]2ccccc2)cc(C[N+](C)(C)CCCCCCCCCC)c1.[Br-].[Br-].[Br-],1.0090609328946076
unseen by expert encoder,expert (Good/Bad),CCCCCCCCCCCC[N+](C)(C)Cc1cc(C[n+]2ccccc2)cc(C[N+](C)(C)CCCCCCCCCCCC)c1.[Br-].[Br-].[Br-],0.9810909214462169
unseen by expert encoder,expert (Good/Bad),CCCCCCCCCCCCCC[N+](C)(C)Cc1cc(C[n+]2ccccc2)cc(C[N+](C)(C)CCCCCCCCCCCCCC)c1.[Br-].[Br-].[Br-],0.038768808305135405
unseen by expert encoder,expert (Good/Bad),CCCCCCCCCC[N+](C)(C)CCN1CC[N+](C)(CCCCCCCCCC)CC1.[Br-].[Br-],1.4922320647878036
unseen by expert encoder,expert (Good/Bad),CCCCCCCCCCC[N+](C)(C)CCN1CC[N+](C)(CCCCCCCCCCC)CC1.[Br-].[Br-],2.235855453122224
unseen by expert encoder,expert (Good/Bad),CCCCCCCCCCCC[N+](C)(C)CCN1CC[N+](C)(CCCCCCCCCCCC)CC1.[Cl-].[Cl-],1.5396049430537988
unseen by expert encoder,expert (Good/Bad),CCCCCCCCCCCCC[N+](C)(C)CCN1CC[N+](C)(CCCCCCCCCCCCC)CC1.[Br-].[Br-],0.7216889827461139
unseen by expert encoder,expert (Good/Bad),CCCCCCCCCCCCCC[N+](C)(C)CCN1CC[N+](C)(CCCCCCCCCCCCCC)CC1.[Br-].[Br-],1.9077755199896544
unseen by expert encoder,expert (Good/Bad),CCCCCCCCCC[N+]1(C)CCN(C)CCN(C)CC1.[Br-],3.276740507973145
unseen by expert encoder,expert (Good/Bad),CCCCCCCCCCC[N+]1(C)CCN(C)CCN(C)CC1.[Br-],1.7205688111333133
unseen by expert encoder,expert (Good/Bad),CCCCCCCCCCCC[N+]1(C)CCN(C)CCN(C)CC1.[Br-],0.3044395275369767
unseen by expert encoder,expert (Good/Bad),CCCCCCCCCCCCC[N+]1(C)CCN(C)CCN(C)CC1.[Br-],1.2001055140063592
unseen by expert encoder,expert (Good/Bad),CCCCCCCCCCCCCC[N+]1(C)CCN(C)CCN(C)CC1.[Br-],2.5402180284710743
unseen by expert encoder,expert (Good/Bad),CCCCCCCCCC[N+]1(C)CC[N+](C)(C)CC[N+](C)(C)CC1.[Br-].[I-].[I-],4.355754463399757
unseen by expert encoder,expert (Good/Bad),CCCCCCCCCCC[N+]1(C)CC[N+](C)(C)CC[N+](C)(C)CC1.[Br-].[I-].[I-],4.901650443511181
unseen by expert encoder,expert (Good/Bad),CCCCCCCCCCCC[N+]1(C)CC[N+](C)(C)CC[N+](C)(C)CC1.[Br-].[I-].[I-],2.7689488839930174
unseen by expert encoder,expert (Good/Bad),CCCCCCCCCCCCC[N+]1(C)CC[N+](C)(C)CC[N+](C)(C)CC1.[Br-].[I-].[I-],0.7273490028787646
unseen by expert encoder,expert (Good/Bad),CCCCCCCCCCCCCC[N+]1(C)CC[N+](C)(C)CC[N+](C)(C)CC1.[Br-].[I-].[I-],0.24499477390687474
unseen by expert encoder,expert (Good/Bad),CCCCCCCC[N+](C)(C)CCN(CC[N+](C)(C)CCCCCCCC)CC[N+](C)(C)CCCCCCCC.[Br-].[Br-].[Br-],1.1786184001914866
unseen by expert encoder,expert (Good/Bad),CCCCCCCCCCCC[N+](C)(C)CCN(CC[N+](C)(C)CCCCCCCCCCCC)CC[N+](C)(C)CCCCCCCCCCCC.[Br-].[Br-].[Br-],0.5103478683179085
unseen by expert encoder,expert (Good/Bad),CCCCCCCCCCCCCC[N+](C)(C)CCN(CC[N+](C)(C)CCCCCCCCCCCCCC)CC[N+](C)(C)CCCCCCCCCCCCCC.[Br-].[Br-].[Br-],1.2454068878894389
unseen by expert encoder,expert (Good/Bad),CCCCCCCCCCCC[N+](C)(C)CCCN(CCC[N+](C)(C)CCCCCCCCCCCC)CCC[N+](C)(C)CCCCCCCCCCCC.[Cl-].[Cl-].[Cl-],1.4763632830075861
unseen by expert encoder,expert (Good/Bad),CCCCCCCC[N+](C)(C)CCC[N+](C)(CCC[N+](C)(C)CCCCCCCC)CCC[N+](C)(C)CCCCCCCC.[Br-].[Br-].[Br-].[Br-],1.7558548967735526
unseen by expert encoder,expert (Good/Bad),CCCCCCCCCC[N+](C)(C)CCC[N+](C)(CCC[N+](C)(C)CCCCCCCCCC)CCC[N+](C)(C)CCCCCCCCCC.[Br-].[Br-].[Br-].[Br-],1.576220514466705
unseen by expert encoder,expert (Good/Bad),CCCCCCCCCCC[N+](C)(C)CCC[N+](C)(CCC[N+](C)(C)CCCCCCCCCCC)CCC[N+](C)(C)CCCCCCCCCCC.[Br-].[Br-].[Br-].[Br-],1.3684860622573722
unseen by expert encoder,expert (Good/Bad),CCCCCCCCCCCC[N+](C)(C)CCC[N+](C)(CCC[N+](C)(C)CCCCCCCCCCCC)CCC[N+](C)(C)CCCCCCCCCCCC.[Br-].[Br-].[Br-].[Br-],0.7102887285710803
unseen by expert encoder,expert (Good/Bad),CCCCCCCCCCCCC[N+](C)(C)CCC[N+](C)(CCC[N+](C)(C)CCCCCCCCCCCCC)CCC[N+](C)(C)CCCCCCCCCCCCC.[Br-].[Br-].[Br-].[Br-],0.10608258009282956
unseen by expert encoder,expert (Good/Bad),CCCCCCCCCCCCCC[N+](C)(C)CCC[N+](C)(CCC[N+](C)(C)CCCCCCCCCCCCCC)CCC[N+](C)(C)CCCCCCCCCCCCCC.[Br-].[Br-].[Br-].[Br-],1.5594233134411624
unseen by expert encoder,expert (Good/Bad),CCCCCCCCCC[N+](C)(C)CCCCCNCCCCC[N+](C)(C)CCCCCCCCCC.[Br-].[Br-],0.2366960151731502
unseen by expert encoder,expert (Good/Bad),CCCCCCCCCCCC[N+](C)(C)CCCCCNCCCCC[N+](C)(C)CCCCCCCCCCCC.[Br-].[Br-],0.42098959585772044
unseen by expert encoder,expert (Good/Bad),CCCCCCCCCCCCCC[N+](C)(C)CCCCCNCCCCC[N+](C)(C)CCCCCCCCCCCCCC.[Br-].[Br-],1.0230023356336142
unseen by expert encoder,expert (Good/Bad),CCCCCCCCCCCCCCCC[N+](C)(C)CCCCCNCCCCC[N+](C)(C)CCCCCCCCCCCCCCCC.[Br-].[Br-],0.2730848086572968
unseen by expert encoder,expert (Good/Bad),CCCCCCCCCCCC[N+](C)(C)CCCNCCC[N+](C)(C)CCCCCCCCCCCC.[Br-].[Br-],0.9508122802556425
unseen by expert encoder,expert (Good/Bad),CCCCCCCCCCCC[N+](C)(C)CCCNCCCN(C)C.[Br-],0.6834159142491967
unseen by expert encoder,expert (Good/Bad),CCCCCCCCCCCC[N+](C)(C)CCCNCCC[N+](C)(C)CCC.[Br-].[Br-],0.48498873117917096
unseen by expert encoder,expert (Good/Bad),CCCCCCCCCCCC[N+](C)(C)CCCCCCCNCCCCCCC[N+](C)(C)CCCCCCCCCCCC.[Br-].[Br-],0.9422578289190833
unseen by expert encoder,expert (Good/Bad),CCCCCCCCCCCCCCCCCC[n+]1ccc(CCCc2cc[n+](CCCCCCCCCCCCCCCCC)cc2)cc1.[Br-].[Br-],0.996476193424503
unseen by expert encoder,expert (Good/Bad),CCCCCCCCCC[n+]1ccc(CN(Cc2cc[n+](CCCCCCCCCC)cc2)Cc2cc[n+](CCCCCCCCCC)cc2)cc1.[Br-].[Br-].[Br-],3.7055532791617356
unseen by expert encoder,expert (Good/Bad),CCCCCCCCCCCCC[n+]1ccc(CN(Cc2cc[n+](CCCCCCCCCCCCC)cc2)Cc2cc[n+](CCCCCCCCCCCCC)cc2)cc1.[Br-].[Br-].[Br-],0.383911302072649
unseen by expert encoder,expert (Good/Bad),CCCCCCCCCOC(=O)C[n+]1ccc(CCCc2cc[n+](CC(=O)OCCCCCCCCC)cc2)cc1.[Br-].[Br-],1.3005339925611188
unseen by expert encoder,expert (Good/Bad),CCCCCCCCCCOC(=O)C[n+]1ccc(CCCc2cc[n+](CC(=O)OCCCCCCCCCC)cc2)cc1.[Br-].[Br-],0.023929420705602666
unseen by expert encoder,expert (Good/Bad),CCCCCCCCCCCCOC(=O)C[n+]1ccc(CCCc2cc[n+](CC(=O)OCCCCCCCCCCCC)cc2)cc1.[Br-].[Br-],2.292340661679768
unseen by expert encoder,expert (Good/Bad),CCCCCCCCOC(=O)C[n+]1ccc(CN(Cc2cc[n+](CC(=O)OCCCCCCCC)cc2)Cc2cc[n+](CC(=O)OCCCCCCCC)cc2)cc1.[Br-].[Br-].[Br-],0.5299593902414319
unseen by expert encoder,expert (Good/Bad),CCCCCCCCCOC(=O)C[n+]1ccc(CN(Cc2cc[n+](CC(=O)OCCCCCCCCC)cc2)Cc2cc[n+](CC(=O)OCCCCCCCCC)cc2)cc1.[Br-].[Br-].[Br-],0.4287625677923943
unseen by expert encoder,expert (Good/Bad),CCCCCCCCCCOC(=O)C[n+]1ccc(CN(Cc2cc[n+](CC(=O)OCCCCCCCCCC)cc2)Cc2cc[n+](CC(=O)OCCCCCCCCCC)cc2)cc1.[Br-].[Br-].[Br-],0.9710406764167923
unseen by expert encoder,expert (Good/Bad),CCCCCCCCCCCCOC(=O)C[n+]1ccc(CN(Cc2cc[n+](CC(=O)OCCCCCCCCCCCC)cc2)Cc2cc[n+](CC(=O)OCCCCCCCCCCCC)cc2)cc1.[Br-].[Br-].[Br-],0.016524545346634945
unseen by expert encoder,expert (Good/Bad),CCCCCCCCCCCCCNC(=O)C[N+](C)(C)CC[N+](C)(C)CC(=O)NCCCCCCCCCCCCC.[Br-].[Br-],1.7792233825791564
unseen by expert encoder,expert (Good/Bad),CCCCCCCCCC[N+](C)(C)CCCN(C)CCC[N+](C)(C)CCCCCCCCCC.[Cl-].[Cl-],0.938412465400233
unseen by expert encoder,expert (Good/Bad),CCCCCCCCCCC[N+](C)(C)CCCN(C)CCC[N+](C)(C)CCCCCCCCCCC.[Cl-].[Cl-],1.0133270867617565
unseen by expert encoder,expert (Good/Bad),CCCCCCCCCCCC[N+](C)(C)CCCN(C)CCC[N+](C)(C)CCCCCCCCCCCC.[Cl-].[Cl-],0.25346328051816935
unseen by expert encoder,expert (Good/Bad),CCCCCCCCCCCCCC[N+](C)(C)CCCN(C)CCC[N+](C)(C)CCCCCCCCCCCCCC.[Cl-].[Cl-],0.02844742963309299
unseen by expert encoder,expert (Good/Bad),CCCCCCCCCCCC[N+](C)(C)CCN(C)CCN(C)CC[N+](C)(C)CCCCCCCCCCCC.[Cl-].[Cl-],2.1286946622053438
unseen by expert encoder,expert (Good/Bad),C=CC[N+](C)(CCC[N+](C)(C)CCCCCCCCCCCC)CCC[N+](C)(C)CCCCCCCCCCCC.[Br-].[Cl-].[Cl-],1.7309679604535022
unseen by expert encoder,expert (Good/Bad),CCCCCCCCCCCC[N+](C)(C)CCC[N+](C)(CCC[N+](C)(C)CCCCCCCCCCCC)Cc1ccccc1.[Br-].[Cl-].[Cl-],0.17478714159775777
unseen by expert encoder,expert (Good/Bad),CCCCCCCCCC[N+](C)(C)CCN1CC[N+](C)(CCCCCCCCCC)CC1.[Cl-].[Cl-],0.04766934250926047
unseen by expert encoder,expert (Good/Bad),CCCCCCCCCCC[N+](C)(C)CCN1CC[N+](C)(CCCCCCCCCCC)CC1.[Cl-].[Cl-],1.5802328489380404
unseen by expert encoder,expert (Good/Bad),CCCCCCCCCCCCCC[N+](C)(C)CCN1CC[N+](C)(CCCCCCCCCCCCCC)CC1.[Cl-].[Cl-],0.4018902255126745
unseen by expert encoder,expert (Good/Bad),CCCCCCCCCCC[N+](C)(C)CCN(CC[N+](C)(C)CCCCCCCCCCC)CC[N+](C)(C)CCCCCCCCCCC.[Cl-].[Cl-].[Cl-],3.9358135020275986
unseen by expert encoder,expert (Good/Bad),CCCCCCCCCC[N+](C)(C)CCCN(CCC[N+](C)(C)CCCCCCCCCC)CCC[N+](C)(C)CCCCCCCCCC.[Cl-].[Cl-].[Cl-],0.2832393283314123
unseen by expert encoder,expert (Good/Bad),CCCCCCCCCCC[N+](C)(C)CCCN(CCC[N+](C)(C)CCCCCCCCCCC)CCC[N+](C)(C)CCCCCCCCCCC.[Cl-].[Cl-].[Cl-],1.7513977223440138
unseen by expert encoder,expert (Good/Bad),CCCCCCCCCC[n+]1cccc(CN(Cc2ccc[n+](CCCCCCCCCC)c2)CC2CC[N+](C)(CCCCCCCCCC)CC2)c1.[Br-].[Br-].[Br-],2.4407220976881554
unseen by expert encoder,expert (Good/Bad),CCCCCCCCCCC[n+]1cccc(CN(Cc2ccc[n+](CCCCCCCCCCC)c2)CC2CC[N+](C)(CCCCCCCCCCC)CC2)c1.[Br-].[Br-].[Br-],2.461659176715717
unseen by expert encoder,expert (Good/Bad),CCCCCCCCCCCC[n+]1cccc(CN(Cc2ccc[n+](CCCCCCCCCCCC)c2)CC2CC[N+](C)(CCCCCCCCCCCC)CC2)c1.[Br-].[Br-].[Br-],1.526269497780498
unseen by expert encoder,expert (Good/Bad),CCCCCCCCCCCC[N+](C)(C)Cc1cccnc1.[I-],4.633595403655738
unseen by expert encoder,expert (Good/Bad),CCCCCCCCCCCCCCCC[N+](C)(C)Cc1cccnc1.[I-],0.5440481385441123
unseen by expert encoder,expert (Good/Bad),CCCCCCCCCC[n+]1cccc(C[N+](C)(C)CCCCCCCCCC)c1.[Br-].[Br-],0.20308202126549857
unseen by expert encoder,expert (Good/Bad),CCCCCCCCCCC[n+]1cccc(C[N+](C)(C)CCCCCCCCCCC)c1.[Br-].[Br-],0.1429119952836484
unseen by expert encoder,expert (Good/Bad),CCCCCCCCCCCC[n+]1cccc(C[N+](C)(C)CCCCCCCCCCCC)c1.[Br-].[Br-],0.1513833977917418
unseen by expert encoder,expert (Good/Bad),CCCCCCCCCCCCC[n+]1cccc(C[N+](C)(C)CCCCCCCCCCCCC)c1.[Br-].[Br-],0.19454018338237833
unseen by expert encoder,expert (Good/Bad),CCCCCCCCCCCCCC[n+]1cccc(C[N+](C)(C)CCCCCCCCCCCCCC)c1.[Br-].[Br-],0.2809203864762151
unseen by expert encoder,expert (Good/Bad),CCCCCCCCCCCCCCCC[n+]1cccc(C[N+](C)(C)CCCCCCCCCCCCCCCC)c1.[Br-].[Br-],0.34682213212294855
unseen by expert encoder,expert (Good/Bad),CCCCCCCCCC[N+](C)(C)Cc1ccc[n+](CC(=O)NCCCCCCCC)c1.[Br-].[I-],0.7200747038865671
unseen by expert encoder,expert (Good/Bad),CCCCCCCCCC[N+](C)(C)Cc1ccc[n+](CC(=O)NCCCCCCCCC)c1.[Br-].[I-],0.910535182541599
unseen by expert encoder,expert (Good/Bad),CCCCCCCCCCNC(=O)C[n+]1cccc(C[N+](C)(C)CCCCCCCCCC)c1.[Br-].[I-],0.6471658549663886
unseen by expert encoder,expert (Good/Bad),CCCCCCCCCCCCNC(=O)C[n+]1cccc(C[N+](C)(C)CCCCCCCCCC)c1.[Br-].[I-],1.2390470348024172
unseen by expert encoder,expert (Good/Bad),CCCCCCCCCCCC[N+](C)(C)Cc1ccc[n+](CC(=O)NCCCCCCCC)c1.[Br-].[I-],0.8243875568942141
unseen by expert encoder,expert (Good/Bad),CCCCCCCCCCCC[N+](C)(C)Cc1ccc[n+](CC(=O)NCCCCCCCCC)c1.[Br-].[I-],0.5484880758214772
unseen by expert encoder,expert (Good/Bad),CCCCCCCCCCCC[N+](C)(C)Cc1ccc[n+](CC(=O)NCCCCCCCCCC)c1.[Br-].[I-],0.4848080168253446
unseen by expert encoder,expert (Good/Bad),CCCCCCCCCCCCNC(=O)C[n+]1cccc(C[N+](C)(C)CCCCCCCCCCCC)c1.[Br-].[I-],0.10581202923139177
unseen by expert encoder,expert (Good/Bad),CCCCCCCCCCCCCC[N+](C)(C)Cc1ccc[n+](CC(=O)NCCCCCCCC)c1.[Br-].[I-],0.8775166785173139
unseen by expert encoder,expert (Good/Bad),CCCCCCCCCCCCCC[N+](C)(C)Cc1ccc[n+](CC(=O)NCCCCCCCCC)c1.[Br-].[I-],0.7872404239082296
unseen by expert encoder,expert (Good/Bad),CCCCCCCCCCCCCC[N+](C)(C)Cc1ccc[n+](CC(=O)NCCCCCCCCCC)c1.[Br-].[I-],0.3482580206583741
unseen by expert encoder,expert (Good/Bad),CCCCCCCCCCCCCC[N+](C)(C)Cc1ccc[n+](CC(=O)NCCCCCCCCCCCC)c1.[Br-].[I-],1.6796522654036634
unseen by expert encoder,expert (Good/Bad),CCCCCCCCCCCCCCCC[N+](C)(C)Cc1ccc[n+](CC(=O)NCCCCCCCC)c1.[Br-].[I-],0.39177306237455345
unseen by expert encoder,expert (Good/Bad),CCCCCCCCCCCCCCCC[N+](C)(C)Cc1ccc[n+](CC(=O)NCCCCCCCCC)c1.[Br-].[I-],0.4130244224507438
unseen by expert encoder,expert (Good/Bad),CCCCCCCCCCCCCCCC[N+](C)(C)Cc1ccc[n+](CC(=O)NCCCCCCCCCC)c1.[Br-].[I-],0.5134229445980336
unseen by expert encoder,expert (Good/Bad),CCCCCCCCCC[N@+]1(C)CC[N@@+](C)(CCCCCCCCCC)CC1.[Br-].[Br-],0.7026752646304046
unseen by expert encoder,expert (Good/Bad),CCCCCCCCCCC[N@+]1(C)CC[N@@+](C)(CCCCCCCCCCC)CC1.[Br-].[Br-],0.320974024718891
unseen by expert encoder,expert (Good/Bad),CCCCCCCCCCCC[N@+]1(C)CC[N@@+](C)(CCCCCCCCCCCC)CC1.[Br-].[Br-],0.42649602514340135
unseen by expert encoder,expert (Good/Bad),CCCCCCCCCCCC[N@+]1(C)CC[N@@+](C)(CCCCCCCCCCCC)CC1.[Br-].[Cl-],1.334334824526167
unseen by expert encoder,expert (Good/Bad),CCCCCCCCCCCCC[N@+]1(C)CC[N@@+](C)(CCCCCCCCCCCCC)CC1.[Br-].[Br-],0.4236289940191611
unseen by expert encoder,expert (Good/Bad),CCCCCCCCCCCCCC[N@+]1(C)CC[N@@+](C)(CCCCCCCCCCCCCC)CC1.[Br-].[Br-],2.828489140938765
unseen by expert encoder,expert (Good/Bad),CCCCCCCCNC(=O)C[N@+]1(C)CC[N@@+](C)(CC(=O)NCCCCCCCC)CC1.[Br-].[Br-],0.6332861683611486
unseen by expert encoder,expert (Good/Bad),CCCCCCCCCNC(=O)C[N@+]1(C)CC[N@@+](C)(CC(=O)NCCCCCCCCC)CC1.[Br-].[Br-],1.720826683916664
unseen by expert encoder,expert (Good/Bad),CCCCCCCCCCNC(=O)C[N@+]1(C)CC[N@@+](C)(CC(=O)NCCCCCCCCCC)CC1.[Br-].[Br-],0.5467312324638471
unseen by expert encoder,expert (Good/Bad),CCCCCCCCCCCNC(=O)C[N@+]1(C)CC[N@@+](C)(CC(=O)NCCCCCCCCCCC)CC1.[Br-].[Br-],1.419438393756876
unseen by expert encoder,expert (Good/Bad),CCCCCCCCCCCCNC(=O)C[N@+]1(C)CC[N@@+](C)(CC(=O)NCCCCCCCCCCCC)CC1.[Br-].[Br-],2.353959944688515
unseen by expert encoder,expert (Good/Bad),CCCCCCCCCC[n+]1ccc(CCc2cc[n+](CCCCCCCCCC)cc2)cc1.[Br-].[Br-],1.0579738641453351
unseen by expert encoder,expert (Good/Bad),CCCCCCCCCCCC[n+]1ccc(CCc2cc[n+](CCCCCCCCCCCC)cc2)cc1.[Br-].[Br-],0.04222381647371343
unseen by expert encoder,expert (Good/Bad),CCCCCCCCCCCCC[n+]1ccc(CCc2cc[n+](CCCCCCCCCCCCC)cc2)cc1.[Br-].[Br-],1.991541382864429
unseen by expert encoder,expert (Good/Bad),CCCCCCCC[n+]1ccc(/C=C/c2cc[n+](CCCCCCCC)cc2)cc1.[Br-].[Br-],2.6622085112820058
unseen by expert encoder,expert (Good/Bad),CCCCCCCCCCC[n+]1ccc(/C=C/c2cc[n+](CCCCCCCCCCC)cc2)cc1.[Br-].[Br-],1.054328712505622
unseen by expert encoder,expert (Good/Bad),CCCCCCCCCCCC[n+]1ccc(/C=C/c2cc[n+](CCCCCCCCCCCC)cc2)cc1.[Br-].[Br-],1.900670814760821
unseen by expert encoder,expert (Good/Bad),CCCCCCCCCNC(=O)C[n+]1ccc(CCc2cc[n+](CC(=O)NCCCCCCCCC)cc2)cc1.[Br-].[Br-],1.0474270394430212
unseen by expert encoder,expert (Good/Bad),CCCCCCCCCCNC(=O)C[n+]1ccc(CCc2cc[n+](CC(=O)NCCCCCCCCCC)cc2)cc1.[Br-].[Br-],0.8678538982361286
unseen by expert encoder,expert (Good/Bad),CCCCCCCCCCCNC(=O)C[n+]1ccc(CCc2cc[n+](CC(=O)NCCCCCCCCCCC)cc2)cc1.[Br-].[Br-],0.2895350216292836
unseen by expert encoder,expert (Good/Bad),CCCCCCCCNC(=O)C[n+]1ccc(/C=C/c2cc[n+](CC(=O)NCCCCCCCC)cc2)cc1.[Br-].[Br-],0.23810117366429218
unseen by expert encoder,expert (Good/Bad),CCCCCCCCCNC(=O)C[n+]1ccc(/C=C/c2cc[n+](CC(=O)NCCCCCCCCC)cc2)cc1.[Br-].[Br-],0.03603941835564628
unseen by expert encoder,expert (Good/Bad),CCCCCCCCCCNC(=O)C[n+]1ccc(/C=C/c2cc[n+](CC(=O)NCCCCCCCCCC)cc2)cc1.[Br-].[Br-],1.9092678683663928
unseen by expert encoder,expert (Good/Bad),CCCCCCCCNC(=O)C[n+]1ccc(C#Cc2cc[n+](CC(=O)NCCCCCCCC)cc2)cc1.[Br-].[Br-],2.06501919608327
unseen by expert encoder,expert (Good/Bad),CCCCCCCCCNC(=O)C[n+]1ccc(C#Cc2cc[n+](CC(=O)NCCCCCCCCC)cc2)cc1.[Br-].[Br-],3.0608370321971035
unseen by expert encoder,expert (Good/Bad),CCCCCCCCCC[N+](C)(C)Cc1cc(OC)cc(OC)c1.[Br-],0.06368944772155571
unseen by expert encoder,expert (Good/Bad),CCCCCCCCCCCCCC[N+](C)(C)Cc1cc(OC)cc(OC)c1.[Br-],1.2509032059292182
unseen by expert encoder,expert (Good/Bad),CCCCCCCCCCCCCCCC[N+](C)(C)Cc1cc(OC)cc(OC)c1.[Br-],0.8383673500442195
unseen by expert encoder,expert (Good/Bad),CCCCCCCCCC[N+](C)(C)Cc1ccc(C[N+](C)(C)CCCCCCCCCC)cc1.[Cl-].[Cl-],0.4891881630946505
unseen by expert encoder,expert (Good/Bad),CCCCCCCCCCCC[N+](C)(C)Cc1ccc(C[N+](C)(C)CCCCCCCCCCCC)cc1.[Cl-].[Cl-],0.4953542377786677
unseen by expert encoder,expert (Good/Bad),CCCCCCCCCCCCC[N+](C)(C)Cc1ccc(C[N+](C)(C)CCCCCCCCCCCCC)cc1.[Cl-].[Cl-],0.3845964778959373
unseen by expert encoder,expert (Good/Bad),CCCCCCCCCCCCCC[N+](C)(C)Cc1ccc(C[N+](C)(C)CCCCCCCCCCCCCC)cc1.[Cl-].[Cl-],1.4609687201642378
unseen by expert encoder,expert (Good/Bad),CCCCCCCCCC[N+](C)(C)Cc1cccc(C[N+](C)(C)CCCCCCCCCC)c1.[Cl-].[Cl-],0.3618697772408733
unseen by expert encoder,expert (Good/Bad),CCCCCCCCCCCC[N+](C)(C)Cc1cccc(C[N+](C)(C)CCCCCCCCCCCC)c1.[Cl-].[Cl-],0.5555133329074937
unseen by expert encoder,expert (Good/Bad),CCCCCCCCCCCCC[N+](C)(C)Cc1cccc(C[N+](C)(C)CCCCCCCCCCCCC)c1.[Cl-].[Cl-],1.5006669651303168
unseen by expert encoder,expert (Good/Bad),CCCCCCCCCCCCCC[N+](C)(C)Cc1cccc(C[N+](C)(C)CCCCCCCCCCCCCC)c1.[Cl-].[Cl-],2.257669887884231
unseen by expert encoder,expert (Good/Bad),CCCCCCCCCCCCCCCC[N+](C)(C)Cc1cccc(C[N+](C)(C)CCCCCCCCCCCCCCCC)c1.[Cl-].[Cl-],1.4225328804779351
unseen by expert encoder,expert (Good/Bad),CCCCCCCCC[N+](C)(C)Cc1ccccc1C[N+](C)(C)CCCCCCCCC.[Cl-].[Cl-],4.583070814223719
unseen by expert encoder,expert (Good/Bad),CCCCCCCCCC[N+](C)(C)Cc1ccccc1C[N+](C)(C)CCCCCCCCCC.[Cl-].[Cl-],1.8702334947269585
unseen by expert encoder,expert (Good/Bad),CCCCCCCCCCCC[N+](C)(C)Cc1ccccc1C[N+](C)(C)CCCCCCCCCCCC.[Cl-].[Cl-],1.825104336119604
unseen by expert encoder,expert (Good/Bad),CCCCCCCCCCCCC[N+](C)(C)Cc1ccccc1C[N+](C)(C)CCCCCCCCCCCCC.[Cl-].[Cl-],1.8320766344023018
unseen by expert encoder,expert (Good/Bad),CCCCCCCCCCCCCC[N+](C)(C)Cc1ccccc1C[N+](C)(C)CCCCCCCCCCCCCC.[Cl-].[Cl-],1.5038404398790715
unseen by expert encoder,expert (Good/Bad),CCCCCCCCCCCCCCCC[N+](C)(C)Cc1ccccc1C[N+](C)(C)CCCCCCCCCCCCCCCC.[Cl-].[Cl-],3.6646964188485773
unseen by expert encoder,expert (Good/Bad),CCCCCCCC[N+](C)(C)Cc1cc(C[N+](C)(C)CCCCCCCC)cc(C[N+](C)(C)CCCCCCCC)c1.[Br-].[Br-].[Br-],1.1906535602259605
unseen by expert encoder,expert (Good/Bad),CCCCCCCCC[N+](C)(C)Cc1cc(C[N+](C)(C)CCCCCCCCC)cc(C[N+](C)(C)CCCCCCCCC)c1.[Br-].[Br-].[Br-],0.6300715511545033
unseen by expert encoder,expert (Good/Bad),CCCCCCCCCC[N+](C)(C)Cc1cc(C[N+](C)(C)CCCCCCCCCC)cc(C[N+](C)(C)CCCCCCCCCC)c1.[Br-].[Br-].[Br-],0.35533635056443924
unseen by expert encoder,expert (Good/Bad),CCCCCCCCCCCC[N+](C)(C)Cc1cc(C[N+](C)(C)CCCCCCCCCCCC)cc(C[N+](C)(C)CCCCCCCCCCCC)c1.[Br-].[Br-].[Br-],2.587244945155543
unseen by expert encoder,expert (Good/Bad),CCCCCCCCCCCCC[N+](C)(C)Cc1cc(C[N+](C)(C)CCCCCCCCCCCCC)cc(C[N+](C)(C)CCCCCCCCCCCCC)c1.[Br-].[Br-].[Br-],4.509752408588268
unseen by expert encoder,expert (Good/Bad),CCCCCCCC[N+](C)(CCCCCCCC)Cc1ccccc1.[Cl-],0.27065142853484936
unseen by expert encoder,expert (Good/Bad),CCCCCCCCCC[N+](C)(CCCCCCCCCC)Cc1ccccc1.[Cl-],0.8825286269392494
unseen by expert encoder,expert (Good/Bad),CCCCCCCCCCCC[N+](C)(CCCCCCCCCCCC)Cc1ccccc1.[Cl-],0.1585943096934488
unseen by expert encoder,expert (Good/Bad),CCCCCCCC[N+](CCCCCCCC)(CCCCCCCC)Cc1ccccc1.[Br-],1.1832281078123863
unseen by expert encoder,expert (Good/Bad),CCCCCC[N+](C)(CCCCCC)Cc1ccc(C[N+](C)(CCCCCC)CCCCCC)cc1.[Cl-].[Cl-],3.998858306002012
unseen by expert encoder,expert (Good/Bad),CCCCCCCC[N+](C)(CCCCCCCC)Cc1ccc(C[N+](C)(CCCCCCCC)CCCCCCCC)cc1.[Cl-].[Cl-],0.9429919564921674
unseen by expert encoder,expert (Good/Bad),CCCCCCCCCC[N+](C)(CCCCCCCCCC)Cc1ccc(C[N+](C)(CCCCCCCCCC)CCCCCCCCCC)cc1.[Cl-].[Cl-],1.0189266793984155
unseen by expert encoder,expert (Good/Bad),CCCCCC[N+](CCCCCC)(CCCCCC)Cc1ccc(C[N+](CCCCCC)(CCCCCC)CCCCCC)cc1.[Cl-].[Cl-],0.9985263086269075
unseen by expert encoder,expert (Good/Bad),CCCCCCCC[N+](CCCCCCCC)(CCCCCCCC)Cc1ccc(C[N+](CCCCCCCC)(CCCCCCCC)CCCCCCCC)cc1.[Cl-].[Cl-],0.0795286328314454
unseen by expert encoder,expert (Good/Bad),CCCCCCCC[N+](C)(CCCCCCCC)Cc1cccc(C[N+](C)(CCCCCCCC)CCCCCCCC)c1.[Cl-].[Cl-],0.14883242657666218
unseen by expert encoder,expert (Good/Bad),CCCCCC[N+](C)(CCCCCC)Cc1cccc(C[N+](C)(CCCCCC)CCCCCC)c1.[Cl-].[Cl-],2.986958313634167
unseen by expert encoder,expert (Good/Bad),CCCCCCCCCC[N+](C)(CCCCCCCCCC)Cc1cccc(C[N+](C)(CCCCCCCCCC)CCCCCCCCCC)c1.[Cl-].[Cl-],1.0151574553730398
unseen by expert encoder,expert (Good/Bad),CCCCCCCC[N+](C)(CCCCCCCC)Cc1ccccc1C[N+](C)(CCCCCCCC)CCCCCCCC.[Cl-].[Cl-],0.7195501451595661
unseen by expert encoder,expert (Good/Bad),CCCCCCCCCCCC[N+](C)(CCCCCCCCCCCC)Cc1ccccc1C[N+](C)(CCCCCCCCCCCC)CCCCCCCCCCCC.[Cl-].[Cl-],2.0196668355593017
unseen by expert encoder,expert (Good/Bad),CCCCCC[N+](C)(CCCCCC)Cc1cc(C[N+](C)(CCCCCC)CCCCCC)cc(C[N+](C)(CCCCCC)CCCCCC)c1.[Br-].[Br-].[Br-],0.9130935541733769
unseen by expert encoder,expert (Good/Bad),CCCCCCCC[N+](C)(CCCCCCCC)Cc1cc(C[N+](C)(CCCCCCCC)CCCCCCCC)cc(C[N+](C)(CCCCCCCC)CCCCCCCC)c1.[Br-].[Br-].[Br-],2.945447935271181
unseen by expert encoder,expert (Good/Bad),CCCCCC[N+](CCCCCC)(CCCCCC)Cc1cc(C[N+](CCCCCC)(CCCCCC)CCCCCC)cc(C[N+](CCCCCC)(CCCCCC)CCCCCC)c1.[Br-].[Br-].[Br-],0.8653148998905836
unseen by expert encoder,multi-regression,CCCCCCCCCC[N+](C)(C)CCCCCCCCCC.[Cl-],1.3221696508163272
unseen by expert encoder,multi-regression,N=C(NCCCCCCNC(=N)NC(=N)Nc1ccc(Cl)cc1)NC(=N)Nc1ccc(Cl)cc1,3.050733395991499
unseen by expert encoder,multi-regression,CCCCCCCCCCCCCCOc1cccc(C[N+](C)(C)C)c1C[N+](C)(C)C.[Br-].[Br-],1.4901893767508647
unseen by expert encoder,multi-regression,CCCCCCCCCCCCCCOc1ccc(C[N+](C)(C)C)cc1C[N+](C)(C)C.[Br-].[Br-],1.1791317344944983
unseen by expert encoder,multi-regression,CCCCCCCCCCCCCCOc1cc(C[N+](C)(C)C)ccc1C[N+](C)(C)C.[Br-].[Br-],3.101841522037585
unseen by expert encoder,multi-regression,CCCCCCCCCCCCCCCCOc1cc(C[N+](C)(C)C)ccc1C[N+](C)(C)C.[Br-].[Br-],3.232046917496097
unseen by expert encoder,multi-regression,CCCCCCCCCCCCCCCCCCOc1cc(C[N+](C)(C)C)ccc1C[N+](C)(C)C.[Br-].[Br-],2.6808840645344816
unseen by expert encoder,multi-regression,CCCCCCCCCCCCCCOc1c(C[N+](C)(C)C)cccc1C[N+](C)(C)C.[Br-].[Br-],2.8953869852927134
unseen by expert encoder,multi-regression,CCCCCCCCCCCCCCOc1cc(C[N+](C)(C)C)cc(C[N+](C)(C)C)c1.[Br-].[Br-],1.1401546440626396
unseen by expert encoder,multi-regression,CCCCCCCCCCCCCCCCOc1cc(C[N+](C)(C)C)cc(C[N+](C)(C)C)c1.[Br-].[Br-],1.960768780671222
unseen by expert encoder,multi-regression,CCCCCCCCCCOc1ccc(C[N+](C)(C)C)cc1.[Br-],2.4724159629425424
unseen by expert encoder,multi-regression,CCCCCCCCCCCC[n+]1ccc(-c2cc[n+](CCCCCCCCCCCC)cc2)cc1.[Br-].[Br-],0.7763887976984662
unseen by expert encoder,multi-regression,C[n+]1cccc(Br)c1.[Br-],1.217627166180037
unseen by expert encoder,multi-regression,CCCCCCCCCCCC[n+]1cccc(Br)c1.[Br-],1.6579373403567024
unseen by expert encoder,multi-regression,CCCCCCCCCCCCCC[n+]1cccc(Br)c1.[Br-],0.16938879812293361
unseen by expert encoder,multi-regression,CCCCCCCCCCCCCCCC[n+]1cccc(Br)c1.[Br-],1.1734764267344269
unseen by expert encoder,multi-regression,CCCCCCCCCCCC[n+]1cccc(-c2ccccc2)c1.[Br-],0.9182814772465226
unseen by expert encoder,multi-regression,CCCCCCCCCCCC[n+]1cccc(-c2ccc[n+](C)c2)c1.[Br-].[Br-],5.221878091456158
unseen by expert encoder,multi-regression,CCCCCCCCCCCC[N+](C)(C)CC[N+](C)(C)CCCBr.[Br-].[Br-],1.9040088954401346
unseen by expert encoder,multi-regression,C=C[C@H]1C[N@+]2(CCCCCCCCCC)CC[C@H]1C[C@H]2[C@@H](O)c1ccnc2ccc(OC)cc12.[Br-],0.39654856809455463
unseen by expert encoder,multi-regression,C=C[C@H]1C[N@+]2(CCCCCCCCCCC)CC[C@H]1C[C@H]2[C@@H](O)c1ccnc2ccc(OC)cc12.[Br-],0.9162077216980358
unseen by expert encoder,multi-regression,C=C[C@H]1C[N@+]2(CCCCCCCCCCCC)CC[C@H]1C[C@H]2[C@@H](O)c1ccnc2ccc(OC)cc12.[Br-],1.9768966017130194
unseen by expert encoder,multi-regression,C=C[C@H]1C[N@+]2(CCCCCCCCCCCCCC)CC[C@H]1C[C@H]2[C@@H](O)c1ccnc2ccc(OC)cc12.[Br-],2.8180965175833963
unseen by expert encoder,multi-regression,C=C[C@H]1C[N@+]2(CCCCCCCCCCCCCCCC)CC[C@H]1C[C@H]2[C@@H](O)c1ccnc2ccc(OC)cc12.[Br-],1.9278719265120343
unseen by expert encoder,multi-regression,C=C[C@H]1C[N@+]2(CCCCCCCCCCCCCCCCCC)CC[C@H]1C[C@H]2[C@@H](O)c1ccnc2ccc(OC)cc12.[Br-],1.1294944766115829
unseen by expert encoder,multi-regression,C=C[C@H]1C[N@+]2(CCCCCCCCCC)CC[C@H]1C[C@H]2[C@@H](O)c1cc[n+](C)c2ccc(OC)cc12.[Br-].[I-],0.8461625748759221
unseen by expert encoder,multi-regression,C=C[C@H]1C[N@+]2(CCCCCCCCCCC)CC[C@H]1C[C@H]2[C@@H](O)c1cc[n+](C)c2ccc(OC)cc12.[Br-].[I-],0.12376040257262844
unseen by expert encoder,multi-regression,C=C[C@H]1C[N@+]2(CCCCCCCCCCCC)CC[C@H]1C[C@H]2[C@@H](O)c1cc[n+](C)c2ccc(OC)cc12.[Br-].[I-],0.7943863820140185
unseen by expert encoder,multi-regression,C=C[C@H]1C[N@+]2(CCCCCCCCCCCCCC)CC[C@H]1C[C@H]2[C@@H](O)c1cc[n+](C)c2ccc(OC)cc12.[Br-].[I-],2.658507158629952
unseen by expert encoder,multi-regression,C=C[C@H]1C[N@+]2(CCCCCCCCCCCCCCCC)CC[C@H]1C[C@H]2[C@@H](O)c1cc[n+](C)c2ccc(OC)cc12.[Br-].[I-],1.8127304094101946
unseen by expert encoder,multi-regression,C=C[C@H]1C[N@+]2(CCCCCCCCCCCCCCCCCC)CC[C@H]1C[C@H]2[C@@H](O)c1cc[n+](C)c2ccc(OC)cc12.[Br-].[I-],1.7474658495956414
unseen by expert encoder,multi-regression,CCCCCCCCCC[N+](C)(C)CCCN(C)CCC[N+](C)(C)CCCCCCCCCC.[Br-].[Br-],0.27173940166282096
unseen by expert encoder,multi-regression,CCCCCCCCCC[N+](C)(C)CCC[N+](C)(CC)CCC[N+](C)(C)CCCCCCCCCC.[Br-].[Br-].[Br-],0.4652720988634368
unseen by expert encoder,multi-regression,CCCCCCCCCCCC[N+](C)(C)CCC[N+](C)(CC)CCC[N+](C)(C)CCCCCCCCCCCC.[Br-].[Br-].[Br-],1.48941900811099
unseen by expert encoder,multi-regression,CCCCCCCCCCCC[N+](C)(C)CCC[N+](C)(CCC[N+](C)(C)CCCCCCCCCCCC)Cc1ccc(CCCCCCCC)cc1.[Br-].[Br-].[Cl-],0.638730607770972
unseen by expert encoder,multi-regression,CCCCCCCCCCCC[N+](C)(C)CCC[N+](C)(CCCCCCCCCCCS)CCC[N+](C)(C)CCCCCCCCCCCC.[Br-].[Br-].[Br-],0.09376793799518812
unseen by expert encoder,multi-regression,C=CCCCCCCCCC[N+](C)(CCC[N+](C)(C)CCCCCCCCCCCC)CCC[N+](C)(C)CCCCCCCCCCCC.[Br-].[Br-].[Br-],1.4335471553377825
unseen by expert encoder,multi-regression,CCCCCCCCCCCC[N+](C)(C)CC[N+](C)(C)CCCCC[N+](C)(C)CC[N+](C)(C)CCCCCCCCCCCC.[Br-].[Br-].[I-].[I-],0.9041556836731424
unseen by expert encoder,multi-regression,CCCCCCCCCC[N+](C)(C)Cc1cc(C[n+]2ccccc2)cc(C[N+](C)(C)CCCCCCCCCC)c1.[Br-].[Br-].[Br-],1.3913205903421075
unseen by expert encoder,multi-regression,CCCCCCCCCCCC[N+](C)(C)Cc1cc(C[n+]2ccccc2)cc(C[N+](C)(C)CCCCCCCCCCCC)c1.[Br-].[Br-].[Br-],1.1720620314880312
unseen by expert encoder,multi-regression,CCCCCCCCCCCCCC[N+](C)(C)Cc1cc(C[n+]2ccccc2)cc(C[N+](C)(C)CCCCCCCCCCCCCC)c1.[Br-].[Br-].[Br-],0.35217666916092494
unseen by expert encoder,multi-regression,CCCCCCCCCC[N+](C)(C)CCN1CC[N+](C)(CCCCCCCCCC)CC1.[Br-].[Br-],0.8963079333033958
unseen by expert encoder,multi-regression,CCCCCCCCCCC[N+](C)(C)CCN1CC[N+](C)(CCCCCCCCCCC)CC1.[Br-].[Br-],1.8153014276871848
unseen by expert encoder,multi-regression,CCCCCCCCCCCC[N+](C)(C)CCN1CC[N+](C)(CCCCCCCCCCCC)CC1.[Cl-].[Cl-],2.05265297818324
unseen by expert encoder,multi-regression,CCCCCCCCCCCCC[N+](C)(C)CCN1CC[N+](C)(CCCCCCCCCCCCC)CC1.[Br-].[Br-],1.1449819856273677
unseen by expert encoder,multi-regression,CCCCCCCCCCCCCC[N+](C)(C)CCN1CC[N+](C)(CCCCCCCCCCCCCC)CC1.[Br-].[Br-],2.039456886006639
unseen by expert encoder,multi-regression,CCCCCCCCCC[N+]1(C)CCN(C)CCN(C)CC1.[Br-],3.9175458428839827
unseen by expert encoder,multi-regression,CCCCCCCCCCC[N+]1(C)CCN(C)CCN(C)CC1.[Br-],1.9224760751443937
unseen by expert encoder,multi-regression,CCCCCCCCCCCC[N+]1(C)CCN(C)CCN(C)CC1.[Br-],0.13366360796432963
unseen by expert encoder,multi-regression,CCCCCCCCCCCCC[N+]1(C)CCN(C)CCN(C)CC1.[Br-],1.131173069796006
unseen by expert encoder,multi-regression,CCCCCCCCCCCCCC[N+]1(C)CCN(C)CCN(C)CC1.[Br-],1.8104192961677046
unseen by expert encoder,multi-regression,CCCCCCCCCC[N+]1(C)CC[N+](C)(C)CC[N+](C)(C)CC1.[Br-].[I-].[I-],4.214593785898771
unseen by expert encoder,multi-regression,CCCCCCCCCCC[N+]1(C)CC[N+](C)(C)CC[N+](C)(C)CC1.[Br-].[I-].[I-],5.391813500760917
unseen by expert encoder,multi-regression,CCCCCCCCCCCC[N+]1(C)CC[N+](C)(C)CC[N+](C)(C)CC1.[Br-].[I-].[I-],3.526324543872615
unseen by expert encoder,multi-regression,CCCCCCCCCCCCC[N+]1(C)CC[N+](C)(C)CC[N+](C)(C)CC1.[Br-].[I-].[I-],1.2422064383542173
unseen by expert encoder,multi-regression,CCCCCCCCCCCCCC[N+]1(C)CC[N+](C)(C)CC[N+](C)(C)CC1.[Br-].[I-].[I-],0.13885071746408395
unseen by expert encoder,multi-regression,CCCCCCCC[N+](C)(C)CCN(CC[N+](C)(C)CCCCCCCC)CC[N+](C)(C)CCCCCCCC.[Br-].[Br-].[Br-],0.3427007041522543
unseen by expert encoder,multi-regression,CCCCCCCCCCCC[N+](C)(C)CCN(CC[N+](C)(C)CCCCCCCCCCCC)CC[N+](C)(C)CCCCCCCCCCCC.[Br-].[Br-].[Br-],0.8914964454409717
unseen by expert encoder,multi-regression,CCCCCCCCCCCCCC[N+](C)(C)CCN(CC[N+](C)(C)CCCCCCCCCCCCCC)CC[N+](C)(C)CCCCCCCCCCCCCC.[Br-].[Br-].[Br-],1.1323527892722238
unseen by expert encoder,multi-regression,CCCCCCCCCCCC[N+](C)(C)CCCN(CCC[N+](C)(C)CCCCCCCCCCCC)CCC[N+](C)(C)CCCCCCCCCCCC.[Cl-].[Cl-].[Cl-],1.468963961689122
unseen by expert encoder,multi-regression,CCCCCCCC[N+](C)(C)CCC[N+](C)(CCC[N+](C)(C)CCCCCCCC)CCC[N+](C)(C)CCCCCCCC.[Br-].[Br-].[Br-].[Br-],1.610221659733492
unseen by expert encoder,multi-regression,CCCCCCCCCC[N+](C)(C)CCC[N+](C)(CCC[N+](C)(C)CCCCCCCCCC)CCC[N+](C)(C)CCCCCCCCCC.[Br-].[Br-].[Br-].[Br-],1.7760883721870258
unseen by expert encoder,multi-regression,CCCCCCCCCCC[N+](C)(C)CCC[N+](C)(CCC[N+](C)(C)CCCCCCCCCCC)CCC[N+](C)(C)CCCCCCCCCCC.[Br-].[Br-].[Br-].[Br-],1.9844626504093477
unseen by expert encoder,multi-regression,CCCCCCCCCCCC[N+](C)(C)CCC[N+](C)(CCC[N+](C)(C)CCCCCCCCCCCC)CCC[N+](C)(C)CCCCCCCCCCCC.[Br-].[Br-].[Br-].[Br-],0.7166279221981693
unseen by expert encoder,multi-regression,CCCCCCCCCCCCC[N+](C)(C)CCC[N+](C)(CCC[N+](C)(C)CCCCCCCCCCCCC)CCC[N+](C)(C)CCCCCCCCCCCCC.[Br-].[Br-].[Br-].[Br-],0.16591270747342213
unseen by expert encoder,multi-regression,CCCCCCCCCCCCCC[N+](C)(C)CCC[N+](C)(CCC[N+](C)(C)CCCCCCCCCCCCCC)CCC[N+](C)(C)CCCCCCCCCCCCCC.[Br-].[Br-].[Br-].[Br-],1.2189201510521195
unseen by expert encoder,multi-regression,CCCCCCCCCC[N+](C)(C)CCCCCNCCCCC[N+](C)(C)CCCCCCCCCC.[Br-].[Br-],0.13443319910178553
unseen by expert encoder,multi-regression,CCCCCCCCCCCC[N+](C)(C)CCCCCNCCCCC[N+](C)(C)CCCCCCCCCCCC.[Br-].[Br-],0.15188153279419492
unseen by expert encoder,multi-regression,CCCCCCCCCCCCCC[N+](C)(C)CCCCCNCCCCC[N+](C)(C)CCCCCCCCCCCCCC.[Br-].[Br-],1.1265378879634185
unseen by expert encoder,multi-regression,CCCCCCCCCCCCCCCC[N+](C)(C)CCCCCNCCCCC[N+](C)(C)CCCCCCCCCCCCCCCC.[Br-].[Br-],0.04704752258840772
unseen by expert encoder,multi-regression,CCCCCCCCCCCC[N+](C)(C)CCCNCCC[N+](C)(C)CCCCCCCCCCCC.[Br-].[Br-],0.04781914938212628
unseen by expert encoder,multi-regression,CCCCCCCCCCCC[N+](C)(C)CCCNCCCN(C)C.[Br-],0.8465382468736573
unseen by expert encoder,multi-regression,CCCCCCCCCCCC[N+](C)(C)CCCNCCC[N+](C)(C)CCC.[Br-].[Br-],1.412279238043853
unseen by expert encoder,multi-regression,CCCCCCCCCCCC[N+](C)(C)CCCCCCCNCCCCCCC[N+](C)(C)CCCCCCCCCCCC.[Br-].[Br-],0.922214620116339
unseen by expert encoder,multi-regression,CCCCCCCCCCCCCCCCCC[n+]1ccc(CCCc2cc[n+](CCCCCCCCCCCCCCCCC)cc2)cc1.[Br-].[Br-],1.0912906225581906
unseen by expert encoder,multi-regression,CCCCCCCCCC[n+]1ccc(CN(Cc2cc[n+](CCCCCCCCCC)cc2)Cc2cc[n+](CCCCCCCCCC)cc2)cc1.[Br-].[Br-].[Br-],3.4576464916150735
unseen by expert encoder,multi-regression,CCCCCCCCCCCCC[n+]1ccc(CN(Cc2cc[n+](CCCCCCCCCCCCC)cc2)Cc2cc[n+](CCCCCCCCCCCCC)cc2)cc1.[Br-].[Br-].[Br-],0.07116934189095492
unseen by expert encoder,multi-regression,CCCCCCCCCOC(=O)C[n+]1ccc(CCCc2cc[n+](CC(=O)OCCCCCCCCC)cc2)cc1.[Br-].[Br-],2.0641094489575247
unseen by expert encoder,multi-regression,CCCCCCCCCCOC(=O)C[n+]1ccc(CCCc2cc[n+](CC(=O)OCCCCCCCCCC)cc2)cc1.[Br-].[Br-],0.7769563801227477
unseen by expert encoder,multi-regression,CCCCCCCCCCCCOC(=O)C[n+]1ccc(CCCc2cc[n+](CC(=O)OCCCCCCCCCCCC)cc2)cc1.[Br-].[Br-],2.214713636478769
unseen by expert encoder,multi-regression,CCCCCCCCOC(=O)C[n+]1ccc(CN(Cc2cc[n+](CC(=O)OCCCCCCCC)cc2)Cc2cc[n+](CC(=O)OCCCCCCCC)cc2)cc1.[Br-].[Br-].[Br-],1.284511403000097
unseen by expert encoder,multi-regression,CCCCCCCCCOC(=O)C[n+]1ccc(CN(Cc2cc[n+](CC(=O)OCCCCCCCCC)cc2)Cc2cc[n+](CC(=O)OCCCCCCCCC)cc2)cc1.[Br-].[Br-].[Br-],1.2185585457172783
unseen by expert encoder,multi-regression,CCCCCCCCCCOC(=O)C[n+]1ccc(CN(Cc2cc[n+](CC(=O)OCCCCCCCCCC)cc2)Cc2cc[n+](CC(=O)OCCCCCCCCCC)cc2)cc1.[Br-].[Br-].[Br-],0.06962260905901929
unseen by expert encoder,multi-regression,CCCCCCCCCCCCOC(=O)C[n+]1ccc(CN(Cc2cc[n+](CC(=O)OCCCCCCCCCCCC)cc2)Cc2cc[n+](CC(=O)OCCCCCCCCCCCC)cc2)cc1.[Br-].[Br-].[Br-],0.6903491956633374
unseen by expert encoder,multi-regression,CCCCCCCCCCCCCNC(=O)C[N+](C)(C)CC[N+](C)(C)CC(=O)NCCCCCCCCCCCCC.[Br-].[Br-],0.7181616129015153
unseen by expert encoder,multi-regression,CCCCCCCCCC[N+](C)(C)CCCN(C)CCC[N+](C)(C)CCCCCCCCCC.[Cl-].[Cl-],0.4746218438072911
unseen by expert encoder,multi-regression,CCCCCCCCCCC[N+](C)(C)CCCN(C)CCC[N+](C)(C)CCCCCCCCCCC.[Cl-].[Cl-],1.5695952981420287
unseen by expert encoder,multi-regression,CCCCCCCCCCCC[N+](C)(C)CCCN(C)CCC[N+](C)(C)CCCCCCCCCCCC.[Cl-].[Cl-],0.5742356253592817
unseen by expert encoder,multi-regression,CCCCCCCCCCCCCC[N+](C)(C)CCCN(C)CCC[N+](C)(C)CCCCCCCCCCCCCC.[Cl-].[Cl-],0.46291215009810815
unseen by expert encoder,multi-regression,CCCCCCCCCCCC[N+](C)(C)CCN(C)CCN(C)CC[N+](C)(C)CCCCCCCCCCCC.[Cl-].[Cl-],1.81303471293409
unseen by expert encoder,multi-regression,C=CC[N+](C)(CCC[N+](C)(C)CCCCCCCCCCCC)CCC[N+](C)(C)CCCCCCCCCCCC.[Br-].[Cl-].[Cl-],1.6982353060422497
unseen by expert encoder,multi-regression,CCCCCCCCCCCC[N+](C)(C)CCC[N+](C)(CCC[N+](C)(C)CCCCCCCCCCCC)Cc1ccccc1.[Br-].[Cl-].[Cl-],0.574821775905279
unseen by expert encoder,multi-regression,CCCCCCCCCC[N+](C)(C)CCN1CC[N+](C)(CCCCCCCCCC)CC1.[Cl-].[Cl-],0.2248340821993826
unseen by expert encoder,multi-regression,CCCCCCCCCCC[N+](C)(C)CCN1CC[N+](C)(CCCCCCCCCCC)CC1.[Cl-].[Cl-],1.7290518128828016
unseen by expert encoder,multi-regression,CCCCCCCCCCCCCC[N+](C)(C)CCN1CC[N+](C)(CCCCCCCCCCCCCC)CC1.[Cl-].[Cl-],0.9335731413842678
unseen by expert encoder,multi-regression,CCCCCCCCCCC[N+](C)(C)CCN(CC[N+](C)(C)CCCCCCCCCCC)CC[N+](C)(C)CCCCCCCCCCC.[Cl-].[Cl-].[Cl-],2.9426910398845907
unseen by expert encoder,multi-regression,CCCCCCCCCC[N+](C)(C)CCCN(CCC[N+](C)(C)CCCCCCCCCC)CCC[N+](C)(C)CCCCCCCCCC.[Cl-].[Cl-].[Cl-],0.0018190270397075992
unseen by expert encoder,multi-regression,CCCCCCCCCCC[N+](C)(C)CCCN(CCC[N+](C)(C)CCCCCCCCCCC)CCC[N+](C)(C)CCCCCCCCCCC.[Cl-].[Cl-].[Cl-],1.5167153630103556
unseen by expert encoder,multi-regression,CCCCCCCCCC[n+]1cccc(CN(Cc2ccc[n+](CCCCCCCCCC)c2)CC2CC[N+](C)(CCCCCCCCCC)CC2)c1.[Br-].[Br-].[Br-],2.3367340607357363
unseen by expert encoder,multi-regression,CCCCCCCCCCC[n+]1cccc(CN(Cc2ccc[n+](CCCCCCCCCCC)c2)CC2CC[N+](C)(CCCCCCCCCCC)CC2)c1.[Br-].[Br-].[Br-],2.3812876440235566
unseen by expert encoder,multi-regression,CCCCCCCCCCCC[n+]1cccc(CN(Cc2ccc[n+](CCCCCCCCCCCC)c2)CC2CC[N+](C)(CCCCCCCCCCCC)CC2)c1.[Br-].[Br-].[Br-],1.018908888397073
unseen by expert encoder,multi-regression,CCCCCCCCCCCC[N+](C)(C)Cc1cccnc1.[I-],5.372570350169604
unseen by expert encoder,multi-regression,CCCCCCCCCCCCCCCC[N+](C)(C)Cc1cccnc1.[I-],0.12153043777287631
unseen by expert encoder,multi-regression,CCCCCCCCCC[n+]1cccc(C[N+](C)(C)CCCCCCCCCC)c1.[Br-].[Br-],0.6594601142231602
unseen by expert encoder,multi-regression,CCCCCCCCCCC[n+]1cccc(C[N+](C)(C)CCCCCCCCCCC)c1.[Br-].[Br-],0.2927920039334777
unseen by expert encoder,multi-regression,CCCCCCCCCCCC[n+]1cccc(C[N+](C)(C)CCCCCCCCCCCC)c1.[Br-].[Br-],0.2661892964476047
unseen by expert encoder,multi-regression,CCCCCCCCCCCCC[n+]1cccc(C[N+](C)(C)CCCCCCCCCCCCC)c1.[Br-].[Br-],0.27272081767298095
unseen by expert encoder,multi-regression,CCCCCCCCCCCCCC[n+]1cccc(C[N+](C)(C)CCCCCCCCCCCCCC)c1.[Br-].[Br-],0.37353223491767196
unseen by expert encoder,multi-regression,CCCCCCCCCCCCCCCC[n+]1cccc(C[N+](C)(C)CCCCCCCCCCCCCCCC)c1.[Br-].[Br-],0.6253621610109541
unseen by expert encoder,multi-regression,CCCCCCCCCC[N+](C)(C)Cc1ccc[n+](CC(=O)NCCCCCCCC)c1.[Br-].[I-],0.005819843161416038
unseen by expert encoder,multi-regression,CCCCCCCCCC[N+](C)(C)Cc1ccc[n+](CC(=O)NCCCCCCCCC)c1.[Br-].[I-],0.0720715349819705
unseen by expert encoder,multi-regression,CCCCCCCCCCNC(=O)C[n+]1cccc(C[N+](C)(C)CCCCCCCCCC)c1.[Br-].[I-],0.07433641092963317
unseen by expert encoder,multi-regression,CCCCCCCCCCCCNC(=O)C[n+]1cccc(C[N+](C)(C)CCCCCCCCCC)c1.[Br-].[I-],0.020061154292769334
unseen by expert encoder,multi-regression,CCCCCCCCCCCC[N+](C)(C)Cc1ccc[n+](CC(=O)NCCCCCCCC)c1.[Br-].[I-],0.14004090709101358
unseen by expert encoder,multi-regression,CCCCCCCCCCCC[N+](C)(C)Cc1ccc[n+](CC(=O)NCCCCCCCCC)c1.[Br-].[I-],0.18948906714061975
unseen by expert encoder,multi-regression,CCCCCCCCCCCC[N+](C)(C)Cc1ccc[n+](CC(=O)NCCCCCCCCCC)c1.[Br-].[I-],0.5692586236149899
unseen by expert encoder,multi-regression,CCCCCCCCCCCCNC(=O)C[n+]1cccc(C[N+](C)(C)CCCCCCCCCCCC)c1.[Br-].[I-],0.871942183022884
unseen by expert encoder,multi-regression,CCCCCCCCCCCCCC[N+](C)(C)Cc1ccc[n+](CC(=O)NCCCCCCCC)c1.[Br-].[I-],0.571008188875606
unseen by expert encoder,multi-regression,CCCCCCCCCCCCCC[N+](C)(C)Cc1ccc[n+](CC(=O)NCCCCCCCCC)c1.[Br-].[I-],0.8673831222399362
unseen by expert encoder,multi-regression,CCCCCCCCCCCCCC[N+](C)(C)Cc1ccc[n+](CC(=O)NCCCCCCCCCC)c1.[Br-].[I-],0.12078535554704661
unseen by expert encoder,multi-regression,CCCCCCCCCCCCCC[N+](C)(C)Cc1ccc[n+](CC(=O)NCCCCCCCCCCCC)c1.[Br-].[I-],1.0053796133746267
unseen by expert encoder,multi-regression,CCCCCCCCCCCCCCCC[N+](C)(C)Cc1ccc[n+](CC(=O)NCCCCCCCC)c1.[Br-].[I-],0.20273712804730426
unseen by expert encoder,multi-regression,CCCCCCCCCCCCCCCC[N+](C)(C)Cc1ccc[n+](CC(=O)NCCCCCCCCC)c1.[Br-].[I-],0.020955962492534175
unseen by expert encoder,multi-regression,CCCCCCCCCCCCCCCC[N+](C)(C)Cc1ccc[n+](CC(=O)NCCCCCCCCCC)c1.[Br-].[I-],0.3118041361012054
unseen by expert encoder,multi-regression,CCCCCCCCCC[N@+]1(C)CC[N@@+](C)(CCCCCCCCCC)CC1.[Br-].[Br-],1.086850582881256
unseen by expert encoder,multi-regression,CCCCCCCCCCC[N@+]1(C)CC[N@@+](C)(CCCCCCCCCCC)CC1.[Br-].[Br-],0.07939687393417016
unseen by expert encoder,multi-regression,CCCCCCCCCCCC[N@+]1(C)CC[N@@+](C)(CCCCCCCCCCCC)CC1.[Br-].[Br-],0.11011632710843167
unseen by expert encoder,multi-regression,CCCCCCCCCCCC[N@+]1(C)CC[N@@+](C)(CCCCCCCCCCCC)CC1.[Br-].[Cl-],0.9725597880485366
unseen by expert encoder,multi-regression,CCCCCCCCCCCCC[N@+]1(C)CC[N@@+](C)(CCCCCCCCCCCCC)CC1.[Br-].[Br-],1.102733130355649
unseen by expert encoder,multi-regression,CCCCCCCCCCCCCC[N@+]1(C)CC[N@@+](C)(CCCCCCCCCCCCCC)CC1.[Br-].[Br-],3.0053965747462033
unseen by expert encoder,multi-regression,CCCCCCCCNC(=O)C[N@+]1(C)CC[N@@+](C)(CC(=O)NCCCCCCCC)CC1.[Br-].[Br-],0.3203168697470886
unseen by expert encoder,multi-regression,CCCCCCCCCNC(=O)C[N@+]1(C)CC[N@@+](C)(CC(=O)NCCCCCCCCC)CC1.[Br-].[Br-],1.5181514423658906
unseen by expert encoder,multi-regression,CCCCCCCCCCNC(=O)C[N@+]1(C)CC[N@@+](C)(CC(=O)NCCCCCCCCCC)CC1.[Br-].[Br-],0.7030240381785147
unseen by expert encoder,multi-regression,CCCCCCCCCCCNC(=O)C[N@+]1(C)CC[N@@+](C)(CC(=O)NCCCCCCCCCCC)CC1.[Br-].[Br-],1.3166534332957225
unseen by expert encoder,multi-regression,CCCCCCCCCCCCNC(=O)C[N@+]1(C)CC[N@@+](C)(CC(=O)NCCCCCCCCCCCC)CC1.[Br-].[Br-],2.146796371449596
unseen by expert encoder,multi-regression,CCCCCCCCCC[n+]1ccc(CCc2cc[n+](CCCCCCCCCC)cc2)cc1.[Br-].[Br-],1.9436977613446416
unseen by expert encoder,multi-regression,CCCCCCCCCCCC[n+]1ccc(CCc2cc[n+](CCCCCCCCCCCC)cc2)cc1.[Br-].[Br-],0.6794099241910898
unseen by expert encoder,multi-regression,CCCCCCCCCCCCC[n+]1ccc(CCc2cc[n+](CCCCCCCCCCCCC)cc2)cc1.[Br-].[Br-],1.195364354275839
unseen by expert encoder,multi-regression,CCCCCCCC[n+]1ccc(/C=C/c2cc[n+](CCCCCCCC)cc2)cc1.[Br-].[Br-],2.4978436318531765
unseen by expert encoder,multi-regression,CCCCCCCCCCC[n+]1ccc(/C=C/c2cc[n+](CCCCCCCCCCC)cc2)cc1.[Br-].[Br-],1.745737039110772
unseen by expert encoder,multi-regression,CCCCCCCCCCCC[n+]1ccc(/C=C/c2cc[n+](CCCCCCCCCCCC)cc2)cc1.[Br-].[Br-],1.353641540018423
unseen by expert encoder,multi-regression,CCCCCCCCCNC(=O)C[n+]1ccc(CCc2cc[n+](CC(=O)NCCCCCCCCC)cc2)cc1.[Br-].[Br-],0.18711350700761176
unseen by expert encoder,multi-regression,CCCCCCCCCCNC(=O)C[n+]1ccc(CCc2cc[n+](CC(=O)NCCCCCCCCCC)cc2)cc1.[Br-].[Br-],0.4304565514010925
unseen by expert encoder,multi-regression,CCCCCCCCCCCNC(=O)C[n+]1ccc(CCc2cc[n+](CC(=O)NCCCCCCCCCCC)cc2)cc1.[Br-].[Br-],0.04072783955421855
unseen by expert encoder,multi-regression,CCCCCCCCNC(=O)C[n+]1ccc(/C=C/c2cc[n+](CC(=O)NCCCCCCCC)cc2)cc1.[Br-].[Br-],0.8085468791068875
unseen by expert encoder,multi-regression,CCCCCCCCCNC(=O)C[n+]1ccc(/C=C/c2cc[n+](CC(=O)NCCCCCCCCC)cc2)cc1.[Br-].[Br-],0.63731895268529
unseen by expert encoder,multi-regression,CCCCCCCCCCNC(=O)C[n+]1ccc(/C=C/c2cc[n+](CC(=O)NCCCCCCCCCC)cc2)cc1.[Br-].[Br-],2.7554725324859093
unseen by expert encoder,multi-regression,CCCCCCCCNC(=O)C[n+]1ccc(C#Cc2cc[n+](CC(=O)NCCCCCCCC)cc2)cc1.[Br-].[Br-],2.4536186221920238
unseen by expert encoder,multi-regression,CCCCCCCCCNC(=O)C[n+]1ccc(C#Cc2cc[n+](CC(=O)NCCCCCCCCC)cc2)cc1.[Br-].[Br-],3.674792721171527
unseen by expert encoder,multi-regression,CCCCCCCCCC[N+](C)(C)Cc1cc(OC)cc(OC)c1.[Br-],0.01761841821763488
unseen by expert encoder,multi-regression,CCCCCCCCCCCCCC[N+](C)(C)Cc1cc(OC)cc(OC)c1.[Br-],1.4924346060084126
unseen by expert encoder,multi-regression,CCCCCCCCCCCCCCCC[N+](C)(C)Cc1cc(OC)cc(OC)c1.[Br-],1.3452508890302957
unseen by expert encoder,multi-regression,CCCCCCCCCC[N+](C)(C)Cc1ccc(C[N+](C)(C)CCCCCCCCCC)cc1.[Cl-].[Cl-],0.4622724874441565
unseen by expert encoder,multi-regression,CCCCCCCCCCCC[N+](C)(C)Cc1ccc(C[N+](C)(C)CCCCCCCCCCCC)cc1.[Cl-].[Cl-],0.6211684200109782
unseen by expert encoder,multi-regression,CCCCCCCCCCCCC[N+](C)(C)Cc1ccc(C[N+](C)(C)CCCCCCCCCCCCC)cc1.[Cl-].[Cl-],0.03690806660753654
unseen by expert encoder,multi-regression,CCCCCCCCCCCCCC[N+](C)(C)Cc1ccc(C[N+](C)(C)CCCCCCCCCCCCCC)cc1.[Cl-].[Cl-],0.9603381686214472
unseen by expert encoder,multi-regression,CCCCCCCCCC[N+](C)(C)Cc1cccc(C[N+](C)(C)CCCCCCCCCC)c1.[Cl-].[Cl-],0.15091218035295806
unseen by expert encoder,multi-regression,CCCCCCCCCCCC[N+](C)(C)Cc1cccc(C[N+](C)(C)CCCCCCCCCCCC)c1.[Cl-].[Cl-],0.4939033757746514
unseen by expert encoder,multi-regression,CCCCCCCCCCCCC[N+](C)(C)Cc1cccc(C[N+](C)(C)CCCCCCCCCCCCC)c1.[Cl-].[Cl-],1.3268562615649093
unseen by expert encoder,multi-regression,CCCCCCCCCCCCCC[N+](C)(C)Cc1cccc(C[N+](C)(C)CCCCCCCCCCCCCC)c1.[Cl-].[Cl-],1.4007563638212028
unseen by expert encoder,multi-regression,CCCCCCCCCCCCCCCC[N+](C)(C)Cc1cccc(C[N+](C)(C)CCCCCCCCCCCCCCCC)c1.[Cl-].[Cl-],0.8840492223927643
unseen by expert encoder,multi-regression,CCCCCCCCC[N+](C)(C)Cc1ccccc1C[N+](C)(C)CCCCCCCCC.[Cl-].[Cl-],4.4439886524983185
unseen by expert encoder,multi-regression,CCCCCCCCCC[N+](C)(C)Cc1ccccc1C[N+](C)(C)CCCCCCCCCC.[Cl-].[Cl-],1.5353955936334358
unseen by expert encoder,multi-regression,CCCCCCCCCCCC[N+](C)(C)Cc1ccccc1C[N+](C)(C)CCCCCCCCCCCC.[Cl-].[Cl-],1.5587333876832012
unseen by expert encoder,multi-regression,CCCCCCCCCCCCC[N+](C)(C)Cc1ccccc1C[N+](C)(C)CCCCCCCCCCCCC.[Cl-].[Cl-],1.1291067495892535
unseen by expert encoder,multi-regression,CCCCCCCCCCCCCC[N+](C)(C)Cc1ccccc1C[N+](C)(C)CCCCCCCCCCCCCC.[Cl-].[Cl-],1.2986613211348828
unseen by expert encoder,multi-regression,CCCCCCCCCCCCCCCC[N+](C)(C)Cc1ccccc1C[N+](C)(C)CCCCCCCCCCCCCCCC.[Cl-].[Cl-],2.934459966719622
unseen by expert encoder,multi-regression,CCCCCCCC[N+](C)(C)Cc1cc(C[N+](C)(C)CCCCCCCC)cc(C[N+](C)(C)CCCCCCCC)c1.[Br-].[Br-].[Br-],1.2736623666944102
unseen by expert encoder,multi-regression,CCCCCCCCC[N+](C)(C)Cc1cc(C[N+](C)(C)CCCCCCCCC)cc(C[N+](C)(C)CCCCCCCCC)c1.[Br-].[Br-].[Br-],0.4212531461934539
unseen by expert encoder,multi-regression,CCCCCCCCCC[N+](C)(C)Cc1cc(C[N+](C)(C)CCCCCCCCCC)cc(C[N+](C)(C)CCCCCCCCCC)c1.[Br-].[Br-].[Br-],0.5773221366035463
unseen by expert encoder,multi-regression,CCCCCCCCCCCC[N+](C)(C)Cc1cc(C[N+](C)(C)CCCCCCCCCCCC)cc(C[N+](C)(C)CCCCCCCCCCCC)c1.[Br-].[Br-].[Br-],2.457991448226807
unseen by expert encoder,multi-regression,CCCCCCCCCCCCC[N+](C)(C)Cc1cc(C[N+](C)(C)CCCCCCCCCCCCC)cc(C[N+](C)(C)CCCCCCCCCCCCC)c1.[Br-].[Br-].[Br-],4.086569975448518
unseen by expert encoder,multi-regression,CCCCCCCC[N+](C)(CCCCCCCC)Cc1ccccc1.[Cl-],0.5219162646274381
unseen by expert encoder,multi-regression,CCCCCCCCCC[N+](C)(CCCCCCCCCC)Cc1ccccc1.[Cl-],0.45679663520790004
unseen by expert encoder,multi-regression,CCCCCCCCCCCC[N+](C)(CCCCCCCCCCCC)Cc1ccccc1.[Cl-],0.46675254465769445
unseen by expert encoder,multi-regression,CCCCCCCC[N+](CCCCCCCC)(CCCCCCCC)Cc1ccccc1.[Br-],0.6253126223402184
unseen by expert encoder,multi-regression,CCCCCC[N+](C)(CCCCCC)Cc1ccc(C[N+](C)(CCCCCC)CCCCCC)cc1.[Cl-].[Cl-],4.337902054719828
unseen by expert encoder,multi-regression,CCCCCCCC[N+](C)(CCCCCCCC)Cc1ccc(C[N+](C)(CCCCCCCC)CCCCCCCC)cc1.[Cl-].[Cl-],0.5274990780545922
unseen by expert encoder,multi-regression,CCCCCCCCCC[N+](C)(CCCCCCCCCC)Cc1ccc(C[N+](C)(CCCCCCCCCC)CCCCCCCCCC)cc1.[Cl-].[Cl-],1.2426551219433122
unseen by expert encoder,multi-regression,CCCCCC[N+](CCCCCC)(CCCCCC)Cc1ccc(C[N+](CCCCCC)(CCCCCC)CCCCCC)cc1.[Cl-].[Cl-],0.8381561769313275
unseen by expert encoder,multi-regression,CCCCCCCC[N+](CCCCCCCC)(CCCCCCCC)Cc1ccc(C[N+](CCCCCCCC)(CCCCCCCC)CCCCCCCC)cc1.[Cl-].[Cl-],0.15282057265579185
unseen by expert encoder,multi-regression,CCCCCCCC[N+](C)(CCCCCCCC)Cc1cccc(C[N+](C)(CCCCCCCC)CCCCCCCC)c1.[Cl-].[Cl-],0.2573300920015329
unseen by expert encoder,multi-regression,CCCCCC[N+](C)(CCCCCC)Cc1cccc(C[N+](C)(CCCCCC)CCCCCC)c1.[Cl-].[Cl-],3.104343256029389
unseen by expert encoder,multi-regression,CCCCCCCCCC[N+](C)(CCCCCCCCCC)Cc1cccc(C[N+](C)(CCCCCCCCCC)CCCCCCCCCC)c1.[Cl-].[Cl-],1.2101089985919984
unseen by expert encoder,multi-regression,CCCCCCCC[N+](C)(CCCCCCCC)Cc1ccccc1C[N+](C)(CCCCCCCC)CCCCCCCC.[Cl-].[Cl-],0.6706920933801012
unseen by expert encoder,multi-regression,CCCCCCCCCCCC[N+](C)(CCCCCCCCCCCC)Cc1ccccc1C[N+](C)(CCCCCCCCCCCC)CCCCCCCCCCCC.[Cl-].[Cl-],2.198738090768
unseen by expert encoder,multi-regression,CCCCCC[N+](C)(CCCCCC)Cc1cc(C[N+](C)(CCCCCC)CCCCCC)cc(C[N+](C)(CCCCCC)CCCCCC)c1.[Br-].[Br-].[Br-],0.8049845303246478
unseen by expert encoder,multi-regression,CCCCCCCC[N+](C)(CCCCCCCC)Cc1cc(C[N+](C)(CCCCCCCC)CCCCCCCC)cc(C[N+](C)(CCCCCCCC)CCCCCCCC)c1.[Br-].[Br-].[Br-],2.405111711797284
unseen by expert encoder,multi-regression,CCCCCC[N+](CCCCCC)(CCCCCC)Cc1cc(C[N+](CCCCCC)(CCCCCC)CCCCCC)cc(C[N+](CCCCCC)(CCCCCC)CCCCCC)c1.[Br-].[Br-].[Br-],0.4563065222124736
unseen by expert encoder,MolFormer (raw),CCCCCCCCCC[N+](C)(C)CCCCCCCCCC.[Cl-],1.5460401195524918
unseen by expert encoder,MolFormer (raw),N=C(NCCCCCCNC(=N)NC(=N)Nc1ccc(Cl)cc1)NC(=N)Nc1ccc(Cl)cc1,3.5193357560946295
unseen by expert encoder,MolFormer (raw),CCCCCCCCCCCCCCOc1cccc(C[N+](C)(C)C)c1C[N+](C)(C)C.[Br-].[Br-],1.3253356824022209
unseen by expert encoder,MolFormer (raw),CCCCCCCCCCCCCCOc1ccc(C[N+](C)(C)C)cc1C[N+](C)(C)C.[Br-].[Br-],1.3379687414599553
unseen by expert encoder,MolFormer (raw),CCCCCCCCCCCCCCOc1cc(C[N+](C)(C)C)ccc1C[N+](C)(C)C.[Br-].[Br-],3.0348003974897333
unseen by expert encoder,MolFormer (raw),CCCCCCCCCCCCCCCCOc1cc(C[N+](C)(C)C)ccc1C[N+](C)(C)C.[Br-].[Br-],2.6225789223951868
unseen by expert encoder,MolFormer (raw),CCCCCCCCCCCCCCCCCCOc1cc(C[N+](C)(C)C)ccc1C[N+](C)(C)C.[Br-].[Br-],2.612944386805064
unseen by expert encoder,MolFormer (raw),CCCCCCCCCCCCCCOc1c(C[N+](C)(C)C)cccc1C[N+](C)(C)C.[Br-].[Br-],2.97902423540017
unseen by expert encoder,MolFormer (raw),CCCCCCCCCCCCCCOc1cc(C[N+](C)(C)C)cc(C[N+](C)(C)C)c1.[Br-].[Br-],0.598726788226243
unseen by expert encoder,MolFormer (raw),CCCCCCCCCCCCCCCCOc1cc(C[N+](C)(C)C)cc(C[N+](C)(C)C)c1.[Br-].[Br-],1.3491727941176226
unseen by expert encoder,MolFormer (raw),CCCCCCCCCCOc1ccc(C[N+](C)(C)C)cc1.[Br-],1.663676559290275
unseen by expert encoder,MolFormer (raw),CCCCCCCCCCCC[n+]1ccc(-c2cc[n+](CCCCCCCCCCCC)cc2)cc1.[Br-].[Br-],0.1590265724834159
unseen by expert encoder,MolFormer (raw),C[n+]1cccc(Br)c1.[Br-],1.7905135247828494
unseen by expert encoder,MolFormer (raw),CCCCCCCCCCCC[n+]1cccc(Br)c1.[Br-],1.0655170684899198
unseen by expert encoder,MolFormer (raw),CCCCCCCCCCCCCC[n+]1cccc(Br)c1.[Br-],0.17887174109499426
unseen by expert encoder,MolFormer (raw),CCCCCCCCCCCCCCCC[n+]1cccc(Br)c1.[Br-],1.0451501099765856
unseen by expert encoder,MolFormer (raw),CCCCCCCCCCCC[n+]1cccc(-c2ccccc2)c1.[Br-],0.6286270071721423
unseen by expert encoder,MolFormer (raw),CCCCCCCCCCCC[n+]1cccc(-c2ccc[n+](C)c2)c1.[Br-].[Br-],5.110146725010967
unseen by expert encoder,MolFormer (raw),CCCCCCCCCCCC[N+](C)(C)CC[N+](C)(C)CCCBr.[Br-].[Br-],2.2766707880396595
unseen by expert encoder,MolFormer (raw),C=C[C@H]1C[N@+]2(CCCCCCCCCC)CC[C@H]1C[C@H]2[C@@H](O)c1ccnc2ccc(OC)cc12.[Br-],0.04319723294536848
unseen by expert encoder,MolFormer (raw),C=C[C@H]1C[N@+]2(CCCCCCCCCCC)CC[C@H]1C[C@H]2[C@@H](O)c1ccnc2ccc(OC)cc12.[Br-],0.901398336681386
unseen by expert encoder,MolFormer (raw),C=C[C@H]1C[N@+]2(CCCCCCCCCCCC)CC[C@H]1C[C@H]2[C@@H](O)c1ccnc2ccc(OC)cc12.[Br-],1.796479193849104
unseen by expert encoder,MolFormer (raw),C=C[C@H]1C[N@+]2(CCCCCCCCCCCCCC)CC[C@H]1C[C@H]2[C@@H](O)c1ccnc2ccc(OC)cc12.[Br-],2.8610622385894278
unseen by expert encoder,MolFormer (raw),C=C[C@H]1C[N@+]2(CCCCCCCCCCCCCCCC)CC[C@H]1C[C@H]2[C@@H](O)c1ccnc2ccc(OC)cc12.[Br-],1.951700008184896
unseen by expert encoder,MolFormer (raw),C=C[C@H]1C[N@+]2(CCCCCCCCCCCCCCCCCC)CC[C@H]1C[C@H]2[C@@H](O)c1ccnc2ccc(OC)cc12.[Br-],0.8651853808972827
unseen by expert encoder,MolFormer (raw),C=C[C@H]1C[N@+]2(CCCCCCCCCC)CC[C@H]1C[C@H]2[C@@H](O)c1cc[n+](C)c2ccc(OC)cc12.[Br-].[I-],1.084677935829096
unseen by expert encoder,MolFormer (raw),C=C[C@H]1C[N@+]2(CCCCCCCCCCC)CC[C@H]1C[C@H]2[C@@H](O)c1cc[n+](C)c2ccc(OC)cc12.[Br-].[I-],0.0843980314645516
unseen by expert encoder,MolFormer (raw),C=C[C@H]1C[N@+]2(CCCCCCCCCCCC)CC[C@H]1C[C@H]2[C@@H](O)c1cc[n+](C)c2ccc(OC)cc12.[Br-].[I-],0.7941112481725245
unseen by expert encoder,MolFormer (raw),C=C[C@H]1C[N@+]2(CCCCCCCCCCCCCC)CC[C@H]1C[C@H]2[C@@H](O)c1cc[n+](C)c2ccc(OC)cc12.[Br-].[I-],2.7499015041642974
unseen by expert encoder,MolFormer (raw),C=C[C@H]1C[N@+]2(CCCCCCCCCCCCCCCC)CC[C@H]1C[C@H]2[C@@H](O)c1cc[n+](C)c2ccc(OC)cc12.[Br-].[I-],1.8894487862567615
unseen by expert encoder,MolFormer (raw),C=C[C@H]1C[N@+]2(CCCCCCCCCCCCCCCCCC)CC[C@H]1C[C@H]2[C@@H](O)c1cc[n+](C)c2ccc(OC)cc12.[Br-].[I-],1.9701960175475337
unseen by expert encoder,MolFormer (raw),CCCCCCCCCC[N+](C)(C)CCCN(C)CCC[N+](C)(C)CCCCCCCCCC.[Br-].[Br-],0.44732819672204593
unseen by expert encoder,MolFormer (raw),CCCCCCCCCC[N+](C)(C)CCC[N+](C)(CC)CCC[N+](C)(C)CCCCCCCCCC.[Br-].[Br-].[Br-],1.3665538652252809
unseen by expert encoder,MolFormer (raw),CCCCCCCCCCCC[N+](C)(C)CCC[N+](C)(CC)CCC[N+](C)(C)CCCCCCCCCCCC.[Br-].[Br-].[Br-],0.9978969348540341
unseen by expert encoder,MolFormer (raw),CCCCCCCCCCCC[N+](C)(C)CCC[N+](C)(CCC[N+](C)(C)CCCCCCCCCCCC)Cc1ccc(CCCCCCCC)cc1.[Br-].[Br-].[Cl-],0.5145912618685348
unseen by expert encoder,MolFormer (raw),CCCCCCCCCCCC[N+](C)(C)CCC[N+](C)(CCCCCCCCCCCS)CCC[N+](C)(C)CCCCCCCCCCCC.[Br-].[Br-].[Br-],0.32296984769098547
unseen by expert encoder,MolFormer (raw),C=CCCCCCCCCC[N+](C)(CCC[N+](C)(C)CCCCCCCCCCCC)CCC[N+](C)(C)CCCCCCCCCCCC.[Br-].[Br-].[Br-],1.8461551235244484
unseen by expert encoder,MolFormer (raw),CCCCCCCCCCCC[N+](C)(C)CC[N+](C)(C)CCCCC[N+](C)(C)CC[N+](C)(C)CCCCCCCCCCCC.[Br-].[Br-].[I-].[I-],0.4838441595031753
unseen by expert encoder,MolFormer (raw),CCCCCCCCCC[N+](C)(C)Cc1cc(C[n+]2ccccc2)cc(C[N+](C)(C)CCCCCCCCCC)c1.[Br-].[Br-].[Br-],0.35853476708531495
unseen by expert encoder,MolFormer (raw),CCCCCCCCCCCC[N+](C)(C)Cc1cc(C[n+]2ccccc2)cc(C[N+](C)(C)CCCCCCCCCCCC)c1.[Br-].[Br-].[Br-],0.6231718501602466
unseen by expert encoder,MolFormer (raw),CCCCCCCCCCCCCC[N+](C)(C)Cc1cc(C[n+]2ccccc2)cc(C[N+](C)(C)CCCCCCCCCCCCCC)c1.[Br-].[Br-].[Br-],0.09507655782238178
unseen by expert encoder,MolFormer (raw),CCCCCCCCCC[N+](C)(C)CCN1CC[N+](C)(CCCCCCCCCC)CC1.[Br-].[Br-],0.7665199307339414
unseen by expert encoder,MolFormer (raw),CCCCCCCCCCC[N+](C)(C)CCN1CC[N+](C)(CCCCCCCCCCC)CC1.[Br-].[Br-],2.045412048827682
unseen by expert encoder,MolFormer (raw),CCCCCCCCCCCC[N+](C)(C)CCN1CC[N+](C)(CCCCCCCCCCCC)CC1.[Cl-].[Cl-],1.921716061435662
unseen by expert encoder,MolFormer (raw),CCCCCCCCCCCCC[N+](C)(C)CCN1CC[N+](C)(CCCCCCCCCCCCC)CC1.[Br-].[Br-],0.920223127100994
unseen by expert encoder,MolFormer (raw),CCCCCCCCCCCCCC[N+](C)(C)CCN1CC[N+](C)(CCCCCCCCCCCCCC)CC1.[Br-].[Br-],2.1185643942589776
unseen by expert encoder,MolFormer (raw),CCCCCCCCCC[N+]1(C)CCN(C)CCN(C)CC1.[Br-],3.3625468776215417
unseen by expert encoder,MolFormer (raw),CCCCCCCCCCC[N+]1(C)CCN(C)CCN(C)CC1.[Br-],1.3409636706399473
unseen by expert encoder,MolFormer (raw),CCCCCCCCCCCC[N+]1(C)CCN(C)CCN(C)CC1.[Br-],0.7507725026831755
unseen by expert encoder,MolFormer (raw),CCCCCCCCCCCCC[N+]1(C)CCN(C)CCN(C)CC1.[Br-],1.564734478394102
unseen by expert encoder,MolFormer (raw),CCCCCCCCCCCCCC[N+]1(C)CCN(C)CCN(C)CC1.[Br-],2.5073166770602726
unseen by expert encoder,MolFormer (raw),CCCCCCCCCC[N+]1(C)CC[N+](C)(C)CC[N+](C)(C)CC1.[Br-].[I-].[I-],3.443886217623831
unseen by expert encoder,MolFormer (raw),CCCCCCCCCCC[N+]1(C)CC[N+](C)(C)CC[N+](C)(C)CC1.[Br-].[I-].[I-],4.477897252947894
unseen by expert encoder,MolFormer (raw),CCCCCCCCCCCC[N+]1(C)CC[N+](C)(C)CC[N+](C)(C)CC1.[Br-].[I-].[I-],2.390992224946763
unseen by expert encoder,MolFormer (raw),CCCCCCCCCCCCC[N+]1(C)CC[N+](C)(C)CC[N+](C)(C)CC1.[Br-].[I-].[I-],0.5059081558732867
unseen by expert encoder,MolFormer (raw),CCCCCCCCCCCCCC[N+]1(C)CC[N+](C)(C)CC[N+](C)(C)CC1.[Br-].[I-].[I-],0.5736026025022658
unseen by expert encoder,MolFormer (raw),CCCCCCCC[N+](C)(C)CCN(CC[N+](C)(C)CCCCCCCC)CC[N+](C)(C)CCCCCCCC.[Br-].[Br-].[Br-],0.8698553031524126
unseen by expert encoder,MolFormer (raw),CCCCCCCCCCCC[N+](C)(C)CCN(CC[N+](C)(C)CCCCCCCCCCCC)CC[N+](C)(C)CCCCCCCCCCCC.[Br-].[Br-].[Br-],0.21861202890637466
unseen by expert encoder,MolFormer (raw),CCCCCCCCCCCCCC[N+](C)(C)CCN(CC[N+](C)(C)CCCCCCCCCCCCCC)CC[N+](C)(C)CCCCCCCCCCCCCC.[Br-].[Br-].[Br-],1.6983179212077641
unseen by expert encoder,MolFormer (raw),CCCCCCCCCCCC[N+](C)(C)CCCN(CCC[N+](C)(C)CCCCCCCCCCCC)CCC[N+](C)(C)CCCCCCCCCCCC.[Cl-].[Cl-].[Cl-],0.9902201934157109
unseen by expert encoder,MolFormer (raw),CCCCCCCC[N+](C)(C)CCC[N+](C)(CCC[N+](C)(C)CCCCCCCC)CCC[N+](C)(C)CCCCCCCC.[Br-].[Br-].[Br-].[Br-],1.295375971095591
unseen by expert encoder,MolFormer (raw),CCCCCCCCCC[N+](C)(C)CCC[N+](C)(CCC[N+](C)(C)CCCCCCCCCC)CCC[N+](C)(C)CCCCCCCCCC.[Br-].[Br-].[Br-].[Br-],0.997657118584248
unseen by expert encoder,MolFormer (raw),CCCCCCCCCCC[N+](C)(C)CCC[N+](C)(CCC[N+](C)(C)CCCCCCCCCCC)CCC[N+](C)(C)CCCCCCCCCCC.[Br-].[Br-].[Br-].[Br-],1.249237037196981
unseen by expert encoder,MolFormer (raw),CCCCCCCCCCCC[N+](C)(C)CCC[N+](C)(CCC[N+](C)(C)CCCCCCCCCCCC)CCC[N+](C)(C)CCCCCCCCCCCC.[Br-].[Br-].[Br-].[Br-],0.4063163267949781
unseen by expert encoder,MolFormer (raw),CCCCCCCCCCCCC[N+](C)(C)CCC[N+](C)(CCC[N+](C)(C)CCCCCCCCCCCCC)CCC[N+](C)(C)CCCCCCCCCCCCC.[Br-].[Br-].[Br-].[Br-],0.09903728441743642
unseen by expert encoder,MolFormer (raw),CCCCCCCCCCCCCC[N+](C)(C)CCC[N+](C)(CCC[N+](C)(C)CCCCCCCCCCCCCC)CCC[N+](C)(C)CCCCCCCCCCCCCC.[Br-].[Br-].[Br-].[Br-],1.6687325068506556
unseen by expert encoder,MolFormer (raw),CCCCCCCCCC[N+](C)(C)CCCCCNCCCCC[N+](C)(C)CCCCCCCCCC.[Br-].[Br-],0.1242641516854226
unseen by expert encoder,MolFormer (raw),CCCCCCCCCCCC[N+](C)(C)CCCCCNCCCCC[N+](C)(C)CCCCCCCCCCCC.[Br-].[Br-],0.24923983880624068
unseen by expert encoder,MolFormer (raw),CCCCCCCCCCCCCC[N+](C)(C)CCCCCNCCCCC[N+](C)(C)CCCCCCCCCCCCCC.[Br-].[Br-],1.066763127799081
unseen by expert encoder,MolFormer (raw),CCCCCCCCCCCCCCCC[N+](C)(C)CCCCCNCCCCC[N+](C)(C)CCCCCCCCCCCCCCCC.[Br-].[Br-],0.029192097993090638
unseen by expert encoder,MolFormer (raw),CCCCCCCCCCCC[N+](C)(C)CCCNCCC[N+](C)(C)CCCCCCCCCCCC.[Br-].[Br-],0.08280325833204427
unseen by expert encoder,MolFormer (raw),CCCCCCCCCCCC[N+](C)(C)CCCNCCCN(C)C.[Br-],0.9425793263097679
unseen by expert encoder,MolFormer (raw),CCCCCCCCCCCC[N+](C)(C)CCCNCCC[N+](C)(C)CCC.[Br-].[Br-],1.1194041732217797
unseen by expert encoder,MolFormer (raw),CCCCCCCCCCCC[N+](C)(C)CCCCCCCNCCCCCCC[N+](C)(C)CCCCCCCCCCCC.[Br-].[Br-],0.6996993693507925
unseen by expert encoder,MolFormer (raw),CCCCCCCCCCCCCCCCCC[n+]1ccc(CCCc2cc[n+](CCCCCCCCCCCCCCCCC)cc2)cc1.[Br-].[Br-],1.4490506858805003
unseen by expert encoder,MolFormer (raw),CCCCCCCCCC[n+]1ccc(CN(Cc2cc[n+](CCCCCCCCCC)cc2)Cc2cc[n+](CCCCCCCCCC)cc2)cc1.[Br-].[Br-].[Br-],2.7779159330011653
unseen by expert encoder,MolFormer (raw),CCCCCCCCCCCCC[n+]1ccc(CN(Cc2cc[n+](CCCCCCCCCCCCC)cc2)Cc2cc[n+](CCCCCCCCCCCCC)cc2)cc1.[Br-].[Br-].[Br-],0.02270396692398613
unseen by expert encoder,MolFormer (raw),CCCCCCCCCOC(=O)C[n+]1ccc(CCCc2cc[n+](CC(=O)OCCCCCCCCC)cc2)cc1.[Br-].[Br-],0.9815142493409139
unseen by expert encoder,MolFormer (raw),CCCCCCCCCCOC(=O)C[n+]1ccc(CCCc2cc[n+](CC(=O)OCCCCCCCCCC)cc2)cc1.[Br-].[Br-],0.07514509674425107
unseen by expert encoder,MolFormer (raw),CCCCCCCCCCCCOC(=O)C[n+]1ccc(CCCc2cc[n+](CC(=O)OCCCCCCCCCCCC)cc2)cc1.[Br-].[Br-],1.8706841139289239
unseen by expert encoder,MolFormer (raw),CCCCCCCCOC(=O)C[n+]1ccc(CN(Cc2cc[n+](CC(=O)OCCCCCCCC)cc2)Cc2cc[n+](CC(=O)OCCCCCCCC)cc2)cc1.[Br-].[Br-].[Br-],0.6364180723433401
unseen by expert encoder,MolFormer (raw),CCCCCCCCCOC(=O)C[n+]1ccc(CN(Cc2cc[n+](CC(=O)OCCCCCCCCC)cc2)Cc2cc[n+](CC(=O)OCCCCCCCCC)cc2)cc1.[Br-].[Br-].[Br-],0.8123890092398298
unseen by expert encoder,MolFormer (raw),CCCCCCCCCCOC(=O)C[n+]1ccc(CN(Cc2cc[n+](CC(=O)OCCCCCCCCCC)cc2)Cc2cc[n+](CC(=O)OCCCCCCCCCC)cc2)cc1.[Br-].[Br-].[Br-],0.25814301026768494
unseen by expert encoder,MolFormer (raw),CCCCCCCCCCCCOC(=O)C[n+]1ccc(CN(Cc2cc[n+](CC(=O)OCCCCCCCCCCCC)cc2)Cc2cc[n+](CC(=O)OCCCCCCCCCCCC)cc2)cc1.[Br-].[Br-].[Br-],0.585583404913578
unseen by expert encoder,MolFormer (raw),CCCCCCCCCCCCCNC(=O)C[N+](C)(C)CC[N+](C)(C)CC(=O)NCCCCCCCCCCCCC.[Br-].[Br-],1.3466736693544084
unseen by expert encoder,MolFormer (raw),CCCCCCCCCC[N+](C)(C)CCCN(C)CCC[N+](C)(C)CCCCCCCCCC.[Cl-].[Cl-],0.4851913305307719
unseen by expert encoder,MolFormer (raw),CCCCCCCCCCC[N+](C)(C)CCCN(C)CCC[N+](C)(C)CCCCCCCCCCC.[Cl-].[Cl-],0.9769187319177672
unseen by expert encoder,MolFormer (raw),CCCCCCCCCCCC[N+](C)(C)CCCN(C)CCC[N+](C)(C)CCCCCCCCCCCC.[Cl-].[Cl-],0.21869525108491428
unseen by expert encoder,MolFormer (raw),CCCCCCCCCCCCCC[N+](C)(C)CCCN(C)CCC[N+](C)(C)CCCCCCCCCCCCCC.[Cl-].[Cl-],0.2196267194191983
unseen by expert encoder,MolFormer (raw),CCCCCCCCCCCC[N+](C)(C)CCN(C)CCN(C)CC[N+](C)(C)CCCCCCCCCCCC.[Cl-].[Cl-],1.4769475997410317
unseen by expert encoder,MolFormer (raw),C=CC[N+](C)(CCC[N+](C)(C)CCCCCCCCCCCC)CCC[N+](C)(C)CCCCCCCCCCCC.[Br-].[Cl-].[Cl-],1.7426668820902917
unseen by expert encoder,MolFormer (raw),CCCCCCCCCCCC[N+](C)(C)CCC[N+](C)(CCC[N+](C)(C)CCCCCCCCCCCC)Cc1ccccc1.[Br-].[Cl-].[Cl-],0.5626119353138391
unseen by expert encoder,MolFormer (raw),CCCCCCCCCC[N+](C)(C)CCN1CC[N+](C)(CCCCCCCCCC)CC1.[Cl-].[Cl-],0.2627220639085024
unseen by expert encoder,MolFormer (raw),CCCCCCCCCCC[N+](C)(C)CCN1CC[N+](C)(CCCCCCCCCCC)CC1.[Cl-].[Cl-],1.7738969474995974
unseen by expert encoder,MolFormer (raw),CCCCCCCCCCCCCC[N+](C)(C)CCN1CC[N+](C)(CCCCCCCCCCCCCC)CC1.[Cl-].[Cl-],1.0255329468836658
unseen by expert encoder,MolFormer (raw),CCCCCCCCCCC[N+](C)(C)CCN(CC[N+](C)(C)CCCCCCCCCCC)CC[N+](C)(C)CCCCCCCCCCC.[Cl-].[Cl-].[Cl-],3.9415910190418795
unseen by expert encoder,MolFormer (raw),CCCCCCCCCC[N+](C)(C)CCCN(CCC[N+](C)(C)CCCCCCCCCC)CCC[N+](C)(C)CCCCCCCCCC.[Cl-].[Cl-].[Cl-],0.09372265279429226
unseen by expert encoder,MolFormer (raw),CCCCCCCCCCC[N+](C)(C)CCCN(CCC[N+](C)(C)CCCCCCCCCCC)CCC[N+](C)(C)CCCCCCCCCCC.[Cl-].[Cl-].[Cl-],1.438263444243843
unseen by expert encoder,MolFormer (raw),CCCCCCCCCC[n+]1cccc(CN(Cc2ccc[n+](CCCCCCCCCC)c2)CC2CC[N+](C)(CCCCCCCCCC)CC2)c1.[Br-].[Br-].[Br-],2.410670072589781
unseen by expert encoder,MolFormer (raw),CCCCCCCCCCC[n+]1cccc(CN(Cc2ccc[n+](CCCCCCCCCCC)c2)CC2CC[N+](C)(CCCCCCCCCCC)CC2)c1.[Br-].[Br-].[Br-],2.5565278159957447
unseen by expert encoder,MolFormer (raw),CCCCCCCCCCCC[n+]1cccc(CN(Cc2ccc[n+](CCCCCCCCCCCC)c2)CC2CC[N+](C)(CCCCCCCCCCCC)CC2)c1.[Br-].[Br-].[Br-],1.4473407148982107
unseen by expert encoder,MolFormer (raw),CCCCCCCCCCCC[N+](C)(C)Cc1cccnc1.[I-],4.954930077667932
unseen by expert encoder,MolFormer (raw),CCCCCCCCCCCCCCCC[N+](C)(C)Cc1cccnc1.[I-],0.17986135023879357
unseen by expert encoder,MolFormer (raw),CCCCCCCCCC[n+]1cccc(C[N+](C)(C)CCCCCCCCCC)c1.[Br-].[Br-],0.08908766880785624
unseen by expert encoder,MolFormer (raw),CCCCCCCCCCC[n+]1cccc(C[N+](C)(C)CCCCCCCCCCC)c1.[Br-].[Br-],0.04658178760385345
unseen by expert encoder,MolFormer (raw),CCCCCCCCCCCC[n+]1cccc(C[N+](C)(C)CCCCCCCCCCCC)c1.[Br-].[Br-],0.2364120223886772
unseen by expert encoder,MolFormer (raw),CCCCCCCCCCCCC[n+]1cccc(C[N+](C)(C)CCCCCCCCCCCCC)c1.[Br-].[Br-],0.3309257675035804
unseen by expert encoder,MolFormer (raw),CCCCCCCCCCCCCC[n+]1cccc(C[N+](C)(C)CCCCCCCCCCCCCC)c1.[Br-].[Br-],0.42668435891113776
unseen by expert encoder,MolFormer (raw),CCCCCCCCCCCCCCCC[n+]1cccc(C[N+](C)(C)CCCCCCCCCCCCCCCC)c1.[Br-].[Br-],0.4953293711954818
unseen by expert encoder,MolFormer (raw),CCCCCCCCCC[N+](C)(C)Cc1ccc[n+](CC(=O)NCCCCCCCC)c1.[Br-].[I-],0.9367381444358962
unseen by expert encoder,MolFormer (raw),CCCCCCCCCC[N+](C)(C)Cc1ccc[n+](CC(=O)NCCCCCCCCC)c1.[Br-].[I-],0.8373525676353961
unseen by expert encoder,MolFormer (raw),CCCCCCCCCCNC(=O)C[n+]1cccc(C[N+](C)(C)CCCCCCCCCC)c1.[Br-].[I-],0.4651726007145265
unseen by expert encoder,MolFormer (raw),CCCCCCCCCCCCNC(=O)C[n+]1cccc(C[N+](C)(C)CCCCCCCCCC)c1.[Br-].[I-],0.4832677035057227
unseen by expert encoder,MolFormer (raw),CCCCCCCCCCCC[N+](C)(C)Cc1ccc[n+](CC(=O)NCCCCCCCC)c1.[Br-].[I-],0.5290006936459617
unseen by expert encoder,MolFormer (raw),CCCCCCCCCCCC[N+](C)(C)Cc1ccc[n+](CC(=O)NCCCCCCCCC)c1.[Br-].[I-],0.44736660508253934
unseen by expert encoder,MolFormer (raw),CCCCCCCCCCCC[N+](C)(C)Cc1ccc[n+](CC(=O)NCCCCCCCCCC)c1.[Br-].[I-],0.6139540230038008
unseen by expert encoder,MolFormer (raw),CCCCCCCCCCCCNC(=O)C[n+]1cccc(C[N+](C)(C)CCCCCCCCCCCC)c1.[Br-].[I-],0.7397026685662083
unseen by expert encoder,MolFormer (raw),CCCCCCCCCCCCCC[N+](C)(C)Cc1ccc[n+](CC(=O)NCCCCCCCC)c1.[Br-].[I-],0.5255283510450675
unseen by expert encoder,MolFormer (raw),CCCCCCCCCCCCCC[N+](C)(C)Cc1ccc[n+](CC(=O)NCCCCCCCCC)c1.[Br-].[I-],0.3764126987569154
unseen by expert encoder,MolFormer (raw),CCCCCCCCCCCCCC[N+](C)(C)Cc1ccc[n+](CC(=O)NCCCCCCCCCC)c1.[Br-].[I-],0.5536327254952602
unseen by expert encoder,MolFormer (raw),CCCCCCCCCCCCCC[N+](C)(C)Cc1ccc[n+](CC(=O)NCCCCCCCCCCCC)c1.[Br-].[I-],1.5585289357836425
unseen by expert encoder,MolFormer (raw),CCCCCCCCCCCCCCCC[N+](C)(C)Cc1ccc[n+](CC(=O)NCCCCCCCC)c1.[Br-].[I-],0.7429642114735495
unseen by expert encoder,MolFormer (raw),CCCCCCCCCCCCCCCC[N+](C)(C)Cc1ccc[n+](CC(=O)NCCCCCCCCC)c1.[Br-].[I-],0.8126392430150342
unseen by expert encoder,MolFormer (raw),CCCCCCCCCCCCCCCC[N+](C)(C)Cc1ccc[n+](CC(=O)NCCCCCCCCCC)c1.[Br-].[I-],0.6659580153043827
unseen by expert encoder,MolFormer (raw),CCCCCCCCCC[N@+]1(C)CC[N@@+](C)(CCCCCCCCCC)CC1.[Br-].[Br-],0.9623783926938998
unseen by expert encoder,MolFormer (raw),CCCCCCCCCCC[N@+]1(C)CC[N@@+](C)(CCCCCCCCCCC)CC1.[Br-].[Br-],0.17768903392512603
unseen by expert encoder,MolFormer (raw),CCCCCCCCCCCC[N@+]1(C)CC[N@@+](C)(CCCCCCCCCCCC)CC1.[Br-].[Br-],0.11902179192557782
unseen by expert encoder,MolFormer (raw),CCCCCCCCCCCC[N@+]1(C)CC[N@@+](C)(CCCCCCCCCCCC)CC1.[Br-].[Cl-],1.129113943174859
unseen by expert encoder,MolFormer (raw),CCCCCCCCCCCCC[N@+]1(C)CC[N@@+](C)(CCCCCCCCCCCCC)CC1.[Br-].[Br-],1.2444976763752607
unseen by expert encoder,MolFormer (raw),CCCCCCCCCCCCCC[N@+]1(C)CC[N@@+](C)(CCCCCCCCCCCCCC)CC1.[Br-].[Br-],2.955938558496336
unseen by expert encoder,MolFormer (raw),CCCCCCCCNC(=O)C[N@+]1(C)CC[N@@+](C)(CC(=O)NCCCCCCCC)CC1.[Br-].[Br-],0.7833950049969121
unseen by expert encoder,MolFormer (raw),CCCCCCCCCNC(=O)C[N@+]1(C)CC[N@@+](C)(CC(=O)NCCCCCCCCC)CC1.[Br-].[Br-],1.5429013545093397
unseen by expert encoder,MolFormer (raw),CCCCCCCCCCNC(=O)C[N@+]1(C)CC[N@@+](C)(CC(=O)NCCCCCCCCCC)CC1.[Br-].[Br-],0.4704040620013328
unseen by expert encoder,MolFormer (raw),CCCCCCCCCCCNC(=O)C[N@+]1(C)CC[N@@+](C)(CC(=O)NCCCCCCCCCCC)CC1.[Br-].[Br-],1.5861852225617135
unseen by expert encoder,MolFormer (raw),CCCCCCCCCCCCNC(=O)C[N@+]1(C)CC[N@@+](C)(CC(=O)NCCCCCCCCCCCC)CC1.[Br-].[Br-],2.6428121506673876
unseen by expert encoder,MolFormer (raw),CCCCCCCCCC[n+]1ccc(CCc2cc[n+](CCCCCCCCCC)cc2)cc1.[Br-].[Br-],1.01210423887345
unseen by expert encoder,MolFormer (raw),CCCCCCCCCCCC[n+]1ccc(CCc2cc[n+](CCCCCCCCCCCC)cc2)cc1.[Br-].[Br-],0.087929826405726
unseen by expert encoder,MolFormer (raw),CCCCCCCCCCCCC[n+]1ccc(CCc2cc[n+](CCCCCCCCCCCCC)cc2)cc1.[Br-].[Br-],1.5218498091209955
unseen by expert encoder,MolFormer (raw),CCCCCCCC[n+]1ccc(/C=C/c2cc[n+](CCCCCCCC)cc2)cc1.[Br-].[Br-],2.5967227732612193
unseen by expert encoder,MolFormer (raw),CCCCCCCCCCC[n+]1ccc(/C=C/c2cc[n+](CCCCCCCCCCC)cc2)cc1.[Br-].[Br-],1.2274763063627436
unseen by expert encoder,MolFormer (raw),CCCCCCCCCCCC[n+]1ccc(/C=C/c2cc[n+](CCCCCCCCCCCC)cc2)cc1.[Br-].[Br-],1.8420274330088309
unseen by expert encoder,MolFormer (raw),CCCCCCCCCNC(=O)C[n+]1ccc(CCc2cc[n+](CC(=O)NCCCCCCCCC)cc2)cc1.[Br-].[Br-],0.7110911879397823
unseen by expert encoder,MolFormer (raw),CCCCCCCCCCNC(=O)C[n+]1ccc(CCc2cc[n+](CC(=O)NCCCCCCCCCC)cc2)cc1.[Br-].[Br-],0.6365533541893313
unseen by expert encoder,MolFormer (raw),CCCCCCCCCCCNC(=O)C[n+]1ccc(CCc2cc[n+](CC(=O)NCCCCCCCCCCC)cc2)cc1.[Br-].[Br-],0.17596210054461503
unseen by expert encoder,MolFormer (raw),CCCCCCCCNC(=O)C[n+]1ccc(/C=C/c2cc[n+](CC(=O)NCCCCCCCC)cc2)cc1.[Br-].[Br-],0.33730537168788555
unseen by expert encoder,MolFormer (raw),CCCCCCCCCNC(=O)C[n+]1ccc(/C=C/c2cc[n+](CC(=O)NCCCCCCCCC)cc2)cc1.[Br-].[Br-],0.35268505519579807
unseen by expert encoder,MolFormer (raw),CCCCCCCCCCNC(=O)C[n+]1ccc(/C=C/c2cc[n+](CC(=O)NCCCCCCCCCC)cc2)cc1.[Br-].[Br-],2.3280121172021913
unseen by expert encoder,MolFormer (raw),CCCCCCCCNC(=O)C[n+]1ccc(C#Cc2cc[n+](CC(=O)NCCCCCCCC)cc2)cc1.[Br-].[Br-],2.307535358647894
unseen by expert encoder,MolFormer (raw),CCCCCCCCCNC(=O)C[n+]1ccc(C#Cc2cc[n+](CC(=O)NCCCCCCCCC)cc2)cc1.[Br-].[Br-],3.066373516591707
unseen by expert encoder,MolFormer (raw),CCCCCCCCCC[N+](C)(C)Cc1cc(OC)cc(OC)c1.[Br-],0.023152752546814037
unseen by expert encoder,MolFormer (raw),CCCCCCCCCCCCCC[N+](C)(C)Cc1cc(OC)cc(OC)c1.[Br-],1.1354416050881917
unseen by expert encoder,MolFormer (raw),CCCCCCCCCCCCCCCC[N+](C)(C)Cc1cc(OC)cc(OC)c1.[Br-],1.0160068029148057
unseen by expert encoder,MolFormer (raw),CCCCCCCCCC[N+](C)(C)Cc1ccc(C[N+](C)(C)CCCCCCCCCC)cc1.[Cl-].[Cl-],0.2973992983295892
unseen by expert encoder,MolFormer (raw),CCCCCCCCCCCC[N+](C)(C)Cc1ccc(C[N+](C)(C)CCCCCCCCCCCC)cc1.[Cl-].[Cl-],0.9078956452474067
unseen by expert encoder,MolFormer (raw),CCCCCCCCCCCCC[N+](C)(C)Cc1ccc(C[N+](C)(C)CCCCCCCCCCCCC)cc1.[Cl-].[Cl-],0.10963620111332606
unseen by expert encoder,MolFormer (raw),CCCCCCCCCCCCCC[N+](C)(C)Cc1ccc(C[N+](C)(C)CCCCCCCCCCCCCC)cc1.[Cl-].[Cl-],0.8131631323850799
unseen by expert encoder,MolFormer (raw),CCCCCCCCCC[N+](C)(C)Cc1cccc(C[N+](C)(C)CCCCCCCCCC)c1.[Cl-].[Cl-],0.22918080206001723
unseen by expert encoder,MolFormer (raw),CCCCCCCCCCCC[N+](C)(C)Cc1cccc(C[N+](C)(C)CCCCCCCCCCCC)c1.[Cl-].[Cl-],0.1388579644875393
unseen by expert encoder,MolFormer (raw),CCCCCCCCCCCCC[N+](C)(C)Cc1cccc(C[N+](C)(C)CCCCCCCCCCCCC)c1.[Cl-].[Cl-],1.234300603192913
unseen by expert encoder,MolFormer (raw),CCCCCCCCCCCCCC[N+](C)(C)Cc1cccc(C[N+](C)(C)CCCCCCCCCCCCCC)c1.[Cl-].[Cl-],2.0826921740322355
unseen by expert encoder,MolFormer (raw),CCCCCCCCCCCCCCCC[N+](C)(C)Cc1cccc(C[N+](C)(C)CCCCCCCCCCCCCCCC)c1.[Cl-].[Cl-],1.036766222560641
unseen by expert encoder,MolFormer (raw),CCCCCCCCC[N+](C)(C)Cc1ccccc1C[N+](C)(C)CCCCCCCCC.[Cl-].[Cl-],4.786166528681737
unseen by expert encoder,MolFormer (raw),CCCCCCCCCC[N+](C)(C)Cc1ccccc1C[N+](C)(C)CCCCCCCCCC.[Cl-].[Cl-],1.213011248112915
unseen by expert encoder,MolFormer (raw),CCCCCCCCCCCC[N+](C)(C)Cc1ccccc1C[N+](C)(C)CCCCCCCCCCCC.[Cl-].[Cl-],1.2310652480363529
unseen by expert encoder,MolFormer (raw),CCCCCCCCCCCCC[N+](C)(C)Cc1ccccc1C[N+](C)(C)CCCCCCCCCCCCC.[Cl-].[Cl-],1.1492459463919242
unseen by expert encoder,MolFormer (raw),CCCCCCCCCCCCCC[N+](C)(C)Cc1ccccc1C[N+](C)(C)CCCCCCCCCCCCCC.[Cl-].[Cl-],1.1656883945292114
unseen by expert encoder,MolFormer (raw),CCCCCCCCCCCCCCCC[N+](C)(C)Cc1ccccc1C[N+](C)(C)CCCCCCCCCCCCCCCC.[Cl-].[Cl-],2.7902536139019487
unseen by expert encoder,MolFormer (raw),CCCCCCCC[N+](C)(C)Cc1cc(C[N+](C)(C)CCCCCCCC)cc(C[N+](C)(C)CCCCCCCC)c1.[Br-].[Br-].[Br-],1.044453948816272
unseen by expert encoder,MolFormer (raw),CCCCCCCCC[N+](C)(C)Cc1cc(C[N+](C)(C)CCCCCCCCC)cc(C[N+](C)(C)CCCCCCCCC)c1.[Br-].[Br-].[Br-],0.6326280167365498
unseen by expert encoder,MolFormer (raw),CCCCCCCCCC[N+](C)(C)Cc1cc(C[N+](C)(C)CCCCCCCCCC)cc(C[N+](C)(C)CCCCCCCCCC)c1.[Br-].[Br-].[Br-],0.2414173523161841
unseen by expert encoder,MolFormer (raw),CCCCCCCCCCCC[N+](C)(C)Cc1cc(C[N+](C)(C)CCCCCCCCCCCC)cc(C[N+](C)(C)CCCCCCCCCCCC)c1.[Br-].[Br-].[Br-],2.322928674066183
unseen by expert encoder,MolFormer (raw),CCCCCCCCCCCCC[N+](C)(C)Cc1cc(C[N+](C)(C)CCCCCCCCCCCCC)cc(C[N+](C)(C)CCCCCCCCCCCCC)c1.[Br-].[Br-].[Br-],4.374748090795175
unseen by expert encoder,MolFormer (raw),CCCCCCCC[N+](C)(CCCCCCCC)Cc1ccccc1.[Cl-],0.021816935941313176
unseen by expert encoder,MolFormer (raw),CCCCCCCCCC[N+](C)(CCCCCCCCCC)Cc1ccccc1.[Cl-],1.0367541492126502
unseen by expert encoder,MolFormer (raw),CCCCCCCCCCCC[N+](C)(CCCCCCCCCCCC)Cc1ccccc1.[Cl-],0.06120364796144595
unseen by expert encoder,MolFormer (raw),CCCCCCCC[N+](CCCCCCCC)(CCCCCCCC)Cc1ccccc1.[Br-],1.419385306465999
unseen by expert encoder,MolFormer (raw),CCCCCC[N+](C)(CCCCCC)Cc1ccc(C[N+](C)(CCCCCC)CCCCCC)cc1.[Cl-].[Cl-],3.9826824240108625
unseen by expert encoder,MolFormer (raw),CCCCCCCC[N+](C)(CCCCCCCC)Cc1ccc(C[N+](C)(CCCCCCCC)CCCCCCCC)cc1.[Cl-].[Cl-],0.722966569689115
unseen by expert encoder,MolFormer (raw),CCCCCCCCCC[N+](C)(CCCCCCCCCC)Cc1ccc(C[N+](C)(CCCCCCCCCC)CCCCCCCCCC)cc1.[Cl-].[Cl-],1.2998466362533831
unseen by expert encoder,MolFormer (raw),CCCCCC[N+](CCCCCC)(CCCCCC)Cc1ccc(C[N+](CCCCCC)(CCCCCC)CCCCCC)cc1.[Cl-].[Cl-],0.6534606271854281
unseen by expert encoder,MolFormer (raw),CCCCCCCC[N+](CCCCCCCC)(CCCCCCCC)Cc1ccc(C[N+](CCCCCCCC)(CCCCCCCC)CCCCCCCC)cc1.[Cl-].[Cl-],0.2191065660077537
unseen by expert encoder,MolFormer (raw),CCCCCCCC[N+](C)(CCCCCCCC)Cc1cccc(C[N+](C)(CCCCCCCC)CCCCCCCC)c1.[Cl-].[Cl-],0.5093023084707197
unseen by expert encoder,MolFormer (raw),CCCCCC[N+](C)(CCCCCC)Cc1cccc(C[N+](C)(CCCCCC)CCCCCC)c1.[Cl-].[Cl-],3.326812586178346
unseen by expert encoder,MolFormer (raw),CCCCCCCCCC[N+](C)(CCCCCCCCCC)Cc1cccc(C[N+](C)(CCCCCCCCCC)CCCCCCCCCC)c1.[Cl-].[Cl-],1.3823648960356387
unseen by expert encoder,MolFormer (raw),CCCCCCCC[N+](C)(CCCCCCCC)Cc1ccccc1C[N+](C)(CCCCCCCC)CCCCCCCC.[Cl-].[Cl-],0.5223622070176076
unseen by expert encoder,MolFormer (raw),CCCCCCCCCCCC[N+](C)(CCCCCCCCCCCC)Cc1ccccc1C[N+](C)(CCCCCCCCCCCC)CCCCCCCCCCCC.[Cl-].[Cl-],2.289423512693606
unseen by expert encoder,MolFormer (raw),CCCCCC[N+](C)(CCCCCC)Cc1cc(C[N+](C)(CCCCCC)CCCCCC)cc(C[N+](C)(CCCCCC)CCCCCC)c1.[Br-].[Br-].[Br-],0.4678672098012887
unseen by expert encoder,MolFormer (raw),CCCCCCCC[N+](C)(CCCCCCCC)Cc1cc(C[N+](C)(CCCCCCCC)CCCCCCCC)cc(C[N+](C)(CCCCCCCC)CCCCCCCC)c1.[Br-].[Br-].[Br-],2.4141148521788236
unseen by expert encoder,MolFormer (raw),CCCCCC[N+](CCCCCC)(CCCCCC)Cc1cc(C[N+](CCCCCC)(CCCCCC)CCCCCC)cc(C[N+](CCCCCC)(CCCCCC)CCCCCC)c1.[Br-].[Br-].[Br-],0.7396852899579833
