source,target,can,y,pred
quant-record,QAC-105,CCCCCCCCCC[n+]1cccc(Oc2ccc(Oc3ccc[n+](CCCCCCCCCC)c3)cc2)c1.[Br-].[Br-],0.5008301858847509,0.75695944
quant-record,QAC-105,CCCCCCCCCCC[n+]1cccc(Oc2ccc(Oc3ccc[n+](CCCCCCCCCCC)c3)cc2)c1.[Br-].[Br-],2.444772820264315,0.8838012
quant-record,QAC-105,CCCCCCCCCCCC[n+]1cccc(Oc2ccc(Oc3ccc[n+](CCCCCCCCCCCC)c3)cc2)c1.[Br-].[Br-],5.390623251236693,1.9615451
quant-record,QAC-105,CCCCCCCCCCC[n+]1ccc(Oc2ccc(Oc3cc[n+](CCCCCCCCCCC)cc3)cc2)cc1.[Br-].[Br-],4.444772820264315,1.3502327
quant-record,QAC-105,CCCCCCCCCC[n+]1ccccc1Oc1ccc(Oc2cccc[n+]2CCCCCCCCCC)cc1.[Br-].[Br-],1.500830185884751,1.8523202
quant-record,QAC-105,CCCCCCCCCC[n+]1ccccc1Oc1cccc(Oc2cccc[n+]2CCCCCCCCCC)c1.[Br-].[Br-],0.5008301858847509,1.8672518
quant-record,QAC-105,CCCCCCCCCC[n+]1cccc(Oc2cccc(Oc3ccc[n+](CCCCCCCCCC)c3)c2)c1.[Br-].[Br-],1.500830185884751,0.65477383
quant-record,QAC-105,CCCCCCCCCCC[n+]1cccc(Oc2cccc(Oc3ccc[n+](CCCCCCCCCCC)c3)c2)c1.[Br-].[Br-],1.444772820264315,0.7331954
quant-record,QAC-105,CCCCCCCCC[n+]1ccccc1Oc1ccccc1Oc1cccc[n+]1CCCCCCCCC.[Br-].[Br-],2.5593666648384725,4.8347626
quant-record,QAC-105,CCCCCCCCCC[n+]1ccccc1Oc1ccccc1Oc1cccc[n+]1CCCCCCCCCC.[Br-].[Br-],1.500830185884751,3.329104
quant-record,QAC-105,CCCCCCCCC[n+]1cccc(Oc2ccc(-c3ccc(Oc4ccc[n+](CCCCCCCCC)c4)cc3)cc2)c1.[Br-].[Br-],-0.5939751793205555,0.75092864
quant-record,QAC-105,CCCCCCCCCC[n+]1cccc(Oc2ccc(-c3ccc(Oc4ccc[n+](CCCCCCCCCC)c4)cc3)cc2)c1.[Br-].[Br-],0.3532843389226456,0.6878475
quant-record,QAC-105,CCCCCCC[n+]1cccc(Oc2ccc(Oc3ccc(Oc4ccc[n+](CCCCCCC)c4)cc3)cc2)c1.[Br-].[Br-],0.3240937621054769,1.7885352
quant-record,QAC-105,CCCCCCCCNc1cc[n+](CCCCCCCCCC[n+]2ccc(NCCCCCCCC)cc2)cc1.[Cl-].[Cl-],-0.3191554578247024,1.1647152
quant-record,QAC-105,CCCCCCCCCC[n+]1cccc(COCCCCOCc2ccc[n+](CCCCCCCCCC)c2)c1.[Br-].[Br-],0.4866103224031586,1.03535
quant-record,QAC-105,CCCCCCCNc1cc[n+](CCn2c(=O)n(CC[n+]3ccc(NCCCCCCC)cc3)c(=O)n(CC[n+]3ccc(NCCCCCCC)cc3)c2=O)cc1.[Cl-].[Cl-].[Cl-],3.162492659099896,3.731982
quant-record,QAC-105,CCCCCCCCNc1cc[n+](CCn2c(=O)n(CC[n+]3ccc(NCCCCCCCC)cc3)c(=O)n(CC[n+]3ccc(NCCCCCCCC)cc3)c2=O)cc1.[Cl-].[Cl-].[Cl-],3.096097914508769,2.107783
quant-record,QAC-105,CCCCCCCCCNc1cc[n+](CCn2c(=O)n(CC[n+]3ccc(NCCCCCCCCC)cc3)c(=O)n(CC[n+]3ccc(NCCCCCCCCC)cc3)c2=O)cc1.[Cl-].[Cl-].[Cl-],3.032624780863017,2.8540733
quant-record,QAC-105,CCCCCCCCCCNc1cc[n+](CCn2c(=O)n(CC[n+]3ccc(NCCCCCCCCCC)cc3)c(=O)n(CC[n+]3ccc(NCCCCCCCCCC)cc3)c2=O)cc1.[Cl-].[Cl-].[Cl-],3.9718269361035694,4.2376275
quant-record,QAC-105,CCCCCCCCCCCNc1cc[n+](CCn2c(=O)n(CC[n+]3ccc(NCCCCCCCCCCC)cc3)c(=O)n(CC[n+]3ccc(NCCCCCCCCCCC)cc3)c2=O)cc1.[Cl-].[Cl-].[Cl-],3.913474366231828,5.366617
quant-record,QAC-105,CCCCCCCCCCCCNc1cc[n+](CCn2c(=O)n(CC[n+]3ccc(NCCCCCCCCCCCC)cc3)c(=O)n(CC[n+]3ccc(NCCCCCCCCCCCC)cc3)c2=O)cc1.[Cl-].[Cl-].[Cl-],4.857403581834186,5.7575936
quant-record,QAC-105,CCCCCCCNc1cc[n+](CCCCn2c(=O)n(CCCC[n+]3ccc(NCCCCCCC)cc3)c(=O)n(CCCC[n+]3ccc(NCCCCCCC)cc3)c2=O)cc1.[Cl-].[Cl-].[Cl-],3.032624780863017,2.3854103
quant-record,QAC-105,CCCCCCCCNc1cc[n+](CCCCn2c(=O)n(CCCC[n+]3ccc(NCCCCCCCC)cc3)c(=O)n(CCCC[n+]3ccc(NCCCCCCCC)cc3)c2=O)cc1.[Cl-].[Cl-].[Cl-],2.9718269361035707,2.2615583
quant-record,QAC-105,CCCCCCCCCNc1cc[n+](CCCCn2c(=O)n(CCCC[n+]3ccc(NCCCCCCCC)cc3)c(=O)n(CCCC[n+]3ccc(NCCCCCCCCC)cc3)c2=O)cc1.[Cl-].[Cl-].[Cl-],0.9134743662318277,2.5130427
quant-record,QAC-105,CCCCCCCCCCNc1cc[n+](CCCCn2c(=O)n(CCCC[n+]3ccc(NCCCCCCCCC)cc3)c(=O)n(CCCC[n+]3ccc(NCCCCCCCCCC)cc3)c2=O)cc1.[Cl-].[Cl-].[Cl-],3.8574035818341854,3.0406702
quant-record,QAC-105,CCCCCCCCCCCNc1cc[n+](CCCCn2c(=O)n(CCCC[n+]3ccc(NCCCCCCCCCC)cc3)c(=O)n(CCCC[n+]3ccc(NCCCCCCCCCCC)cc3)c2=O)cc1.[Cl-].[Cl-].[Cl-],1.803430723285409,4.2697425
quant-record,QAC-105,CCCCCCCCCCCCNc1cc[n+](CCCCn2c(=O)n(CCCC[n+]3ccc(NCCCCCCCCCCC)cc3)c(=O)n(CCCC[n+]3ccc(NCCCCCCCCCCCC)cc3)c2=O)cc1.[Cl-].[Cl-].[Cl-],8.717188730312886,5.422774
quant-record,QAC-105,CCCCCCCNc1cc[n+](CCCCCn2c(=O)n(CCCCC[n+]3ccc(NCCCCCCC)cc3)c(=O)n(CCCCC[n+]3ccc(NCCCCCCC)cc3)c2=O)cc1.[Cl-].[Cl-].[Cl-],1.9718269361035703,2.476751
quant-record,QAC-105,CCCCCCCCNc1cc[n+](CCCCCn2c(=O)n(CCCCC[n+]3ccc(NCCCCCCCC)cc3)c(=O)n(CCCCC[n+]3ccc(NCCCCCCCC)cc3)c2=O)cc1.[Cl-].[Cl-].[Cl-],1.913474366231828,2.3261328
quant-record,QAC-105,CCCCCCCCCNc1cc[n+](CCCCCn2c(=O)n(CCCCC[n+]3ccc(NCCCCCCCCC)cc3)c(=O)n(CCCCC[n+]3ccc(NCCCCCCCCC)cc3)c2=O)cc1.[Cl-].[Cl-].[Cl-],2.8574035818341863,2.5518706
quant-record,QAC-105,CCCCCCCCCCNc1cc[n+](CCCCCn2c(=O)n(CCCCC[n+]3ccc(NCCCCCCCCCC)cc3)c(=O)n(CCCCC[n+]3ccc(NCCCCCCCCCC)cc3)c2=O)cc1.[Cl-].[Cl-].[Cl-],2.803430723285409,3.852216
quant-record,QAC-105,CCCCCCCCCCCNc1cc[n+](CCCCCn2c(=O)n(CCCCC[n+]3ccc(NCCCCCCCCCCC)cc3)c(=O)n(CCCCC[n+]3ccc(NCCCCCCCCCCC)cc3)c2=O)cc1.[Cl-].[Cl-].[Cl-],2.7514044456508,5.2552323
quant-record,QAC-105,CCCCCCCCCCCCNc1cc[n+](CCCCCn2c(=O)n(CCCCC[n+]3ccc(NCCCCCCCCCCCC)cc3)c(=O)n(CCCCC[n+]3ccc(NCCCCCCCCCCCC)cc3)c2=O)cc1.[Cl-].[Cl-].[Cl-],3.70118921252913,5.4754024
quant-record,QAC-105,CCCCCCCNc1cc[n+](CCCCCCn2c(=O)n(CCCCCC[n+]3ccc(NCCCCCCC)cc3)c(=O)n(CCCCCC[n+]3ccc(NCCCCCCC)cc3)c2=O)cc1.[Cl-].[Cl-].[Cl-],-0.0865256337681723,2.3903153
quant-record,QAC-105,CCCCCCCCNc1cc[n+](CCCCCCn2c(=O)n(CCCCCC[n+]3ccc(NCCCCCCCC)cc3)c(=O)n(CCCCCC[n+]3ccc(NCCCCCCCC)cc3)c2=O)cc1.[Cl-].[Cl-].[Cl-],-0.1425964181658137,2.186744
quant-record,QAC-105,CCCCCCCCCNc1cc[n+](CCCCCCn2c(=O)n(CCCCCC[n+]3ccc(NCCCCCCCCC)cc3)c(=O)n(CCCCCC[n+]3ccc(NCCCCCCCCC)cc3)c2=O)cc1.[Cl-].[Cl-].[Cl-],-1.196569276714591,3.4432752
quant-record,QAC-105,CCCCCCCCCCNc1cc[n+](CCCCCCn2c(=O)n(CCCCCC[n+]3ccc(NCCCCCCCCCC)cc3)c(=O)n(CCCCCC[n+]3ccc(NCCCCCCCCCC)cc3)c2=O)cc1.[Cl-].[Cl-].[Cl-],-1.2485955543492004,4.5967884
quant-record,QAC-105,CCCCCCCCCCCCNc1cc[n+](CCCCCCn2c(=O)n(CCCCCC[n+]3ccc(NCCCCCCCCCCCC)cc3)c(=O)n(CCCCCC[n+]3ccc(NCCCCCCCCCCCC)cc3)c2=O)cc1.[Cl-].[Cl-].[Cl-],-1.2282461154972624,6.074611
quant-record,QAC-105,CCCCCCNc1cc[n+](CCOCCn2c(=O)n(CCOCC[n+]3ccc(NCCCCCC)cc3)c(=O)n(CCOCC[n+]3ccc(NCCCCCC)cc3)c2=O)cc1.[Cl-].[Cl-].[Cl-],2.0239150311358265,4.741026
quant-record,QAC-105,CCCCCCCNc1cc[n+](CCOCCn2c(=O)n(CCOCC[n+]3ccc(NCCCCCCC)cc3)c(=O)n(CCOCC[n+]3ccc(NCCCCCCC)cc3)c2=O)cc1.[Cl-].[Cl-].[Cl-],2.963475566670648,3.8028135
quant-record,QAC-105,CCCCCCCCNc1cc[n+](CCOCCn2c(=O)n(CCOCC[n+]3ccc(NCCCCCCCC)cc3)c(=O)n(CCOCC[n+]3ccc(NCCCCCCCC)cc3)c2=O)cc1.[Cl-].[Cl-].[Cl-],1.905466637219437,3.2545564
quant-record,QAC-105,CCCCCCCCCNc1cc[n+](CCOCCn2c(=O)n(CCOCC[n+]3ccc(NCCCCCCCCC)cc3)c(=O)n(CCOCC[n+]3ccc(NCCCCCCCCC)cc3)c2=O)cc1.[Cl-].[Cl-].[Cl-],-0.1502997081016822,3.03182
quant-record,QAC-105,CCCCCCCCCCNc1cc[n+](CCOCCn2c(=O)n(CCOCC[n+]3ccc(NCCCCCCCCCC)cc3)c(=O)n(CCOCC[n+]3ccc(NCCCCCCCCCC)cc3)c2=O)cc1.[Cl-].[Cl-].[Cl-],-0.2039904282191344,4.232473
quant-record,QAC-105,CCCCCCCCCCCNc1cc[n+](CCOCCn2c(=O)n(CCOCC[n+]3ccc(NCCCCCCCCCCC)cc3)c(=O)n(CCOCC[n+]3ccc(NCCCCCCCCCCC)cc3)c2=O)cc1.[Cl-].[Cl-].[Cl-],1.74424549569903,5.4496803
quant-record,QAC-105,CCCCCCCCCCCCNc1cc[n+](CCOCCn2c(=O)n(CCOCC[n+]3ccc(NCCCCCCCCCCCC)cc3)c(=O)n(CCOCC[n+]3ccc(NCCCCCCCCCCCC)cc3)c2=O)cc1.[Cl-].[Cl-].[Cl-],0.694274568353285,5.690771
quant-record,QAC-105,CCCCCCC[n+]1ccc(Oc2ccc3ccc(Oc4cc[n+](CCCCCCC)cc4)cc3c2)cc1.[Br-].[Br-],0.5721793160228663,2.212113
quant-record,QAC-105,CCCCCCCC[n+]1ccc(Oc2ccc3ccc(Oc4cc[n+](CCCCCCCC)cc4)cc3c2)cc1.[Br-].[Br-],-0.4866628932526134,1.2770139
quant-record,QAC-105,CCCCCCCC[n+]1ccc(Oc2ccc3ccc(Oc4cc[n+](CCCCCCCC)cc4)cc3c2)cc1.[I-].[I-],-0.6683006985386494,1.2960876
quant-record,QAC-105,CCCCCCCCC[n+]1ccc(Oc2ccc3ccc(Oc4cc[n+](CCCCCCCCC)cc4)cc3c2)cc1.[Br-].[Br-],-0.543396895807572,0.84530425
quant-record,QAC-105,CCCCCCCCCC[n+]1ccc(Oc2ccc3ccc(Oc4cc[n+](CCCCCCCCCC)cc4)cc3c2)cc1.[Br-].[Br-],2.4022066497571952,0.67568314
quant-record,QAC-105,CCCCCCCCCCC[n+]1ccc(Oc2ccc3ccc(Oc4cc[n+](CCCCCCCCCCC)cc4)cc3c2)cc1.[Br-].[Br-],4.349603053330211,1.4616451
quant-record,QAC-105,CCCCCCCCCCCC[n+]1ccc(Oc2ccc3ccc(Oc4cc[n+](CCCCCCCCCCCC)cc4)cc3c2)cc1.[Br-].[Br-],6.2763076162772,2.5785193
quant-record,QAC-105,CCCCCCC[n+]1ccc(Oc2ccc3c(Oc4cc[n+](CCCCCCC)cc4)cccc3c2)cc1.[Br-].[Br-],1.5721793160228663,2.5795019
quant-record,QAC-105,CCCCCCCC[n+]1ccc(Oc2ccc3c(Oc4cc[n+](CCCCCCCC)cc4)cccc3c2)cc1.[Br-].[Br-],-0.4866628932526134,1.5854015
quant-record,QAC-105,CCCCCCCC[n+]1ccc(Oc2ccc3c(Oc4cc[n+](CCCCCCCC)cc4)cccc3c2)cc1.[I-].[I-],-0.6683006985386494,1.5996159
quant-record,QAC-105,CCCCCCCCC[n+]1ccc(Oc2ccc3c(Oc4cc[n+](CCCCCCCCC)cc4)cccc3c2)cc1.[Br-].[Br-],1.456603104192428,0.9699855
quant-record,QAC-105,CCCCCCCCCC[n+]1ccc(Oc2ccc3c(Oc4cc[n+](CCCCCCCCCC)cc4)cccc3c2)cc1.[Br-].[Br-],2.4022066497571952,0.822011
quant-record,QAC-105,CCCCCCCCCCC[n+]1ccc(Oc2ccc3c(Oc4cc[n+](CCCCCCCCCCC)cc4)cccc3c2)cc1.[Br-].[Br-],3.3496030533302106,1.3436996
quant-record,QAC-105,CCCCCCCCCCCC[n+]1ccc(Oc2ccc3c(Oc4cc[n+](CCCCCCCCCCCC)cc4)cccc3c2)cc1.[Br-].[Br-],5.299027692777283,2.4760692
quant-record,QAC-105,CCCCCCC[n+]1ccc(Oc2cccc3c(Oc4cc[n+](CCCCCCC)cc4)cccc23)cc1.[Br-].[Br-],-0.4278206839771336,3.2862628
quant-record,QAC-105,CCCCCCCC[n+]1ccc(Oc2cccc3c(Oc4cc[n+](CCCCCCCC)cc4)cccc23)cc1.[Br-].[Br-],0.5133371067473865,1.909951
quant-record,QAC-105,CCCCCCCCC[n+]1ccc(Oc2cccc3c(Oc4cc[n+](CCCCCCCCC)cc4)cccc23)cc1.[Br-].[Br-],0.456603104192428,1.2198039
quant-record,QAC-105,CCCCCCCCCC[n+]1ccc(Oc2cccc3c(Oc4cc[n+](CCCCCCCCCC)cc4)cccc23)cc1.[Br-].[Br-],1.402206649757195,0.83634454
quant-record,QAC-105,CCCCCCCCCCCC[n+]1ccc(Oc2cccc3c(Oc4cc[n+](CCCCCCCCCCCC)cc4)cccc23)cc1.[Br-].[Br-],2.299027692777284,2.7752984
quant-record,QAC-105,CCCCCCCCC[n+]1ccc(C2OCC(C3COC(c4cc[n+](CCCCCCCCC)cc4)OC3)CO2)cc1.[Br-].[Br-],0.4291873671080148,1.5084366
quant-record,QAC-105,CCCCCCCCCC[n+]1ccc(C2OCC(C3COC(c4cc[n+](CCCCCCCCCC)cc4)OC3)CO2)cc1.[Br-].[Br-],0.3757025471753278,2.1704595
quant-record,QAC-105,CCCCCCC[n+]1ccc(C2OCC3(CO2)COC(c2cc[n+](CCCCCCC)cc2)OC3)cc1.[Br-].[Br-],3.5723938272181006,6.628554
quant-record,QAC-105,CCCCCCCC[n+]1ccc(C2OCC3(CO2)COC(c2cc[n+](CCCCCCCC)cc2)OC3)cc1.[Br-].[Br-],1.5133371067473866,3.6526759
quant-record,QAC-105,CCCCCCCCC[n+]1ccc(C2OCC3(CO2)COC(c2cc[n+](CCCCCCCCC)cc2)OC3)cc1.[Br-].[Br-],-0.543396895807572,1.7890867
quant-record,QAC-105,CCCCCCCCCC[n+]1ccc(C2OCC3(CO2)COC(c2cc[n+](CCCCCCCCCC)cc2)OC3)cc1.[Br-].[Br-],-1.597793350242805,2.797456
quant-record,QAC-105,CCCCCCCCCCC[n+]1ccc(C2OCC3(CO2)COC(c2cc[n+](CCCCCCCCCCC)cc2)OC3)cc1.[Br-].[Br-],-1.6503969466697892,4.534444
quant-record,QAC-105,CCCCCCCCCCCC[n+]1ccc(C2OCC3(CO2)COC(c2cc[n+](CCCCCCCCCCCC)cc2)OC3)cc1.[Br-].[Br-],3.299027692777284,5.994945
quant-record,QAC-105,CCCCCCCC[n+]1cccc(C2OCC3(CO2)COC(c2ccc[n+](CCCCCCCC)c2)OC3)c1.[Br-].[Br-],0.5133371067473865,4.5959673
quant-record,QAC-105,CCCCCCCCCC[n+]1cccc(C2OCC3(CO2)COC(c2ccc[n+](CCCCCCCCCC)c2)OC3)c1.[Br-].[Br-],-1.065342528198872,2.1418364
quant-record,QAC-105,CCCCCC[n+]1ccc(C2OCC3(CO2)COC(c2ccc(C4OCC5(COC(c6cc[n+](CCCCCC)cc6)OC5)CO4)o2)OC3)cc1.[I-].[I-],-0.9451581954535142,4.600403
quant-record,QAC-105,CCCCCCC[n+]1ccc(C2OCC3(CO2)COC(c2ccc(C4OCC5(COC(c6cc[n+](CCCCCCC)cc6)OC5)CO4)o2)OC3)cc1.[I-].[I-],-0.9866657736969136,3.5918448
quant-record,QAC-105,CCCCCCCC[n+]1ccc(C2OCC3(CO2)COC(c2ccc(C4OCC5(COC(c6cc[n+](CCCCCCCC)cc6)OC5)CO4)o2)OC3)cc1.[I-].[I-],-1.026870864724745,3.6163728
quant-record,QAC-105,CCCCCCCCCC[n+]1ccc(C2OCC3(CO2)COC(c2ccc(C4OCC5(COC(c6cc[n+](CCCCCCCCCC)cc6)OC5)CO4)o2)OC3)cc1.[I-].[I-],1.895797550617557,4.281795
quant-record,QAC-105,CCCCCCCCCCCC[n+]1ccc(C2OCC3(CO2)COC(c2ccc(C4OCC5(COC(c6cc[n+](CCCCCCCCCCCC)cc6)OC5)CO4)o2)OC3)cc1.[I-].[I-],0.8224010706722666,5.270857
quant-record,QAC-105,CCCCCCCCCCCCCC(=O)NCCC[N+](C)(C)Cc1ccccc1.[Cl-],2.18727999660422,2.6826952
quant-record,QAC-105,CCCCCCCCCCCCCCCC[n+]1ccccc1.[Cl-],3.556435781355485,2.45567
quant-record,QAC-105,CCCCCC[n+]1cccc(Oc2ccc(C3OCC4(CO3)COC(c3ccc(Oc5ccc[n+](CCCCCC)c5)cc3)OC4)cc2)c1.[Br-].[Br-],4.271112991403414,3.4463975
quant-record,QAC-105,CCCCCCC[n+]1cccc(Oc2ccc(C3OCC4(CO3)COC(c3ccc(Oc5ccc[n+](CCCCCCC)c5)cc3)OC4)cc2)c1.[Br-].[Br-],0.223070647401279,2.1599176
quant-record,QAC-105,CCCCCCCC[n+]1cccc(Oc2ccc(C3OCC4(CO3)COC(c3ccc(Oc5ccc[n+](CCCCCCCC)c5)cc3)OC4)cc2)c1.[Br-].[Br-],0.1765930147305835,1.4512743
quant-record,QAC-105,CCCCCCCCC[n+]1cccc(Oc2ccc(C3OCC4(CO3)COC(c3ccc(Oc5ccc[n+](CCCCCCCCC)c5)cc3)OC4)cc2)c1.[Br-].[Br-],0.1315502796230905,1.4350924
quant-record,QAC-105,CCCCCCCCCC[n+]1cccc(Oc2ccc(C3OCC4(CO3)COC(c3ccc(Oc5ccc[n+](CCCCCCCCCC)c5)cc3)OC4)cc2)c1.[Br-].[Br-],0.0878866951751939,2.001412
quant-record,QAC-105,CCCCCCCCCCC[n+]1cccc(Oc2ccc(C3OCC4(CO3)COC(c3ccc(Oc5ccc[n+](CCCCCCCCCCC)c5)cc3)OC4)cc2)c1.[Br-].[Br-],0.0455058736362423,3.1098096
quant-record,QAC-105,CCCCCCCCCCCC[n+]1cccc(Oc2ccc(C3OCC4(CO3)COC(c3ccc(Oc5ccc[n+](CCCCCCCCCCCC)c5)cc3)OC4)cc2)c1.[Br-].[Br-],3.0043201199749667,3.843818
quant-record,QAC-105,CCCCCCCC[n+]1ccc(Oc2ccc(C3OCC4(CO3)COC(c3ccc(Oc5cc[n+](CCCCCCCC)cc5)cc3)OC4)cc2)cc1.[Br-].[Br-],0.1765930147305835,1.5556532
quant-record,QAC-105,CCCCCCCCC[n+]1ccc(Oc2ccc(C3OCC4(CO3)COC(c3ccc(Oc5cc[n+](CCCCCCCCC)cc5)cc3)OC4)cc2)cc1.[Br-].[Br-],0.1315502796230905,1.5718372
quant-record,QAC-105,CCCCCCCCCC[n+]1ccc(Oc2ccc(C3OCC4(CO3)COC(c3ccc(Oc5cc[n+](CCCCCCCCCC)cc5)cc3)OC4)cc2)cc1.[Br-].[Br-],2.087886695175194,2.3724434
quant-record,QAC-105,CCCCCC[n+]1cccc(Oc2ccc(C(C)(C)c3ccc(Oc4ccc[n+](CCCCCC)c4)cc3)cc2)c1.[Br-].[Br-],5.48883561141615,2.1690843
quant-record,QAC-105,CCCCCCC[n+]1cccc(Oc2ccc(C(C)(C)c3ccc(Oc4ccc[n+](CCCCCCC)c4)cc3)cc2)c1.[Br-].[Br-],3.433038757685511,1.2966763
quant-record,QAC-105,CCCCCCCC[n+]1cccc(Oc2ccc(C(C)(C)c3ccc(Oc4ccc[n+](CCCCCCCC)c4)cc3)cc2)c1.[Br-].[Br-],0.3795074264235588,0.8760539
quant-record,QAC-105,CCCCCCCCC[n+]1cccc(Oc2ccc(C(C)(C)c3ccc(Oc4ccc[n+](CCCCCCCCC)c4)cc3)cc2)c1.[Br-].[Br-],0.3277104474813685,0.6582954
quant-record,QAC-105,CCCCCCCCCC[n+]1cccc(Oc2ccc(C(C)(C)c3ccc(Oc4ccc[n+](CCCCCCCCCC)c4)cc3)cc2)c1.[Br-].[Br-],1.277883762181341,0.7224754
quant-record,QAC-105,CCCCCCCCCCC[n+]1cccc(Oc2ccc(C(C)(C)c3ccc(Oc4ccc[n+](CCCCCCCCCCC)c4)cc3)cc2)c1.[Br-].[Br-],2.229551495150766,1.3007008
quant-record,QAC-105,CCCCCCCCCCCC[n+]1cccc(Oc2ccc(C(C)(C)c3ccc(Oc4ccc[n+](CCCCCCCCCCCC)c4)cc3)cc2)c1.[Br-].[Br-],3.1829498415674795,2.3437202
quant-record,QAC-105,CCCCCCCC[n+]1ccc(Oc2ccc(C(C)(C)c3ccc(Oc4cc[n+](CCCCCCCC)cc4)cc3)cc2)cc1.[Br-].[Br-],0.3795074264235588,0.7513453
quant-record,QAC-105,CCCCCCCCCC[n+]1ccc(Oc2ccc(C(C)(C)c3ccc(Oc4cc[n+](CCCCCCCCCC)cc4)cc3)cc2)cc1.[Br-].[Br-],1.277883762181341,1.038464
quant-record,QAC-105,CCCCCC[n+]1ccccc1Oc1ccc(C(C)(C)c2ccc(Oc3cccc[n+]3CCCCCC)cc2)cc1.[I-].[I-],-0.6899253108564267,4.1816363
quant-record,QAC-105,CCCCCCC[n+]1ccccc1Oc1ccc(C(C)(C)c2ccc(Oc3cccc[n+]3CCCCCCC)cc2)cc1.[I-].[I-],1.2606703239844168,2.9782147
quant-record,QAC-105,CCCCCCCC[n+]1ccccc1Oc1ccc(C(C)(C)c2ccc(Oc3cccc[n+]3CCCCCCCC)cc2)cc1.[I-].[I-],2.2130691389097144,1.9051296
quant-record,QAC-105,CCCCCCCCCC[n+]1ccccc1Oc1ccc(C(C)(C)c2ccc(Oc3cccc[n+]3CCCCCCCCCC)cc2)cc1.[I-].[I-],-0.8778227618284742,1.4922658
quant-record,QAC-105,CCCCCCCCCCCC[n+]1ccccc1Oc1ccc(C(C)(C)c2ccc(Oc3cccc[n+]3CCCCCCCCCCCC)cc2)cc1.[I-].[I-],3.0366738523359147,3.3645275
quant-record,Q-HERO,CCCCCCCCCCCC[N+](C)(C)Cc1ccccc1.[Cl-],3.0,1.5688415
quant-record,Q-HERO,CCCCCCCCCCCCCCCC[n+]1ccccc1.[Cl-],-1.0,2.45567
quant-record,Q-HERO,CCCCCCCCCC[N+](C)(C)CCCCCCCCCC.[Cl-],0.0,4.370118
quant-record,Q-HERO,CCCCCCCCCCCC[N+](C)(C)CCCCCCCCCCCC.[Cl-],0.0,4.8222384
quant-record,Q-HERO,N=C(NCCCCCCNC(=N)NC(=N)Nc1ccc(Cl)cc1)NC(=N)Nc1ccc(Cl)cc1,-1.0,1.1859707
quant-record,Q-HERO,CCCCCCCCCCCCCCOc1cccc(C[N+](C)(C)C)c1C[N+](C)(C)C.[Br-].[Br-],2.584962500721156,3.0118172
quant-record,Q-HERO,CCCCCCCCCCCCCCOc1ccc(C[N+](C)(C)C)cc1C[N+](C)(C)C.[Br-].[Br-],2.584962500721156,3.674698
quant-record,Q-HERO,CCCCCCCCCCCCCCOc1cc(C[N+](C)(C)C)ccc1C[N+](C)(C)C.[Br-].[Br-],4.0,3.8990352
quant-record,Q-HERO,CCCCCCCCCCCCCCCCOc1cc(C[N+](C)(C)C)ccc1C[N+](C)(C)C.[Br-].[Br-],4.0,3.1347382
quant-record,Q-HERO,CCCCCCCCCCCCCCCCCCOc1cc(C[N+](C)(C)C)ccc1C[N+](C)(C)C.[Br-].[Br-],4.0,3.115736
quant-record,Q-HERO,CCCCCCCCCCCCCCOc1c(C[N+](C)(C)C)cccc1C[N+](C)(C)C.[Br-].[Br-],4.0,4.0553923
quant-record,Q-HERO,CCCCCCCCCCCCCCOc1cc(C[N+](C)(C)C)cc(C[N+](C)(C)C)c1.[Br-].[Br-],2.0,3.3093266
quant-record,Q-HERO,CCCCCCCCCCCCCCCCOc1cc(C[N+](C)(C)C)cc(C[N+](C)(C)C)c1.[Br-].[Br-],3.0,2.826313
quant-record,Q-HERO,CCCCCCCCCCOc1ccc(C[N+](C)(C)C)cc1.[Br-],3.0,7.0944104
quant-record,Q-HERO,CCCCCCCCCC[n+]1ccc(-c2cc[n+](CCCCCCCCCC)cc2)cc1.[Br-].[Br-],1.0,2.4892359
quant-record,Q-HERO,CCCCCCCCCCC[n+]1ccc(-c2cc[n+](CCCCCCCCCCC)cc2)cc1.[Br-].[Br-],1.0,1.4804565
quant-record,Q-HERO,CCCCCCCCCCCC[n+]1ccc(-c2cc[n+](CCCCCCCCCCCC)cc2)cc1.[Br-].[Br-],1.0,2.7866943
quant-record,Q-HERO,CCCCCCCCCCCCC[n+]1ccc(-c2cc[n+](CCCCCCCCCCCCC)cc2)cc1.[Br-].[Br-],3.0,4.713714
quant-record,Q-HERO,CCCCCCCCCCCC[n+]1ccc(-c2cc[n+](C)cc2)cc1.[Br-].[I-],4.954196310386875,7.0888114
quant-record,Q-HERO,CCCCCCCCCCCCCC[n+]1ccc(-c2cc[n+](C)cc2)cc1.[Br-].[I-],2.0,4.5411468
quant-record,Q-HERO,CCCCCCCCCCCCCC[n+]1ccc(-c2cc[n+](CC)cc2)cc1.[Br-].[Br-],3.0,5.531795
quant-record,Q-HERO,CCCCCCCCCCCCCCCC[n+]1ccc(-c2cc[n+](C)cc2)cc1.[Br-].[I-],2.0,3.811791
quant-record,Q-HERO,CCCCCCCCCCCCCCCC[n+]1ccc(-c2cc[n+](CC)cc2)cc1.[Br-].[Br-],4.0,4.1106153
quant-record,Q-HERO,CCCCCCCCCCCCCCCCCC[n+]1ccc(-c2cc[n+](C)cc2)cc1.[Br-].[I-],3.0,3.8410456
quant-record,Q-HERO,CCCCCCCCCCCCCCCCCC[n+]1ccc(-c2cc[n+](CC)cc2)cc1.[Br-].[Br-],3.0,3.8914378
quant-record,Q-HERO,CCCCCCCCCC[n+]1ccc(-c2cc[n+](CCCCCCCCCC)cc2)cc1.[Cl-].[Cl-],1.0,3.2457778
quant-record,Q-HERO,CCCCCCCCCC[n+]1ccc(-c2cc[n+](CCCCCCCCCC)cc2)cc1.[I-].[I-],1.0,2.3088758
quant-record,Q-HERO,CCCCCCCCCCC[n+]1ccc(-c2cc[n+](CCCCCCCCCCC)cc2)cc1.[Cl-].[Cl-],1.0,2.325771
quant-record,Q-HERO,CCCCCCCCCCC[n+]1ccc(-c2cc[n+](CCCCCCCCCCC)cc2)cc1.[I-].[I-],2.0,1.3722826
quant-record,Q-HERO,CCCCCCCCCCCC[n+]1ccc(-c2cc[n+](CCCCCCCCCCCC)cc2)cc1.[Cl-].[Cl-],1.0,3.679604
quant-record,Q-HERO,CCCCCCCCCCCC[n+]1ccc(-c2cc[n+](CCCCCCCCCCCC)cc2)cc1.[I-].[I-],3.0,2.6771843
quant-record,Q-HERO,CCCCCCCCCCCC[n+]1ccc(-c2cc[n+](CCCCCCCCCC)cc2)cc1.[Br-].[Br-],1.0,1.5789386
quant-record,Q-HERO,CCCCCCCCCCCCCC[n+]1ccc(-c2cc[n+](CCCCCCCC)cc2)cc1.[Br-].[Br-],1.0,2.5544682
quant-record,Q-HERO,CCCCCCCCCCCCCCCC[n+]1ccc(-c2cc[n+](CCCCCC)cc2)cc1.[Br-].[Br-],1.0,3.2864914
quant-record,Q-HERO,CCCCCCCCCCCCCCCCCC[n+]1ccc(-c2cc[n+](CCCC)cc2)cc1.[Br-].[Br-],3.0,4.179252
quant-record,Q-HERO,C[n+]1cccc(Br)c1.[Br-],3.700439718141092,13.135746
quant-record,Q-HERO,CCCCCCCCCCCC[n+]1cccc(Br)c1.[Br-],2.807354922057604,6.342617
quant-record,Q-HERO,CCCCCCCCCCCCCC[n+]1cccc(Br)c1.[Br-],1.584962500721156,4.680429
quant-record,Q-HERO,CCCCCCCCCCCCCCCC[n+]1cccc(Br)c1.[Br-],2.584962500721156,3.8697598
quant-record,Q-HERO,CCCCCCCCCC[n+]1cccc(-c2ccc[n+](CCCCCCCCCC)c2)c1.[Br-].[Br-],1.0,3.666673
quant-record,Q-HERO,CCCCCCCCCCCC[n+]1cccc(-c2ccc[n+](CCCCCCCCCC)c2)c1.[Br-].[Br-],1.0,2.4150043
quant-record,Q-HERO,CCCCCCCCCCC[n+]1cccc(-c2ccc[n+](CCCCCCCCCCC)c2)c1.[Br-].[Br-],-1.0,1.833571
quant-record,Q-HERO,CCCCCCCCCCCC[n+]1cccc(-c2ccc[n+](CCCCCCCCCCCC)c2)c1.[Br-].[Br-],0.0,1.4604713
quant-record,Q-HERO,CCCCCCCCCCCCCC[n+]1cccc(-c2ccc[n+](CCCCCCCCCCCC)c2)c1.[Br-].[Br-],1.0,2.5876048
quant-record,Q-HERO,CCCCCCCCCCCCCC[n+]1cccc(-c2ccc[n+](CCCCCCCCCCCCCC)c2)c1.[Br-].[Br-],1.0,4.5817194
quant-record,Q-HERO,CCCCCCCCCCCCCCCC[n+]1cccc(-c2ccc[n+](CCCCCCCCCCCCCCCC)c2)c1.[Br-].[Br-],1.0,7.4099374
quant-record,Q-HERO,CCCCCCCCCCCC[n+]1cccc(-c2ccccc2)c1.[Br-],3.0,6.3519187
quant-record,Q-HERO,CCCCCCCCCCCC[n+]1cccc(-c2ccc[n+](C)c2)c1.[Br-].[Br-],6.965784284662087,7.1602564
quant-record,Q-HERO,CCCCCCCCCCCC[n+]1cccc(-c2ccc[n+](Cc3ccccc3)c2)c1.[Br-].[Br-],3.0,6.5435514
quant-record,Q-HERO,CCCCCCCCCC[n+]1ccc(-c2ccc[n+](CCCCCCCCCC)c2)cc1.[Br-].[Br-],1.0,3.019813
quant-record,Q-HERO,CCCCCCCCCCC[n+]1ccc(-c2ccc[n+](CCCCCCCCCCC)c2)cc1.[Br-].[Br-],-1.0,1.2030975
quant-record,Q-HERO,CCCCCCCCCCCC[n+]1ccc(-c2ccc[n+](CCCCCCCCCCCC)c2)cc1.[Br-].[Br-],0.0,1.5944676
quant-record,Q-HERO,CCCCCCCCCCCCCC[n+]1ccc(-c2ccc[n+](CCCCCCCCCCCCCC)c2)cc1.[Br-].[Br-],1.0,5.0885973
quant-record,Q-HERO,CCCCCCCCCCCCCCCC[n+]1ccc(-c2ccc[n+](CCCCCCCCCCCCCCCC)c2)cc1.[Br-].[Br-],1.0,7.2321763
quant-record,Q-HERO,CCCCCCCCCCCCCCCCCCCC[N+](C)(C)CCN(C)C.[Br-],2.0,4.957364
quant-record,Q-HERO,CCCCCCCCCCCCCCCCCC[N+](C)(C)CCN(C)C.[Br-],1.0,3.5057123
quant-record,Q-HERO,CCCCCCCCCCCCCCCC[N+](C)(C)CCN(C)C.[Br-],0.0,2.6421208
quant-record,Q-HERO,CCCCCCCCCCCCCC[N+](C)(C)CCN(C)C.[Br-],1.0,2.4830885
quant-record,Q-HERO,CCCCCCCCCCCC[N+](C)(C)CCN(C)C.[Br-],5.0,4.1664324
quant-record,Q-HERO,CCCCCCCCCC[N+](C)(C)CCN(C)C.[Br-],5.977279923499917,9.634248
quant-record,Q-HERO,CCCCCCCCCCCCCCCCCCCC[N+](C)(C)CC[N+](C)(C)CCCCCCCCCCCCCCCC.[Br-].[Br-],4.0,6.926734
quant-record,Q-HERO,CCCCCCCCCCCCCCCCCCCC[N+](C)(C)CC[N+](C)(C)CCCCCCCCCCCCCC.[Br-].[Br-],3.0,4.667334
quant-record,Q-HERO,CCCCCCCCCCCCCCCCCCCC[N+](C)(C)CC[N+](C)(C)CCCCCCCCCCCC.[Br-].[Br-],3.0,2.9118147
quant-record,Q-HERO,CCCCCCCCCCCCCCCCCCCC[N+](C)(C)CC[N+](C)(C)CCCCCCCCCC.[Br-].[Br-],2.0,2.2851937
quant-record,Q-HERO,CCCCCCCCCCCCCCCCCCCC[N+](C)(C)CC[N+](C)(C)CCCCCCCC.[Br-].[Br-],2.0,2.6435966
quant-record,Q-HERO,CCCCCCCCCCCCCCCCCC[N+](C)(C)CC[N+](C)(C)CCCCCCCCCCCCCCCCCC.[Br-].[Br-],5.0,5.792871
quant-record,Q-HERO,CCCCCCCCCCCCCCCCCC[N+](C)(C)CC[N+](C)(C)CCCCCCCCCCCCCCCC.[Br-].[Br-],4.0,4.784489
quant-record,Q-HERO,CCCCCCCCCCCCCCCCCC[N+](C)(C)CC[N+](C)(C)CCCCCCCCCCCCCC.[Br-].[Br-],3.0,3.0145078
quant-record,Q-HERO,CCCCCCCCCCCCCCCCCC[N+](C)(C)CC[N+](C)(C)CCCCCCCCCCCC.[Br-].[Br-],2.0,1.91682
quant-record,Q-HERO,CCCCCCCCCCCCCCCCCC[N+](C)(C)CC[N+](C)(C)CCCCCCCCCC.[Br-].[Br-],2.0,1.4427637
quant-record,Q-HERO,CCCCCCCCCCCCCCCCCC[N+](C)(C)CC[N+](C)(C)CCCCCCCC.[Br-].[Br-],1.0,2.0439842
quant-record,Q-HERO,CCCCCCCCCCCCCCCC[N+](C)(C)CC[N+](C)(C)CCCCCCCCCCCCCCCC.[Br-].[Br-],3.0,3.3478386
quant-record,Q-HERO,CCCCCCCCCCCCCCCC[N+](C)(C)CC[N+](C)(C)CCCCCCCCCCCCCC.[Br-].[Br-],3.0,2.499675
quant-record,Q-HERO,CCCCCCCCCCCCCCCC[N+](C)(C)CC[N+](C)(C)CCCCCCCCCCCC.[Br-].[Br-],3.0,1.5543448
quant-record,Q-HERO,CCCCCCCCCCCCCCCC[N+](C)(C)CC[N+](C)(C)CCCCCCCCCC.[Br-].[Br-],2.0,1.2367197
quant-record,Q-HERO,CCCCCCCCCCCCCCCC[N+](C)(C)CC[N+](C)(C)CCCCCCCC.[Br-].[Br-],1.0,1.9536816
quant-record,Q-HERO,CCCCCCCCCCCCCC[N+](C)(C)CC[N+](C)(C)CCCCCCCCCCCCCC.[Br-].[Br-],2.0,1.548912
quant-record,Q-HERO,CCCCCCCCCCCCCC[N+](C)(C)CC[N+](C)(C)CCCCCCCCCCCC.[Br-].[Br-],0.0,0.921494
quant-record,Q-HERO,CCCCCCCCCCCCCC[N+](C)(C)CC[N+](C)(C)CCCCCCCCCC.[Br-].[Br-],2.0,1.075052
quant-record,Q-HERO,CCCCCCCCCCCCCC[N+](C)(C)CC[N+](C)(C)CCCCCCCC.[Br-].[Br-],0.0,2.0573058
quant-record,Q-HERO,CCCCCCCCCCCC[N+](C)(C)CC[N+](C)(C)CCCCCCCCCCCC.[Br-].[Br-],0.0,1.002893
quant-record,Q-HERO,CCCCCCCCCCCC[N+](C)(C)CC[N+](C)(C)CCCCCCCCCC.[Br-].[Br-],0.0,1.9530523
quant-record,Q-HERO,CCCCCCCCCCCC[N+](C)(C)CC[N+](C)(C)CCCBr.[Br-].[Br-],-1.0,6.796855
quant-record,Q-HERO,CCCCCCCCCC[N+](C)(C)CC[N+](C)(C)CCCCCCCCCC.[Br-].[Br-],1.0,5.0281663
quant-record,Q-HERO,CCCCCCCCCC[N+](C)(C)CC[N+](C)(C)CCCCCCCC.[Br-].[Br-],3.0,7.8066535
quant-record,Q-HERO,CCCCCCCC[N+](C)(C)CC[N+](C)(C)CCCCCCCC.[Br-].[Br-],5.0,10.490109
quant-record,Q-HERO,CCCCCCCCCCCCC[N+](C)(C)CC[N+](C)(C)CCCCCCCCCC.[Br-].[Br-],0.0,1.2983704
quant-record,Q-HERO,CCCCCCCCCCC[N+](C)(C)CC[N+](C)(C)CCCCCCCCCC.[Br-].[Br-],0.0,2.5786428
quant-record,Q-HERO,CCCCCCCCCC[n+]1cccc([C@@H]2CCCN2C)c1.[Br-],5.0,6.853544
quant-record,Q-HERO,CCCCCCCCCCC[n+]1cccc([C@@H]2CCCN2C)c1.[Br-],3.0,6.433122
quant-record,Q-HERO,CCCCCCCCCCCC[n+]1cccc([C@@H]2CCCN2C)c1.[Br-],2.0,5.605168
quant-record,Q-HERO,CCCCCCCCCCCCCC[n+]1cccc([C@@H]2CCCN2C)c1.[Br-],0.0,3.9034488
quant-record,Q-HERO,CCCCCCCCCCCCCCCC[n+]1cccc([C@@H]2CCCN2C)c1.[Br-],0.0,3.224778
quant-record,Q-HERO,CCCCCCCCCCCCCCCCCC[n+]1cccc([C@@H]2CCCN2C)c1.[Br-],0.0,3.9838731
quant-record,Q-HERO,CCCCCCCCCCCCCCCCCCCC[n+]1cccc([C@@H]2CCCN2C)c1.[Br-],1.0,5.531753
quant-record,Q-HERO,CCCCCCCCCC[n+]1cccc([C@@H]2CCC[N+]2(C)C)c1.[Br-].[I-],4.0,7.9183393
quant-record,Q-HERO,CCCCCCCCCCC[n+]1cccc([C@@H]2CCC[N+]2(C)C)c1.[Br-].[I-],5.0,7.243784
quant-record,Q-HERO,CCCCCCCCCCCC[n+]1cccc([C@@H]2CCC[N+]2(C)C)c1.[Br-].[I-],3.0,6.2525325
quant-record,Q-HERO,CCCCCCCCCCCCCC[n+]1cccc([C@@H]2CCC[N+]2(C)C)c1.[Br-].[I-],2.0,3.5231698
quant-record,Q-HERO,CCCCCCCCCCCCCCCC[n+]1cccc([C@@H]2CCC[N+]2(C)C)c1.[Br-].[I-],0.0,2.8066547
quant-record,Q-HERO,CCCCCCCCCCCCCCCCCC[n+]1cccc([C@@H]2CCC[N+]2(C)C)c1.[Br-].[I-],0.0,3.3807604
quant-record,Q-HERO,CCCCCCCCCCCCCCCCCCCC[n+]1cccc([C@@H]2CCC[N+]2(C)C)c1.[Br-].[I-],-1.0,4.4979224
quant-record,Q-HERO,C=C[C@H]1C[N@+]2(CCCCCCCCCC)CC[C@H]1C[C@H]2[C@@H](O)c1ccnc2ccc(OC)cc12.[Br-],2.0,3.5407422
quant-record,Q-HERO,C=C[C@H]1C[N@+]2(CCCCCCCCCCC)CC[C@H]1C[C@H]2[C@@H](O)c1ccnc2ccc(OC)cc12.[Br-],1.0,2.5725796
quant-record,Q-HERO,C=C[C@H]1C[N@+]2(CCCCCCCCCCCC)CC[C@H]1C[C@H]2[C@@H](O)c1ccnc2ccc(OC)cc12.[Br-],0.0,1.858156
quant-record,Q-HERO,C=C[C@H]1C[N@+]2(CCCCCCCCCCCCCC)CC[C@H]1C[C@H]2[C@@H](O)c1ccnc2ccc(OC)cc12.[Br-],-1.0,2.3336556
quant-record,Q-HERO,C=C[C@H]1C[N@+]2(CCCCCCCCCCCCCCCC)CC[C@H]1C[C@H]2[C@@H](O)c1ccnc2ccc(OC)cc12.[Br-],0.0,3.1547139
quant-record,Q-HERO,C=C[C@H]1C[N@+]2(CCCCCCCCCCCCCCCCCC)CC[C@H]1C[C@H]2[C@@H](O)c1ccnc2ccc(OC)cc12.[Br-],1.0,4.228195
quant-record,Q-HERO,C=C[C@H]1C[N@+]2(CCCCCCCCCC)CC[C@H]1C[C@H]2[C@@H](O)c1cc[n+](C)c2ccc(OC)cc12.[Br-].[I-],3.0,4.9240003
quant-record,Q-HERO,C=C[C@H]1C[N@+]2(CCCCCCCCCCC)CC[C@H]1C[C@H]2[C@@H](O)c1cc[n+](C)c2ccc(OC)cc12.[Br-].[I-],2.0,3.5334141
quant-record,Q-HERO,C=C[C@H]1C[N@+]2(CCCCCCCCCCCC)CC[C@H]1C[C@H]2[C@@H](O)c1cc[n+](C)c2ccc(OC)cc12.[Br-].[I-],1.0,2.34575
quant-record,Q-HERO,C=C[C@H]1C[N@+]2(CCCCCCCCCCCCCC)CC[C@H]1C[C@H]2[C@@H](O)c1cc[n+](C)c2ccc(OC)cc12.[Br-].[I-],-1.0,1.680035
quant-record,Q-HERO,C=C[C@H]1C[N@+]2(CCCCCCCCCCCCCCCC)CC[C@H]1C[C@H]2[C@@H](O)c1cc[n+](C)c2ccc(OC)cc12.[Br-].[I-],0.0,2.3188798
quant-record,Q-HERO,C=C[C@H]1C[N@+]2(CCCCCCCCCCCCCCCCCC)CC[C@H]1C[C@H]2[C@@H](O)c1cc[n+](C)c2ccc(OC)cc12.[Br-].[I-],0.0,3.3100693
quant-record,Q-HERO,CCCCCCCCCC[N+](C)(C)CCN(C)CC[N+](C)(C)CCCCCCCCCC.[Br-].[Br-],1.0,5.961957
quant-record,Q-HERO,CCCCCCCCCCC[N+](C)(C)CCN(C)CC[N+](C)(C)CCCCCCCCCCC.[Br-].[Br-],1.0,1.5763546
quant-record,Q-HERO,CCCCCCCCCCCC[N+](C)(C)CCN(C)CC[N+](C)(C)CCCCCCCCCCCC.[Br-].[Br-],0.0,0.665521
quant-record,Q-HERO,CCCCCCCCCCCCCC[N+](C)(C)CCN(C)CC[N+](C)(C)CCCCCCCCCCCCCC.[Br-].[Br-],1.0,1.9231043
quant-record,Q-HERO,CCCCCCCCCCCCCCCC[N+](C)(C)CCN(C)CC[N+](C)(C)CCCCCCCCCCCCCCCC.[Br-].[Br-],2.0,5.7029862
quant-record,Q-HERO,CCCCCCCCCC[N+](C)(C)CC[N+](C)(C)CC[N+](C)(C)CCCCCCCCCC.[Br-].[Br-].[I-],1.0,2.137766
quant-record,Q-HERO,CCCCCCCCCCC[N+](C)(C)CC[N+](C)(C)CC[N+](C)(C)CCCCCCCCCCC.[Br-].[Br-].[I-],1.0,0.6662457
quant-record,Q-HERO,CCCCCCCCCCCCCC[N+](C)(C)CC[N+](C)(C)CC[N+](C)(C)CCCCCCCCCCCCCC.[Br-].[Br-].[I-],0.0,0.61660963
quant-record,Q-HERO,C=CC[N+](C)(CC[N+](C)(C)CCCCCCCCCC)CC[N+](C)(C)CCCCCCCCCC.[Br-].[Br-].[Br-],1.0,2.4339375
quant-record,Q-HERO,C=CC[N+](C)(CC[N+](C)(C)CCCCCCCCCCC)CC[N+](C)(C)CCCCCCCCCCC.[Br-].[Br-].[Br-],0.0,1.1654378
quant-record,Q-HERO,C=CC[N+](C)(CC[N+](C)(C)CCCCCCCCCCCC)CC[N+](C)(C)CCCCCCCCCCCC.[Br-].[Br-].[Br-],1.0,0.5077139
quant-record,Q-HERO,C=CC[N+](C)(CC[N+](C)(C)CCCCCCCCCCCCCC)CC[N+](C)(C)CCCCCCCCCCCCCC.[Br-].[Br-].[Br-],1.0,0.05915253
quant-record,Q-HERO,C=CC[N+](C)(CC[N+](C)(C)CCCCCCCCCCCCCCCC)CC[N+](C)(C)CCCCCCCCCCCCCCCC.[Br-].[Br-].[Br-],2.0,0.5704458
quant-record,Q-HERO,CCCCCCCCCC[N+](C)(C)CCCN(C)CCC[N+](C)(C)CCCCCCCCCC.[Br-].[Br-],0.0,2.1675794
quant-record,Q-HERO,CCCCCCCCCC[N+](C)(C)CCC[N+](C)(CC)CCC[N+](C)(C)CCCCCCCCCC.[Br-].[Br-].[Br-],1.0,1.3160692
quant-record,Q-HERO,CCCCCCCCCCCC[N+](C)(C)CCCN(C)CCC[N+](C)(C)CCCCCCCCCCCC.[Br-].[Br-],0.0,0.15928558
quant-record,Q-HERO,CCCCCCCCCCCC[N+](C)(C)CCC[N+](C)(C)CCC[N+](C)(C)CCCCCCCCCCCC.[Br-].[Br-].[I-],0.0,-0.02865769
quant-record,Q-HERO,CCCCCCCCCCCC[N+](C)(C)CCC[N+](C)(CC)CCC[N+](C)(C)CCCCCCCCCCCC.[Br-].[Br-].[Br-],-1.0,-0.08639812
quant-record,Q-HERO,CCCCCCCCCCCC[N+](C)(C)CCC[N+](C)(CCCC)CCC[N+](C)(C)CCCCCCCCCCCC.[Br-].[Br-].[Br-],0.0,0.026417382
quant-record,Q-HERO,C=CC[N+](C)(CCC[N+](C)(C)CCCCCCCCCCCC)CCC[N+](C)(C)CCCCCCCCCCCC.[Br-].[Br-].[Br-],0.0,0.40150967
quant-record,Q-HERO,CCCCCCCCCCCC[N+](C)(C)CCC[N+](C)(CCC[N+](C)(C)CCCCCCCCCCCC)Cc1ccccc1.[Br-].[Br-].[Br-],0.0,-0.03681449
quant-record,Q-HERO,CCCCCCCCCCCC[N+](C)(C)CCC[N+](C)(CCC[N+](C)(C)CCCCCCCCCCCC)Cc1ccc(CCCCCCCC)cc1.[Br-].[Br-].[Cl-],0.0,0.008210762
quant-record,Q-HERO,CCCCCCCCCCCC[N+](C)(C)CCC[N+](C)(CCCCCCCCCCCS)CCC[N+](C)(C)CCCCCCCCCCCC.[Br-].[Br-].[Br-],1.0,0.23820415
quant-record,Q-HERO,CCCCCCCCCCCC[N+](C)(C)CCC[N+](C)(CCCCCCCCCCCC)CCC[N+](C)(C)CCCCCCCCCCCC.[Br-].[Br-].[Br-],-1.0,0.27272668
quant-record,Q-HERO,C=CCCCCCCCCC[N+](C)(CCC[N+](C)(C)CCCCCCCCCCCC)CCC[N+](C)(C)CCCCCCCCCCCC.[Br-].[Br-].[Br-],-1.0,0.06461998
quant-record,Q-HERO,CCCCCCCCCCCC[N+](C)(C)CCN(C)CCN(C)CCN(C)C.[Br-],3.0,4.2635064
quant-record,Q-HERO,CCCCCCCCCCCCCC[N+](C)(C)CCN(C)CCN(C)CCN(C)C.[Br-],4.0,2.066216
quant-record,Q-HERO,CCCCCCCCCCCCCC[N+](C)(C)CCN(C)CCN(C)CC[N+](C)(C)CCCCCCCCCCCC.[Br-].[Br-],0.0,1.7544743
quant-record,Q-HERO,CCCCCCCCCCCC[N+](C)(C)CCN(C)CCN(C)CC[N+](C)(C)CCCCCCCCCCCC.[Br-].[Br-],0.0,0.7473829
quant-record,Q-HERO,CCCCCCCCCCCCCC[N+](C)(C)CCN(C)CCN(C)CC[N+](C)(C)CCCCCCCCCCCCCC.[Br-].[Br-],1.0,3.7922864
quant-record,Q-HERO,C=CC[N+](C)(CC[N+](C)(C)CCCCCCCCCCCC)CC[N+](C)(CC=C)CC[N+](C)(C)CCCCCCCCCCCC.[Br-].[Br-].[Br-].[Br-],0.0,0.9428791
quant-record,Q-HERO,CCCCCCCCCCCC[N+](C)(C)CC[N+](C)(C)CCCCC[N+](C)(C)CC[N+](C)(C)CCCCCCCCCCCC.[Br-].[Br-].[I-].[I-],0.0,0.23114967
quant-record,Q-HERO,CCCCCCCCCCCC[N+](C)(C)Cc1cc(C[N+](C)(C)C)cc(C[N+](C)(C)CCCCCCCCCCCC)c1.[Br-].[Br-].[Br-],1.0,2.0547507
quant-record,Q-HERO,CCCCCCCCCCCCCC[N+](C)(C)Cc1cc(C[N+](C)(C)C)cc(C[N+](C)(C)CCCCCCCCCCCCCC)c1.[Br-].[Br-].[Br-],2.0,3.967774
quant-record,Q-HERO,CCCCCCCCCC[N+](C)(C)Cc1cc(C[n+]2ccccc2)cc(C[N+](C)(C)CCCCCCCCCC)c1.[Br-].[Br-].[Br-],1.0,2.4760034
quant-record,Q-HERO,CCCCCCCCCCCC[N+](C)(C)Cc1cc(C[n+]2ccccc2)cc(C[N+](C)(C)CCCCCCCCCCCC)c1.[Br-].[Br-].[Br-],1.0,1.8896874
quant-record,Q-HERO,CCCCCCCCCCCCCC[N+](C)(C)Cc1cc(C[n+]2ccccc2)cc(C[N+](C)(C)CCCCCCCCCCCCCC)c1.[Br-].[Br-].[Br-],2.0,4.0894
quant-record,Q-HERO,CCCCCCCCCC[N+](C)(C)CCN1CC[N+](C)(CCCCCCCCCC)CC1.[Br-].[Br-],0.0,4.6889186
quant-record,Q-HERO,CCCCCCCCCCC[N+](C)(C)CCN1CC[N+](C)(CCCCCCCCCCC)CC1.[Br-].[Br-],-1.0,1.7077307
quant-record,Q-HERO,CCCCCCCCCCCC[N+](C)(C)CCN1CC[N+](C)(CCCCCCCCCCCC)CC1.[Br-].[Br-],-1.0,2.0003595
quant-record,Q-HERO,CCCCCCCCCCCC[N+](C)(C)CCN1CC[N+](C)(CCCCCCCCCCCC)CC1.[Cl-].[Cl-],-1.0,3.1286395
quant-record,Q-HERO,CCCCCCCCCCCCC[N+](C)(C)CCN1CC[N+](C)(CCCCCCCCCCCCC)CC1.[Br-].[Br-],0.0,2.8783183
quant-record,Q-HERO,CCCCCCCCCCCCCC[N+](C)(C)CCN1CC[N+](C)(CCCCCCCCCCCCCC)CC1.[Br-].[Br-],-1.0,5.2734456
quant-record,Q-HERO,CCCCCCCCCC[N+]1(C)CCN(C)CCN(C)CC1.[Br-],5.0,7.793234
quant-record,Q-HERO,CCCCCCCCCCC[N+]1(C)CCN(C)CCN(C)CC1.[Br-],3.0,7.395978
quant-record,Q-HERO,CCCCCCCCCCCC[N+]1(C)CCN(C)CCN(C)CC1.[Br-],1.0,6.073851
quant-record,Q-HERO,CCCCCCCCCCCCC[N+]1(C)CCN(C)CCN(C)CC1.[Br-],0.0,3.7878816
quant-record,Q-HERO,CCCCCCCCCCCCCC[N+]1(C)CCN(C)CCN(C)CC1.[Br-],-1.0,2.1077254
quant-record,Q-HERO,CCCCCCCCCCCCCCCCCC[N+]1(C)CCN(C)CCN(C)CC1.[Br-],-1.0,2.2877707
quant-record,Q-HERO,CCCCCCCCCCCCCCCCCCCC[N+]1(C)CCN(C)CCN(C)CC1.[Br-],-1.0,3.6269386
quant-record,Q-HERO,CCCCCCCCCC[N+]1(C)CC[N+](C)(C)CC[N+](C)(C)CC1.[Br-].[I-].[I-],5.0,9.802466
quant-record,Q-HERO,CCCCCCCCCCC[N+]1(C)CC[N+](C)(C)CC[N+](C)(C)CC1.[Br-].[I-].[I-],5.977279923499917,9.289833
quant-record,Q-HERO,CCCCCCCCCCCC[N+]1(C)CC[N+](C)(C)CC[N+](C)(C)CC1.[Br-].[I-].[I-],4.0,8.549198
quant-record,Q-HERO,CCCCCCCCCCCCC[N+]1(C)CC[N+](C)(C)CC[N+](C)(C)CC1.[Br-].[I-].[I-],2.0,6.6259446
quant-record,Q-HERO,CCCCCCCCCCCCCC[N+]1(C)CC[N+](C)(C)CC[N+](C)(C)CC1.[Br-].[I-].[I-],1.0,4.467667
quant-record,Q-HERO,CCCCCCCCCCCCCCCC[N+]1(C)CC[N+](C)(C)CC[N+](C)(C)CC1.[Br-].[I-].[I-],0.0,2.179743
quant-record,Q-HERO,CCCCCCCCCCCCCCCCCC[N+]1(C)CC[N+](C)(C)CC[N+](C)(C)CC1.[Br-].[I-].[I-],0.0,1.5647737
quant-record,Q-HERO,CCCCCCCCCCCCCCCCCCCC[N+]1(C)CC[N+](C)(C)CC[N+](C)(C)CC1.[Br-].[I-].[I-],0.0,1.8521262
quant-record,Q-HERO,CCCCCCCC[N+](C)(C)CCN(CC[N+](C)(C)CCCCCCCC)CC[N+](C)(C)CCCCCCCC.[Br-].[Br-].[Br-],1.0,4.7743583
quant-record,Q-HERO,CCCCCCCCCC[N+](C)(C)CCN(CC[N+](C)(C)CCCCCCCCCC)CC[N+](C)(C)CCCCCCCCCC.[Br-].[Br-].[Br-],0.0,0.023886133
quant-record,Q-HERO,CCCCCCCCCCC[N+](C)(C)CCN(CC[N+](C)(C)CCCCCCCCCCC)CC[N+](C)(C)CCCCCCCCCCC.[Br-].[Br-].[Br-],-1.0,-0.19227436
quant-record,Q-HERO,CCCCCCCCCCCC[N+](C)(C)CCN(CC[N+](C)(C)CCCCCCCCCCCC)CC[N+](C)(C)CCCCCCCCCCCC.[Br-].[Br-].[Br-],0.0,-0.3198969
quant-record,Q-HERO,CCCCCCCCCCCCCC[N+](C)(C)CCN(CC[N+](C)(C)CCCCCCCCCCCCCC)CC[N+](C)(C)CCCCCCCCCCCCCC.[Br-].[Br-].[Br-],2.0,1.0147905
quant-record,Q-HERO,CCCCCCCC[N+](C)(C)CCCN(CCC[N+](C)(C)CCCCCCCC)CCC[N+](C)(C)CCCCCCCC.[Br-].[Br-].[Br-],2.0,1.5779045
quant-record,Q-HERO,CCCCCCCCCC[N+](C)(C)CCCN(CCC[N+](C)(C)CCCCCCCCCC)CCC[N+](C)(C)CCCCCCCCCC.[Br-].[Br-].[Br-],-1.0,-0.025493205
quant-record,Q-HERO,CCCCCCCCCCC[N+](C)(C)CCCN(CCC[N+](C)(C)CCCCCCCCCCC)CCC[N+](C)(C)CCCCCCCCCCC.[Br-].[Br-].[Br-],-1.0,-0.28152353
quant-record,Q-HERO,CCCCCCCCCCCC[N+](C)(C)CCCN(CCC[N+](C)(C)CCCCCCCCCCCC)CCC[N+](C)(C)CCCCCCCCCCCC.[Br-].[Br-].[Br-],-1.0,-0.19148469
quant-record,Q-HERO,CCCCCCCCCCCC[N+](C)(C)CCCN(CCC[N+](C)(C)CCCCCCCCCCCC)CCC[N+](C)(C)CCCCCCCCCCCC.[Cl-].[Cl-].[Cl-],-1.0,-0.08033914
quant-record,Q-HERO,CCCCCCCCCCCCC[N+](C)(C)CCCN(CCC[N+](C)(C)CCCCCCCCCCCCC)CCC[N+](C)(C)CCCCCCCCCCCCC.[Br-].[Br-].[Br-],0.0,0.4684658
quant-record,Q-HERO,CCCCCCCCCCCCCC[N+](C)(C)CCCN(CCC[N+](C)(C)CCCCCCCCCCCCCC)CCC[N+](C)(C)CCCCCCCCCCCCCC.[Br-].[Br-].[Br-],0.0,1.821205
quant-record,Q-HERO,CCCCCCCCCCCCCCCC[N+](C)(C)CCCN(CCC[N+](C)(C)CCCCCCCCCCCCCCCC)CCC[N+](C)(C)CCCCCCCCCCCCCCCC.[Br-].[Br-].[Br-],3.0,3.9941883
quant-record,Q-HERO,CCCCCCCCCCCCCCCCCC[N+](C)(C)CCCN(CCC[N+](C)(C)CCCCCCCCCCCCCCCCCC)CCC[N+](C)(C)CCCCCCCCCCCCCCCCCC.[Br-].[Br-].[Br-],3.0,5.8163443
quant-record,Q-HERO,CCCCCCCC[N+](C)(C)CCC[N+](C)(CCC[N+](C)(C)CCCCCCCC)CCC[N+](C)(C)CCCCCCCC.[Br-].[Br-].[Br-].[Br-],-1.0,1.618303
quant-record,Q-HERO,CCCCCCCCCC[N+](C)(C)CCC[N+](C)(CCC[N+](C)(C)CCCCCCCCCC)CCC[N+](C)(C)CCCCCCCCCC.[Br-].[Br-].[Br-].[Br-],-1.0,-0.10563443
quant-record,Q-HERO,CCCCCCCCCCC[N+](C)(C)CCC[N+](C)(CCC[N+](C)(C)CCCCCCCCCCC)CCC[N+](C)(C)CCCCCCCCCCC.[Br-].[Br-].[Br-].[Br-],-1.0,-0.17501956
quant-record,Q-HERO,CCCCCCCCCCCC[N+](C)(C)CCC[N+](C)(CCC[N+](C)(C)CCCCCCCCCCCC)CCC[N+](C)(C)CCCCCCCCCCCC.[Br-].[Br-].[Br-].[Br-],0.0,-0.08982002
quant-record,Q-HERO,CCCCCCCCCCCCC[N+](C)(C)CCC[N+](C)(CCC[N+](C)(C)CCCCCCCCCCCCC)CCC[N+](C)(C)CCCCCCCCCCCCC.[Br-].[Br-].[Br-].[Br-],0.5849625007211562,0.44299418
quant-record,Q-HERO,CCCCCCCCCCCCCC[N+](C)(C)CCC[N+](C)(CCC[N+](C)(C)CCCCCCCCCCCCCC)CCC[N+](C)(C)CCCCCCCCCCCCCC.[Br-].[Br-].[Br-].[Br-],2.0,1.1430796
quant-record,Q-HERO,C=CC[N+](CCC[N+](C)(C)CCCCCCCC)(CCC[N+](C)(C)CCCCCCCC)CCC[N+](C)(C)CCCCCCCC.[Br-].[Br-].[Br-].[Br-],0.0,1.1910902
quant-record,Q-HERO,C=CC[N+](CCC[N+](C)(C)CCCCCCCCCC)(CCC[N+](C)(C)CCCCCCCCCC)CCC[N+](C)(C)CCCCCCCCCC.[Br-].[Br-].[Br-].[Br-],-1.0,-0.11846233
quant-record,Q-HERO,C=CC[N+](CCC[N+](C)(C)CCCCCCCCCCC)(CCC[N+](C)(C)CCCCCCCCCCC)CCC[N+](C)(C)CCCCCCCCCCC.[Br-].[Br-].[Br-].[Br-],-1.0,-0.14002705
quant-record,Q-HERO,C=CC[N+](CCC[N+](C)(C)CCCCCCCCCCCC)(CCC[N+](C)(C)CCCCCCCCCCCC)CCC[N+](C)(C)CCCCCCCCCCCC.[Br-].[Br-].[Br-].[Br-],0.0,-0.16131356
quant-record,Q-HERO,C=CC[N+](CCC[N+](C)(C)CCCCCCCCCCCCC)(CCC[N+](C)(C)CCCCCCCCCCCCC)CCC[N+](C)(C)CCCCCCCCCCCCC.[Br-].[Br-].[Br-].[Br-],1.0,0.3112514
quant-record,Q-HERO,C=CC[N+](CCC[N+](C)(C)CCCCCCCCCCCCCC)(CCC[N+](C)(C)CCCCCCCCCCCCCC)CCC[N+](C)(C)CCCCCCCCCCCCCC.[Br-].[Br-].[Br-].[Br-],1.0,1.3860008
quant-record,Q-HERO,C=CC[N+](CCC[N+](C)(C)CCCCCCCCCCCCCCCC)(CCC[N+](C)(C)CCCCCCCCCCCCCCCC)CCC[N+](C)(C)CCCCCCCCCCCCCCCC.[Br-].[Br-].[Br-].[Br-],2.0,3.0159042
quant-record,Q-HERO,C=CC[N+](CCC[N+](C)(C)CCCCCCCCCCCCCCCCCC)(CCC[N+](C)(C)CCCCCCCCCCCCCCCCCC)CCC[N+](C)(C)CCCCCCCCCCCCCCCCCC.[Br-].[Br-].[Br-].[Br-],1.0,4.5181575
quant-record,Q-HERO,CCCCCCCCCCC[N+](C)(C)CCC[N+](CCC[N+](C)(C)CCCCCCCCCCC)(CCC[N+](C)(C)CCCCCCCCCCC)Cc1ccccc1.[Br-].[Br-].[Br-].[Br-],-1.0,-0.088745385
quant-record,Q-HERO,CCCCCCCCCCCC[N+](C)(C)CCC[N+](CCC[N+](C)(C)CCCCCCCCCCCC)(CCC[N+](C)(C)CCCCCCCCCCCC)Cc1ccccc1.[Br-].[Br-].[Br-].[Br-],0.0,-0.03180737
quant-record,Q-HERO,CCCCCCCCCC[N+](C)(C)CCCCCNCCCCC[N+](C)(C)CCCCCCCCCC.[Br-].[Br-],1.0,0.2378876
quant-record,Q-HERO,CCCCCCCCCCCC[N+](C)(C)CCCCCNCCCCC[N+](C)(C)CCCCCCCCCCCC.[Br-].[Br-],1.0,0.32023513
quant-record,Q-HERO,CCCCCCCCCCCCCC[N+](C)(C)CCCCCNCCCCC[N+](C)(C)CCCCCCCCCCCCCC.[Br-].[Br-],0.0,1.967409
quant-record,Q-HERO,CCCCCCCCCCCCCCCC[N+](C)(C)CCCCCNCCCCC[N+](C)(C)CCCCCCCCCCCCCCCC.[Br-].[Br-],1.0,4.0065956
quant-record,Q-HERO,CCCCCCCCCCCC[N+](C)(C)CCCNCCC[N+](C)(C)CCCCCCCCCCCC.[Br-].[Br-],1.0,0.24257287
quant-record,Q-HERO,CCCCCCCCCCCC[N+](C)(C)CCCNCCCN(C)C.[Br-],2.0,3.1002312
quant-record,Q-HERO,CCCCCCCCCCCC[N+](C)(C)CCCNCCC[N+](C)(C)CCC.[Br-].[Br-],0.0,6.512339
quant-record,Q-HERO,CCCCCCCCCCCC[N+](C)(C)CCCCCCCNCCCCCCC[N+](C)(C)CCCCCCCCCCCC.[Br-].[Br-],0.0,1.2454809
quant-record,Q-HERO,CCCCCCCCCCC[N+](CC)(CC)c1ccc(N(c2ccc(N(CC)CC)cc2)c2ccc(N(CC)CC)cc2)cc1.[I-],2.0,1.9109004
quant-record,Q-HERO,CCCCCCCCCCCC[N+](CC)(CC)c1ccc(N(c2ccc(N(CC)CC)cc2)c2ccc(N(CC)CC)cc2)cc1.[I-],1.0,1.8951111
quant-record,Q-HERO,CCCCCCCCCCCCCC[N+](CC)(CC)c1ccc(N(c2ccc(N(CC)CC)cc2)c2ccc(N(CC)CC)cc2)cc1.[I-],0.0,1.811859
quant-record,Q-HERO,CCCCCCCCCCCCCCCC[N+](CC)(CC)c1ccc(N(c2ccc(N(CC)CC)cc2)c2ccc(N(CC)CC)cc2)cc1.[I-],1.0,2.1735656
quant-record,Q-HERO,CCCCCCCCCCCCCCCCCC[N+](CC)(CC)c1ccc(N(c2ccc(N(CC)CC)cc2)c2ccc(N(CC)CC)cc2)cc1.[I-],3.0,2.848654
quant-record,Q-HERO,CCCCCCCCCC[N+](CC)(CC)c1ccc(N(c2ccc([N+](C)(CC)CC)cc2)c2ccc([N+](C)(CC)CC)cc2)cc1.[I-].[I-].[I-],1.0,3.2752361
quant-record,Q-HERO,CCCCCCCCCCC[N+](CC)(CC)c1ccc(N(c2ccc([N+](C)(CC)CC)cc2)c2ccc([N+](C)(CC)CC)cc2)cc1.[I-].[I-].[I-],0.0,2.680176
quant-record,Q-HERO,CCCCCCCCCCCC[N+](CC)(CC)c1ccc(N(c2ccc([N+](C)(CC)CC)cc2)c2ccc([N+](C)(CC)CC)cc2)cc1.[I-].[I-].[I-],0.0,2.2445314
quant-record,Q-HERO,CCCCCCCCCCCCCC[N+](CC)(CC)c1ccc(N(c2ccc([N+](C)(CC)CC)cc2)c2ccc([N+](C)(CC)CC)cc2)cc1.[I-].[I-].[I-],-1.0,1.4827598
quant-record,Q-HERO,CCCCCCCCCCCCCCCC[N+](CC)(CC)c1ccc(N(c2ccc([N+](C)(CC)CC)cc2)c2ccc([N+](C)(CC)CC)cc2)cc1.[I-].[I-].[I-],0.0,1.4192444
quant-record,Q-HERO,CCCCCCCCCCCCCCCCCC[N+](CC)(CC)c1ccc(N(c2ccc([N+](C)(CC)CC)cc2)c2ccc([N+](C)(CC)CC)cc2)cc1.[I-].[I-].[I-],0.0,1.8275354
quant-record,Q-HERO,CCCCCCCCCCCCCCCCCCCC[N+](CC)(CC)c1ccc(N(c2ccc([N+](C)(CC)CC)cc2)c2ccc([N+](C)(CC)CC)cc2)cc1.[Br-].[I-].[I-],0.0,2.2808893
quant-record,Q-HERO,CCCCCCCCCC[N+](C)(C)c1ccc(C(c2ccc(N(C)C)cc2)c2ccc(N(C)C)cc2)cc1.[I-],0.0,2.5404382
quant-record,Q-HERO,CCCCCCCCCCC[N+](C)(C)c1ccc(C(c2ccc(N(C)C)cc2)c2ccc(N(C)C)cc2)cc1.[I-],-1.0,1.7616314
quant-record,Q-HERO,CCCCCCCCCCCC[N+](C)(C)c1ccc(C(c2ccc(N(C)C)cc2)c2ccc(N(C)C)cc2)cc1.[I-],-2.0,1.6127659
quant-record,Q-HERO,CCCCCCCCCCCCCC[N+](C)(C)c1ccc(C(c2ccc(N(C)C)cc2)c2ccc(N(C)C)cc2)cc1.[I-],1.0,1.5830556
quant-record,Q-HERO,CCCCCCCCCCCCCCCC[N+](C)(C)c1ccc(C(c2ccc(N(C)C)cc2)c2ccc(N(C)C)cc2)cc1.[I-],2.0,1.759237
quant-record,Q-HERO,CCCCCCCCCCCCCCCCCC[N+](C)(C)c1ccc(C(c2ccc(N(C)C)cc2)c2ccc(N(C)C)cc2)cc1.[I-],4.0,2.6568258
quant-record,Q-HERO,CCCCCCCCCC[N+](C)(C)c1ccc(C(c2ccc([N+](C)(C)C)cc2)c2ccc([N+](C)(C)C)cc2)cc1.[I-].[I-].[I-],2.0,4.199244
quant-record,Q-HERO,CCCCCCCCCCC[N+](C)(C)c1ccc(C(c2ccc([N+](C)(C)C)cc2)c2ccc([N+](C)(C)C)cc2)cc1.[I-].[I-].[I-],2.0,3.0132382
quant-record,Q-HERO,CCCCCCCCCCCC[N+](C)(C)c1ccc(C(c2ccc([N+](C)(C)C)cc2)c2ccc([N+](C)(C)C)cc2)cc1.[I-].[I-].[I-],3.321928094887362,2.089249
quant-record,Q-HERO,CCCCCCCCCCCCCC[N+](C)(C)c1ccc(C(c2ccc([N+](C)(C)C)cc2)c2ccc([N+](C)(C)C)cc2)cc1.[I-].[I-].[I-],2.0,1.5933951
quant-record,Q-HERO,CCCCCCCCCCCCCCCC[N+](C)(C)c1ccc(C(c2ccc([N+](C)(C)C)cc2)c2ccc([N+](C)(C)C)cc2)cc1.[I-].[I-].[I-],0.0,1.4732742
quant-record,Q-HERO,CCCCCCCCCCCCCCCCCC[N+](C)(C)c1ccc(C(c2ccc([N+](C)(C)C)cc2)c2ccc([N+](C)(C)C)cc2)cc1.[I-].[I-].[I-],0.0,1.7694775
quant-record,Q-HERO,CCCCCCCCCC[N+](C)(C)c1ccc(C(c2ccccc2)c2ccc(N(C)C)cc2)cc1.[I-],0.0,1.835858
quant-record,Q-HERO,CCCCCCCCCCCCCC[N+](C)(C)c1ccc(C(c2ccccc2)c2ccc(N(C)C)cc2)cc1.[I-],1.0,1.4838794
quant-record,Q-HERO,CCCCCCCCCCCCCCCC[N+](C)(C)c1ccc(C(c2ccccc2)c2ccc(N(C)C)cc2)cc1.[I-],2.0,2.1517127
quant-record,Q-HERO,CCCCCCCCCCCCCCCCCC[N+](C)(C)c1ccc(C(c2ccccc2)c2ccc(N(C)C)cc2)cc1.[I-],3.0,3.367585
quant-record,Q-HERO,CCCCCCCCCC[N+](C)(C)c1ccc(C(c2ccccc2)c2ccc([N+](C)(C)C)cc2)cc1.[I-].[I-],1.0,2.660722
quant-record,Q-HERO,CCCCCCCCCCC[N+](C)(C)c1ccc(C(c2ccccc2)c2ccc([N+](C)(C)C)cc2)cc1.[I-].[I-],0.0,1.8755174
quant-record,Q-HERO,CCCCCCCCCCCC[N+](C)(C)c1ccc(C(c2ccccc2)c2ccc([N+](C)(C)C)cc2)cc1.[I-].[I-],-1.0,1.5139636
quant-record,Q-HERO,CCCCCCCCCCCCCC[N+](C)(C)c1ccc(C(c2ccccc2)c2ccc([N+](C)(C)C)cc2)cc1.[I-].[I-],-1.0,1.2957062
quant-record,Q-HERO,CCCCCCCCCCCCCCCC[N+](C)(C)c1ccc(C(c2ccccc2)c2ccc([N+](C)(C)C)cc2)cc1.[I-].[I-],-1.0,1.5487102
quant-record,Q-HERO,CCCCCCCCCCCCCCCCCC[N+](C)(C)c1ccc(C(c2ccccc2)c2ccc([N+](C)(C)C)cc2)cc1.[I-].[I-],-1.0,2.3936713
quant-record,Q-HERO,CCCCCCCCCC[N+](C)(C)c1ccc(C(c2ccccc2)c2ccc([N+](C)(C)CCCCCCCCCC)cc2)cc1.[I-].[I-],-1.0,1.6998048
quant-record,Q-HERO,CCCCCCCCCCC[N+](C)(C)c1ccc(C(c2ccccc2)c2ccc([N+](C)(C)CCCCCCCCCCC)cc2)cc1.[I-].[I-],-1.0,2.6156104
quant-record,Q-HERO,CCCCCCCCCCCC[N+](C)(C)c1ccc(C(c2ccccc2)c2ccc([N+](C)(C)CCCCCCCCCCCC)cc2)cc1.[I-].[I-],0.0,4.3158793
quant-record,Q-HERO,CCCCCCCCCCCCCC[N+](C)(C)c1ccc(C(c2ccccc2)c2ccc([N+](C)(C)CCCCCCCCCCCCCC)cc2)cc1.[I-].[I-],1.0,5.444586
quant-record,Q-HERO,CCCCCCCCCCCCCCCC[N+](C)(C)c1ccc(C(c2ccccc2)c2ccc([N+](C)(C)CCCCCCCCCCCCCCCC)cc2)cc1.[I-].[I-],0.0,6.329231
quant-record,Q-HERO,CCCCCCCCCCCCCCCCCC[N+](C)(C)c1ccc(C(c2ccccc2)c2ccc([N+](C)(C)CCCCCCCCCCCCCCCCCC)cc2)cc1.[I-].[I-],3.0,7.046142
quant-record,Q-HERO,CCCCCCCCCCN(C)c1ccc(C(c2ccccc2)c2ccc([N+](C)(C)CCCCCCCCCC)cc2)cc1.[I-],3.0,3.144914
quant-record,Q-HERO,CCCCCCCCCCCN(C)c1ccc(C(c2ccccc2)c2ccc([N+](C)(C)CCCCCCCCCCC)cc2)cc1.[I-],3.0,4.8100967
quant-record,Q-HERO,CCCCCCCCCCCCN(C)c1ccc(C(c2ccccc2)c2ccc([N+](C)(C)CCCCCCCCCCCC)cc2)cc1.[I-],4.0,6.077071
quant-record,Q-HERO,CCCCCCCCCCCCCCN(C)c1ccc(C(c2ccccc2)c2ccc([N+](C)(C)CCCCCCCCCCCCCC)cc2)cc1.[I-],6.965784284662087,6.502766
quant-record,Q-HERO,CCCCCCCCCCCCCCCCN(C)c1ccc(C(c2ccccc2)c2ccc([N+](C)(C)CCCCCCCCCCCCCCCC)cc2)cc1.[I-],3.0,6.6609035
quant-record,Q-HERO,CCCCCCCCCCCCCCCCCCN(C)c1ccc(C(c2ccccc2)c2ccc([N+](C)(C)CCCCCCCCCCCCCCCCCC)cc2)cc1.[I-],5.977279923499917,6.2168984
quant-record,Q-HERO,CCCCCCCC[n+]1ccc(CCCc2cc[n+](CCCCCCCC)cc2)cc1.[Br-].[Br-],3.0,4.2860785
quant-record,Q-HERO,CCCCCCCCCC[n+]1ccc(CCCc2cc[n+](CCCCCCCCCC)cc2)cc1.[Br-].[Br-],-1.0,0.75692976
quant-record,Q-HERO,CCCCCCCCCCC[n+]1ccc(CCCc2cc[n+](CCCCCCCCCCC)cc2)cc1.[Br-].[Br-],-1.415037499278844,0.86575854
quant-record,Q-HERO,CCCCCCCCCCCC[n+]1ccc(CCCc2cc[n+](CCCCCCCCCCCC)cc2)cc1.[Br-].[Br-],-1.415037499278844,2.420976
quant-record,Q-HERO,CCCCCCCCCCCCC[n+]1ccc(CCCc2cc[n+](CCCCCCCCCCCCC)cc2)cc1.[Br-].[Br-],-1.0,4.1628747
quant-record,Q-HERO,CCCCCCCCCCCCCC[n+]1ccc(CCCc2cc[n+](CCCCCCCCCCCCCC)cc2)cc1.[Br-].[Br-],3.0,5.9825435
quant-record,Q-HERO,CCCCCCCCCCCCCCCC[n+]1ccc(CCCc2cc[n+](CCCCCCCCCCCCCCCC)cc2)cc1.[Br-].[Br-],2.0,7.4317575
quant-record,Q-HERO,CCCCCCCCCCCCCCCCCC[n+]1ccc(CCCc2cc[n+](CCCCCCCCCCCCCCCCC)cc2)cc1.[Br-].[Br-],3.0,7.6275005
quant-record,Q-HERO,CCCCCCCC[n+]1cccc(CN(Cc2ccc[n+](CCCCCCCC)c2)Cc2ccc[n+](CCCCCCCC)c2)c1.[Br-].[Br-].[Br-],1.0,2.4344184
quant-record,Q-HERO,CCCCCCCCCC[n+]1cccc(CN(Cc2ccc[n+](CCCCCCCCCC)c2)Cc2ccc[n+](CCCCCCCCCC)c2)c1.[Br-].[Br-].[Br-],-1.0,0.30579156
quant-record,Q-HERO,CCCCCCCCCCC[n+]1cccc(CN(Cc2ccc[n+](CCCCCCCCCCC)c2)Cc2ccc[n+](CCCCCCCCCCC)c2)c1.[Br-].[Br-].[Br-],-1.0,0.550647
quant-record,Q-HERO,CCCCCCCCCCCC[n+]1cccc(CN(Cc2ccc[n+](CCCCCCCCCCCC)c2)Cc2ccc[n+](CCCCCCCCCCCC)c2)c1.[Br-].[Br-].[Br-],0.0,1.8510367
quant-record,Q-HERO,CCCCCCCCCCCCC[n+]1cccc(CN(Cc2ccc[n+](CCCCCCCCCCCCC)c2)Cc2ccc[n+](CCCCCCCCCCCCC)c2)c1.[Br-].[Br-].[Br-],0.0,3.9522283
quant-record,Q-HERO,CCCCCCCCCCCCCC[n+]1cccc(CN(Cc2ccc[n+](CCCCCCCCCCCCCC)c2)Cc2ccc[n+](CCCCCCCCCCCCCC)c2)c1.[Br-].[Br-].[Br-],1.0,5.5197887
quant-record,Q-HERO,CCCCCCCCCC[n+]1ccc(CN(Cc2cc[n+](CCCCCCCCCC)cc2)Cc2cc[n+](CCCCCCCCCC)cc2)cc1.[Br-].[Br-].[Br-],-1.0,0.30460525
quant-record,Q-HERO,CCCCCCCCCCCC[n+]1ccc(CN(Cc2cc[n+](CCCCCCCCCCCC)cc2)Cc2cc[n+](CCCCCCCCCCCC)cc2)cc1.[Br-].[Br-].[Br-],1.0,2.5465877
quant-record,Q-HERO,CCCCCCCCCCCCC[n+]1ccc(CN(Cc2cc[n+](CCCCCCCCCCCCC)cc2)Cc2cc[n+](CCCCCCCCCCCCC)cc2)cc1.[Br-].[Br-].[Br-],2.0,4.199433
quant-record,Q-HERO,CCCCCCCCCOC(=O)C[n+]1ccc(CCCc2cc[n+](CC(=O)OCCCCCCCCC)cc2)cc1.[Br-].[Br-],3.0,4.1362815
quant-record,Q-HERO,CCCCCCCCCCOC(=O)C[n+]1ccc(CCCc2cc[n+](CC(=O)OCCCCCCCCCC)cc2)cc1.[Br-].[Br-],2.0,5.6119337
quant-record,Q-HERO,CCCCCCCCCCCCOC(=O)C[n+]1ccc(CCCc2cc[n+](CC(=O)OCCCCCCCCCCCC)cc2)cc1.[Br-].[Br-],4.0,7.0827107
quant-record,Q-HERO,CCCCCCCCOC(=O)C[n+]1ccc(CN(Cc2cc[n+](CC(=O)OCCCCCCCC)cc2)Cc2cc[n+](CC(=O)OCCCCCCCC)cc2)cc1.[Br-].[Br-].[Br-],3.0,3.1436002
quant-record,Q-HERO,CCCCCCCCCOC(=O)C[n+]1ccc(CN(Cc2cc[n+](CC(=O)OCCCCCCCCC)cc2)Cc2cc[n+](CC(=O)OCCCCCCCCC)cc2)cc1.[Br-].[Br-].[Br-],3.0,3.9962318
quant-record,Q-HERO,CCCCCCCCCCOC(=O)C[n+]1ccc(CN(Cc2cc[n+](CC(=O)OCCCCCCCCCC)cc2)Cc2cc[n+](CC(=O)OCCCCCCCCCC)cc2)cc1.[Br-].[Br-].[Br-],2.0,5.539563
quant-record,Q-HERO,CCCCCCCCCCCCOC(=O)C[n+]1ccc(CN(Cc2cc[n+](CC(=O)OCCCCCCCCCCCC)cc2)Cc2cc[n+](CC(=O)OCCCCCCCCCCCC)cc2)cc1.[Br-].[Br-].[Br-],3.0,6.572179
quant-record,Q-HERO,CCCCCCCCCCCCOC(=O)C[N+](C)(C)Cc1ccccc1.[Br-],1.0,4.571734
quant-record,Q-HERO,CCCCCCCCCCCCCCOC(=O)C[N+](C)(C)Cc1ccccc1.[Br-],0.0,5.2173543
quant-record,Q-HERO,CCCCCCCCOC(=O)C[N+](C)(C)CC[N+](C)(C)CC(=O)OCCCCCCCC.[Br-].[Br-],5.0,7.0448236
quant-record,Q-HERO,CCCCCCCCCOC(=O)C[N+](C)(C)CC[N+](C)(C)CC(=O)OCCCCCCCCC.[Br-].[Br-],1.0,5.896946
quant-record,Q-HERO,CCCCCCCCCCOC(=O)C[N+](C)(C)CC[N+](C)(C)CC(=O)OCCCCCCCCCC.[Br-].[Br-],2.0,5.08267
quant-record,Q-HERO,CCCCCCCCCCCCOC(=O)C[N+](C)(C)CC[N+](C)(C)CC(=O)OCCCCCCCCCCCC.[Br-].[Br-],4.0,6.0755687
quant-record,Q-HERO,CCCCCCCOC(=O)C[N+](C)(C)CCC[N+](C)(CCC[N+](C)(C)CC(=O)OCCCCCCC)CC(=O)OCCCCCCC.[Br-].[Br-].[Br-],5.0,6.3273582
quant-record,Q-HERO,CCCCCCCCOC(=O)C[N+](C)(C)CCC[N+](C)(CCC[N+](C)(C)CC(=O)OCCCCCCCC)CC(=O)OCCCCCCCC.[Br-].[Br-].[Br-],3.0,4.185375
quant-record,Q-HERO,CCCCCCCCCOC(=O)C[N+](C)(C)CCC[N+](C)(CCC[N+](C)(C)CC(=O)OCCCCCCCCC)CC(=O)OCCCCCCCCC.[Br-].[Br-].[Br-],2.0,2.2028227
quant-record,Q-HERO,CCCCCCCCCCOC(=O)C[N+](C)(C)CCC[N+](C)(CCC[N+](C)(C)CC(=O)OCCCCCCCCCC)CC(=O)OCCCCCCCCCC.[Br-].[Br-].[Br-],2.0,1.7757376
quant-record,Q-HERO,CCCCCCCCCCCCOC(=O)C[N+](C)(C)CCC[N+](C)(CCC[N+](C)(C)CC(=O)OCCCCCCCCCCCC)CC(=O)OCCCCCCCCCCCC.[Br-].[Br-].[Br-],2.0,4.5297523
quant-record,Q-HERO,CCCCCCCCCCCCCCOC(=O)C[N+](C)(C)CCC[N+](C)(CCC[N+](C)(C)CC(=O)OCCCCCCCCCCCCCC)CC(=O)OCCCCCCCCCCCCCC.[Br-].[Br-].[Br-],5.977279923499917,5.852299
quant-record,Q-HERO,CCCCCCCCCOC(=O)C[N+](C)(C)CCN1CC[N+](C)(CC(=O)OCCCCCCCCC)CC1.[Br-].[Br-],2.0,3.6947548
quant-record,Q-HERO,CCCCCCCCCCOC(=O)C[N+](C)(C)CCN1CC[N+](C)(CC(=O)OCCCCCCCCCC)CC1.[Br-].[Br-],1.0,3.9008582
quant-record,Q-HERO,CCCCCCCCCCCCOC(=O)C[N+](C)(C)CCN1CC[N+](C)(CC(=O)OCCCCCCCCCCCC)CC1.[Br-].[Br-],3.0,5.589247
quant-record,Q-HERO,CCCCCCCCOC(=O)C[N+](C)(C)CCCN(CCC[N+](C)(C)CC(=O)OCCCCCCCC)CCC[N+](C)(C)CC(=O)OCCCCCCCC.[Br-].[Br-].[Br-],1.0,3.6636994
quant-record,Q-HERO,CCCCCCCCCOC(=O)C[N+](C)(C)CCCN(CCC[N+](C)(C)CC(=O)OCCCCCCCCC)CCC[N+](C)(C)CC(=O)OCCCCCCCCC.[Br-].[Br-].[Br-],1.0,1.7707368
quant-record,Q-HERO,CCCCCCCCCCOC(=O)C[N+](C)(C)CCCN(CCC[N+](C)(C)CC(=O)OCCCCCCCCCC)CCC[N+](C)(C)CC(=O)OCCCCCCCCCC.[Br-].[Br-].[Br-],1.0,1.8982314
quant-record,Q-HERO,CCCCCCCCCCCCCCOC(=O)C[N+](C)(C)CCCN(CCC[N+](C)(C)CC(=O)OCCCCCCCCCCCCCC)CCC[N+](C)(C)CC(=O)OCCCCCCCCCCCCCC.[Br-].[Br-].[Br-],6.965784284662087,6.4648323
quant-record,Q-HERO,CCCCCCCCCCNC(=O)C[N+](C)(C)Cc1ccccc1.[Br-],3.0,3.900388
quant-record,Q-HERO,CCCCCCCCCCCCCNC(=O)C[N+](C)(C)CC[N+](C)(C)CC(=O)NCCCCCCCCCCCCC.[Br-].[Br-],0.0,6.431788
quant-record,Q-HERO,CCCCCCCCCCNC(=O)C[N+](C)(C)CCC[N+](C)(CCC[N+](C)(C)CC(=O)NCCCCCCCCCC)CC(=O)NCCCCCCCCCC.[Br-].[Br-].[Br-],0.0,0.32457677
quant-record,Q-HERO,CCCCCCCCCCNC(=O)C[N+](C)(C)CCN1CC[N+](C)(CC(=O)NCCCCCCCCCC)CC1.[Br-].[Br-],-1.0,2.390691
quant-record,Q-HERO,CCCCCCCCCCNC(=O)C[N+](C)(C)CCCN(CCC[N+](C)(C)CC(=O)NCCCCCCCCCC)CCC[N+](C)(C)CC(=O)NCCCCCCCCCC.[Br-].[Br-].[Br-],0.0,0.22740221
quant-record,Q-HERO,CCCCCCCCCC[N+](C)(C)CCCN(C)CCC[N+](C)(C)CCCCCCCCCC.[Cl-].[Cl-],1.0,4.5741887
quant-record,Q-HERO,CCCCCCCCCCC[N+](C)(C)CCCN(C)CCC[N+](C)(C)CCCCCCCCCCC.[Cl-].[Cl-],-1.0,0.736856
quant-record,Q-HERO,CCCCCCCCCCCC[N+](C)(C)CCCN(C)CCC[N+](C)(C)CCCCCCCCCCCC.[Cl-].[Cl-],0.0,0.5203069
quant-record,Q-HERO,CCCCCCCCCCCCCC[N+](C)(C)CCCN(C)CCC[N+](C)(C)CCCCCCCCCCCCCC.[Cl-].[Cl-],0.0,2.8954837
quant-record,Q-HERO,CCCCCCCCCCCC[N+](C)(C)CCN(C)CCN(C)CC[N+](C)(C)CCCCCCCCCCCC.[Cl-].[Cl-],-1.0,2.233464
quant-record,Q-HERO,C=CC[N+](C)(CCC[N+](C)(C)CCCCCCCCCCCC)CCC[N+](C)(C)CCCCCCCCCCCC.[Br-].[Cl-].[Cl-],-1.0,0.6261423
quant-record,Q-HERO,CCCCCCCCCCCC[N+](C)(C)CCC[N+](C)(CCC[N+](C)(C)CCCCCCCCCCCC)Cc1ccccc1.[Br-].[Cl-].[Cl-],0.0,0.16917706
quant-record,Q-HERO,CCCCCCCCCC[N+](C)(C)CCN1CC[N+](C)(CCCCCCCCCC)CC1.[Cl-].[Cl-],1.0,4.5341434
quant-record,Q-HERO,CCCCCCCCCCC[N+](C)(C)CCN1CC[N+](C)(CCCCCCCCCCC)CC1.[Cl-].[Cl-],-1.0,2.549658
quant-record,Q-HERO,CCCCCCCCCCCCCC[N+](C)(C)CCN1CC[N+](C)(CCCCCCCCCCCCCC)CC1.[Cl-].[Cl-],0.0,6.1699467
quant-record,Q-HERO,CCCCCCCCCCC[N+](C)(C)CCN(CC[N+](C)(C)CCCCCCCCCCC)CC[N+](C)(C)CCCCCCCCCCC.[Cl-].[Cl-].[Cl-],4.0,-0.14749518
quant-record,Q-HERO,CCCCCCCCCC[N+](C)(C)CCCN(CCC[N+](C)(C)CCCCCCCCCC)CCC[N+](C)(C)CCCCCCCCCC.[Cl-].[Cl-].[Cl-],0.0,-0.045149356
quant-record,Q-HERO,CCCCCCCCCCC[N+](C)(C)CCCN(CCC[N+](C)(C)CCCCCCCCCCC)CCC[N+](C)(C)CCCCCCCCCCC.[Cl-].[Cl-].[Cl-],-1.0,-0.26138216
quant-record,Q-HERO,CCCCCCCCCC[n+]1cccc(CN(Cc2ccc[n+](CCCCCCCCCC)c2)CC2CC[N+](C)(CCCCCCCCCC)CC2)c1.[Br-].[Br-].[Br-],-1.0,0.20343149
quant-record,Q-HERO,CCCCCCCCCCC[n+]1cccc(CN(Cc2ccc[n+](CCCCCCCCCCC)c2)CC2CC[N+](C)(CCCCCCCCCCC)CC2)c1.[Br-].[Br-].[Br-],-1.0,1.2112888
quant-record,Q-HERO,CCCCCCCCCCCC[n+]1cccc(CN(Cc2ccc[n+](CCCCCCCCCCCC)c2)CC2CC[N+](C)(CCCCCCCCCCCC)CC2)c1.[Br-].[Br-].[Br-],0.0,2.7570267
quant-record,Q-HERO,CCCCCCCCCCCC[N+](C)(C)Cc1cccnc1.[I-],5.977279923499917,1.4894289
quant-record,Q-HERO,CCCCCCCCCCCCCCCC[N+](C)(C)Cc1cccnc1.[I-],1.0,2.4507873
quant-record,Q-HERO,CCCCCCCCCC[n+]1cccc(C[N+](C)(C)CCCCCCCCCC)c1.[Br-].[Br-],1.0,5.562599
quant-record,Q-HERO,CCCCCCCCCCC[n+]1cccc(C[N+](C)(C)CCCCCCCCCCC)c1.[Br-].[Br-],1.0,3.595196
quant-record,Q-HERO,CCCCCCCCCCCC[n+]1cccc(C[N+](C)(C)CCCCCCCCCCCC)c1.[Br-].[Br-],1.0,3.2071083
quant-record,Q-HERO,CCCCCCCCCCCCC[n+]1cccc(C[N+](C)(C)CCCCCCCCCCCCC)c1.[Br-].[Br-],1.0,4.3982606
quant-record,Q-HERO,CCCCCCCCCCCCCC[n+]1cccc(C[N+](C)(C)CCCCCCCCCCCCCC)c1.[Br-].[Br-],1.0,6.58604
quant-record,Q-HERO,CCCCCCCCCCCCCCCC[n+]1cccc(C[N+](C)(C)CCCCCCCCCCCCCCCC)c1.[Br-].[Br-],1.0,8.215824
quant-record,Q-HERO,CCCCCCCCCC[N+](C)(C)Cc1ccc[n+](CC(=O)NCCCCCCCC)c1.[Br-].[I-],1.0,4.8357234
quant-record,Q-HERO,CCCCCCCCCC[N+](C)(C)Cc1ccc[n+](CC(=O)NCCCCCCCCC)c1.[Br-].[I-],1.0,3.3751233
quant-record,Q-HERO,CCCCCCCCCCNC(=O)C[n+]1cccc(C[N+](C)(C)CCCCCCCCCC)c1.[Br-].[I-],1.0,2.660145
quant-record,Q-HERO,CCCCCCCCCCCCNC(=O)C[n+]1cccc(C[N+](C)(C)CCCCCCCCCC)c1.[Br-].[I-],1.0,2.3069832
quant-record,Q-HERO,CCCCCCCCCCCC[N+](C)(C)Cc1ccc[n+](CC(=O)NCCCCCCCC)c1.[Br-].[I-],1.0,1.9847723
quant-record,Q-HERO,CCCCCCCCCCCC[N+](C)(C)Cc1ccc[n+](CC(=O)NCCCCCCCCC)c1.[Br-].[I-],1.0,1.6277591
quant-record,Q-HERO,CCCCCCCCCCCC[N+](C)(C)Cc1ccc[n+](CC(=O)NCCCCCCCCCC)c1.[Br-].[I-],2.0,1.6859266
quant-record,Q-HERO,CCCCCCCCCCCCNC(=O)C[n+]1cccc(C[N+](C)(C)CCCCCCCCCCCC)c1.[Br-].[I-],2.0,4.423951
quant-record,Q-HERO,CCCCCCCCCCCCCC[N+](C)(C)Cc1ccc[n+](CC(=O)NCCCCCCCC)c1.[Br-].[I-],1.0,1.7666086
quant-record,Q-HERO,CCCCCCCCCCCCCC[N+](C)(C)Cc1ccc[n+](CC(=O)NCCCCCCCCC)c1.[Br-].[I-],1.0,1.9437549
quant-record,Q-HERO,CCCCCCCCCCCCCC[N+](C)(C)Cc1ccc[n+](CC(=O)NCCCCCCCCCC)c1.[Br-].[I-],2.0,2.9440582
quant-record,Q-HERO,CCCCCCCCCCCCCC[N+](C)(C)Cc1ccc[n+](CC(=O)NCCCCCCCCCCCC)c1.[Br-].[I-],3.0,5.5652037
quant-record,Q-HERO,CCCCCCCCCCCCCCCC[N+](C)(C)Cc1ccc[n+](CC(=O)NCCCCCCCC)c1.[Br-].[I-],2.0,3.1831882
quant-record,Q-HERO,CCCCCCCCCCCCCCCC[N+](C)(C)Cc1ccc[n+](CC(=O)NCCCCCCCCC)c1.[Br-].[I-],2.0,3.8307128
quant-record,Q-HERO,CCCCCCCCCCCCCCCC[N+](C)(C)Cc1ccc[n+](CC(=O)NCCCCCCCCCC)c1.[Br-].[I-],2.0,4.8366714
quant-record,Q-HERO,CCCCCCCCCC[N@+]1(C)CC[N@@+](C)(CCCCCCCCCC)CC1.[Br-].[Br-],2.0,2.5550685
quant-record,Q-HERO,CCCCCCCCCCC[N@+]1(C)CC[N@@+](C)(CCCCCCCCCCC)CC1.[Br-].[Br-],1.0,2.5868149
quant-record,Q-HERO,CCCCCCCCCCCC[N@+]1(C)CC[N@@+](C)(CCCCCCCCCCCC)CC1.[Br-].[Br-],1.0,3.843002
quant-record,Q-HERO,CCCCCCCCCCCC[N@+]1(C)CC[N@@+](C)(CCCCCCCCCCCC)CC1.[Br-].[Cl-],0.0,4.308443
quant-record,Q-HERO,CCCCCCCCCCCCC[N@+]1(C)CC[N@@+](C)(CCCCCCCCCCCCC)CC1.[Br-].[Br-],2.0,5.4743376
quant-record,Q-HERO,CCCCCCCCCCCCCC[N@+]1(C)CC[N@@+](C)(CCCCCCCCCCCCCC)CC1.[Br-].[Br-],4.0,6.845955
quant-record,Q-HERO,CCCCCCCCNC(=O)C[N@+]1(C)CC[N@@+](C)(CC(=O)NCCCCCCCC)CC1.[Br-].[Br-],1.0,1.689519
quant-record,Q-HERO,CCCCCCCCCNC(=O)C[N@+]1(C)CC[N@@+](C)(CC(=O)NCCCCCCCCC)CC1.[Br-].[Br-],0.0,1.0463451
quant-record,Q-HERO,CCCCCCCCCCNC(=O)C[N@+]1(C)CC[N@@+](C)(CC(=O)NCCCCCCCCCC)CC1.[Br-].[Br-],1.0,2.5452034
quant-record,Q-HERO,CCCCCCCCCCCNC(=O)C[N@+]1(C)CC[N@@+](C)(CC(=O)NCCCCCCCCCCC)CC1.[Br-].[Br-],3.0,4.8145876
quant-record,Q-HERO,CCCCCCCCCCCCNC(=O)C[N@+]1(C)CC[N@@+](C)(CC(=O)NCCCCCCCCCCCC)CC1.[Br-].[Br-],4.0,6.465725
quant-record,Q-HERO,CCCCCCCCCCCC[N+]12CC[N+](CCCCCCCCCCCC)(CC1)CC2.[Br-].[Br-],-2.0,1.4006897
quant-record,Q-HERO,CCCCCCCCCNC(=O)C[N+]12CC[N+](CC(=O)NCCCCCCCCC)(CC1)CC2.[Br-].[Br-],0.0,1.5040485
quant-record,Q-HERO,CCCCCCCCCCNC(=O)C[N+]12CC[N+](CC(=O)NCCCCCCCCCC)(CC1)CC2.[Br-].[Br-],-1.0,1.847437
quant-record,Q-HERO,CCCCCCCCCC[n+]1ccc(CCc2cc[n+](CCCCCCCCCC)cc2)cc1.[Br-].[Br-],0.0,1.1953381
quant-record,Q-HERO,CCCCCCCCCCCC[n+]1ccc(CCc2cc[n+](CCCCCCCCCCCC)cc2)cc1.[Br-].[Br-],1.0,2.4495008
quant-record,Q-HERO,CCCCCCCCCCCCC[n+]1ccc(CCc2cc[n+](CCCCCCCCCCCCC)cc2)cc1.[Br-].[Br-],3.0,4.6062903
quant-record,Q-HERO,CCCCCCCC[n+]1ccc(/C=C/c2cc[n+](CCCCCCCC)cc2)cc1.[Br-].[Br-],4.0,4.174025
quant-record,Q-HERO,CCCCCCCCCCC[n+]1ccc(/C=C/c2cc[n+](CCCCCCCCCCC)cc2)cc1.[Br-].[Br-],0.0,1.2696706
quant-record,Q-HERO,CCCCCCCCCCCC[n+]1ccc(/C=C/c2cc[n+](CCCCCCCCCCCC)cc2)cc1.[Br-].[Br-],3.0,2.857883
quant-record,Q-HERO,CCCCCCCCCNC(=O)C[n+]1ccc(CCc2cc[n+](CC(=O)NCCCCCCCCC)cc2)cc1.[Br-].[Br-],1.0,3.2071433
quant-record,Q-HERO,CCCCCCCCCCNC(=O)C[n+]1ccc(CCc2cc[n+](CC(=O)NCCCCCCCCCC)cc2)cc1.[Br-].[Br-],1.0,5.162479
quant-record,Q-HERO,CCCCCCCCCCCNC(=O)C[n+]1ccc(CCc2cc[n+](CC(=O)NCCCCCCCCCCC)cc2)cc1.[Br-].[Br-],2.0,6.2081
quant-record,Q-HERO,CCCCCCCCNC(=O)C[n+]1ccc(/C=C/c2cc[n+](CC(=O)NCCCCCCCC)cc2)cc1.[Br-].[Br-],2.0,2.8358037
quant-record,Q-HERO,CCCCCCCCCNC(=O)C[n+]1ccc(/C=C/c2cc[n+](CC(=O)NCCCCCCCCC)cc2)cc1.[Br-].[Br-],2.0,4.4188957
quant-record,Q-HERO,CCCCCCCCCCNC(=O)C[n+]1ccc(/C=C/c2cc[n+](CC(=O)NCCCCCCCCCC)cc2)cc1.[Br-].[Br-],4.0,6.0380645
quant-record,Q-HERO,CCCCCCCCNC(=O)C[n+]1ccc(C#Cc2cc[n+](CC(=O)NCCCCCCCC)cc2)cc1.[Br-].[Br-],4.0,2.8593595
quant-record,Q-HERO,CCCCCCCCCNC(=O)C[n+]1ccc(C#Cc2cc[n+](CC(=O)NCCCCCCCCC)cc2)cc1.[Br-].[Br-],5.0,4.634515
quant-record,Q-HERO,CCCCCCCCCC[N+](C)(C)Cc1cc(OC)cc(OC)c1.[Br-],1.0,8.787355
quant-record,Q-HERO,CCCCCCCCCCCCCC[N+](C)(C)Cc1cc(OC)cc(OC)c1.[Br-],0.0,3.6349237
quant-record,Q-HERO,CCCCCCCCCCCCCCCC[N+](C)(C)Cc1cc(OC)cc(OC)c1.[Br-],0.0,3.303624
quant-record,Q-HERO,CCCCCCCCCC[N+](C)(C)Cc1ccc(C[N+](C)(C)CCCCCCCCCC)cc1.[Cl-].[Cl-],1.0,4.5551763
quant-record,Q-HERO,CCCCCCCCCCCC[N+](C)(C)Cc1ccc(C[N+](C)(C)CCCCCCCCCCCC)cc1.[Cl-].[Cl-],0.0,5.0692325
quant-record,Q-HERO,CCCCCCCCCCCCC[N+](C)(C)Cc1ccc(C[N+](C)(C)CCCCCCCCCCCCC)cc1.[Cl-].[Cl-],1.0,6.742639
quant-record,Q-HERO,CCCCCCCCCCCCCC[N+](C)(C)Cc1ccc(C[N+](C)(C)CCCCCCCCCCCCCC)cc1.[Cl-].[Cl-],2.0,8.191148
quant-record,Q-HERO,CCCCCCCCCC[N+](C)(C)Cc1cccc(C[N+](C)(C)CCCCCCCCCC)c1.[Cl-].[Cl-],1.0,4.0598774
quant-record,Q-HERO,CCCCCCCCCCCC[N+](C)(C)Cc1cccc(C[N+](C)(C)CCCCCCCCCCCC)c1.[Cl-].[Cl-],1.0,3.6714842
quant-record,Q-HERO,CCCCCCCCCCCCC[N+](C)(C)Cc1cccc(C[N+](C)(C)CCCCCCCCCCCCC)c1.[Cl-].[Cl-],2.0,5.5200515
quant-record,Q-HERO,CCCCCCCCCCCCCC[N+](C)(C)Cc1cccc(C[N+](C)(C)CCCCCCCCCCCCCC)c1.[Cl-].[Cl-],3.0,7.466301
quant-record,Q-HERO,CCCCCCCCCCCCCCCC[N+](C)(C)Cc1cccc(C[N+](C)(C)CCCCCCCCCCCCCCCC)c1.[Cl-].[Cl-],2.0,7.931595
quant-record,Q-HERO,CCCCCCCCC[N+](C)(C)Cc1ccccc1C[N+](C)(C)CCCCCCCCC.[Cl-].[Cl-],5.0,5.9429708
quant-record,Q-HERO,CCCCCCCCCC[N+](C)(C)Cc1ccccc1C[N+](C)(C)CCCCCCCCCC.[Cl-].[Cl-],2.0,3.3222806
quant-record,Q-HERO,CCCCCCCCCCCC[N+](C)(C)Cc1ccccc1C[N+](C)(C)CCCCCCCCCCCC.[Cl-].[Cl-],2.0,2.5907378
quant-record,Q-HERO,CCCCCCCCCCCCC[N+](C)(C)Cc1ccccc1C[N+](C)(C)CCCCCCCCCCCCC.[Cl-].[Cl-],2.0,3.5239944
quant-record,Q-HERO,CCCCCCCCCCCCCC[N+](C)(C)Cc1ccccc1C[N+](C)(C)CCCCCCCCCCCCCC.[Cl-].[Cl-],2.0,5.0253396
quant-record,Q-HERO,CCCCCCCCCCCCCCCC[N+](C)(C)Cc1ccccc1C[N+](C)(C)CCCCCCCCCCCCCCCC.[Cl-].[Cl-],4.0,7.455214
quant-record,Q-HERO,CCCCCCCC[N+](C)(C)Cc1cc(C[N+](C)(C)CCCCCCCC)cc(C[N+](C)(C)CCCCCCCC)c1.[Br-].[Br-].[Br-],2.0,5.4777856
quant-record,Q-HERO,CCCCCCCCC[N+](C)(C)Cc1cc(C[N+](C)(C)CCCCCCCCC)cc(C[N+](C)(C)CCCCCCCCC)c1.[Br-].[Br-].[Br-],0.0,2.1000698
quant-record,Q-HERO,CCCCCCCCCC[N+](C)(C)Cc1cc(C[N+](C)(C)CCCCCCCCCC)cc(C[N+](C)(C)CCCCCCCCCC)c1.[Br-].[Br-].[Br-],1.0,0.7120348
quant-record,Q-HERO,CCCCCCCCCCCC[N+](C)(C)Cc1cc(C[N+](C)(C)CCCCCCCCCCCC)cc(C[N+](C)(C)CCCCCCCCCCCC)c1.[Br-].[Br-].[Br-],3.0,1.9154176
quant-record,Q-HERO,CCCCCCCCCCCCC[N+](C)(C)Cc1cc(C[N+](C)(C)CCCCCCCCCCCCC)cc(C[N+](C)(C)CCCCCCCCCCCCC)c1.[Br-].[Br-].[Br-],5.0,3.9434793
quant-record,Q-HERO,CCCCCCCC[N+](C)(CCCCCCCC)Cc1ccccc1.[Cl-],1.0,5.4617696
quant-record,Q-HERO,CCCCCCCCCC[N+](C)(CCCCCCCCCC)Cc1ccccc1.[Cl-],0.0,3.977681
quant-record,Q-HERO,CCCCCCCCCCCC[N+](C)(CCCCCCCCCCCC)Cc1ccccc1.[Cl-],1.0,3.894327
quant-record,Q-HERO,CCCCCCCC[N+](CCCCCCCC)(CCCCCCCC)Cc1ccccc1.[Br-],0.0,3.9811628
quant-record,Q-HERO,CCCCCC[N+](C)(CCCCCC)Cc1ccc(C[N+](C)(CCCCCC)CCCCCC)cc1.[Cl-].[Cl-],5.0,5.511769
quant-record,Q-HERO,CCCCCCCC[N+](C)(CCCCCCCC)Cc1ccc(C[N+](C)(CCCCCCCC)CCCCCCCC)cc1.[Cl-].[Cl-],0.0,4.652398
quant-record,Q-HERO,CCCCCCCCCC[N+](C)(CCCCCCCCCC)Cc1ccc(C[N+](C)(CCCCCCCCCC)CCCCCCCCCC)cc1.[Cl-].[Cl-],2.0,6.7180486
quant-record,Q-HERO,CCCCCC[N+](CCCCCC)(CCCCCC)Cc1ccc(C[N+](CCCCCC)(CCCCCC)CCCCCC)cc1.[Cl-].[Cl-],0.0,3.2949169
quant-record,Q-HERO,CCCCCCCC[N+](CCCCCCCC)(CCCCCCCC)Cc1ccc(C[N+](CCCCCCCC)(CCCCCCCC)CCCCCCCC)cc1.[Cl-].[Cl-],1.0,6.2866387
quant-record,Q-HERO,CCCCCCCC[N+](C)(CCCCCCCC)Cc1cccc(C[N+](C)(CCCCCCCC)CCCCCCCC)c1.[Cl-].[Cl-],1.0,3.8728669
quant-record,Q-HERO,CCCCCC[N+](C)(CCCCCC)Cc1cccc(C[N+](C)(CCCCCC)CCCCCC)c1.[Cl-].[Cl-],4.0,5.3157997
quant-record,Q-HERO,CCCCCCCCCC[N+](C)(CCCCCCCCCC)Cc1cccc(C[N+](C)(CCCCCCCCCC)CCCCCCCCCC)c1.[Cl-].[Cl-],2.0,6.154039
quant-record,Q-HERO,CCCCCCCC[N+](C)(CCCCCCCC)Cc1ccccc1C[N+](C)(CCCCCCCC)CCCCCCCC.[Cl-].[Cl-],0.0,2.997116
quant-record,Q-HERO,CCCCCCCCCCCC[N+](C)(CCCCCCCCCCCC)Cc1ccccc1C[N+](C)(CCCCCCCCCCCC)CCCCCCCCCCCC.[Cl-].[Cl-],3.0,6.1220527
quant-record,Q-HERO,CCCCCC[N+](C)(CCCCCC)Cc1cc(C[N+](C)(CCCCCC)CCCCCC)cc(C[N+](C)(CCCCCC)CCCCCC)c1.[Br-].[Br-].[Br-],1.0,1.9049422
quant-record,Q-HERO,CCCCCCCC[N+](C)(CCCCCCCC)Cc1cc(C[N+](C)(CCCCCCCC)CCCCCCCC)cc(C[N+](C)(CCCCCCCC)CCCCCCCC)c1.[Br-].[Br-].[Br-],3.0,3.4606757
quant-record,Q-HERO,CCCCCC[N+](CCCCCC)(CCCCCC)Cc1cc(C[N+](CCCCCC)(CCCCCC)CCCCCC)cc(C[N+](CCCCCC)(CCCCCC)CCCCCC)c1.[Br-].[Br-].[Br-],0.0,2.1106951
quant-record,OOD-17,CCCCCCCCC[n+]1cccc(C2C(C#N)=C(N)OC(OC)(C(F)(F)F)C2C(=O)OCC)c1.[Br-],2.789685953140595,5.0919347
quant-record,OOD-17,CCCCCCCCCCC[n+]1cccc(C2C(C#N)=C(N)OC(OC)(C(F)(F)F)C2C(=O)OCC)c1.[Br-],1.721363361337244,4.281487
quant-record,OOD-17,CCCCCCCCCCCC[n+]1cccc(C2C(C#N)=C(N)OC(OC)(C(F)(F)F)C2C(=O)OCC)c1.[Br-],0.6883783117299244,3.8141375
quant-record,OOD-17,CCCCCCCCNc1cc[n+](Cc2cc(=O)c(OCCCCCOc3coc(C[n+]4ccc(NCCCCCCCC)cc4)cc3=O)co2)cc1.[Cl-].[Cl-],-1.6814888461168445,2.0581577
quant-record,OOD-17,CCCCCCCCCNc1cc[n+](Cc2cc(=O)c(OCCCCCOc3coc(C[n+]4ccc(NCCCCCCCCC)cc4)cc3=O)co2)cc1.[Cl-].[Cl-],-0.7310980679049963,2.315247
quant-record,OOD-17,CCCCCCCCCCNc1cc[n+](Cc2cc(=O)c(OCCCCCOc3coc(C[n+]4ccc(NCCCCCCCCCC)cc4)cc3=O)co2)cc1.[Cl-].[Cl-],0.2209420398732803,2.8284767
quant-record,OOD-17,CCCCCCCCCCCCNc1cc[n+](Cc2cc(=O)c(OCCCCCOc3coc(C[n+]4ccc(NCCCCCCCCCCCC)cc4)cc3=O)co2)cc1.[Cl-].[Cl-],-0.8704444232000242,5.126616
quant-record,OOD-17,CCCCCCCC[n+]1cccc(C2NC(C)=C(C(=O)OC)C(c3ccc[n+](CCCCCCCC)c3)C2(C#N)C#N)c1.[Br-].[Br-],4.423439164994703,4.7468514
quant-record,OOD-17,CCCCCCCCC[n+]1cccc(C2NC(C)=C(C(=O)OC)C(c3ccc[n+](CCCCCCCCC)c3)C2(C#N)C#N)c1.[Br-].[Br-],1.3701556857101052,2.9395676
quant-record,OOD-17,CCCCCCCCCC[n+]1cccc(C2NC(C)=C(C(=O)OC)C(c3ccc[n+](CCCCCCCCCC)c3)C2(C#N)C#N)c1.[Br-].[Br-],-0.6812297520670878,2.5582073
quant-record,OOD-17,CCCCCCCCCCC[n+]1cccc(C2NC(C)=C(C(=O)OC)C(c3ccc[n+](CCCCCCCCCCC)c3)C2(C#N)C#N)c1.[Br-].[Br-],0.2691522674889696,2.7599804
quant-record,OOD-17,CCCCCCCCCCCC[n+]1cccc(C2NC(C)=C(C(=O)OC)C(c3ccc[n+](CCCCCCCCCCCC)c3)C2(C#N)C#N)c1.[Br-].[Br-],3.221184189419196,3.7393486
quant-record,OOD-17,CCCCCCCNc1cc[n+](CCOCCN2C(=O)N(CCOCC[n+]3ccc(NCCCCCCC)cc3)C3C2N(CCOCC[n+]2ccc(NCCCCCCC)cc2)C(=O)N3CCOCC[n+]2ccc(NCCCCCCC)cc2)cc1.[Cl-].[Cl-].[Cl-].[Cl-],0.5804071769693826,3.678003
quant-record,OOD-17,CCCCCCCCNc1cc[n+](CCOCCN2C(=O)N(CCOCC[n+]3ccc(NCCCCCCCC)cc3)C3C2N(CCOCC[n+]2ccc(NCCCCCCCC)cc2)C(=O)N3CCOCC[n+]2ccc(NCCCCCCCC)cc2)cc1.[Cl-].[Cl-].[Cl-].[Cl-],0.5211234289219084,4.359184
quant-record,OOD-17,CCCCCCCCCNc1cc[n+](CCOCCN2C(=O)N(CCOCC[n+]3ccc(NCCCCCCCCC)cc3)C3C2N(CCOCC[n+]2ccc(NCCCCCCCCC)cc2)C(=O)N3CCOCC[n+]2ccc(NCCCCCCCCC)cc2)cc1.[Cl-].[Cl-].[Cl-].[Cl-],1.4641799396788058,5.1265454
quant-record,OOD-17,CCCCCCCCCCNc1cc[n+](CCOCCN2C(=O)N(CCOCC[n+]3ccc(NCCCCCCCCCC)cc3)C3C2N(CCOCC[n+]2ccc(NCCCCCCCCCC)cc2)C(=O)N3CCOCC[n+]2ccc(NCCCCCCCCCC)cc2)cc1.[Cl-].[Cl-].[Cl-].[Cl-],2.409398938608952,5.9507155
quant-record,OOD-17,CCCCCCCCCCCCNc1cc[n+](CCOCCN2C(=O)N(CCOCC[n+]3ccc(NCCCCCCCCCCCC)cc3)C3C2N(CCOCC[n+]2ccc(NCCCCCCCCCCCC)cc2)C(=O)N3CCOCC[n+]2ccc(NCCCCCCCCCCCC)cc2)cc1.[Cl-].[Cl-].[Cl-].[Cl-],3.3057081456668334,5.664039
expert-binary,QAC-105,CCCCCCCCCC[n+]1cccc(Oc2ccc(Oc3ccc[n+](CCCCCCCCCC)c3)cc2)c1.[Br-].[Br-],0.5008301858847509,0.53485626
expert-binary,QAC-105,CCCCCCCCCCC[n+]1cccc(Oc2ccc(Oc3ccc[n+](CCCCCCCCCCC)c3)cc2)c1.[Br-].[Br-],2.444772820264315,-0.047962226
expert-binary,QAC-105,CCCCCCCCCCCC[n+]1cccc(Oc2ccc(Oc3ccc[n+](CCCCCCCCCCCC)c3)cc2)c1.[Br-].[Br-],5.390623251236693,-2.5776212
expert-binary,QAC-105,CCCCCCCCCCC[n+]1ccc(Oc2ccc(Oc3cc[n+](CCCCCCCCCCC)cc3)cc2)cc1.[Br-].[Br-],4.444772820264315,0.4783883
expert-binary,QAC-105,CCCCCCCCCC[n+]1ccccc1Oc1ccc(Oc2cccc[n+]2CCCCCCCCCC)cc1.[Br-].[Br-],1.500830185884751,-0.45021316
expert-binary,QAC-105,CCCCCCCCCC[n+]1ccccc1Oc1cccc(Oc2cccc[n+]2CCCCCCCCCC)c1.[Br-].[Br-],0.5008301858847509,-0.73226196
expert-binary,QAC-105,CCCCCCCCCC[n+]1cccc(Oc2cccc(Oc3ccc[n+](CCCCCCCCCC)c3)c2)c1.[Br-].[Br-],1.500830185884751,-0.15728286
expert-binary,QAC-105,CCCCCCCCCCC[n+]1cccc(Oc2cccc(Oc3ccc[n+](CCCCCCCCCCC)c3)c2)c1.[Br-].[Br-],1.444772820264315,-0.56655836
expert-binary,QAC-105,CCCCCCCCC[n+]1ccccc1Oc1ccccc1Oc1cccc[n+]1CCCCCCCCC.[Br-].[Br-],2.5593666648384725,-1.7520336
expert-binary,QAC-105,CCCCCCCCCC[n+]1ccccc1Oc1ccccc1Oc1cccc[n+]1CCCCCCCCCC.[Br-].[Br-],1.500830185884751,-1.6838914
expert-binary,QAC-105,CCCCCCCCC[n+]1cccc(Oc2ccc(-c3ccc(Oc4ccc[n+](CCCCCCCCC)c4)cc3)cc2)c1.[Br-].[Br-],-0.5939751793205555,0.3067918
expert-binary,QAC-105,CCCCCCCCCC[n+]1cccc(Oc2ccc(-c3ccc(Oc4ccc[n+](CCCCCCCCCC)c4)cc3)cc2)c1.[Br-].[Br-],0.3532843389226456,0.21637619
expert-binary,QAC-105,CCCCCCC[n+]1cccc(Oc2ccc(Oc3ccc(Oc4ccc[n+](CCCCCCC)c4)cc3)cc2)c1.[Br-].[Br-],0.3240937621054769,-1.1108114
expert-binary,QAC-105,CCCCCCCCNc1cc[n+](CCCCCCCCCC[n+]2ccc(NCCCCCCCC)cc2)cc1.[Cl-].[Cl-],-0.3191554578247024,-4.267977
expert-binary,QAC-105,CCCCCCCCCC[n+]1cccc(COCCCCOCc2ccc[n+](CCCCCCCCCC)c2)c1.[Br-].[Br-],0.4866103224031586,-2.3419387
expert-binary,QAC-105,CCCCCCCNc1cc[n+](CCn2c(=O)n(CC[n+]3ccc(NCCCCCCC)cc3)c(=O)n(CC[n+]3ccc(NCCCCCCC)cc3)c2=O)cc1.[Cl-].[Cl-].[Cl-],3.162492659099896,-4.3226013
expert-binary,QAC-105,CCCCCCCCNc1cc[n+](CCn2c(=O)n(CC[n+]3ccc(NCCCCCCCC)cc3)c(=O)n(CC[n+]3ccc(NCCCCCCCC)cc3)c2=O)cc1.[Cl-].[Cl-].[Cl-],3.096097914508769,-4.256405
expert-binary,QAC-105,CCCCCCCCCNc1cc[n+](CCn2c(=O)n(CC[n+]3ccc(NCCCCCCCCC)cc3)c(=O)n(CC[n+]3ccc(NCCCCCCCCC)cc3)c2=O)cc1.[Cl-].[Cl-].[Cl-],3.032624780863017,-4.9364843
expert-binary,QAC-105,CCCCCCCCCCNc1cc[n+](CCn2c(=O)n(CC[n+]3ccc(NCCCCCCCCCC)cc3)c(=O)n(CC[n+]3ccc(NCCCCCCCCCC)cc3)c2=O)cc1.[Cl-].[Cl-].[Cl-],3.9718269361035694,-5.408043
expert-binary,QAC-105,CCCCCCCCCCCNc1cc[n+](CCn2c(=O)n(CC[n+]3ccc(NCCCCCCCCCCC)cc3)c(=O)n(CC[n+]3ccc(NCCCCCCCCCCC)cc3)c2=O)cc1.[Cl-].[Cl-].[Cl-],3.913474366231828,-5.5786595
expert-binary,QAC-105,CCCCCCCCCCCCNc1cc[n+](CCn2c(=O)n(CC[n+]3ccc(NCCCCCCCCCCCC)cc3)c(=O)n(CC[n+]3ccc(NCCCCCCCCCCCC)cc3)c2=O)cc1.[Cl-].[Cl-].[Cl-],4.857403581834186,-5.8479767
expert-binary,QAC-105,CCCCCCCNc1cc[n+](CCCCn2c(=O)n(CCCC[n+]3ccc(NCCCCCCC)cc3)c(=O)n(CCCC[n+]3ccc(NCCCCCCC)cc3)c2=O)cc1.[Cl-].[Cl-].[Cl-],3.032624780863017,-3.6977181
expert-binary,QAC-105,CCCCCCCCNc1cc[n+](CCCCn2c(=O)n(CCCC[n+]3ccc(NCCCCCCCC)cc3)c(=O)n(CCCC[n+]3ccc(NCCCCCCCC)cc3)c2=O)cc1.[Cl-].[Cl-].[Cl-],2.9718269361035707,-4.4925413
expert-binary,QAC-105,CCCCCCCCCNc1cc[n+](CCCCn2c(=O)n(CCCC[n+]3ccc(NCCCCCCCC)cc3)c(=O)n(CCCC[n+]3ccc(NCCCCCCCCC)cc3)c2=O)cc1.[Cl-].[Cl-].[Cl-],0.9134743662318277,-4.7392
expert-binary,QAC-105,CCCCCCCCCCNc1cc[n+](CCCCn2c(=O)n(CCCC[n+]3ccc(NCCCCCCCCC)cc3)c(=O)n(CCCC[n+]3ccc(NCCCCCCCCCC)cc3)c2=O)cc1.[Cl-].[Cl-].[Cl-],3.8574035818341854,-5.3946276
expert-binary,QAC-105,CCCCCCCCCCCNc1cc[n+](CCCCn2c(=O)n(CCCC[n+]3ccc(NCCCCCCCCCC)cc3)c(=O)n(CCCC[n+]3ccc(NCCCCCCCCCCC)cc3)c2=O)cc1.[Cl-].[Cl-].[Cl-],1.803430723285409,-5.673193
expert-binary,QAC-105,CCCCCCCCCCCCNc1cc[n+](CCCCn2c(=O)n(CCCC[n+]3ccc(NCCCCCCCCCCC)cc3)c(=O)n(CCCC[n+]3ccc(NCCCCCCCCCCCC)cc3)c2=O)cc1.[Cl-].[Cl-].[Cl-],8.717188730312886,-6.065006
expert-binary,QAC-105,CCCCCCCNc1cc[n+](CCCCCn2c(=O)n(CCCCC[n+]3ccc(NCCCCCCC)cc3)c(=O)n(CCCCC[n+]3ccc(NCCCCCCC)cc3)c2=O)cc1.[Cl-].[Cl-].[Cl-],1.9718269361035703,-4.408046
expert-binary,QAC-105,CCCCCCCCNc1cc[n+](CCCCCn2c(=O)n(CCCCC[n+]3ccc(NCCCCCCCC)cc3)c(=O)n(CCCCC[n+]3ccc(NCCCCCCCC)cc3)c2=O)cc1.[Cl-].[Cl-].[Cl-],1.913474366231828,-4.8165236
expert-binary,QAC-105,CCCCCCCCCNc1cc[n+](CCCCCn2c(=O)n(CCCCC[n+]3ccc(NCCCCCCCCC)cc3)c(=O)n(CCCCC[n+]3ccc(NCCCCCCCCC)cc3)c2=O)cc1.[Cl-].[Cl-].[Cl-],2.8574035818341863,-5.0874057
expert-binary,QAC-105,CCCCCCCCCCNc1cc[n+](CCCCCn2c(=O)n(CCCCC[n+]3ccc(NCCCCCCCCCC)cc3)c(=O)n(CCCCC[n+]3ccc(NCCCCCCCCCC)cc3)c2=O)cc1.[Cl-].[Cl-].[Cl-],2.803430723285409,-5.6475706
expert-binary,QAC-105,CCCCCCCCCCCNc1cc[n+](CCCCCn2c(=O)n(CCCCC[n+]3ccc(NCCCCCCCCCCC)cc3)c(=O)n(CCCCC[n+]3ccc(NCCCCCCCCCCC)cc3)c2=O)cc1.[Cl-].[Cl-].[Cl-],2.7514044456508,-6.1391926
expert-binary,QAC-105,CCCCCCCCCCCCNc1cc[n+](CCCCCn2c(=O)n(CCCCC[n+]3ccc(NCCCCCCCCCCCC)cc3)c(=O)n(CCCCC[n+]3ccc(NCCCCCCCCCCCC)cc3)c2=O)cc1.[Cl-].[Cl-].[Cl-],3.70118921252913,-6.3697376
expert-binary,QAC-105,CCCCCCCNc1cc[n+](CCCCCCn2c(=O)n(CCCCCC[n+]3ccc(NCCCCCCC)cc3)c(=O)n(CCCCCC[n+]3ccc(NCCCCCCC)cc3)c2=O)cc1.[Cl-].[Cl-].[Cl-],-0.0865256337681723,-4.5014844
expert-binary,QAC-105,CCCCCCCCNc1cc[n+](CCCCCCn2c(=O)n(CCCCCC[n+]3ccc(NCCCCCCCC)cc3)c(=O)n(CCCCCC[n+]3ccc(NCCCCCCCC)cc3)c2=O)cc1.[Cl-].[Cl-].[Cl-],-0.1425964181658137,-4.817233
expert-binary,QAC-105,CCCCCCCCCNc1cc[n+](CCCCCCn2c(=O)n(CCCCCC[n+]3ccc(NCCCCCCCCC)cc3)c(=O)n(CCCCCC[n+]3ccc(NCCCCCCCCC)cc3)c2=O)cc1.[Cl-].[Cl-].[Cl-],-1.196569276714591,-5.565259
expert-binary,QAC-105,CCCCCCCCCCNc1cc[n+](CCCCCCn2c(=O)n(CCCCCC[n+]3ccc(NCCCCCCCCCC)cc3)c(=O)n(CCCCCC[n+]3ccc(NCCCCCCCCCC)cc3)c2=O)cc1.[Cl-].[Cl-].[Cl-],-1.2485955543492004,-6.057569
expert-binary,QAC-105,CCCCCCCCCCCCNc1cc[n+](CCCCCCn2c(=O)n(CCCCCC[n+]3ccc(NCCCCCCCCCCCC)cc3)c(=O)n(CCCCCC[n+]3ccc(NCCCCCCCCCCCC)cc3)c2=O)cc1.[Cl-].[Cl-].[Cl-],-1.2282461154972624,-6.345446
expert-binary,QAC-105,CCCCCCNc1cc[n+](CCOCCn2c(=O)n(CCOCC[n+]3ccc(NCCCCCC)cc3)c(=O)n(CCOCC[n+]3ccc(NCCCCCC)cc3)c2=O)cc1.[Cl-].[Cl-].[Cl-],2.0239150311358265,-3.6816022
expert-binary,QAC-105,CCCCCCCNc1cc[n+](CCOCCn2c(=O)n(CCOCC[n+]3ccc(NCCCCCCC)cc3)c(=O)n(CCOCC[n+]3ccc(NCCCCCCC)cc3)c2=O)cc1.[Cl-].[Cl-].[Cl-],2.963475566670648,-4.2207375
expert-binary,QAC-105,CCCCCCCCNc1cc[n+](CCOCCn2c(=O)n(CCOCC[n+]3ccc(NCCCCCCCC)cc3)c(=O)n(CCOCC[n+]3ccc(NCCCCCCCC)cc3)c2=O)cc1.[Cl-].[Cl-].[Cl-],1.905466637219437,-4.3656473
expert-binary,QAC-105,CCCCCCCCCNc1cc[n+](CCOCCn2c(=O)n(CCOCC[n+]3ccc(NCCCCCCCCC)cc3)c(=O)n(CCOCC[n+]3ccc(NCCCCCCCCC)cc3)c2=O)cc1.[Cl-].[Cl-].[Cl-],-0.1502997081016822,-4.6604586
expert-binary,QAC-105,CCCCCCCCCCNc1cc[n+](CCOCCn2c(=O)n(CCOCC[n+]3ccc(NCCCCCCCCCC)cc3)c(=O)n(CCOCC[n+]3ccc(NCCCCCCCCCC)cc3)c2=O)cc1.[Cl-].[Cl-].[Cl-],-0.2039904282191344,-5.314494
expert-binary,QAC-105,CCCCCCCCCCCNc1cc[n+](CCOCCn2c(=O)n(CCOCC[n+]3ccc(NCCCCCCCCCCC)cc3)c(=O)n(CCOCC[n+]3ccc(NCCCCCCCCCCC)cc3)c2=O)cc1.[Cl-].[Cl-].[Cl-],1.74424549569903,-5.855883
expert-binary,QAC-105,CCCCCCCCCCCCNc1cc[n+](CCOCCn2c(=O)n(CCOCC[n+]3ccc(NCCCCCCCCCCCC)cc3)c(=O)n(CCOCC[n+]3ccc(NCCCCCCCCCCCC)cc3)c2=O)cc1.[Cl-].[Cl-].[Cl-],0.694274568353285,-6.18237
expert-binary,QAC-105,CCCCCCC[n+]1ccc(Oc2ccc3ccc(Oc4cc[n+](CCCCCCC)cc4)cc3c2)cc1.[Br-].[Br-],0.5721793160228663,0.19993043
expert-binary,QAC-105,CCCCCCCC[n+]1ccc(Oc2ccc3ccc(Oc4cc[n+](CCCCCCCC)cc4)cc3c2)cc1.[Br-].[Br-],-0.4866628932526134,1.4279114
expert-binary,QAC-105,CCCCCCCC[n+]1ccc(Oc2ccc3ccc(Oc4cc[n+](CCCCCCCC)cc4)cc3c2)cc1.[I-].[I-],-0.6683006985386494,1.5183908
expert-binary,QAC-105,CCCCCCCCC[n+]1ccc(Oc2ccc3ccc(Oc4cc[n+](CCCCCCCCC)cc4)cc3c2)cc1.[Br-].[Br-],-0.543396895807572,1.8329929
expert-binary,QAC-105,CCCCCCCCCC[n+]1ccc(Oc2ccc3ccc(Oc4cc[n+](CCCCCCCCCC)cc4)cc3c2)cc1.[Br-].[Br-],2.4022066497571952,1.491551
expert-binary,QAC-105,CCCCCCCCCCC[n+]1ccc(Oc2ccc3ccc(Oc4cc[n+](CCCCCCCCCCC)cc4)cc3c2)cc1.[Br-].[Br-],4.349603053330211,0.8222957
expert-binary,QAC-105,CCCCCCCCCCCC[n+]1ccc(Oc2ccc3ccc(Oc4cc[n+](CCCCCCCCCCCC)cc4)cc3c2)cc1.[Br-].[Br-],6.2763076162772,-0.9188432
expert-binary,QAC-105,CCCCCCC[n+]1ccc(Oc2ccc3c(Oc4cc[n+](CCCCCCC)cc4)cccc3c2)cc1.[Br-].[Br-],1.5721793160228663,0.3132626
expert-binary,QAC-105,CCCCCCCC[n+]1ccc(Oc2ccc3c(Oc4cc[n+](CCCCCCCC)cc4)cccc3c2)cc1.[Br-].[Br-],-0.4866628932526134,1.381026
expert-binary,QAC-105,CCCCCCCC[n+]1ccc(Oc2ccc3c(Oc4cc[n+](CCCCCCCC)cc4)cccc3c2)cc1.[I-].[I-],-0.6683006985386494,1.5278715
expert-binary,QAC-105,CCCCCCCCC[n+]1ccc(Oc2ccc3c(Oc4cc[n+](CCCCCCCCC)cc4)cccc3c2)cc1.[Br-].[Br-],1.456603104192428,1.848143
expert-binary,QAC-105,CCCCCCCCCC[n+]1ccc(Oc2ccc3c(Oc4cc[n+](CCCCCCCCCC)cc4)cccc3c2)cc1.[Br-].[Br-],2.4022066497571952,1.6559497
expert-binary,QAC-105,CCCCCCCCCCC[n+]1ccc(Oc2ccc3c(Oc4cc[n+](CCCCCCCCCCC)cc4)cccc3c2)cc1.[Br-].[Br-],3.3496030533302106,0.5508995
expert-binary,QAC-105,CCCCCCCCCCCC[n+]1ccc(Oc2ccc3c(Oc4cc[n+](CCCCCCCCCCCC)cc4)cccc3c2)cc1.[Br-].[Br-],5.299027692777283,-0.94121844
expert-binary,QAC-105,CCCCCCC[n+]1ccc(Oc2cccc3c(Oc4cc[n+](CCCCCCC)cc4)cccc23)cc1.[Br-].[Br-],-0.4278206839771336,-0.67584604
expert-binary,QAC-105,CCCCCCCC[n+]1ccc(Oc2cccc3c(Oc4cc[n+](CCCCCCCC)cc4)cccc23)cc1.[Br-].[Br-],0.5133371067473865,0.6850688
expert-binary,QAC-105,CCCCCCCCC[n+]1ccc(Oc2cccc3c(Oc4cc[n+](CCCCCCCCC)cc4)cccc23)cc1.[Br-].[Br-],0.456603104192428,1.5595864
expert-binary,QAC-105,CCCCCCCCCC[n+]1ccc(Oc2cccc3c(Oc4cc[n+](CCCCCCCCCC)cc4)cccc23)cc1.[Br-].[Br-],1.402206649757195,1.4182804
expert-binary,QAC-105,CCCCCCCCCCCC[n+]1ccc(Oc2cccc3c(Oc4cc[n+](CCCCCCCCCCCC)cc4)cccc23)cc1.[Br-].[Br-],2.299027692777284,-1.2860596
expert-binary,QAC-105,CCCCCCCCC[n+]1ccc(C2OCC(C3COC(c4cc[n+](CCCCCCCCC)cc4)OC3)CO2)cc1.[Br-].[Br-],0.4291873671080148,0.14825179
expert-binary,QAC-105,CCCCCCCCCC[n+]1ccc(C2OCC(C3COC(c4cc[n+](CCCCCCCCCC)cc4)OC3)CO2)cc1.[Br-].[Br-],0.3757025471753278,-0.4713973
expert-binary,QAC-105,CCCCCCC[n+]1ccc(C2OCC3(CO2)COC(c2cc[n+](CCCCCCC)cc2)OC3)cc1.[Br-].[Br-],3.5723938272181006,-3.3394618
expert-binary,QAC-105,CCCCCCCC[n+]1ccc(C2OCC3(CO2)COC(c2cc[n+](CCCCCCCC)cc2)OC3)cc1.[Br-].[Br-],1.5133371067473866,-1.5717002
expert-binary,QAC-105,CCCCCCCCC[n+]1ccc(C2OCC3(CO2)COC(c2cc[n+](CCCCCCCCC)cc2)OC3)cc1.[Br-].[Br-],-0.543396895807572,-1.6308966
expert-binary,QAC-105,CCCCCCCCCC[n+]1ccc(C2OCC3(CO2)COC(c2cc[n+](CCCCCCCCCC)cc2)OC3)cc1.[Br-].[Br-],-1.597793350242805,-1.9213853
expert-binary,QAC-105,CCCCCCCCCCC[n+]1ccc(C2OCC3(CO2)COC(c2cc[n+](CCCCCCCCCCC)cc2)OC3)cc1.[Br-].[Br-],-1.6503969466697892,-3.0742788
expert-binary,QAC-105,CCCCCCCCCCCC[n+]1ccc(C2OCC3(CO2)COC(c2cc[n+](CCCCCCCCCCCC)cc2)OC3)cc1.[Br-].[Br-],3.299027692777284,-3.5183532
expert-binary,QAC-105,CCCCCCCC[n+]1cccc(C2OCC3(CO2)COC(c2ccc[n+](CCCCCCCC)c2)OC3)c1.[Br-].[Br-],0.5133371067473865,-2.807119
expert-binary,QAC-105,CCCCCCCCCC[n+]1cccc(C2OCC3(CO2)COC(c2ccc[n+](CCCCCCCCCC)c2)OC3)c1.[Br-].[Br-],-1.065342528198872,-2.6722198
expert-binary,QAC-105,CCCCCC[n+]1ccc(C2OCC3(CO2)COC(c2ccc(C4OCC5(COC(c6cc[n+](CCCCCC)cc6)OC5)CO4)o2)OC3)cc1.[I-].[I-],-0.9451581954535142,-3.3911493
expert-binary,QAC-105,CCCCCCC[n+]1ccc(C2OCC3(CO2)COC(c2ccc(C4OCC5(COC(c6cc[n+](CCCCCCC)cc6)OC5)CO4)o2)OC3)cc1.[I-].[I-],-0.9866657736969136,-2.917462
expert-binary,QAC-105,CCCCCCCC[n+]1ccc(C2OCC3(CO2)COC(c2ccc(C4OCC5(COC(c6cc[n+](CCCCCCCC)cc6)OC5)CO4)o2)OC3)cc1.[I-].[I-],-1.026870864724745,-2.5532036
expert-binary,QAC-105,CCCCCCCCCC[n+]1ccc(C2OCC3(CO2)COC(c2ccc(C4OCC5(COC(c6cc[n+](CCCCCCCCCC)cc6)OC5)CO4)o2)OC3)cc1.[I-].[I-],1.895797550617557,-2.1664267
expert-binary,QAC-105,CCCCCCCCCCCC[n+]1ccc(C2OCC3(CO2)COC(c2ccc(C4OCC5(COC(c6cc[n+](CCCCCCCCCCCC)cc6)OC5)CO4)o2)OC3)cc1.[I-].[I-],0.8224010706722666,-2.9797537
expert-binary,QAC-105,CCCCCCCCCCCCCC(=O)NCCC[N+](C)(C)Cc1ccccc1.[Cl-],2.18727999660422,-4.39888
expert-binary,QAC-105,CCCCCCCCCCCCCCCC[n+]1ccccc1.[Cl-],3.556435781355485,-6.633791
expert-binary,QAC-105,CCCCCC[n+]1cccc(Oc2ccc(C3OCC4(CO3)COC(c3ccc(Oc5ccc[n+](CCCCCC)c5)cc3)OC4)cc2)c1.[Br-].[Br-],4.271112991403414,-3.9859602
expert-binary,QAC-105,CCCCCCC[n+]1cccc(Oc2ccc(C3OCC4(CO3)COC(c3ccc(Oc5ccc[n+](CCCCCCC)c5)cc3)OC4)cc2)c1.[Br-].[Br-],0.223070647401279,-3.2158144
expert-binary,QAC-105,CCCCCCCC[n+]1cccc(Oc2ccc(C3OCC4(CO3)COC(c3ccc(Oc5ccc[n+](CCCCCCCC)c5)cc3)OC4)cc2)c1.[Br-].[Br-],0.1765930147305835,-2.5739918
expert-binary,QAC-105,CCCCCCCCC[n+]1cccc(Oc2ccc(C3OCC4(CO3)COC(c3ccc(Oc5ccc[n+](CCCCCCCCC)c5)cc3)OC4)cc2)c1.[Br-].[Br-],0.1315502796230905,-2.1589046
expert-binary,QAC-105,CCCCCCCCCC[n+]1cccc(Oc2ccc(C3OCC4(CO3)COC(c3ccc(Oc5ccc[n+](CCCCCCCCCC)c5)cc3)OC4)cc2)c1.[Br-].[Br-],0.0878866951751939,-2.829426
expert-binary,QAC-105,CCCCCCCCCCC[n+]1cccc(Oc2ccc(C3OCC4(CO3)COC(c3ccc(Oc5ccc[n+](CCCCCCCCCCC)c5)cc3)OC4)cc2)c1.[Br-].[Br-],0.0455058736362423,-3.362731
expert-binary,QAC-105,CCCCCCCCCCCC[n+]1cccc(Oc2ccc(C3OCC4(CO3)COC(c3ccc(Oc5ccc[n+](CCCCCCCCCCCC)c5)cc3)OC4)cc2)c1.[Br-].[Br-],3.0043201199749667,-3.6393442
expert-binary,QAC-105,CCCCCCCC[n+]1ccc(Oc2ccc(C3OCC4(CO3)COC(c3ccc(Oc5cc[n+](CCCCCCCC)cc5)cc3)OC4)cc2)cc1.[Br-].[Br-],0.1765930147305835,-1.1646153
expert-binary,QAC-105,CCCCCCCCC[n+]1ccc(Oc2ccc(C3OCC4(CO3)COC(c3ccc(Oc5cc[n+](CCCCCCCCC)cc5)cc3)OC4)cc2)cc1.[Br-].[Br-],0.1315502796230905,-1.3754376
expert-binary,QAC-105,CCCCCCCCCC[n+]1ccc(Oc2ccc(C3OCC4(CO3)COC(c3ccc(Oc5cc[n+](CCCCCCCCCC)cc5)cc3)OC4)cc2)cc1.[Br-].[Br-],2.087886695175194,-1.9532017
expert-binary,QAC-105,CCCCCC[n+]1cccc(Oc2ccc(C(C)(C)c3ccc(Oc4ccc[n+](CCCCCC)c4)cc3)cc2)c1.[Br-].[Br-],5.48883561141615,-3.6615593
expert-binary,QAC-105,CCCCCCC[n+]1cccc(Oc2ccc(C(C)(C)c3ccc(Oc4ccc[n+](CCCCCCC)c4)cc3)cc2)c1.[Br-].[Br-],3.433038757685511,-2.3430538
expert-binary,QAC-105,CCCCCCCC[n+]1cccc(Oc2ccc(C(C)(C)c3ccc(Oc4ccc[n+](CCCCCCCC)c4)cc3)cc2)c1.[Br-].[Br-],0.3795074264235588,-1.1443163
expert-binary,QAC-105,CCCCCCCCC[n+]1cccc(Oc2ccc(C(C)(C)c3ccc(Oc4ccc[n+](CCCCCCCCC)c4)cc3)cc2)c1.[Br-].[Br-],0.3277104474813685,-0.34798056
expert-binary,QAC-105,CCCCCCCCCC[n+]1cccc(Oc2ccc(C(C)(C)c3ccc(Oc4ccc[n+](CCCCCCCCCC)c4)cc3)cc2)c1.[Br-].[Br-],1.277883762181341,-0.67553526
expert-binary,QAC-105,CCCCCCCCCCC[n+]1cccc(Oc2ccc(C(C)(C)c3ccc(Oc4ccc[n+](CCCCCCCCCCC)c4)cc3)cc2)c1.[Br-].[Br-],2.229551495150766,-1.9436837
expert-binary,QAC-105,CCCCCCCCCCCC[n+]1cccc(Oc2ccc(C(C)(C)c3ccc(Oc4ccc[n+](CCCCCCCCCCCC)c4)cc3)cc2)c1.[Br-].[Br-],3.1829498415674795,-2.8966587
expert-binary,QAC-105,CCCCCCCC[n+]1ccc(Oc2ccc(C(C)(C)c3ccc(Oc4cc[n+](CCCCCCCC)cc4)cc3)cc2)cc1.[Br-].[Br-],0.3795074264235588,0.71917933
expert-binary,QAC-105,CCCCCCCCCC[n+]1ccc(Oc2ccc(C(C)(C)c3ccc(Oc4cc[n+](CCCCCCCCCC)cc4)cc3)cc2)cc1.[Br-].[Br-],1.277883762181341,0.053732343
expert-binary,QAC-105,CCCCCC[n+]1ccccc1Oc1ccc(C(C)(C)c2ccc(Oc3cccc[n+]3CCCCCC)cc2)cc1.[I-].[I-],-0.6899253108564267,-2.735596
expert-binary,QAC-105,CCCCCCC[n+]1ccccc1Oc1ccc(C(C)(C)c2ccc(Oc3cccc[n+]3CCCCCCC)cc2)cc1.[I-].[I-],1.2606703239844168,-1.6019886
expert-binary,QAC-105,CCCCCCCC[n+]1ccccc1Oc1ccc(C(C)(C)c2ccc(Oc3cccc[n+]3CCCCCCCC)cc2)cc1.[I-].[I-],2.2130691389097144,-0.4807161
expert-binary,QAC-105,CCCCCCCCCC[n+]1ccccc1Oc1ccc(C(C)(C)c2ccc(Oc3cccc[n+]3CCCCCCCCCC)cc2)cc1.[I-].[I-],-0.8778227618284742,-1.7267029
expert-binary,QAC-105,CCCCCCCCCCCC[n+]1ccccc1Oc1ccc(C(C)(C)c2ccc(Oc3cccc[n+]3CCCCCCCCCCCC)cc2)cc1.[I-].[I-],3.0366738523359147,-4.3219748
expert-binary,Q-HERO,CCCCCCCCCCCC[N+](C)(C)Cc1ccccc1.[Cl-],3.0,-4.633786
expert-binary,Q-HERO,CCCCCCCCCCCCCCCC[n+]1ccccc1.[Cl-],-1.0,-6.633791
expert-binary,Q-HERO,CCCCCCCCCC[N+](C)(C)CCCCCCCCCC.[Cl-],0.0,-1.1751546
expert-binary,Q-HERO,CCCCCCCCCCCC[N+](C)(C)CCCCCCCCCCCC.[Cl-],0.0,-2.8057792
expert-binary,Q-HERO,N=C(NCCCCCCNC(=N)NC(=N)Nc1ccc(Cl)cc1)NC(=N)Nc1ccc(Cl)cc1,-1.0,-4.4876986
expert-binary,Q-HERO,CCCCCCCCCCCCCCOc1cccc(C[N+](C)(C)C)c1C[N+](C)(C)C.[Br-].[Br-],2.584962500721156,-5.8685336
expert-binary,Q-HERO,CCCCCCCCCCCCCCOc1ccc(C[N+](C)(C)C)cc1C[N+](C)(C)C.[Br-].[Br-],2.584962500721156,-5.4511285
expert-binary,Q-HERO,CCCCCCCCCCCCCCOc1cc(C[N+](C)(C)C)ccc1C[N+](C)(C)C.[Br-].[Br-],4.0,-5.3996935
expert-binary,Q-HERO,CCCCCCCCCCCCCCCCOc1cc(C[N+](C)(C)C)ccc1C[N+](C)(C)C.[Br-].[Br-],4.0,-3.0091803
expert-binary,Q-HERO,CCCCCCCCCCCCCCCCCCOc1cc(C[N+](C)(C)C)ccc1C[N+](C)(C)C.[Br-].[Br-],4.0,-2.4798222
expert-binary,Q-HERO,CCCCCCCCCCCCCCOc1c(C[N+](C)(C)C)cccc1C[N+](C)(C)C.[Br-].[Br-],4.0,-5.5209064
expert-binary,Q-HERO,CCCCCCCCCCCCCCOc1cc(C[N+](C)(C)C)cc(C[N+](C)(C)C)c1.[Br-].[Br-],2.0,-6.076935
expert-binary,Q-HERO,CCCCCCCCCCCCCCCCOc1cc(C[N+](C)(C)C)cc(C[N+](C)(C)C)c1.[Br-].[Br-],3.0,-4.3121557
expert-binary,Q-HERO,CCCCCCCCCCOc1ccc(C[N+](C)(C)C)cc1.[Br-],3.0,-6.767467
expert-binary,Q-HERO,CCCCCCCCCC[n+]1ccc(-c2cc[n+](CCCCCCCCCC)cc2)cc1.[Br-].[Br-],1.0,-1.8731576
expert-binary,Q-HERO,CCCCCCCCCCC[n+]1ccc(-c2cc[n+](CCCCCCCCCCC)cc2)cc1.[Br-].[Br-],1.0,-2.683264
expert-binary,Q-HERO,CCCCCCCCCCCC[n+]1ccc(-c2cc[n+](CCCCCCCCCCCC)cc2)cc1.[Br-].[Br-],1.0,-4.5737514
expert-binary,Q-HERO,CCCCCCCCCCCCC[n+]1ccc(-c2cc[n+](CCCCCCCCCCCCC)cc2)cc1.[Br-].[Br-],3.0,-5.9294844
expert-binary,Q-HERO,CCCCCCCCCCCC[n+]1ccc(-c2cc[n+](C)cc2)cc1.[Br-].[I-],4.954196310386875,-6.2273455
expert-binary,Q-HERO,CCCCCCCCCCCCCC[n+]1ccc(-c2cc[n+](C)cc2)cc1.[Br-].[I-],2.0,-3.9250836
expert-binary,Q-HERO,CCCCCCCCCCCCCC[n+]1ccc(-c2cc[n+](CC)cc2)cc1.[Br-].[Br-],3.0,-4.168997
expert-binary,Q-HERO,CCCCCCCCCCCCCCCC[n+]1ccc(-c2cc[n+](C)cc2)cc1.[Br-].[I-],2.0,-5.606087
expert-binary,Q-HERO,CCCCCCCCCCCCCCCC[n+]1ccc(-c2cc[n+](CC)cc2)cc1.[Br-].[Br-],4.0,-6.273465
expert-binary,Q-HERO,CCCCCCCCCCCCCCCCCC[n+]1ccc(-c2cc[n+](C)cc2)cc1.[Br-].[I-],3.0,-6.2983007
expert-binary,Q-HERO,CCCCCCCCCCCCCCCCCC[n+]1ccc(-c2cc[n+](CC)cc2)cc1.[Br-].[Br-],3.0,-6.4544005
expert-binary,Q-HERO,CCCCCCCCCC[n+]1ccc(-c2cc[n+](CCCCCCCCCC)cc2)cc1.[Cl-].[Cl-],1.0,-1.9295868
expert-binary,Q-HERO,CCCCCCCCCC[n+]1ccc(-c2cc[n+](CCCCCCCCCC)cc2)cc1.[I-].[I-],1.0,-1.689984
expert-binary,Q-HERO,CCCCCCCCCCC[n+]1ccc(-c2cc[n+](CCCCCCCCCCC)cc2)cc1.[Cl-].[Cl-],1.0,-2.8361623
expert-binary,Q-HERO,CCCCCCCCCCC[n+]1ccc(-c2cc[n+](CCCCCCCCCCC)cc2)cc1.[I-].[I-],2.0,-2.478908
expert-binary,Q-HERO,CCCCCCCCCCCC[n+]1ccc(-c2cc[n+](CCCCCCCCCCCC)cc2)cc1.[Cl-].[Cl-],1.0,-4.9219823
expert-binary,Q-HERO,CCCCCCCCCCCC[n+]1ccc(-c2cc[n+](CCCCCCCCCCCC)cc2)cc1.[I-].[I-],3.0,-4.415768
expert-binary,Q-HERO,CCCCCCCCCCCC[n+]1ccc(-c2cc[n+](CCCCCCCCCC)cc2)cc1.[Br-].[Br-],1.0,-3.2114177
expert-binary,Q-HERO,CCCCCCCCCCCCCC[n+]1ccc(-c2cc[n+](CCCCCCCC)cc2)cc1.[Br-].[Br-],1.0,-5.2966347
expert-binary,Q-HERO,CCCCCCCCCCCCCCCC[n+]1ccc(-c2cc[n+](CCCCCC)cc2)cc1.[Br-].[Br-],1.0,-6.037694
expert-binary,Q-HERO,CCCCCCCCCCCCCCCCCC[n+]1ccc(-c2cc[n+](CCCC)cc2)cc1.[Br-].[Br-],3.0,-6.1678696
expert-binary,Q-HERO,C[n+]1cccc(Br)c1.[Br-],3.700439718141092,-7.44632
expert-binary,Q-HERO,CCCCCCCCCCCC[n+]1cccc(Br)c1.[Br-],2.807354922057604,-4.875515
expert-binary,Q-HERO,CCCCCCCCCCCCCC[n+]1cccc(Br)c1.[Br-],1.584962500721156,-4.0555434
expert-binary,Q-HERO,CCCCCCCCCCCCCCCC[n+]1cccc(Br)c1.[Br-],2.584962500721156,-6.198938
expert-binary,Q-HERO,CCCCCCCCCC[n+]1cccc(-c2ccc[n+](CCCCCCCCCC)c2)c1.[Br-].[Br-],1.0,-3.1237779
expert-binary,Q-HERO,CCCCCCCCCCCC[n+]1cccc(-c2ccc[n+](CCCCCCCCCC)c2)c1.[Br-].[Br-],1.0,-3.770922
expert-binary,Q-HERO,CCCCCCCCCCC[n+]1cccc(-c2ccc[n+](CCCCCCCCCCC)c2)c1.[Br-].[Br-],-1.0,-2.7617013
expert-binary,Q-HERO,CCCCCCCCCCCC[n+]1cccc(-c2ccc[n+](CCCCCCCCCCCC)c2)c1.[Br-].[Br-],0.0,-4.398836
expert-binary,Q-HERO,CCCCCCCCCCCCCC[n+]1cccc(-c2ccc[n+](CCCCCCCCCCCC)c2)c1.[Br-].[Br-],1.0,-6.377782
expert-binary,Q-HERO,CCCCCCCCCCCCCC[n+]1cccc(-c2ccc[n+](CCCCCCCCCCCCCC)c2)c1.[Br-].[Br-],1.0,-7.006432
expert-binary,Q-HERO,CCCCCCCCCCCCCCCC[n+]1cccc(-c2ccc[n+](CCCCCCCCCCCCCCCC)c2)c1.[Br-].[Br-],1.0,-7.294536
expert-binary,Q-HERO,CCCCCCCCCCCC[n+]1cccc(-c2ccccc2)c1.[Br-],3.0,-4.6461067
expert-binary,Q-HERO,CCCCCCCCCCCC[n+]1cccc(-c2ccc[n+](C)c2)c1.[Br-].[Br-],6.965784284662087,-7.0347657
expert-binary,Q-HERO,CCCCCCCCCCCC[n+]1cccc(-c2ccc[n+](Cc3ccccc3)c2)c1.[Br-].[Br-],3.0,-6.4776096
expert-binary,Q-HERO,CCCCCCCCCC[n+]1ccc(-c2ccc[n+](CCCCCCCCCC)c2)cc1.[Br-].[Br-],1.0,-2.519202
expert-binary,Q-HERO,CCCCCCCCCCC[n+]1ccc(-c2ccc[n+](CCCCCCCCCCC)c2)cc1.[Br-].[Br-],-1.0,-2.3958378
expert-binary,Q-HERO,CCCCCCCCCCCC[n+]1ccc(-c2ccc[n+](CCCCCCCCCCCC)c2)cc1.[Br-].[Br-],0.0,-3.8874497
expert-binary,Q-HERO,CCCCCCCCCCCCCC[n+]1ccc(-c2ccc[n+](CCCCCCCCCCCCCC)c2)cc1.[Br-].[Br-],1.0,-6.7664146
expert-binary,Q-HERO,CCCCCCCCCCCCCCCC[n+]1ccc(-c2ccc[n+](CCCCCCCCCCCCCCCC)c2)cc1.[Br-].[Br-],1.0,-7.17412
expert-binary,Q-HERO,CCCCCCCCCCCCCCCCCCCC[N+](C)(C)CCN(C)C.[Br-],2.0,-4.873496
expert-binary,Q-HERO,CCCCCCCCCCCCCCCCCC[N+](C)(C)CCN(C)C.[Br-],1.0,-4.597207
expert-binary,Q-HERO,CCCCCCCCCCCCCCCC[N+](C)(C)CCN(C)C.[Br-],0.0,-3.8855662
expert-binary,Q-HERO,CCCCCCCCCCCCCC[N+](C)(C)CCN(C)C.[Br-],1.0,-4.523624
expert-binary,Q-HERO,CCCCCCCCCCCC[N+](C)(C)CCN(C)C.[Br-],5.0,-6.4459143
expert-binary,Q-HERO,CCCCCCCCCC[N+](C)(C)CCN(C)C.[Br-],5.977279923499917,-7.0273066
expert-binary,Q-HERO,CCCCCCCCCCCCCCCCCCCC[N+](C)(C)CC[N+](C)(C)CCCCCCCCCCCCCCCC.[Br-].[Br-],4.0,-6.1738396
expert-binary,Q-HERO,CCCCCCCCCCCCCCCCCCCC[N+](C)(C)CC[N+](C)(C)CCCCCCCCCCCCCC.[Br-].[Br-],3.0,-5.4639177
expert-binary,Q-HERO,CCCCCCCCCCCCCCCCCCCC[N+](C)(C)CC[N+](C)(C)CCCCCCCCCCCC.[Br-].[Br-],3.0,-4.6008797
expert-binary,Q-HERO,CCCCCCCCCCCCCCCCCCCC[N+](C)(C)CC[N+](C)(C)CCCCCCCCCC.[Br-].[Br-],2.0,-3.2548501
expert-binary,Q-HERO,CCCCCCCCCCCCCCCCCCCC[N+](C)(C)CC[N+](C)(C)CCCCCCCC.[Br-].[Br-],2.0,-2.0162513
expert-binary,Q-HERO,CCCCCCCCCCCCCCCCCC[N+](C)(C)CC[N+](C)(C)CCCCCCCCCCCCCCCCCC.[Br-].[Br-],5.0,-6.3368177
expert-binary,Q-HERO,CCCCCCCCCCCCCCCCCC[N+](C)(C)CC[N+](C)(C)CCCCCCCCCCCCCCCC.[Br-].[Br-],4.0,-5.8023586
expert-binary,Q-HERO,CCCCCCCCCCCCCCCCCC[N+](C)(C)CC[N+](C)(C)CCCCCCCCCCCCCC.[Br-].[Br-],3.0,-5.22773
expert-binary,Q-HERO,CCCCCCCCCCCCCCCCCC[N+](C)(C)CC[N+](C)(C)CCCCCCCCCCCC.[Br-].[Br-],2.0,-4.1357007
expert-binary,Q-HERO,CCCCCCCCCCCCCCCCCC[N+](C)(C)CC[N+](C)(C)CCCCCCCCCC.[Br-].[Br-],2.0,-1.9750117
expert-binary,Q-HERO,CCCCCCCCCCCCCCCCCC[N+](C)(C)CC[N+](C)(C)CCCCCCCC.[Br-].[Br-],1.0,-1.6550292
expert-binary,Q-HERO,CCCCCCCCCCCCCCCC[N+](C)(C)CC[N+](C)(C)CCCCCCCCCCCCCCCC.[Br-].[Br-],3.0,-5.486946
expert-binary,Q-HERO,CCCCCCCCCCCCCCCC[N+](C)(C)CC[N+](C)(C)CCCCCCCCCCCCCC.[Br-].[Br-],3.0,-4.577758
expert-binary,Q-HERO,CCCCCCCCCCCCCCCC[N+](C)(C)CC[N+](C)(C)CCCCCCCCCCCC.[Br-].[Br-],3.0,-2.7135162
expert-binary,Q-HERO,CCCCCCCCCCCCCCCC[N+](C)(C)CC[N+](C)(C)CCCCCCCCCC.[Br-].[Br-],2.0,-0.73297054
expert-binary,Q-HERO,CCCCCCCCCCCCCCCC[N+](C)(C)CC[N+](C)(C)CCCCCCCC.[Br-].[Br-],1.0,-0.69353217
expert-binary,Q-HERO,CCCCCCCCCCCCCC[N+](C)(C)CC[N+](C)(C)CCCCCCCCCCCCCC.[Br-].[Br-],2.0,-1.6733261
expert-binary,Q-HERO,CCCCCCCCCCCCCC[N+](C)(C)CC[N+](C)(C)CCCCCCCCCCCC.[Br-].[Br-],0.0,0.3871665
expert-binary,Q-HERO,CCCCCCCCCCCCCC[N+](C)(C)CC[N+](C)(C)CCCCCCCCCC.[Br-].[Br-],2.0,0.9557804
expert-binary,Q-HERO,CCCCCCCCCCCCCC[N+](C)(C)CC[N+](C)(C)CCCCCCCC.[Br-].[Br-],0.0,0.6263867
expert-binary,Q-HERO,CCCCCCCCCCCC[N+](C)(C)CC[N+](C)(C)CCCCCCCCCCCC.[Br-].[Br-],0.0,1.992256
expert-binary,Q-HERO,CCCCCCCCCCCC[N+](C)(C)CC[N+](C)(C)CCCCCCCCCC.[Br-].[Br-],0.0,0.9091258
expert-binary,Q-HERO,CCCCCCCCCCCC[N+](C)(C)CC[N+](C)(C)CCCBr.[Br-].[Br-],-1.0,-6.638315
expert-binary,Q-HERO,CCCCCCCCCC[N+](C)(C)CC[N+](C)(C)CCCCCCCCCC.[Br-].[Br-],1.0,-1.7445344
expert-binary,Q-HERO,CCCCCCCCCC[N+](C)(C)CC[N+](C)(C)CCCCCCCC.[Br-].[Br-],3.0,-4.4390736
expert-binary,Q-HERO,CCCCCCCC[N+](C)(C)CC[N+](C)(C)CCCCCCCC.[Br-].[Br-],5.0,-5.7045655
expert-binary,Q-HERO,CCCCCCCCCCCCC[N+](C)(C)CC[N+](C)(C)CCCCCCCCCC.[Br-].[Br-],0.0,1.5819547
expert-binary,Q-HERO,CCCCCCCCCCC[N+](C)(C)CC[N+](C)(C)CCCCCCCCCC.[Br-].[Br-],0.0,-0.72581226
expert-binary,Q-HERO,CCCCCCCCCC[n+]1cccc([C@@H]2CCCN2C)c1.[Br-],5.0,-4.550498
expert-binary,Q-HERO,CCCCCCCCCCC[n+]1cccc([C@@H]2CCCN2C)c1.[Br-],3.0,-3.881616
expert-binary,Q-HERO,CCCCCCCCCCCC[n+]1cccc([C@@H]2CCCN2C)c1.[Br-],2.0,-3.640107
expert-binary,Q-HERO,CCCCCCCCCCCCCC[n+]1cccc([C@@H]2CCCN2C)c1.[Br-],0.0,-5.4048095
expert-binary,Q-HERO,CCCCCCCCCCCCCCCC[n+]1cccc([C@@H]2CCCN2C)c1.[Br-],0.0,-6.016406
expert-binary,Q-HERO,CCCCCCCCCCCCCCCCCC[n+]1cccc([C@@H]2CCCN2C)c1.[Br-],0.0,-5.996989
expert-binary,Q-HERO,CCCCCCCCCCCCCCCCCCCC[n+]1cccc([C@@H]2CCCN2C)c1.[Br-],1.0,-6.2671127
expert-binary,Q-HERO,CCCCCCCCCC[n+]1cccc([C@@H]2CCC[N+]2(C)C)c1.[Br-].[I-],4.0,-6.3878636
expert-binary,Q-HERO,CCCCCCCCCCC[n+]1cccc([C@@H]2CCC[N+]2(C)C)c1.[Br-].[I-],5.0,-6.202805
expert-binary,Q-HERO,CCCCCCCCCCCC[n+]1cccc([C@@H]2CCC[N+]2(C)C)c1.[Br-].[I-],3.0,-5.643222
expert-binary,Q-HERO,CCCCCCCCCCCCCC[n+]1cccc([C@@H]2CCC[N+]2(C)C)c1.[Br-].[I-],2.0,-4.005067
expert-binary,Q-HERO,CCCCCCCCCCCCCCCC[n+]1cccc([C@@H]2CCC[N+]2(C)C)c1.[Br-].[I-],0.0,-4.7901087
expert-binary,Q-HERO,CCCCCCCCCCCCCCCCCC[n+]1cccc([C@@H]2CCC[N+]2(C)C)c1.[Br-].[I-],0.0,-5.230383
expert-binary,Q-HERO,CCCCCCCCCCCCCCCCCCCC[n+]1cccc([C@@H]2CCC[N+]2(C)C)c1.[Br-].[I-],-1.0,-5.8417706
expert-binary,Q-HERO,C=C[C@H]1C[N@+]2(CCCCCCCCCC)CC[C@H]1C[C@H]2[C@@H](O)c1ccnc2ccc(OC)cc12.[Br-],2.0,-1.9702
expert-binary,Q-HERO,C=C[C@H]1C[N@+]2(CCCCCCCCCCC)CC[C@H]1C[C@H]2[C@@H](O)c1ccnc2ccc(OC)cc12.[Br-],1.0,-0.5441237
expert-binary,Q-HERO,C=C[C@H]1C[N@+]2(CCCCCCCCCCCC)CC[C@H]1C[C@H]2[C@@H](O)c1ccnc2ccc(OC)cc12.[Br-],0.0,0.73061967
expert-binary,Q-HERO,C=C[C@H]1C[N@+]2(CCCCCCCCCCCCCC)CC[C@H]1C[C@H]2[C@@H](O)c1ccnc2ccc(OC)cc12.[Br-],-1.0,1.555487
expert-binary,Q-HERO,C=C[C@H]1C[N@+]2(CCCCCCCCCCCCCCCC)CC[C@H]1C[C@H]2[C@@H](O)c1ccnc2ccc(OC)cc12.[Br-],0.0,1.2665566
expert-binary,Q-HERO,C=C[C@H]1C[N@+]2(CCCCCCCCCCCCCCCCCC)CC[C@H]1C[C@H]2[C@@H](O)c1ccnc2ccc(OC)cc12.[Br-],1.0,-0.24250183
expert-binary,Q-HERO,C=C[C@H]1C[N@+]2(CCCCCCCCCC)CC[C@H]1C[C@H]2[C@@H](O)c1cc[n+](C)c2ccc(OC)cc12.[Br-].[I-],3.0,-4.2143173
expert-binary,Q-HERO,C=C[C@H]1C[N@+]2(CCCCCCCCCCC)CC[C@H]1C[C@H]2[C@@H](O)c1cc[n+](C)c2ccc(OC)cc12.[Br-].[I-],2.0,-2.320882
expert-binary,Q-HERO,C=C[C@H]1C[N@+]2(CCCCCCCCCCCC)CC[C@H]1C[C@H]2[C@@H](O)c1cc[n+](C)c2ccc(OC)cc12.[Br-].[I-],1.0,-0.6125856
expert-binary,Q-HERO,C=C[C@H]1C[N@+]2(CCCCCCCCCCCCCC)CC[C@H]1C[C@H]2[C@@H](O)c1cc[n+](C)c2ccc(OC)cc12.[Br-].[I-],-1.0,1.3332381
expert-binary,Q-HERO,C=C[C@H]1C[N@+]2(CCCCCCCCCCCCCCCC)CC[C@H]1C[C@H]2[C@@H](O)c1cc[n+](C)c2ccc(OC)cc12.[Br-].[I-],0.0,2.0547767
expert-binary,Q-HERO,C=C[C@H]1C[N@+]2(CCCCCCCCCCCCCCCCCC)CC[C@H]1C[C@H]2[C@@H](O)c1cc[n+](C)c2ccc(OC)cc12.[Br-].[I-],0.0,1.6515268
expert-binary,Q-HERO,CCCCCCCCCC[N+](C)(C)CCN(C)CC[N+](C)(C)CCCCCCCCCC.[Br-].[Br-],1.0,-3.610224
expert-binary,Q-HERO,CCCCCCCCCCC[N+](C)(C)CCN(C)CC[N+](C)(C)CCCCCCCCCCC.[Br-].[Br-],1.0,-0.9513542
expert-binary,Q-HERO,CCCCCCCCCCCC[N+](C)(C)CCN(C)CC[N+](C)(C)CCCCCCCCCCCC.[Br-].[Br-],0.0,1.3910029
expert-binary,Q-HERO,CCCCCCCCCCCCCC[N+](C)(C)CCN(C)CC[N+](C)(C)CCCCCCCCCCCCCC.[Br-].[Br-],1.0,-0.04628434
expert-binary,Q-HERO,CCCCCCCCCCCCCCCC[N+](C)(C)CCN(C)CC[N+](C)(C)CCCCCCCCCCCCCCCC.[Br-].[Br-],2.0,-4.3507133
expert-binary,Q-HERO,CCCCCCCCCC[N+](C)(C)CC[N+](C)(C)CC[N+](C)(C)CCCCCCCCCC.[Br-].[Br-].[I-],1.0,-3.7300549
expert-binary,Q-HERO,CCCCCCCCCCC[N+](C)(C)CC[N+](C)(C)CC[N+](C)(C)CCCCCCCCCCC.[Br-].[Br-].[I-],1.0,-2.415649
expert-binary,Q-HERO,CCCCCCCCCCCCCC[N+](C)(C)CC[N+](C)(C)CC[N+](C)(C)CCCCCCCCCCCCCC.[Br-].[Br-].[I-],0.0,1.9503258
expert-binary,Q-HERO,C=CC[N+](C)(CC[N+](C)(C)CCCCCCCCCC)CC[N+](C)(C)CCCCCCCCCC.[Br-].[Br-].[Br-],1.0,-4.7878475
expert-binary,Q-HERO,C=CC[N+](C)(CC[N+](C)(C)CCCCCCCCCCC)CC[N+](C)(C)CCCCCCCCCCC.[Br-].[Br-].[Br-],0.0,-3.5328536
expert-binary,Q-HERO,C=CC[N+](C)(CC[N+](C)(C)CCCCCCCCCCCC)CC[N+](C)(C)CCCCCCCCCCCC.[Br-].[Br-].[Br-],1.0,-1.3021214
expert-binary,Q-HERO,C=CC[N+](C)(CC[N+](C)(C)CCCCCCCCCCCCCC)CC[N+](C)(C)CCCCCCCCCCCCCC.[Br-].[Br-].[Br-],1.0,2.5262098
expert-binary,Q-HERO,C=CC[N+](C)(CC[N+](C)(C)CCCCCCCCCCCCCCCC)CC[N+](C)(C)CCCCCCCCCCCCCCCC.[Br-].[Br-].[Br-],2.0,2.9325383
expert-binary,Q-HERO,CCCCCCCCCC[N+](C)(C)CCCN(C)CCC[N+](C)(C)CCCCCCCCCC.[Br-].[Br-],0.0,-1.9206971
expert-binary,Q-HERO,CCCCCCCCCC[N+](C)(C)CCC[N+](C)(CC)CCC[N+](C)(C)CCCCCCCCCC.[Br-].[Br-].[Br-],1.0,-3.1334186
expert-binary,Q-HERO,CCCCCCCCCCCC[N+](C)(C)CCCN(C)CCC[N+](C)(C)CCCCCCCCCCCC.[Br-].[Br-],0.0,1.8540944
expert-binary,Q-HERO,CCCCCCCCCCCC[N+](C)(C)CCC[N+](C)(C)CCC[N+](C)(C)CCCCCCCCCCCC.[Br-].[Br-].[I-],0.0,0.26703027
expert-binary,Q-HERO,CCCCCCCCCCCC[N+](C)(C)CCC[N+](C)(CC)CCC[N+](C)(C)CCCCCCCCCCCC.[Br-].[Br-].[Br-],-1.0,0.69021356
expert-binary,Q-HERO,CCCCCCCCCCCC[N+](C)(C)CCC[N+](C)(CCCC)CCC[N+](C)(C)CCCCCCCCCCCC.[Br-].[Br-].[Br-],0.0,1.3321434
expert-binary,Q-HERO,C=CC[N+](C)(CCC[N+](C)(C)CCCCCCCCCCCC)CCC[N+](C)(C)CCCCCCCCCCCC.[Br-].[Br-].[Br-],0.0,0.47349876
expert-binary,Q-HERO,CCCCCCCCCCCC[N+](C)(C)CCC[N+](C)(CCC[N+](C)(C)CCCCCCCCCCCC)Cc1ccccc1.[Br-].[Br-].[Br-],0.0,1.6026435
expert-binary,Q-HERO,CCCCCCCCCCCC[N+](C)(C)CCC[N+](C)(CCC[N+](C)(C)CCCCCCCCCCCC)Cc1ccc(CCCCCCCC)cc1.[Br-].[Br-].[Cl-],0.0,0.42250073
expert-binary,Q-HERO,CCCCCCCCCCCC[N+](C)(C)CCC[N+](C)(CCCCCCCCCCCS)CCC[N+](C)(C)CCCCCCCCCCCC.[Br-].[Br-].[Br-],1.0,2.2813358
expert-binary,Q-HERO,CCCCCCCCCCCC[N+](C)(C)CCC[N+](C)(CCCCCCCCCCCC)CCC[N+](C)(C)CCCCCCCCCCCC.[Br-].[Br-].[Br-],-1.0,1.2458512
expert-binary,Q-HERO,C=CCCCCCCCCC[N+](C)(CCC[N+](C)(C)CCCCCCCCCCCC)CCC[N+](C)(C)CCCCCCCCCCCC.[Br-].[Br-].[Br-],-1.0,3.2065415
expert-binary,Q-HERO,CCCCCCCCCCCC[N+](C)(C)CCN(C)CCN(C)CCN(C)C.[Br-],3.0,-5.798362
expert-binary,Q-HERO,CCCCCCCCCCCCCC[N+](C)(C)CCN(C)CCN(C)CCN(C)C.[Br-],4.0,-3.0498285
expert-binary,Q-HERO,CCCCCCCCCCCCCC[N+](C)(C)CCN(C)CCN(C)CC[N+](C)(C)CCCCCCCCCCCC.[Br-].[Br-],0.0,0.99262357
expert-binary,Q-HERO,CCCCCCCCCCCC[N+](C)(C)CCN(C)CCN(C)CC[N+](C)(C)CCCCCCCCCCCC.[Br-].[Br-],0.0,0.53395784
expert-binary,Q-HERO,CCCCCCCCCCCCCC[N+](C)(C)CCN(C)CCN(C)CC[N+](C)(C)CCCCCCCCCCCCCC.[Br-].[Br-],1.0,-0.2932654
expert-binary,Q-HERO,C=CC[N+](C)(CC[N+](C)(C)CCCCCCCCCCCC)CC[N+](C)(CC=C)CC[N+](C)(C)CCCCCCCCCCCC.[Br-].[Br-].[Br-].[Br-],0.0,-0.52079964
expert-binary,Q-HERO,CCCCCCCCCCCC[N+](C)(C)CC[N+](C)(C)CCCCC[N+](C)(C)CC[N+](C)(C)CCCCCCCCCCCC.[Br-].[Br-].[I-].[I-],0.0,-2.2837062
expert-binary,Q-HERO,CCCCCCCCCCCC[N+](C)(C)Cc1cc(C[N+](C)(C)C)cc(C[N+](C)(C)CCCCCCCCCCCC)c1.[Br-].[Br-].[Br-],1.0,-3.7430167
expert-binary,Q-HERO,CCCCCCCCCCCCCC[N+](C)(C)Cc1cc(C[N+](C)(C)C)cc(C[N+](C)(C)CCCCCCCCCCCCCC)c1.[Br-].[Br-].[Br-],2.0,1.4100336
expert-binary,Q-HERO,CCCCCCCCCC[N+](C)(C)Cc1cc(C[n+]2ccccc2)cc(C[N+](C)(C)CCCCCCCCCC)c1.[Br-].[Br-].[Br-],1.0,-3.6433983
expert-binary,Q-HERO,CCCCCCCCCCCC[N+](C)(C)Cc1cc(C[n+]2ccccc2)cc(C[N+](C)(C)CCCCCCCCCCCC)c1.[Br-].[Br-].[Br-],1.0,0.45451963
expert-binary,Q-HERO,CCCCCCCCCCCCCC[N+](C)(C)Cc1cc(C[n+]2ccccc2)cc(C[N+](C)(C)CCCCCCCCCCCCCC)c1.[Br-].[Br-].[Br-],2.0,-1.8959218
expert-binary,Q-HERO,CCCCCCCCCC[N+](C)(C)CCN1CC[N+](C)(CCCCCCCCCC)CC1.[Br-].[Br-],0.0,-1.4595382
expert-binary,Q-HERO,CCCCCCCCCCC[N+](C)(C)CCN1CC[N+](C)(CCCCCCCCCCC)CC1.[Br-].[Br-],-1.0,0.5268224
expert-binary,Q-HERO,CCCCCCCCCCCC[N+](C)(C)CCN1CC[N+](C)(CCCCCCCCCCCC)CC1.[Br-].[Br-],-1.0,-0.04784412
expert-binary,Q-HERO,CCCCCCCCCCCC[N+](C)(C)CCN1CC[N+](C)(CCCCCCCCCCCC)CC1.[Cl-].[Cl-],-1.0,-0.35323516
expert-binary,Q-HERO,CCCCCCCCCCCCC[N+](C)(C)CCN1CC[N+](C)(CCCCCCCCCCCCC)CC1.[Br-].[Br-],0.0,-2.5653405
expert-binary,Q-HERO,CCCCCCCCCCCCCC[N+](C)(C)CCN1CC[N+](C)(CCCCCCCCCCCCCC)CC1.[Br-].[Br-],-1.0,-4.7769527
expert-binary,Q-HERO,CCCCCCCCCC[N+]1(C)CCN(C)CCN(C)CC1.[Br-],5.0,-5.945815
expert-binary,Q-HERO,CCCCCCCCCCC[N+]1(C)CCN(C)CCN(C)CC1.[Br-],3.0,-5.9898725
expert-binary,Q-HERO,CCCCCCCCCCCC[N+]1(C)CCN(C)CCN(C)CC1.[Br-],1.0,-5.0208178
expert-binary,Q-HERO,CCCCCCCCCCCCC[N+]1(C)CCN(C)CCN(C)CC1.[Br-],0.0,-2.84727
expert-binary,Q-HERO,CCCCCCCCCCCCCC[N+]1(C)CCN(C)CCN(C)CC1.[Br-],-1.0,-0.36464816
expert-binary,Q-HERO,CCCCCCCCCCCCCCCCCC[N+]1(C)CCN(C)CCN(C)CC1.[Br-],-1.0,-1.8775753
expert-binary,Q-HERO,CCCCCCCCCCCCCCCCCCCC[N+]1(C)CCN(C)CCN(C)CC1.[Br-],-1.0,-2.4058695
expert-binary,Q-HERO,CCCCCCCCCC[N+]1(C)CC[N+](C)(C)CC[N+](C)(C)CC1.[Br-].[I-].[I-],5.0,-6.5729933
expert-binary,Q-HERO,CCCCCCCCCCC[N+]1(C)CC[N+](C)(C)CC[N+](C)(C)CC1.[Br-].[I-].[I-],5.977279923499917,-6.490237
expert-binary,Q-HERO,CCCCCCCCCCCC[N+]1(C)CC[N+](C)(C)CC[N+](C)(C)CC1.[Br-].[I-].[I-],4.0,-6.3945026
expert-binary,Q-HERO,CCCCCCCCCCCCC[N+]1(C)CC[N+](C)(C)CC[N+](C)(C)CC1.[Br-].[I-].[I-],2.0,-6.2832212
expert-binary,Q-HERO,CCCCCCCCCCCCCC[N+]1(C)CC[N+](C)(C)CC[N+](C)(C)CC1.[Br-].[I-].[I-],1.0,-6.184885
expert-binary,Q-HERO,CCCCCCCCCCCCCCCC[N+]1(C)CC[N+](C)(C)CC[N+](C)(C)CC1.[Br-].[I-].[I-],0.0,-4.0604753
expert-binary,Q-HERO,CCCCCCCCCCCCCCCCCC[N+]1(C)CC[N+](C)(C)CC[N+](C)(C)CC1.[Br-].[I-].[I-],0.0,-2.0151772
expert-binary,Q-HERO,CCCCCCCCCCCCCCCCCCCC[N+]1(C)CC[N+](C)(C)CC[N+](C)(C)CC1.[Br-].[I-].[I-],0.0,-1.1552876
expert-binary,Q-HERO,CCCCCCCC[N+](C)(C)CCN(CC[N+](C)(C)CCCCCCCC)CC[N+](C)(C)CCCCCCCC.[Br-].[Br-].[Br-],1.0,-4.7710795
expert-binary,Q-HERO,CCCCCCCCCC[N+](C)(C)CCN(CC[N+](C)(C)CCCCCCCCCC)CC[N+](C)(C)CCCCCCCCCC.[Br-].[Br-].[Br-],0.0,0.7215282
expert-binary,Q-HERO,CCCCCCCCCCC[N+](C)(C)CCN(CC[N+](C)(C)CCCCCCCCCCC)CC[N+](C)(C)CCCCCCCCCCC.[Br-].[Br-].[Br-],-1.0,2.7062478
expert-binary,Q-HERO,CCCCCCCCCCCC[N+](C)(C)CCN(CC[N+](C)(C)CCCCCCCCCCCC)CC[N+](C)(C)CCCCCCCCCCCC.[Br-].[Br-].[Br-],0.0,0.75945085
expert-binary,Q-HERO,CCCCCCCCCCCCCC[N+](C)(C)CCN(CC[N+](C)(C)CCCCCCCCCCCCCC)CC[N+](C)(C)CCCCCCCCCCCCCC.[Br-].[Br-].[Br-],2.0,-3.540673
expert-binary,Q-HERO,CCCCCCCC[N+](C)(C)CCCN(CCC[N+](C)(C)CCCCCCCC)CCC[N+](C)(C)CCCCCCCC.[Br-].[Br-].[Br-],2.0,-2.502866
expert-binary,Q-HERO,CCCCCCCCCC[N+](C)(C)CCCN(CCC[N+](C)(C)CCCCCCCCCC)CCC[N+](C)(C)CCCCCCCCCC.[Br-].[Br-].[Br-],-1.0,2.5730166
expert-binary,Q-HERO,CCCCCCCCCCC[N+](C)(C)CCCN(CCC[N+](C)(C)CCCCCCCCCCC)CCC[N+](C)(C)CCCCCCCCCCC.[Br-].[Br-].[Br-],-1.0,2.1154037
expert-binary,Q-HERO,CCCCCCCCCCCC[N+](C)(C)CCCN(CCC[N+](C)(C)CCCCCCCCCCCC)CCC[N+](C)(C)CCCCCCCCCCCC.[Br-].[Br-].[Br-],-1.0,0.53004324
expert-binary,Q-HERO,CCCCCCCCCCCC[N+](C)(C)CCCN(CCC[N+](C)(C)CCCCCCCCCCCC)CCC[N+](C)(C)CCCCCCCCCCCC.[Cl-].[Cl-].[Cl-],-1.0,0.06015621
expert-binary,Q-HERO,CCCCCCCCCCCCC[N+](C)(C)CCCN(CCC[N+](C)(C)CCCCCCCCCCCCC)CCC[N+](C)(C)CCCCCCCCCCCCC.[Br-].[Br-].[Br-],0.0,-1.494259
expert-binary,Q-HERO,CCCCCCCCCCCCCC[N+](C)(C)CCCN(CCC[N+](C)(C)CCCCCCCCCCCCCC)CCC[N+](C)(C)CCCCCCCCCCCCCC.[Br-].[Br-].[Br-],0.0,-3.688981
expert-binary,Q-HERO,CCCCCCCCCCCCCCCC[N+](C)(C)CCCN(CCC[N+](C)(C)CCCCCCCCCCCCCCCC)CCC[N+](C)(C)CCCCCCCCCCCCCCCC.[Br-].[Br-].[Br-],3.0,-6.086319
expert-binary,Q-HERO,CCCCCCCCCCCCCCCCCC[N+](C)(C)CCCN(CCC[N+](C)(C)CCCCCCCCCCCCCCCCCC)CCC[N+](C)(C)CCCCCCCCCCCCCCCCCC.[Br-].[Br-].[Br-],3.0,-6.826077
expert-binary,Q-HERO,CCCCCCCC[N+](C)(C)CCC[N+](C)(CCC[N+](C)(C)CCCCCCCC)CCC[N+](C)(C)CCCCCCCC.[Br-].[Br-].[Br-].[Br-],-1.0,-5.213452
expert-binary,Q-HERO,CCCCCCCCCC[N+](C)(C)CCC[N+](C)(CCC[N+](C)(C)CCCCCCCCCC)CCC[N+](C)(C)CCCCCCCCCC.[Br-].[Br-].[Br-].[Br-],-1.0,1.9850671
expert-binary,Q-HERO,CCCCCCCCCCC[N+](C)(C)CCC[N+](C)(CCC[N+](C)(C)CCCCCCCCCCC)CCC[N+](C)(C)CCCCCCCCCCC.[Br-].[Br-].[Br-].[Br-],-1.0,3.0333161
expert-binary,Q-HERO,CCCCCCCCCCCC[N+](C)(C)CCC[N+](C)(CCC[N+](C)(C)CCCCCCCCCCCC)CCC[N+](C)(C)CCCCCCCCCCCC.[Br-].[Br-].[Br-].[Br-],0.0,3.257361
expert-binary,Q-HERO,CCCCCCCCCCCCC[N+](C)(C)CCC[N+](C)(CCC[N+](C)(C)CCCCCCCCCCCCC)CCC[N+](C)(C)CCCCCCCCCCCCC.[Br-].[Br-].[Br-].[Br-],0.5849625007211562,2.383123
expert-binary,Q-HERO,CCCCCCCCCCCCCC[N+](C)(C)CCC[N+](C)(CCC[N+](C)(C)CCCCCCCCCCCCCC)CCC[N+](C)(C)CCCCCCCCCCCCCC.[Br-].[Br-].[Br-].[Br-],2.0,0.47584882
expert-binary,Q-HERO,C=CC[N+](CCC[N+](C)(C)CCCCCCCC)(CCC[N+](C)(C)CCCCCCCC)CCC[N+](C)(C)CCCCCCCC.[Br-].[Br-].[Br-].[Br-],0.0,-4.098732
expert-binary,Q-HERO,C=CC[N+](CCC[N+](C)(C)CCCCCCCCCC)(CCC[N+](C)(C)CCCCCCCCCC)CCC[N+](C)(C)CCCCCCCCCC.[Br-].[Br-].[Br-].[Br-],-1.0,1.6637543
expert-binary,Q-HERO,C=CC[N+](CCC[N+](C)(C)CCCCCCCCCCC)(CCC[N+](C)(C)CCCCCCCCCCC)CCC[N+](C)(C)CCCCCCCCCCC.[Br-].[Br-].[Br-].[Br-],-1.0,3.0217304
expert-binary,Q-HERO,C=CC[N+](CCC[N+](C)(C)CCCCCCCCCCCC)(CCC[N+](C)(C)CCCCCCCCCCCC)CCC[N+](C)(C)CCCCCCCCCCCC.[Br-].[Br-].[Br-].[Br-],0.0,3.5013638
expert-binary,Q-HERO,C=CC[N+](CCC[N+](C)(C)CCCCCCCCCCCCC)(CCC[N+](C)(C)CCCCCCCCCCCCC)CCC[N+](C)(C)CCCCCCCCCCCCC.[Br-].[Br-].[Br-].[Br-],1.0,2.8316154
expert-binary,Q-HERO,C=CC[N+](CCC[N+](C)(C)CCCCCCCCCCCCCC)(CCC[N+](C)(C)CCCCCCCCCCCCCC)CCC[N+](C)(C)CCCCCCCCCCCCCC.[Br-].[Br-].[Br-].[Br-],1.0,1.8937832
expert-binary,Q-HERO,C=CC[N+](CCC[N+](C)(C)CCCCCCCCCCCCCCCC)(CCC[N+](C)(C)CCCCCCCCCCCCCCCC)CCC[N+](C)(C)CCCCCCCCCCCCCCCC.[Br-].[Br-].[Br-].[Br-],2.0,-1.4691752
expert-binary,Q-HERO,C=CC[N+](CCC[N+](C)(C)CCCCCCCCCCCCCCCCCC)(CCC[N+](C)(C)CCCCCCCCCCCCCCCCCC)CCC[N+](C)(C)CCCCCCCCCCCCCCCCCC.[Br-].[Br-].[Br-].[Br-],1.0,-5.61662
expert-binary,Q-HERO,CCCCCCCCCCC[N+](C)(C)CCC[N+](CCC[N+](C)(C)CCCCCCCCCCC)(CCC[N+](C)(C)CCCCCCCCCCC)Cc1ccccc1.[Br-].[Br-].[Br-].[Br-],-1.0,2.1209462
expert-binary,Q-HERO,CCCCCCCCCCCC[N+](C)(C)CCC[N+](CCC[N+](C)(C)CCCCCCCCCCCC)(CCC[N+](C)(C)CCCCCCCCCCCC)Cc1ccccc1.[Br-].[Br-].[Br-].[Br-],0.0,0.38794
expert-binary,Q-HERO,CCCCCCCCCC[N+](C)(C)CCCCCNCCCCC[N+](C)(C)CCCCCCCCCC.[Br-].[Br-],1.0,2.0031729
expert-binary,Q-HERO,CCCCCCCCCCCC[N+](C)(C)CCCCCNCCCCC[N+](C)(C)CCCCCCCCCCCC.[Br-].[Br-],1.0,0.0112039205
expert-binary,Q-HERO,CCCCCCCCCCCCCC[N+](C)(C)CCCCCNCCCCC[N+](C)(C)CCCCCCCCCCCCCC.[Br-].[Br-],0.0,-5.314057
expert-binary,Q-HERO,CCCCCCCCCCCCCCCC[N+](C)(C)CCCCCNCCCCC[N+](C)(C)CCCCCCCCCCCCCCCC.[Br-].[Br-],1.0,-6.870284
expert-binary,Q-HERO,CCCCCCCCCCCC[N+](C)(C)CCCNCCC[N+](C)(C)CCCCCCCCCCCC.[Br-].[Br-],1.0,1.0601525
expert-binary,Q-HERO,CCCCCCCCCCCC[N+](C)(C)CCCNCCCN(C)C.[Br-],2.0,-4.32707
expert-binary,Q-HERO,CCCCCCCCCCCC[N+](C)(C)CCCNCCC[N+](C)(C)CCC.[Br-].[Br-],0.0,-5.1852026
expert-binary,Q-HERO,CCCCCCCCCCCC[N+](C)(C)CCCCCCCNCCCCCCC[N+](C)(C)CCCCCCCCCCCC.[Br-].[Br-],0.0,-5.1770105
expert-binary,Q-HERO,CCCCCCCCCCC[N+](CC)(CC)c1ccc(N(c2ccc(N(CC)CC)cc2)c2ccc(N(CC)CC)cc2)cc1.[I-],2.0,-3.2764246
expert-binary,Q-HERO,CCCCCCCCCCCC[N+](CC)(CC)c1ccc(N(c2ccc(N(CC)CC)cc2)c2ccc(N(CC)CC)cc2)cc1.[I-],1.0,-2.16592
expert-binary,Q-HERO,CCCCCCCCCCCCCC[N+](CC)(CC)c1ccc(N(c2ccc(N(CC)CC)cc2)c2ccc(N(CC)CC)cc2)cc1.[I-],0.0,-2.9716232
expert-binary,Q-HERO,CCCCCCCCCCCCCCCC[N+](CC)(CC)c1ccc(N(c2ccc(N(CC)CC)cc2)c2ccc(N(CC)CC)cc2)cc1.[I-],1.0,-4.1549644
expert-binary,Q-HERO,CCCCCCCCCCCCCCCCCC[N+](CC)(CC)c1ccc(N(c2ccc(N(CC)CC)cc2)c2ccc(N(CC)CC)cc2)cc1.[I-],3.0,-4.205356
expert-binary,Q-HERO,CCCCCCCCCC[N+](CC)(CC)c1ccc(N(c2ccc([N+](C)(CC)CC)cc2)c2ccc([N+](C)(CC)CC)cc2)cc1.[I-].[I-].[I-],1.0,-6.743665
expert-binary,Q-HERO,CCCCCCCCCCC[N+](CC)(CC)c1ccc(N(c2ccc([N+](C)(CC)CC)cc2)c2ccc([N+](C)(CC)CC)cc2)cc1.[I-].[I-].[I-],0.0,-6.1713734
expert-binary,Q-HERO,CCCCCCCCCCCC[N+](CC)(CC)c1ccc(N(c2ccc([N+](C)(CC)CC)cc2)c2ccc([N+](C)(CC)CC)cc2)cc1.[I-].[I-].[I-],0.0,-5.822975
expert-binary,Q-HERO,CCCCCCCCCCCCCC[N+](CC)(CC)c1ccc(N(c2ccc([N+](C)(CC)CC)cc2)c2ccc([N+](C)(CC)CC)cc2)cc1.[I-].[I-].[I-],-1.0,-4.797491
expert-binary,Q-HERO,CCCCCCCCCCCCCCCC[N+](CC)(CC)c1ccc(N(c2ccc([N+](C)(CC)CC)cc2)c2ccc([N+](C)(CC)CC)cc2)cc1.[I-].[I-].[I-],0.0,-3.9547892
expert-binary,Q-HERO,CCCCCCCCCCCCCCCCCC[N+](CC)(CC)c1ccc(N(c2ccc([N+](C)(CC)CC)cc2)c2ccc([N+](C)(CC)CC)cc2)cc1.[I-].[I-].[I-],0.0,-3.7378702
expert-binary,Q-HERO,CCCCCCCCCCCCCCCCCCCC[N+](CC)(CC)c1ccc(N(c2ccc([N+](C)(CC)CC)cc2)c2ccc([N+](C)(CC)CC)cc2)cc1.[Br-].[I-].[I-],0.0,-4.621712
expert-binary,Q-HERO,CCCCCCCCCC[N+](C)(C)c1ccc(C(c2ccc(N(C)C)cc2)c2ccc(N(C)C)cc2)cc1.[I-],0.0,-4.453101
expert-binary,Q-HERO,CCCCCCCCCCC[N+](C)(C)c1ccc(C(c2ccc(N(C)C)cc2)c2ccc(N(C)C)cc2)cc1.[I-],-1.0,-2.8998284
expert-binary,Q-HERO,CCCCCCCCCCCC[N+](C)(C)c1ccc(C(c2ccc(N(C)C)cc2)c2ccc(N(C)C)cc2)cc1.[I-],-2.0,-1.2584659
expert-binary,Q-HERO,CCCCCCCCCCCCCC[N+](C)(C)c1ccc(C(c2ccc(N(C)C)cc2)c2ccc(N(C)C)cc2)cc1.[I-],1.0,-0.17159039
expert-binary,Q-HERO,CCCCCCCCCCCCCCCC[N+](C)(C)c1ccc(C(c2ccc(N(C)C)cc2)c2ccc(N(C)C)cc2)cc1.[I-],2.0,-0.13737756
expert-binary,Q-HERO,CCCCCCCCCCCCCCCCCC[N+](C)(C)c1ccc(C(c2ccc(N(C)C)cc2)c2ccc(N(C)C)cc2)cc1.[I-],4.0,-2.6863635
expert-binary,Q-HERO,CCCCCCCCCC[N+](C)(C)c1ccc(C(c2ccc([N+](C)(C)C)cc2)c2ccc([N+](C)(C)C)cc2)cc1.[I-].[I-].[I-],2.0,-7.031765
expert-binary,Q-HERO,CCCCCCCCCCC[N+](C)(C)c1ccc(C(c2ccc([N+](C)(C)C)cc2)c2ccc([N+](C)(C)C)cc2)cc1.[I-].[I-].[I-],2.0,-6.903116
expert-binary,Q-HERO,CCCCCCCCCCCC[N+](C)(C)c1ccc(C(c2ccc([N+](C)(C)C)cc2)c2ccc([N+](C)(C)C)cc2)cc1.[I-].[I-].[I-],3.321928094887362,-6.527261
expert-binary,Q-HERO,CCCCCCCCCCCCCC[N+](C)(C)c1ccc(C(c2ccc([N+](C)(C)C)cc2)c2ccc([N+](C)(C)C)cc2)cc1.[I-].[I-].[I-],2.0,-5.533028
expert-binary,Q-HERO,CCCCCCCCCCCCCCCC[N+](C)(C)c1ccc(C(c2ccc([N+](C)(C)C)cc2)c2ccc([N+](C)(C)C)cc2)cc1.[I-].[I-].[I-],0.0,-3.3079224
expert-binary,Q-HERO,CCCCCCCCCCCCCCCCCC[N+](C)(C)c1ccc(C(c2ccc([N+](C)(C)C)cc2)c2ccc([N+](C)(C)C)cc2)cc1.[I-].[I-].[I-],0.0,-1.8168119
expert-binary,Q-HERO,CCCCCCCCCC[N+](C)(C)c1ccc(C(c2ccccc2)c2ccc(N(C)C)cc2)cc1.[I-],0.0,-3.0101492
expert-binary,Q-HERO,CCCCCCCCCCCCCC[N+](C)(C)c1ccc(C(c2ccccc2)c2ccc(N(C)C)cc2)cc1.[I-],1.0,-1.6699072
expert-binary,Q-HERO,CCCCCCCCCCCCCCCC[N+](C)(C)c1ccc(C(c2ccccc2)c2ccc(N(C)C)cc2)cc1.[I-],2.0,-2.664168
expert-binary,Q-HERO,CCCCCCCCCCCCCCCCCC[N+](C)(C)c1ccc(C(c2ccccc2)c2ccc(N(C)C)cc2)cc1.[I-],3.0,-3.472012
expert-binary,Q-HERO,CCCCCCCCCC[N+](C)(C)c1ccc(C(c2ccccc2)c2ccc([N+](C)(C)C)cc2)cc1.[I-].[I-],1.0,-5.0706043
expert-binary,Q-HERO,CCCCCCCCCCC[N+](C)(C)c1ccc(C(c2ccccc2)c2ccc([N+](C)(C)C)cc2)cc1.[I-].[I-],0.0,-4.078249
expert-binary,Q-HERO,CCCCCCCCCCCC[N+](C)(C)c1ccc(C(c2ccccc2)c2ccc([N+](C)(C)C)cc2)cc1.[I-].[I-],-1.0,-2.8222284
expert-binary,Q-HERO,CCCCCCCCCCCCCC[N+](C)(C)c1ccc(C(c2ccccc2)c2ccc([N+](C)(C)C)cc2)cc1.[I-].[I-],-1.0,-0.83706844
expert-binary,Q-HERO,CCCCCCCCCCCCCCCC[N+](C)(C)c1ccc(C(c2ccccc2)c2ccc([N+](C)(C)C)cc2)cc1.[I-].[I-],-1.0,-0.54065067
expert-binary,Q-HERO,CCCCCCCCCCCCCCCCCC[N+](C)(C)c1ccc(C(c2ccccc2)c2ccc([N+](C)(C)C)cc2)cc1.[I-].[I-],-1.0,-1.5157899
expert-binary,Q-HERO,CCCCCCCCCC[N+](C)(C)c1ccc(C(c2ccccc2)c2ccc([N+](C)(C)CCCCCCCCCC)cc2)cc1.[I-].[I-],-1.0,0.20444997
expert-binary,Q-HERO,CCCCCCCCCCC[N+](C)(C)c1ccc(C(c2ccccc2)c2ccc([N+](C)(C)CCCCCCCCCCC)cc2)cc1.[I-].[I-],-1.0,0.67790717
expert-binary,Q-HERO,CCCCCCCCCCCC[N+](C)(C)c1ccc(C(c2ccccc2)c2ccc([N+](C)(C)CCCCCCCCCCCC)cc2)cc1.[I-].[I-],0.0,-0.9569841
expert-binary,Q-HERO,CCCCCCCCCCCCCC[N+](C)(C)c1ccc(C(c2ccccc2)c2ccc([N+](C)(C)CCCCCCCCCCCCCC)cc2)cc1.[I-].[I-],1.0,-4.4786296
expert-binary,Q-HERO,CCCCCCCCCCCCCCCC[N+](C)(C)c1ccc(C(c2ccccc2)c2ccc([N+](C)(C)CCCCCCCCCCCCCCCC)cc2)cc1.[I-].[I-],0.0,-5.618588
expert-binary,Q-HERO,CCCCCCCCCCCCCCCCCC[N+](C)(C)c1ccc(C(c2ccccc2)c2ccc([N+](C)(C)CCCCCCCCCCCCCCCCCC)cc2)cc1.[I-].[I-],3.0,-6.490756
expert-binary,Q-HERO,CCCCCCCCCCN(C)c1ccc(C(c2ccccc2)c2ccc([N+](C)(C)CCCCCCCCCC)cc2)cc1.[I-],3.0,1.2367426
expert-binary,Q-HERO,CCCCCCCCCCCN(C)c1ccc(C(c2ccccc2)c2ccc([N+](C)(C)CCCCCCCCCCC)cc2)cc1.[I-],3.0,0.0091859605
expert-binary,Q-HERO,CCCCCCCCCCCCN(C)c1ccc(C(c2ccccc2)c2ccc([N+](C)(C)CCCCCCCCCCCC)cc2)cc1.[I-],4.0,-2.6481252
expert-binary,Q-HERO,CCCCCCCCCCCCCCN(C)c1ccc(C(c2ccccc2)c2ccc([N+](C)(C)CCCCCCCCCCCCCC)cc2)cc1.[I-],6.965784284662087,-5.470624
expert-binary,Q-HERO,CCCCCCCCCCCCCCCCN(C)c1ccc(C(c2ccccc2)c2ccc([N+](C)(C)CCCCCCCCCCCCCCCC)cc2)cc1.[I-],3.0,-6.2155285
expert-binary,Q-HERO,CCCCCCCCCCCCCCCCCCN(C)c1ccc(C(c2ccccc2)c2ccc([N+](C)(C)CCCCCCCCCCCCCCCCCC)cc2)cc1.[I-],5.977279923499917,-6.5376053
expert-binary,Q-HERO,CCCCCCCC[n+]1ccc(CCCc2cc[n+](CCCCCCCC)cc2)cc1.[Br-].[Br-],3.0,-3.110026
expert-binary,Q-HERO,CCCCCCCCCC[n+]1ccc(CCCc2cc[n+](CCCCCCCCCC)cc2)cc1.[Br-].[Br-],-1.0,-1.6049471
expert-binary,Q-HERO,CCCCCCCCCCC[n+]1ccc(CCCc2cc[n+](CCCCCCCCCCC)cc2)cc1.[Br-].[Br-],-1.415037499278844,-3.2656612
expert-binary,Q-HERO,CCCCCCCCCCCC[n+]1ccc(CCCc2cc[n+](CCCCCCCCCCCC)cc2)cc1.[Br-].[Br-],-1.415037499278844,-5.3416777
expert-binary,Q-HERO,CCCCCCCCCCCCC[n+]1ccc(CCCc2cc[n+](CCCCCCCCCCCCC)cc2)cc1.[Br-].[Br-],-1.0,-6.5671268
expert-binary,Q-HERO,CCCCCCCCCCCCCC[n+]1ccc(CCCc2cc[n+](CCCCCCCCCCCCCC)cc2)cc1.[Br-].[Br-],3.0,-6.950306
expert-binary,Q-HERO,CCCCCCCCCCCCCCCC[n+]1ccc(CCCc2cc[n+](CCCCCCCCCCCCCCCC)cc2)cc1.[Br-].[Br-],2.0,-7.1600823
expert-binary,Q-HERO,CCCCCCCCCCCCCCCCCC[n+]1ccc(CCCc2cc[n+](CCCCCCCCCCCCCCCCC)cc2)cc1.[Br-].[Br-],3.0,-7.141636
expert-binary,Q-HERO,CCCCCCCC[n+]1cccc(CN(Cc2ccc[n+](CCCCCCCC)c2)Cc2ccc[n+](CCCCCCCC)c2)c1.[Br-].[Br-].[Br-],1.0,-5.062514
expert-binary,Q-HERO,CCCCCCCCCC[n+]1cccc(CN(Cc2ccc[n+](CCCCCCCCCC)c2)Cc2ccc[n+](CCCCCCCCCC)c2)c1.[Br-].[Br-].[Br-],-1.0,-3.6115456
expert-binary,Q-HERO,CCCCCCCCCCC[n+]1cccc(CN(Cc2ccc[n+](CCCCCCCCCCC)c2)Cc2ccc[n+](CCCCCCCCCCC)c2)c1.[Br-].[Br-].[Br-],-1.0,-5.3285484
expert-binary,Q-HERO,CCCCCCCCCCCC[n+]1cccc(CN(Cc2ccc[n+](CCCCCCCCCCCC)c2)Cc2ccc[n+](CCCCCCCCCCCC)c2)c1.[Br-].[Br-].[Br-],0.0,-6.5135174
expert-binary,Q-HERO,CCCCCCCCCCCCC[n+]1cccc(CN(Cc2ccc[n+](CCCCCCCCCCCCC)c2)Cc2ccc[n+](CCCCCCCCCCCCC)c2)c1.[Br-].[Br-].[Br-],0.0,-7.179316
expert-binary,Q-HERO,CCCCCCCCCCCCCC[n+]1cccc(CN(Cc2ccc[n+](CCCCCCCCCCCCCC)c2)Cc2ccc[n+](CCCCCCCCCCCCCC)c2)c1.[Br-].[Br-].[Br-],1.0,-7.444274
expert-binary,Q-HERO,CCCCCCCCCC[n+]1ccc(CN(Cc2cc[n+](CCCCCCCCCC)cc2)Cc2cc[n+](CCCCCCCCCC)cc2)cc1.[Br-].[Br-].[Br-],-1.0,-3.9703932
expert-binary,Q-HERO,CCCCCCCCCCCC[n+]1ccc(CN(Cc2cc[n+](CCCCCCCCCCCC)cc2)Cc2cc[n+](CCCCCCCCCCCC)cc2)cc1.[Br-].[Br-].[Br-],1.0,-6.4171734
expert-binary,Q-HERO,CCCCCCCCCCCCC[n+]1ccc(CN(Cc2cc[n+](CCCCCCCCCCCCC)cc2)Cc2cc[n+](CCCCCCCCCCCCC)cc2)cc1.[Br-].[Br-].[Br-],2.0,-6.959692
expert-binary,Q-HERO,CCCCCCCCCOC(=O)C[n+]1ccc(CCCc2cc[n+](CC(=O)OCCCCCCCCC)cc2)cc1.[Br-].[Br-],3.0,-4.000343
expert-binary,Q-HERO,CCCCCCCCCCOC(=O)C[n+]1ccc(CCCc2cc[n+](CC(=O)OCCCCCCCCCC)cc2)cc1.[Br-].[Br-],2.0,-5.057205
expert-binary,Q-HERO,CCCCCCCCCCCCOC(=O)C[n+]1ccc(CCCc2cc[n+](CC(=O)OCCCCCCCCCCCC)cc2)cc1.[Br-].[Br-],4.0,-6.16667
expert-binary,Q-HERO,CCCCCCCCOC(=O)C[n+]1ccc(CN(Cc2cc[n+](CC(=O)OCCCCCCCC)cc2)Cc2cc[n+](CC(=O)OCCCCCCCC)cc2)cc1.[Br-].[Br-].[Br-],3.0,-5.3051996
expert-binary,Q-HERO,CCCCCCCCCOC(=O)C[n+]1ccc(CN(Cc2cc[n+](CC(=O)OCCCCCCCCC)cc2)Cc2cc[n+](CC(=O)OCCCCCCCCC)cc2)cc1.[Br-].[Br-].[Br-],3.0,-5.9938374
expert-binary,Q-HERO,CCCCCCCCCCOC(=O)C[n+]1ccc(CN(Cc2cc[n+](CC(=O)OCCCCCCCCCC)cc2)Cc2cc[n+](CC(=O)OCCCCCCCCCC)cc2)cc1.[Br-].[Br-].[Br-],2.0,-6.2528195
expert-binary,Q-HERO,CCCCCCCCCCCCOC(=O)C[n+]1ccc(CN(Cc2cc[n+](CC(=O)OCCCCCCCCCCCC)cc2)Cc2cc[n+](CC(=O)OCCCCCCCCCCCC)cc2)cc1.[Br-].[Br-].[Br-],3.0,-6.789631
expert-binary,Q-HERO,CCCCCCCCCCCCOC(=O)C[N+](C)(C)Cc1ccccc1.[Br-],1.0,-4.839752
expert-binary,Q-HERO,CCCCCCCCCCCCCCOC(=O)C[N+](C)(C)Cc1ccccc1.[Br-],0.0,-5.7983594
expert-binary,Q-HERO,CCCCCCCCOC(=O)C[N+](C)(C)CC[N+](C)(C)CC(=O)OCCCCCCCC.[Br-].[Br-],5.0,-5.827982
expert-binary,Q-HERO,CCCCCCCCCOC(=O)C[N+](C)(C)CC[N+](C)(C)CC(=O)OCCCCCCCCC.[Br-].[Br-],1.0,-4.941597
expert-binary,Q-HERO,CCCCCCCCCCOC(=O)C[N+](C)(C)CC[N+](C)(C)CC(=O)OCCCCCCCCCC.[Br-].[Br-],2.0,-4.202613
expert-binary,Q-HERO,CCCCCCCCCCCCOC(=O)C[N+](C)(C)CC[N+](C)(C)CC(=O)OCCCCCCCCCCCC.[Br-].[Br-],4.0,-4.6623955
expert-binary,Q-HERO,CCCCCCCOC(=O)C[N+](C)(C)CCC[N+](C)(CCC[N+](C)(C)CC(=O)OCCCCCCC)CC(=O)OCCCCCCC.[Br-].[Br-].[Br-],5.0,-5.502374
expert-binary,Q-HERO,CCCCCCCCOC(=O)C[N+](C)(C)CCC[N+](C)(CCC[N+](C)(C)CC(=O)OCCCCCCCC)CC(=O)OCCCCCCCC.[Br-].[Br-].[Br-],3.0,-4.1439795
expert-binary,Q-HERO,CCCCCCCCCOC(=O)C[N+](C)(C)CCC[N+](C)(CCC[N+](C)(C)CC(=O)OCCCCCCCCC)CC(=O)OCCCCCCCCC.[Br-].[Br-].[Br-],2.0,-2.7329578
expert-binary,Q-HERO,CCCCCCCCCCOC(=O)C[N+](C)(C)CCC[N+](C)(CCC[N+](C)(C)CC(=O)OCCCCCCCCCC)CC(=O)OCCCCCCCCCC.[Br-].[Br-].[Br-],2.0,-3.6870885
expert-binary,Q-HERO,CCCCCCCCCCCCOC(=O)C[N+](C)(C)CCC[N+](C)(CCC[N+](C)(C)CC(=O)OCCCCCCCCCCCC)CC(=O)OCCCCCCCCCCCC.[Br-].[Br-].[Br-],2.0,-5.8989096
expert-binary,Q-HERO,CCCCCCCCCCCCCCOC(=O)C[N+](C)(C)CCC[N+](C)(CCC[N+](C)(C)CC(=O)OCCCCCCCCCCCCCC)CC(=O)OCCCCCCCCCCCCCC.[Br-].[Br-].[Br-],5.977279923499917,-6.5439196
expert-binary,Q-HERO,CCCCCCCCCOC(=O)C[N+](C)(C)CCN1CC[N+](C)(CC(=O)OCCCCCCCCC)CC1.[Br-].[Br-],2.0,-3.3790655
expert-binary,Q-HERO,CCCCCCCCCCOC(=O)C[N+](C)(C)CCN1CC[N+](C)(CC(=O)OCCCCCCCCCC)CC1.[Br-].[Br-],1.0,-3.0988708
expert-binary,Q-HERO,CCCCCCCCCCCCOC(=O)C[N+](C)(C)CCN1CC[N+](C)(CC(=O)OCCCCCCCCCCCC)CC1.[Br-].[Br-],3.0,-4.8737926
expert-binary,Q-HERO,CCCCCCCCOC(=O)C[N+](C)(C)CCCN(CCC[N+](C)(C)CC(=O)OCCCCCCCC)CCC[N+](C)(C)CC(=O)OCCCCCCCC.[Br-].[Br-].[Br-],1.0,-3.102447
expert-binary,Q-HERO,CCCCCCCCCOC(=O)C[N+](C)(C)CCCN(CCC[N+](C)(C)CC(=O)OCCCCCCCCC)CCC[N+](C)(C)CC(=O)OCCCCCCCCC.[Br-].[Br-].[Br-],1.0,-2.2984173
expert-binary,Q-HERO,CCCCCCCCCCOC(=O)C[N+](C)(C)CCCN(CCC[N+](C)(C)CC(=O)OCCCCCCCCCC)CCC[N+](C)(C)CC(=O)OCCCCCCCCCC.[Br-].[Br-].[Br-],1.0,-3.7345061
expert-binary,Q-HERO,CCCCCCCCCCCCCCOC(=O)C[N+](C)(C)CCCN(CCC[N+](C)(C)CC(=O)OCCCCCCCCCCCCCC)CCC[N+](C)(C)CC(=O)OCCCCCCCCCCCCCC.[Br-].[Br-].[Br-],6.965784284662087,-6.409807
expert-binary,Q-HERO,CCCCCCCCCCNC(=O)C[N+](C)(C)Cc1ccccc1.[Br-],3.0,-4.8021784
expert-binary,Q-HERO,CCCCCCCCCCCCCNC(=O)C[N+](C)(C)CC[N+](C)(C)CC(=O)NCCCCCCCCCCCCC.[Br-].[Br-],0.0,-3.2808466
expert-binary,Q-HERO,CCCCCCCCCCNC(=O)C[N+](C)(C)CCC[N+](C)(CCC[N+](C)(C)CC(=O)NCCCCCCCCCC)CC(=O)NCCCCCCCCCC.[Br-].[Br-].[Br-],0.0,0.2008552
expert-binary,Q-HERO,CCCCCCCCCCNC(=O)C[N+](C)(C)CCN1CC[N+](C)(CC(=O)NCCCCCCCCCC)CC1.[Br-].[Br-],-1.0,0.3794532
expert-binary,Q-HERO,CCCCCCCCCCNC(=O)C[N+](C)(C)CCCN(CCC[N+](C)(C)CC(=O)NCCCCCCCCCC)CCC[N+](C)(C)CC(=O)NCCCCCCCCCC.[Br-].[Br-].[Br-],0.0,-0.9470333
expert-binary,Q-HERO,CCCCCCCCCC[N+](C)(C)CCCN(C)CCC[N+](C)(C)CCCCCCCCCC.[Cl-].[Cl-],1.0,-2.3120065
expert-binary,Q-HERO,CCCCCCCCCCC[N+](C)(C)CCCN(C)CCC[N+](C)(C)CCCCCCCCCCC.[Cl-].[Cl-],-1.0,0.51550096
expert-binary,Q-HERO,CCCCCCCCCCCC[N+](C)(C)CCCN(C)CCC[N+](C)(C)CCCCCCCCCCCC.[Cl-].[Cl-],0.0,1.6513687
expert-binary,Q-HERO,CCCCCCCCCCCCCC[N+](C)(C)CCCN(C)CCC[N+](C)(C)CCCCCCCCCCCCCC.[Cl-].[Cl-],0.0,-0.82747465
expert-binary,Q-HERO,CCCCCCCCCCCC[N+](C)(C)CCN(C)CCN(C)CC[N+](C)(C)CCCCCCCCCCCC.[Cl-].[Cl-],-1.0,0.51894885
expert-binary,Q-HERO,C=CC[N+](C)(CCC[N+](C)(C)CCCCCCCCCCCC)CCC[N+](C)(C)CCCCCCCCCCCC.[Br-].[Cl-].[Cl-],-1.0,0.39824283
expert-binary,Q-HERO,CCCCCCCCCCCC[N+](C)(C)CCC[N+](C)(CCC[N+](C)(C)CCCCCCCCCCCC)Cc1ccccc1.[Br-].[Cl-].[Cl-],0.0,1.6480668
expert-binary,Q-HERO,CCCCCCCCCC[N+](C)(C)CCN1CC[N+](C)(CCCCCCCCCC)CC1.[Cl-].[Cl-],1.0,-1.8445274
expert-binary,Q-HERO,CCCCCCCCCCC[N+](C)(C)CCN1CC[N+](C)(CCCCCCCCCCC)CC1.[Cl-].[Cl-],-1.0,0.28125852
expert-binary,Q-HERO,CCCCCCCCCCCCCC[N+](C)(C)CCN1CC[N+](C)(CCCCCCCCCCCCCC)CC1.[Cl-].[Cl-],0.0,-5.1980906
expert-binary,Q-HERO,CCCCCCCCCCC[N+](C)(C)CCN(CC[N+](C)(C)CCCCCCCCCCC)CC[N+](C)(C)CCCCCCCCCCC.[Cl-].[Cl-].[Cl-],4.0,2.6738079
expert-binary,Q-HERO,CCCCCCCCCC[N+](C)(C)CCCN(CCC[N+](C)(C)CCCCCCCCCC)CCC[N+](C)(C)CCCCCCCCCC.[Cl-].[Cl-].[Cl-],0.0,2.5659695
expert-binary,Q-HERO,CCCCCCCCCCC[N+](C)(C)CCCN(CCC[N+](C)(C)CCCCCCCCCCC)CCC[N+](C)(C)CCCCCCCCCCC.[Cl-].[Cl-].[Cl-],-1.0,1.9027152
expert-binary,Q-HERO,CCCCCCCCCC[n+]1cccc(CN(Cc2ccc[n+](CCCCCCCCCC)c2)CC2CC[N+](C)(CCCCCCCCCC)CC2)c1.[Br-].[Br-].[Br-],-1.0,-2.2624936
expert-binary,Q-HERO,CCCCCCCCCCC[n+]1cccc(CN(Cc2ccc[n+](CCCCCCCCCCC)c2)CC2CC[N+](C)(CCCCCCCCCCC)CC2)c1.[Br-].[Br-].[Br-],-1.0,-4.140352
expert-binary,Q-HERO,CCCCCCCCCCCC[n+]1cccc(CN(Cc2ccc[n+](CCCCCCCCCCCC)c2)CC2CC[N+](C)(CCCCCCCCCCCC)CC2)c1.[Br-].[Br-].[Br-],0.0,-5.6205797
expert-binary,Q-HERO,CCCCCCCCCCCC[N+](C)(C)Cc1cccnc1.[I-],5.977279923499917,-4.118369
expert-binary,Q-HERO,CCCCCCCCCCCCCCCC[N+](C)(C)Cc1cccnc1.[I-],1.0,-4.9155426
expert-binary,Q-HERO,CCCCCCCCCC[n+]1cccc(C[N+](C)(C)CCCCCCCCCC)c1.[Br-].[Br-],1.0,-0.7721523
expert-binary,Q-HERO,CCCCCCCCCCC[n+]1cccc(C[N+](C)(C)CCCCCCCCCCC)c1.[Br-].[Br-],1.0,1.0007427
expert-binary,Q-HERO,CCCCCCCCCCCC[n+]1cccc(C[N+](C)(C)CCCCCCCCCCCC)c1.[Br-].[Br-],1.0,0.5576281
expert-binary,Q-HERO,CCCCCCCCCCCCC[n+]1cccc(C[N+](C)(C)CCCCCCCCCCCCC)c1.[Br-].[Br-],1.0,-3.147118
expert-binary,Q-HERO,CCCCCCCCCCCCCC[n+]1cccc(C[N+](C)(C)CCCCCCCCCCCCCC)c1.[Br-].[Br-],1.0,-5.636174
expert-binary,Q-HERO,CCCCCCCCCCCCCCCC[n+]1cccc(C[N+](C)(C)CCCCCCCCCCCCCCCC)c1.[Br-].[Br-],1.0,-6.9443197
expert-binary,Q-HERO,CCCCCCCCCC[N+](C)(C)Cc1ccc[n+](CC(=O)NCCCCCCCC)c1.[Br-].[I-],1.0,-2.1038642
expert-binary,Q-HERO,CCCCCCCCCC[N+](C)(C)Cc1ccc[n+](CC(=O)NCCCCCCCCC)c1.[Br-].[I-],1.0,-0.90358186
expert-binary,Q-HERO,CCCCCCCCCCNC(=O)C[n+]1cccc(C[N+](C)(C)CCCCCCCCCC)c1.[Br-].[I-],1.0,-0.30506262
expert-binary,Q-HERO,CCCCCCCCCCCCNC(=O)C[n+]1cccc(C[N+](C)(C)CCCCCCCCCC)c1.[Br-].[I-],1.0,-0.66890615
expert-binary,Q-HERO,CCCCCCCCCCCC[N+](C)(C)Cc1ccc[n+](CC(=O)NCCCCCCCC)c1.[Br-].[I-],1.0,-0.032614566
expert-binary,Q-HERO,CCCCCCCCCCCC[N+](C)(C)Cc1ccc[n+](CC(=O)NCCCCCCCCC)c1.[Br-].[I-],1.0,0.21958557
expert-binary,Q-HERO,CCCCCCCCCCCC[N+](C)(C)Cc1ccc[n+](CC(=O)NCCCCCCCCCC)c1.[Br-].[I-],2.0,0.08231612
expert-binary,Q-HERO,CCCCCCCCCCCCNC(=O)C[n+]1cccc(C[N+](C)(C)CCCCCCCCCCCC)c1.[Br-].[I-],2.0,-2.3268223
expert-binary,Q-HERO,CCCCCCCCCCCCCC[N+](C)(C)Cc1ccc[n+](CC(=O)NCCCCCCCC)c1.[Br-].[I-],1.0,-2.4307444
expert-binary,Q-HERO,CCCCCCCCCCCCCC[N+](C)(C)Cc1ccc[n+](CC(=O)NCCCCCCCCC)c1.[Br-].[I-],1.0,-3.018733
expert-binary,Q-HERO,CCCCCCCCCCCCCC[N+](C)(C)Cc1ccc[n+](CC(=O)NCCCCCCCCCC)c1.[Br-].[I-],2.0,-4.108127
expert-binary,Q-HERO,CCCCCCCCCCCCCC[N+](C)(C)Cc1ccc[n+](CC(=O)NCCCCCCCCCCCC)c1.[Br-].[I-],3.0,-5.6666503
expert-binary,Q-HERO,CCCCCCCCCCCCCCCC[N+](C)(C)Cc1ccc[n+](CC(=O)NCCCCCCCC)c1.[Br-].[I-],2.0,-5.1736145
expert-binary,Q-HERO,CCCCCCCCCCCCCCCC[N+](C)(C)Cc1ccc[n+](CC(=O)NCCCCCCCCC)c1.[Br-].[I-],2.0,-5.6589727
expert-binary,Q-HERO,CCCCCCCCCCCCCCCC[N+](C)(C)Cc1ccc[n+](CC(=O)NCCCCCCCCCC)c1.[Br-].[I-],2.0,-6.074824
expert-binary,Q-HERO,CCCCCCCCCC[N@+]1(C)CC[N@@+](C)(CCCCCCCCCC)CC1.[Br-].[Br-],2.0,0.21861412
expert-binary,Q-HERO,CCCCCCCCCCC[N@+]1(C)CC[N@@+](C)(CCCCCCCCCCC)CC1.[Br-].[Br-],1.0,0.6859895
expert-binary,Q-HERO,CCCCCCCCCCCC[N@+]1(C)CC[N@@+](C)(CCCCCCCCCCCC)CC1.[Br-].[Br-],1.0,-1.2105538
expert-binary,Q-HERO,CCCCCCCCCCCC[N@+]1(C)CC[N@@+](C)(CCCCCCCCCCCC)CC1.[Br-].[Cl-],0.0,-1.3799204
expert-binary,Q-HERO,CCCCCCCCCCCCC[N@+]1(C)CC[N@@+](C)(CCCCCCCCCCCCC)CC1.[Br-].[Br-],2.0,-3.0013146
expert-binary,Q-HERO,CCCCCCCCCCCCCC[N@+]1(C)CC[N@@+](C)(CCCCCCCCCCCCCC)CC1.[Br-].[Br-],4.0,-4.5283165
expert-binary,Q-HERO,CCCCCCCCNC(=O)C[N@+]1(C)CC[N@@+](C)(CC(=O)NCCCCCCCC)CC1.[Br-].[Br-],1.0,0.26370394
expert-binary,Q-HERO,CCCCCCCCCNC(=O)C[N@+]1(C)CC[N@@+](C)(CC(=O)NCCCCCCCCC)CC1.[Br-].[Br-],0.0,1.9415921
expert-binary,Q-HERO,CCCCCCCCCCNC(=O)C[N@+]1(C)CC[N@@+](C)(CC(=O)NCCCCCCCCCC)CC1.[Br-].[Br-],1.0,1.8538681
expert-binary,Q-HERO,CCCCCCCCCCCNC(=O)C[N@+]1(C)CC[N@@+](C)(CC(=O)NCCCCCCCCCCC)CC1.[Br-].[Br-],3.0,-1.4193437
expert-binary,Q-HERO,CCCCCCCCCCCCNC(=O)C[N@+]1(C)CC[N@@+](C)(CC(=O)NCCCCCCCCCCCC)CC1.[Br-].[Br-],4.0,-3.3518655
expert-binary,Q-HERO,CCCCCCCCCCCC[N+]12CC[N+](CCCCCCCCCCCC)(CC1)CC2.[Br-].[Br-],-2.0,-2.4938884
expert-binary,Q-HERO,CCCCCCCCCNC(=O)C[N+]12CC[N+](CC(=O)NCCCCCCCCC)(CC1)CC2.[Br-].[Br-],0.0,0.38481966
expert-binary,Q-HERO,CCCCCCCCCCNC(=O)C[N+]12CC[N+](CC(=O)NCCCCCCCCCC)(CC1)CC2.[Br-].[Br-],-1.0,-0.0790905
expert-binary,Q-HERO,CCCCCCCCCC[n+]1ccc(CCc2cc[n+](CCCCCCCCCC)cc2)cc1.[Br-].[Br-],0.0,-1.4647639
expert-binary,Q-HERO,CCCCCCCCCCCC[n+]1ccc(CCc2cc[n+](CCCCCCCCCCCC)cc2)cc1.[Br-].[Br-],1.0,-5.052378
expert-binary,Q-HERO,CCCCCCCCCCCCC[n+]1ccc(CCc2cc[n+](CCCCCCCCCCCCC)cc2)cc1.[Br-].[Br-],3.0,-6.4656806
expert-binary,Q-HERO,CCCCCCCC[n+]1ccc(/C=C/c2cc[n+](CCCCCCCC)cc2)cc1.[Br-].[Br-],4.0,-3.7862604
expert-binary,Q-HERO,CCCCCCCCCCC[n+]1ccc(/C=C/c2cc[n+](CCCCCCCCCCC)cc2)cc1.[Br-].[Br-],0.0,-3.270763
expert-binary,Q-HERO,CCCCCCCCCCCC[n+]1ccc(/C=C/c2cc[n+](CCCCCCCCCCCC)cc2)cc1.[Br-].[Br-],3.0,-5.254612
expert-binary,Q-HERO,CCCCCCCCCNC(=O)C[n+]1ccc(CCc2cc[n+](CC(=O)NCCCCCCCCC)cc2)cc1.[Br-].[Br-],1.0,-1.7408041
expert-binary,Q-HERO,CCCCCCCCCCNC(=O)C[n+]1ccc(CCc2cc[n+](CC(=O)NCCCCCCCCCC)cc2)cc1.[Br-].[Br-],1.0,-4.072056
expert-binary,Q-HERO,CCCCCCCCCCCNC(=O)C[n+]1ccc(CCc2cc[n+](CC(=O)NCCCCCCCCCCC)cc2)cc1.[Br-].[Br-],2.0,-4.9568243
expert-binary,Q-HERO,CCCCCCCCNC(=O)C[n+]1ccc(/C=C/c2cc[n+](CC(=O)NCCCCCCCC)cc2)cc1.[Br-].[Br-],2.0,-1.8774899
expert-binary,Q-HERO,CCCCCCCCCNC(=O)C[n+]1ccc(/C=C/c2cc[n+](CC(=O)NCCCCCCCCC)cc2)cc1.[Br-].[Br-],2.0,-2.861476
expert-binary,Q-HERO,CCCCCCCCCCNC(=O)C[n+]1ccc(/C=C/c2cc[n+](CC(=O)NCCCCCCCCCC)cc2)cc1.[Br-].[Br-],4.0,-3.590441
expert-binary,Q-HERO,CCCCCCCCNC(=O)C[n+]1ccc(C#Cc2cc[n+](CC(=O)NCCCCCCCC)cc2)cc1.[Br-].[Br-],4.0,-1.5425627
expert-binary,Q-HERO,CCCCCCCCCNC(=O)C[n+]1ccc(C#Cc2cc[n+](CC(=O)NCCCCCCCCC)cc2)cc1.[Br-].[Br-],5.0,-2.5734587
expert-binary,Q-HERO,CCCCCCCCCC[N+](C)(C)Cc1cc(OC)cc(OC)c1.[Br-],1.0,-6.574912
expert-binary,Q-HERO,CCCCCCCCCCCCCC[N+](C)(C)Cc1cc(OC)cc(OC)c1.[Br-],0.0,-2.0247948
expert-binary,Q-HERO,CCCCCCCCCCCCCCCC[N+](C)(C)Cc1cc(OC)cc(OC)c1.[Br-],0.0,-4.0915484
expert-binary,Q-HERO,CCCCCCCCCC[N+](C)(C)Cc1ccc(C[N+](C)(C)CCCCCCCCCC)cc1.[Cl-].[Cl-],1.0,-0.66717106
expert-binary,Q-HERO,CCCCCCCCCCCC[N+](C)(C)Cc1ccc(C[N+](C)(C)CCCCCCCCCCCC)cc1.[Cl-].[Cl-],0.0,0.8169802
expert-binary,Q-HERO,CCCCCCCCCCCCC[N+](C)(C)Cc1ccc(C[N+](C)(C)CCCCCCCCCCCCC)cc1.[Cl-].[Cl-],1.0,-2.9546137
expert-binary,Q-HERO,CCCCCCCCCCCCCC[N+](C)(C)Cc1ccc(C[N+](C)(C)CCCCCCCCCCCCCC)cc1.[Cl-].[Cl-],2.0,-4.73207
expert-binary,Q-HERO,CCCCCCCCCC[N+](C)(C)Cc1cccc(C[N+](C)(C)CCCCCCCCCC)c1.[Cl-].[Cl-],1.0,-1.6900655
expert-binary,Q-HERO,CCCCCCCCCCCC[N+](C)(C)Cc1cccc(C[N+](C)(C)CCCCCCCCCCCC)c1.[Cl-].[Cl-],1.0,0.68353385
expert-binary,Q-HERO,CCCCCCCCCCCCC[N+](C)(C)Cc1cccc(C[N+](C)(C)CCCCCCCCCCCCC)c1.[Cl-].[Cl-],2.0,-2.6581526
expert-binary,Q-HERO,CCCCCCCCCCCCCC[N+](C)(C)Cc1cccc(C[N+](C)(C)CCCCCCCCCCCCCC)c1.[Cl-].[Cl-],3.0,-4.566922
expert-binary,Q-HERO,CCCCCCCCCCCCCCCC[N+](C)(C)Cc1cccc(C[N+](C)(C)CCCCCCCCCCCCCCCC)c1.[Cl-].[Cl-],2.0,-6.575283
expert-binary,Q-HERO,CCCCCCCCC[N+](C)(C)Cc1ccccc1C[N+](C)(C)CCCCCCCCC.[Cl-].[Cl-],5.0,-3.2370539
expert-binary,Q-HERO,CCCCCCCCCC[N+](C)(C)Cc1ccccc1C[N+](C)(C)CCCCCCCCCC.[Cl-].[Cl-],2.0,-0.7511957
expert-binary,Q-HERO,CCCCCCCCCCCC[N+](C)(C)Cc1ccccc1C[N+](C)(C)CCCCCCCCCCCC.[Cl-].[Cl-],2.0,-0.8043832
expert-binary,Q-HERO,CCCCCCCCCCCCC[N+](C)(C)Cc1ccccc1C[N+](C)(C)CCCCCCCCCCCCC.[Cl-].[Cl-],2.0,-3.3241267
expert-binary,Q-HERO,CCCCCCCCCCCCCC[N+](C)(C)Cc1ccccc1C[N+](C)(C)CCCCCCCCCCCCCC.[Cl-].[Cl-],2.0,-5.096133
expert-binary,Q-HERO,CCCCCCCCCCCCCCCC[N+](C)(C)Cc1ccccc1C[N+](C)(C)CCCCCCCCCCCCCCCC.[Cl-].[Cl-],4.0,-6.793741
expert-binary,Q-HERO,CCCCCCCC[N+](C)(C)Cc1cc(C[N+](C)(C)CCCCCCCC)cc(C[N+](C)(C)CCCCCCCC)c1.[Br-].[Br-].[Br-],2.0,-5.8004503
expert-binary,Q-HERO,CCCCCCCCC[N+](C)(C)Cc1cc(C[N+](C)(C)CCCCCCCCC)cc(C[N+](C)(C)CCCCCCCCC)c1.[Br-].[Br-].[Br-],0.0,-2.922563
expert-binary,Q-HERO,CCCCCCCCCC[N+](C)(C)Cc1cc(C[N+](C)(C)CCCCCCCCCC)cc(C[N+](C)(C)CCCCCCCCCC)c1.[Br-].[Br-].[Br-],1.0,2.0182147
expert-binary,Q-HERO,CCCCCCCCCCCC[N+](C)(C)Cc1cc(C[N+](C)(C)CCCCCCCCCCCC)cc(C[N+](C)(C)CCCCCCCCCCCC)c1.[Br-].[Br-].[Br-],3.0,-0.8797722
expert-binary,Q-HERO,CCCCCCCCCCCCC[N+](C)(C)Cc1cc(C[N+](C)(C)CCCCCCCCCCCCC)cc(C[N+](C)(C)CCCCCCCCCCCCC)c1.[Br-].[Br-].[Br-],5.0,-3.63857
expert-binary,Q-HERO,CCCCCCCC[N+](C)(CCCCCCCC)Cc1ccccc1.[Cl-],1.0,-4.1456385
expert-binary,Q-HERO,CCCCCCCCCC[N+](C)(CCCCCCCCCC)Cc1ccccc1.[Cl-],0.0,-3.7084148
expert-binary,Q-HERO,CCCCCCCCCCCC[N+](C)(CCCCCCCCCCCC)Cc1ccccc1.[Cl-],1.0,-5.889238
expert-binary,Q-HERO,CCCCCCCC[N+](CCCCCCCC)(CCCCCCCC)Cc1ccccc1.[Br-],0.0,-5.3289356
expert-binary,Q-HERO,CCCCCC[N+](C)(CCCCCC)Cc1ccc(C[N+](C)(CCCCCC)CCCCCC)cc1.[Cl-].[Cl-],5.0,-2.5195718
expert-binary,Q-HERO,CCCCCCCC[N+](C)(CCCCCCCC)Cc1ccc(C[N+](C)(CCCCCCCC)CCCCCCCC)cc1.[Cl-].[Cl-],0.0,-2.8314128
expert-binary,Q-HERO,CCCCCCCCCC[N+](C)(CCCCCCCCCC)Cc1ccc(C[N+](C)(CCCCCCCCCC)CCCCCCCCCC)cc1.[Cl-].[Cl-],2.0,-6.753394
expert-binary,Q-HERO,CCCCCC[N+](CCCCCC)(CCCCCC)Cc1ccc(C[N+](CCCCCC)(CCCCCC)CCCCCC)cc1.[Cl-].[Cl-],0.0,-2.8114715
expert-binary,Q-HERO,CCCCCCCC[N+](CCCCCCCC)(CCCCCCCC)Cc1ccc(C[N+](CCCCCCCC)(CCCCCCCC)CCCCCCCC)cc1.[Cl-].[Cl-],1.0,-6.961748
expert-binary,Q-HERO,CCCCCCCC[N+](C)(CCCCCCCC)Cc1cccc(C[N+](C)(CCCCCCCC)CCCCCCCC)c1.[Cl-].[Cl-],1.0,-2.4072127
expert-binary,Q-HERO,CCCCCC[N+](C)(CCCCCC)Cc1cccc(C[N+](C)(CCCCCC)CCCCCC)c1.[Cl-].[Cl-],4.0,-2.7881927
expert-binary,Q-HERO,CCCCCCCCCC[N+](C)(CCCCCCCCCC)Cc1cccc(C[N+](C)(CCCCCCCCCC)CCCCCCCCCC)c1.[Cl-].[Cl-],2.0,-6.671905
expert-binary,Q-HERO,CCCCCCCC[N+](C)(CCCCCCCC)Cc1ccccc1C[N+](C)(CCCCCCCC)CCCCCCCC.[Cl-].[Cl-],0.0,-3.425137
expert-binary,Q-HERO,CCCCCCCCCCCC[N+](C)(CCCCCCCCCCCC)Cc1ccccc1C[N+](C)(CCCCCCCCCCCC)CCCCCCCCCCCC.[Cl-].[Cl-],3.0,-7.0682354
expert-binary,Q-HERO,CCCCCC[N+](C)(CCCCCC)Cc1cc(C[N+](C)(CCCCCC)CCCCCC)cc(C[N+](C)(CCCCCC)CCCCCC)c1.[Br-].[Br-].[Br-],1.0,0.983249
expert-binary,Q-HERO,CCCCCCCC[N+](C)(CCCCCCCC)Cc1cc(C[N+](C)(CCCCCCCC)CCCCCCCC)cc(C[N+](C)(CCCCCCCC)CCCCCCCC)c1.[Br-].[Br-].[Br-],3.0,-5.4680805
expert-binary,Q-HERO,CCCCCC[N+](CCCCCC)(CCCCCC)Cc1cc(C[N+](CCCCCC)(CCCCCC)CCCCCC)cc(C[N+](CCCCCC)(CCCCCC)CCCCCC)c1.[Br-].[Br-].[Br-],0.0,-5.447488
expert-binary,OOD-17,CCCCCCCCC[n+]1cccc(C2C(C#N)=C(N)OC(OC)(C(F)(F)F)C2C(=O)OCC)c1.[Br-],2.789685953140595,-4.634608
expert-binary,OOD-17,CCCCCCCCCCC[n+]1cccc(C2C(C#N)=C(N)OC(OC)(C(F)(F)F)C2C(=O)OCC)c1.[Br-],1.721363361337244,-3.8459034
expert-binary,OOD-17,CCCCCCCCCCCC[n+]1cccc(C2C(C#N)=C(N)OC(OC)(C(F)(F)F)C2C(=O)OCC)c1.[Br-],0.6883783117299244,-3.227446
expert-binary,OOD-17,CCCCCCCCNc1cc[n+](Cc2cc(=O)c(OCCCCCOc3coc(C[n+]4ccc(NCCCCCCCC)cc4)cc3=O)co2)cc1.[Cl-].[Cl-],-1.6814888461168445,-3.0456507
expert-binary,OOD-17,CCCCCCCCCNc1cc[n+](Cc2cc(=O)c(OCCCCCOc3coc(C[n+]4ccc(NCCCCCCCCC)cc4)cc3=O)co2)cc1.[Cl-].[Cl-],-0.7310980679049963,-3.1144743
expert-binary,OOD-17,CCCCCCCCCCNc1cc[n+](Cc2cc(=O)c(OCCCCCOc3coc(C[n+]4ccc(NCCCCCCCCCC)cc4)cc3=O)co2)cc1.[Cl-].[Cl-],0.2209420398732803,-3.558801
expert-binary,OOD-17,CCCCCCCCCCCCNc1cc[n+](Cc2cc(=O)c(OCCCCCOc3coc(C[n+]4ccc(NCCCCCCCCCCCC)cc4)cc3=O)co2)cc1.[Cl-].[Cl-],-0.8704444232000242,-5.115077
expert-binary,OOD-17,CCCCCCCC[n+]1cccc(C2NC(C)=C(C(=O)OC)C(c3ccc[n+](CCCCCCCC)c3)C2(C#N)C#N)c1.[Br-].[Br-],4.423439164994703,-4.742304
expert-binary,OOD-17,CCCCCCCCC[n+]1cccc(C2NC(C)=C(C(=O)OC)C(c3ccc[n+](CCCCCCCCC)c3)C2(C#N)C#N)c1.[Br-].[Br-],1.3701556857101052,-4.277234
expert-binary,OOD-17,CCCCCCCCCC[n+]1cccc(C2NC(C)=C(C(=O)OC)C(c3ccc[n+](CCCCCCCCCC)c3)C2(C#N)C#N)c1.[Br-].[Br-],-0.6812297520670878,-2.8485227
expert-binary,OOD-17,CCCCCCCCCCC[n+]1cccc(C2NC(C)=C(C(=O)OC)C(c3ccc[n+](CCCCCCCCCCC)c3)C2(C#N)C#N)c1.[Br-].[Br-],0.2691522674889696,-2.5769997
expert-binary,OOD-17,CCCCCCCCCCCC[n+]1cccc(C2NC(C)=C(C(=O)OC)C(c3ccc[n+](CCCCCCCCCCCC)c3)C2(C#N)C#N)c1.[Br-].[Br-],3.221184189419196,-3.6331022
expert-binary,OOD-17,CCCCCCCNc1cc[n+](CCOCCN2C(=O)N(CCOCC[n+]3ccc(NCCCCCCC)cc3)C3C2N(CCOCC[n+]2ccc(NCCCCCCC)cc2)C(=O)N3CCOCC[n+]2ccc(NCCCCCCC)cc2)cc1.[Cl-].[Cl-].[Cl-].[Cl-],0.5804071769693826,-5.737922
expert-binary,OOD-17,CCCCCCCCNc1cc[n+](CCOCCN2C(=O)N(CCOCC[n+]3ccc(NCCCCCCCC)cc3)C3C2N(CCOCC[n+]2ccc(NCCCCCCCC)cc2)C(=O)N3CCOCC[n+]2ccc(NCCCCCCCC)cc2)cc1.[Cl-].[Cl-].[Cl-].[Cl-],0.5211234289219084,-5.938899
expert-binary,OOD-17,CCCCCCCCCNc1cc[n+](CCOCCN2C(=O)N(CCOCC[n+]3ccc(NCCCCCCCCC)cc3)C3C2N(CCOCC[n+]2ccc(NCCCCCCCCC)cc2)C(=O)N3CCOCC[n+]2ccc(NCCCCCCCCC)cc2)cc1.[Cl-].[Cl-].[Cl-].[Cl-],1.4641799396788058,-6.2145653
expert-binary,OOD-17,CCCCCCCCCCNc1cc[n+](CCOCCN2C(=O)N(CCOCC[n+]3ccc(NCCCCCCCCCC)cc3)C3C2N(CCOCC[n+]2ccc(NCCCCCCCCCC)cc2)C(=O)N3CCOCC[n+]2ccc(NCCCCCCCCCC)cc2)cc1.[Cl-].[Cl-].[Cl-].[Cl-],2.409398938608952,-6.342549
expert-binary,OOD-17,CCCCCCCCCCCCNc1cc[n+](CCOCCN2C(=O)N(CCOCC[n+]3ccc(NCCCCCCCCCCCC)cc3)C3C2N(CCOCC[n+]2ccc(NCCCCCCCCCCCC)cc2)C(=O)N3CCOCC[n+]2ccc(NCCCCCCCCCCCC)cc2)cc1.[Cl-].[Cl-].[Cl-].[Cl-],3.3057081456668334,-6.5966496
