ratio_pct,rep,approach,abs_residual
10,molformer,baseline,0.8244388381626395
10,molformer,baseline,5.7691870054096945
10,molformer,baseline,0.11545175638828642
10,molformer,baseline,2.113876514661575
10,molformer,baseline,1.1105019970081456
10,molformer,baseline,2.4042705950512175
10,molformer,baseline,1.1650327460847558
10,molformer,baseline,1.5622170058452363
10,molformer,baseline,1.252212388323652
10,molformer,baseline,1.5376359836585292
10,molformer,baseline,1.4864179000415634
10,molformer,baseline,0.6014689761288023
10,molformer,baseline,1.2218434921334316
10,molformer,baseline,0.5949395215121309
10,molformer,baseline,2.590874293529583
10,molformer,baseline,4.786367032078758
10,molformer,baseline,3.6916415464830585
10,molformer,baseline,0.09627475107872385
10,molformer,baseline,2.718059082202564
10,molformer,baseline,1.0423728498197158
10,molformer,baseline,0.07616179928410283
10,molformer,baseline,3.5986709477528365
10,molformer,baseline,2.004122989017485
10,molformer,baseline,0.9444598538988016
10,molformer,baseline,0.280983365618495
10,molformer,baseline,2.2403731279963313
10,molformer,baseline,0.06177458468624586
10,molformer,baseline,2.0035497214945317
10,molformer,baseline,1.9825300348720247
10,molformer,baseline,3.657943415908186
10,molformer,baseline,0.2584353699918618
10,molformer,baseline,3.03699107343962
10,molformer,baseline,1.6538836554728258
10,molformer,baseline,0.1390856146621422
10,molformer,baseline,4.05606648147205
10,molformer,baseline,0.4384646503973464
10,molformer,baseline,0.47470434931310246
10,molformer,baseline,1.6842248306414245
10,molformer,baseline,0.7016495809760026
10,molformer,baseline,2.5097125017951973
10,molformer,baseline,1.7382057741571058
10,molformer,baseline,2.9284692437057536
10,molformer,baseline,3.3853509500859884
10,molformer,baseline,1.0644199314447134
10,molformer,baseline,0.3904938176785937
10,molformer,baseline,3.9658837559773383
10,molformer,baseline,0.8654431097477662
10,molformer,baseline,1.8085018009983331
10,molformer,baseline,1.8795199962304898
10,molformer,baseline,0.8059378974800664
10,molformer,baseline,3.151443310927305
10,molformer,baseline,1.0720521712173516
10,molformer,baseline,1.273432334799716
10,molformer,baseline,3.2182847347828916
10,molformer,baseline,2.8390217249745833
10,molformer,baseline,1.1886668926356676
10,molformer,baseline,3.8846906514599695
10,molformer,baseline,1.2625252686919612
10,molformer,baseline,1.5572574045536787
10,molformer,baseline,0.5227641492773594
10,molformer,baseline,0.3437657668180978
10,molformer,task_id,0.0885633984353662
10,molformer,task_id,5.248905036627706
10,molformer,task_id,1.3457904544229962
10,molformer,task_id,1.275231125545015
10,molformer,task_id,0.6057781983210786
10,molformer,task_id,4.267468093424231
10,molformer,task_id,1.8919149454728243
10,molformer,task_id,2.025583040285345
10,molformer,task_id,1.0031930711010153
10,molformer,task_id,1.9269447292689064
10,molformer,task_id,3.2817462102099233
10,molformer,task_id,2.4551466844514636
10,molformer,task_id,1.4661206527859028
10,molformer,task_id,0.20364149922951658
10,molformer,task_id,1.8277753291076788
10,molformer,task_id,3.3916799864701197
10,molformer,task_id,4.245589050853425
10,molformer,task_id,0.7031659508763908
10,molformer,task_id,2.972695740941295
10,molformer,task_id,0.13382119522188418
10,molformer,task_id,1.0731578924568321
10,molformer,task_id,6.395523752648508
10,molformer,task_id,2.2064616935776495
10,molformer,task_id,2.4246042896015876
10,molformer,task_id,0.9169347813489872
10,molformer,task_id,0.47766935172860947
10,molformer,task_id,0.3263311355286054
10,molformer,task_id,4.4200456183676975
10,molformer,task_id,1.8430274179931008
10,molformer,task_id,2.772003518708015
10,molformer,task_id,2.188690847398144
10,molformer,task_id,1.0313559105252406
10,molformer,task_id,2.156860711080716
10,molformer,task_id,1.9113722192885527
10,molformer,task_id,2.5684129474751884
10,molformer,task_id,0.18606717269708817
10,molformer,task_id,1.3137368370535394
10,molformer,task_id,0.9635189771021486
10,molformer,task_id,0.14473758457136832
10,molformer,task_id,5.8285110134060325
10,molformer,task_id,1.8691309941050962
10,molformer,task_id,1.9858903408667024
10,molformer,task_id,1.7352403076472829
10,molformer,task_id,1.7004849053762954
10,molformer,task_id,0.6332578281003167
10,molformer,task_id,3.482530323129475
10,molformer,task_id,3.6362667832875535
10,molformer,task_id,1.8314986937723683
10,molformer,task_id,2.191357263189574
10,molformer,task_id,3.12984454101803
10,molformer,task_id,0.3249141255227048
10,molformer,task_id,2.2637384890681895
10,molformer,task_id,1.2219168508588423
10,molformer,task_id,1.0534326212661576
10,molformer,task_id,2.8650651820872906
10,molformer,task_id,1.6222315877418718
10,molformer,task_id,3.176330357586987
10,molformer,task_id,1.6112466930661142
10,molformer,task_id,0.9719703736421819
10,molformer,task_id,1.0154712880475143
10,molformer,task_id,1.1126584937436452
10,molformer,llm_cls,1.093410408275325
10,molformer,llm_cls,5.157723743175095
10,molformer,llm_cls,1.6269590621030634
10,molformer,llm_cls,1.8609353133486355
10,molformer,llm_cls,1.1623521262647323
10,molformer,llm_cls,3.2874110905864278
10,molformer,llm_cls,0.5613085256394665
10,molformer,llm_cls,1.1238126529902734
10,molformer,llm_cls,1.2671876224750882
10,molformer,llm_cls,1.39059098755193
10,molformer,llm_cls,0.6841204971599719
10,molformer,llm_cls,0.9147758644532864
10,molformer,llm_cls,0.44483453182571786
10,molformer,llm_cls,0.6491601685376178
10,molformer,llm_cls,1.83729872099571
10,molformer,llm_cls,4.055802986000018
10,molformer,llm_cls,3.6433035776794984
10,molformer,llm_cls,0.10059203980783771
10,molformer,llm_cls,2.2014080960415874
10,molformer,llm_cls,0.8946586698297443
10,molformer,llm_cls,0.33707640139880723
10,molformer,llm_cls,4.931532821926866
10,molformer,llm_cls,1.6066154522894642
10,molformer,llm_cls,1.477713341143331
10,molformer,llm_cls,1.0682516548441092
10,molformer,llm_cls,0.4456176487491268
10,molformer,llm_cls,0.09861407462167815
10,molformer,llm_cls,3.439782916010261
10,molformer,llm_cls,0.2124675494237156
10,molformer,llm_cls,2.765889588087446
10,molformer,llm_cls,1.6841499572142111
10,molformer,llm_cls,1.5283384463679028
10,molformer,llm_cls,1.2257175149197534
10,molformer,llm_cls,0.13996086710788092
10,molformer,llm_cls,3.515675472684938
10,molformer,llm_cls,0.7175563767082052
10,molformer,llm_cls,0.19617943542845762
10,molformer,llm_cls,1.926103502879534
10,molformer,llm_cls,0.7163855090739562
10,molformer,llm_cls,3.590102153093348
10,molformer,llm_cls,0.9367144475183897
10,molformer,llm_cls,2.152337336593992
10,molformer,llm_cls,2.864868671129866
10,molformer,llm_cls,1.5138596855457935
10,molformer,llm_cls,0.6386094137251583
10,molformer,llm_cls,3.404821187620866
10,molformer,llm_cls,2.123866741972578
10,molformer,llm_cls,1.6145442372281464
10,molformer,llm_cls,2.128590205198029
10,molformer,llm_cls,2.9767983777532674
10,molformer,llm_cls,0.38225411012681576
10,molformer,llm_cls,1.1470723155569136
10,molformer,llm_cls,0.12912220808906127
10,molformer,llm_cls,1.8588895992135033
10,molformer,llm_cls,2.8383845999422936
10,molformer,llm_cls,1.0476273545054595
10,molformer,llm_cls,3.5532858751673624
10,molformer,llm_cls,0.7146823250641257
10,molformer,llm_cls,0.8377452063695747
10,molformer,llm_cls,1.1112741368047712
10,molformer,llm_cls,1.106710506334525
10,molformer,llm_mol_cls,0.8369425520586757
10,molformer,llm_mol_cls,5.277482016809178
10,molformer,llm_mol_cls,2.7336386663158354
10,molformer,llm_mol_cls,1.700775758852977
10,molformer,llm_mol_cls,1.064206018665983
10,molformer,llm_mol_cls,2.0190880652072165
10,molformer,llm_mol_cls,0.6446298890387165
10,molformer,llm_mol_cls,1.5128310902715576
10,molformer,llm_mol_cls,1.0723261432767397
10,molformer,llm_mol_cls,2.057502246938853
10,molformer,llm_mol_cls,1.0689573499564053
10,molformer,llm_mol_cls,0.8532107917668963
10,molformer,llm_mol_cls,1.2340398343692964
10,molformer,llm_mol_cls,0.5991665845540384
10,molformer,llm_mol_cls,1.9694208013740315
10,molformer,llm_mol_cls,4.881581731181516
10,molformer,llm_mol_cls,4.102839359279028
10,molformer,llm_mol_cls,0.3114326072439244
10,molformer,llm_mol_cls,3.615039850985517
10,molformer,llm_mol_cls,1.6630565372134516
10,molformer,llm_mol_cls,0.4969657641066769
10,molformer,llm_mol_cls,5.793063782959679
10,molformer,llm_mol_cls,2.5377305087492044
10,molformer,llm_mol_cls,0.25664566666762134
10,molformer,llm_mol_cls,0.9187267026785146
10,molformer,llm_mol_cls,0.7795261907814277
10,molformer,llm_mol_cls,0.26787578754938757
10,molformer,llm_mol_cls,4.169779619445153
10,molformer,llm_mol_cls,0.4096524111637976
10,molformer,llm_mol_cls,0.9115092599007486
10,molformer,llm_mol_cls,2.0675499067944907
10,molformer,llm_mol_cls,0.6151011446329342
10,molformer,llm_mol_cls,1.0993781646640226
10,molformer,llm_mol_cls,0.2985306739806788
10,molformer,llm_mol_cls,3.9868196737555075
10,molformer,llm_mol_cls,0.3891284408841509
10,molformer,llm_mol_cls,0.4678153326332879
10,molformer,llm_mol_cls,1.618081359009918
10,molformer,llm_mol_cls,0.4005694652847871
10,molformer,llm_mol_cls,4.398944418701168
10,molformer,llm_mol_cls,1.8384173379575288
10,molformer,llm_mol_cls,2.402186617533269
10,molformer,llm_mol_cls,3.9291287242643467
10,molformer,llm_mol_cls,1.5522616146585841
10,molformer,llm_mol_cls,0.4777441361898662
10,molformer,llm_mol_cls,3.6356240489499463
10,molformer,llm_mol_cls,2.6860331662003487
10,molformer,llm_mol_cls,1.883588345018155
10,molformer,llm_mol_cls,2.4868352985465005
10,molformer,llm_mol_cls,3.6810181748256907
10,molformer,llm_mol_cls,0.3681603482060094
10,molformer,llm_mol_cls,1.448637401592768
10,molformer,llm_mol_cls,0.5332425276133543
10,molformer,llm_mol_cls,1.011160132046328
10,molformer,llm_mol_cls,2.8078963813157225
10,molformer,llm_mol_cls,1.3221424440650331
10,molformer,llm_mol_cls,3.3949268382882862
10,molformer,llm_mol_cls,1.1843897753592039
10,molformer,llm_mol_cls,0.6073414143693956
10,molformer,llm_mol_cls,1.1264387960930364
10,molformer,llm_mol_cls,0.6537860623533653
10,desc,baseline,1.0758541431668203
10,desc,baseline,6.547955908461896
10,desc,baseline,0.6152795703385099
10,desc,baseline,2.519864975694402
10,desc,baseline,0.2916900788388963
10,desc,baseline,4.928216544789952
10,desc,baseline,2.226007340200231
10,desc,baseline,1.9636509134345381
10,desc,baseline,1.8491110893985239
10,desc,baseline,0.7169611024656684
10,desc,baseline,2.282851872472324
10,desc,baseline,1.926922573021593
10,desc,baseline,0.3793068223806806
10,desc,baseline,0.31919937495678763
10,desc,baseline,1.7739824272796731
10,desc,baseline,2.954533813678699
10,desc,baseline,5.441517813345797
10,desc,baseline,0.6237045039232965
10,desc,baseline,2.9294318329068063
10,desc,baseline,1.5478821927216635
10,desc,baseline,0.23833524491349456
10,desc,baseline,2.797487410894977
10,desc,baseline,2.653964891761436
10,desc,baseline,2.227262389808849
10,desc,baseline,0.25755376002620234
10,desc,baseline,2.7145894372406976
10,desc,baseline,0.3469202465130752
10,desc,baseline,2.0143648615857517
10,desc,baseline,1.5420071929579988
10,desc,baseline,4.961220039762477
10,desc,baseline,0.20781460149203435
10,desc,baseline,3.0202435395596674
10,desc,baseline,2.387704013886299
10,desc,baseline,1.2200745317001718
10,desc,baseline,3.110569153862306
10,desc,baseline,0.1019672553027906
10,desc,baseline,1.7112797322656421
10,desc,baseline,1.3617711317877372
10,desc,baseline,0.8339989797521317
10,desc,baseline,1.741783602187918
10,desc,baseline,1.0807793506326528
10,desc,baseline,3.580890004629244
10,desc,baseline,1.7934509714405626
10,desc,baseline,1.172706130889487
10,desc,baseline,0.9799320156724047
10,desc,baseline,4.78242482143243
10,desc,baseline,1.1227533080889405
10,desc,baseline,1.0899966893478497
10,desc,baseline,2.724168906372402
10,desc,baseline,0.02511332685682799
10,desc,baseline,3.4491249729833857
10,desc,baseline,3.1063039599454925
10,desc,baseline,1.851458189046582
10,desc,baseline,4.299227139357394
10,desc,baseline,4.016916595915419
10,desc,baseline,1.3280944089071767
10,desc,baseline,4.4731560908290575
10,desc,baseline,0.5782365964156337
10,desc,baseline,2.0472978054749653
10,desc,baseline,1.8211511563421543
10,desc,baseline,0.41723093531152133
10,desc,task_id,0.033542737959798785
10,desc,task_id,5.697337721840421
10,desc,task_id,1.5997011341727996
10,desc,task_id,2.0868633047197993
10,desc,task_id,0.20004541140872956
10,desc,task_id,5.203134780635947
10,desc,task_id,2.185469752080697
10,desc,task_id,2.446844337170414
10,desc,task_id,1.2448522014506356
10,desc,task_id,0.9106574813259023
10,desc,task_id,3.167157670887298
10,desc,task_id,2.435910690673876
10,desc,task_id,0.653363993740725
10,desc,task_id,0.6130258025370274
10,desc,task_id,1.4182182999862558
10,desc,task_id,2.0875536511874717
10,desc,task_id,5.183071020648699
10,desc,task_id,1.111959497547919
10,desc,task_id,3.2674266613628404
10,desc,task_id,0.728849243871518
10,desc,task_id,0.1187317637712999
10,desc,task_id,4.568984474438594
10,desc,task_id,2.513291279758757
10,desc,task_id,2.489508737737083
10,desc,task_id,0.14274109382997957
10,desc,task_id,1.2432975338200825
10,desc,task_id,0.1940407409458711
10,desc,task_id,2.688277942654837
10,desc,task_id,1.2683749638455133
10,desc,task_id,2.420651613041443
10,desc,task_id,1.639088541823238
10,desc,task_id,1.8188774745788265
10,desc,task_id,2.2580671089857294
10,desc,task_id,2.448954076471533
10,desc,task_id,1.8956007107271375
10,desc,task_id,0.2949036371771996
10,desc,task_id,1.5544729524907996
10,desc,task_id,0.43898809474156764
10,desc,task_id,0.5545410849488208
10,desc,task_id,3.7422188655799227
10,desc,task_id,1.1826137182052303
10,desc,task_id,2.7456539050525937
10,desc,task_id,1.3925825653363573
10,desc,task_id,1.3295608551893676
10,desc,task_id,1.1428402039330854
10,desc,task_id,4.116286556843299
10,desc,task_id,1.6199853952134955
10,desc,task_id,1.7405072244763296
10,desc,task_id,3.8341461707494258
10,desc,task_id,1.897825387426594
10,desc,task_id,0.9211535538815054
10,desc,task_id,3.191160673551379
10,desc,task_id,0.6637255927105841
10,desc,task_id,1.2922453548505128
10,desc,task_id,3.781159046823185
10,desc,task_id,1.207218529687768
10,desc,task_id,3.7941531315566137
10,desc,task_id,0.4219340230609303
10,desc,task_id,1.7202446371572315
10,desc,task_id,2.512000151714164
10,desc,task_id,0.1804411165948676
10,desc,llm_cls,0.6113563636770056
10,desc,llm_cls,6.375421332526992
10,desc,llm_cls,1.4566619052483425
10,desc,llm_cls,2.0770168894361802
10,desc,llm_cls,0.37164496023533067
10,desc,llm_cls,4.502441883049987
10,desc,llm_cls,1.391684267319489
10,desc,llm_cls,2.1173680053185175
10,desc,llm_cls,1.4618841167476502
10,desc,llm_cls,0.8340389100936418
10,desc,llm_cls,0.06940754768101609
10,desc,llm_cls,2.0940634704781553
10,desc,llm_cls,0.3050105736300601
10,desc,llm_cls,0.9314215466563702
10,desc,llm_cls,0.40706356101210694
10,desc,llm_cls,2.839944237087673
10,desc,llm_cls,5.086193616706485
10,desc,llm_cls,0.6388381452393652
10,desc,llm_cls,2.911643035402518
10,desc,llm_cls,1.7519806481273204
10,desc,llm_cls,0.05970644852490814
10,desc,llm_cls,3.753689994929276
10,desc,llm_cls,2.335041877891692
10,desc,llm_cls,1.3599292599497765
10,desc,llm_cls,0.25681138831226225
10,desc,llm_cls,1.6616721510478571
10,desc,llm_cls,0.09740777411878643
10,desc,llm_cls,2.752218642051115
10,desc,llm_cls,0.35002580518446047
10,desc,llm_cls,2.7792607152587383
10,desc,llm_cls,1.502204969319311
10,desc,llm_cls,1.9651587167052402
10,desc,llm_cls,1.8463455249835556
10,desc,llm_cls,1.5736355370085837
10,desc,llm_cls,2.7292232418450455
10,desc,llm_cls,0.8035219168269876
10,desc,llm_cls,1.1349089887371147
10,desc,llm_cls,1.1259388050167551
10,desc,llm_cls,0.314644098674842
10,desc,llm_cls,2.3337693033051474
10,desc,llm_cls,0.7091118165118591
10,desc,llm_cls,3.0898037094856603
10,desc,llm_cls,2.792599355688381
10,desc,llm_cls,1.240881834265841
10,desc,llm_cls,1.5648711525164396
10,desc,llm_cls,4.574132251301476
10,desc,llm_cls,1.7466309138582494
10,desc,llm_cls,1.6116676748661218
10,desc,llm_cls,3.0278218055394923
10,desc,llm_cls,1.3444367581341923
10,desc,llm_cls,0.1981747779538754
10,desc,llm_cls,2.54714847299632
10,desc,llm_cls,0.16226046644283976
10,desc,llm_cls,2.368314669030397
10,desc,llm_cls,3.7620787580267208
10,desc,llm_cls,1.2392007639521503
10,desc,llm_cls,4.2515748750837865
10,desc,llm_cls,0.4554632196443027
10,desc,llm_cls,1.5736831262799096
10,desc,llm_cls,1.9029665255039023
10,desc,llm_cls,0.07125522826634079
10,desc,llm_mol_cls,0.8369425520586757
10,desc,llm_mol_cls,5.277482016809178
10,desc,llm_mol_cls,2.7336386663158354
10,desc,llm_mol_cls,1.700775758852977
10,desc,llm_mol_cls,1.064206018665983
10,desc,llm_mol_cls,2.0190880652072165
10,desc,llm_mol_cls,0.6446298890387165
10,desc,llm_mol_cls,1.5128310902715576
10,desc,llm_mol_cls,1.0723261432767397
10,desc,llm_mol_cls,2.057502246938853
10,desc,llm_mol_cls,1.0689573499564053
10,desc,llm_mol_cls,0.8532107917668963
10,desc,llm_mol_cls,1.2340398343692964
10,desc,llm_mol_cls,0.5991665845540384
10,desc,llm_mol_cls,1.9694208013740315
10,desc,llm_mol_cls,4.881581731181516
10,desc,llm_mol_cls,4.102839359279028
10,desc,llm_mol_cls,0.3114326072439244
10,desc,llm_mol_cls,3.615039850985517
10,desc,llm_mol_cls,1.6630565372134516
10,desc,llm_mol_cls,0.4969657641066769
10,desc,llm_mol_cls,5.793063782959679
10,desc,llm_mol_cls,2.5377305087492044
10,desc,llm_mol_cls,0.25664566666762134
10,desc,llm_mol_cls,0.9187267026785146
10,desc,llm_mol_cls,0.7795261907814277
10,desc,llm_mol_cls,0.26787578754938757
10,desc,llm_mol_cls,4.169779619445153
10,desc,llm_mol_cls,0.4096524111637976
10,desc,llm_mol_cls,0.9115092599007486
10,desc,llm_mol_cls,2.0675499067944907
10,desc,llm_mol_cls,0.6151011446329342
10,desc,llm_mol_cls,1.0993781646640226
10,desc,llm_mol_cls,0.2985306739806788
10,desc,llm_mol_cls,3.9868196737555075
10,desc,llm_mol_cls,0.3891284408841509
10,desc,llm_mol_cls,0.4678153326332879
10,desc,llm_mol_cls,1.618081359009918
10,desc,llm_mol_cls,0.4005694652847871
10,desc,llm_mol_cls,4.398944418701168
10,desc,llm_mol_cls,1.8384173379575288
10,desc,llm_mol_cls,2.402186617533269
10,desc,llm_mol_cls,3.9291287242643467
10,desc,llm_mol_cls,1.5522616146585841
10,desc,llm_mol_cls,0.4777441361898662
10,desc,llm_mol_cls,3.6356240489499463
10,desc,llm_mol_cls,2.6860331662003487
10,desc,llm_mol_cls,1.883588345018155
10,desc,llm_mol_cls,2.4868352985465005
10,desc,llm_mol_cls,3.6810181748256907
10,desc,llm_mol_cls,0.3681603482060094
10,desc,llm_mol_cls,1.448637401592768
10,desc,llm_mol_cls,0.5332425276133543
10,desc,llm_mol_cls,1.011160132046328
10,desc,llm_mol_cls,2.8078963813157225
10,desc,llm_mol_cls,1.3221424440650331
10,desc,llm_mol_cls,3.3949268382882862
10,desc,llm_mol_cls,1.1843897753592039
10,desc,llm_mol_cls,0.6073414143693956
10,desc,llm_mol_cls,1.1264387960930364
10,desc,llm_mol_cls,0.6537860623533653
10,emb,baseline,0.5935601367959524
10,emb,baseline,5.094151771567045
10,emb,baseline,0.7175121787491179
10,emb,baseline,1.4311303085385685
10,emb,baseline,0.8592685108613458
10,emb,baseline,2.6442516834761287
10,emb,baseline,1.0515395142454027
10,emb,baseline,1.8732110744431272
10,emb,baseline,1.895666276614754
10,emb,baseline,1.051529680799879
10,emb,baseline,1.0402461562691037
10,emb,baseline,0.5960328479108661
10,emb,baseline,0.08221092317210488
10,emb,baseline,1.398391575826044
10,emb,baseline,2.0761137254080353
10,emb,baseline,4.393662589452554
10,emb,baseline,3.735599159886516
10,emb,baseline,0.3147473599861379
10,emb,baseline,2.913088525311515
10,emb,baseline,1.1091484279938677
10,emb,baseline,0.6382084880550574
10,emb,baseline,3.8548150720148127
10,emb,baseline,2.128941581575031
10,emb,baseline,1.208139883191821
10,emb,baseline,0.45481418755647596
10,emb,baseline,1.10357592485102
10,emb,baseline,0.33795354398402333
10,emb,baseline,2.5633017303448686
10,emb,baseline,1.251329497691765
10,emb,baseline,3.115977366421707
10,emb,baseline,0.7136654356096386
10,emb,baseline,2.452751861736941
10,emb,baseline,1.6791471370493047
10,emb,baseline,0.09614193005931781
10,emb,baseline,4.0095936861960215
10,emb,baseline,0.4480470662376126
10,emb,baseline,0.845885844840153
10,emb,baseline,1.8705546057485218
10,emb,baseline,0.12274347276203779
10,emb,baseline,2.8448291106007773
10,emb,baseline,1.044745681173913
10,emb,baseline,2.245240329031005
10,emb,baseline,2.68398898352919
10,emb,baseline,1.0743503146391653
10,emb,baseline,0.6326838671982102
10,emb,baseline,2.943203684919978
10,emb,baseline,1.603493449069418
10,emb,baseline,1.2128455522627766
10,emb,baseline,2.6795910050991147
10,emb,baseline,1.9076282266082716
10,emb,baseline,2.235614189813526
10,emb,baseline,1.8145762851509972
10,emb,baseline,1.0290049305854216
10,emb,baseline,2.924352974860813
10,emb,baseline,2.7944140950711214
10,emb,baseline,0.20242182155063126
10,emb,baseline,2.9769286436136717
10,emb,baseline,0.0017817250409883911
10,emb,baseline,1.2456767282245345
10,emb,baseline,1.2288554802208358
10,emb,baseline,0.7323710491905466
10,emb,task_id,0.22223458899037363
10,emb,task_id,5.67490698135518
10,emb,task_id,1.446610299445
10,emb,task_id,1.9411577087020708
10,emb,task_id,0.9338328441607295
10,emb,task_id,3.9828342072434895
10,emb,task_id,1.922505719572941
10,emb,task_id,2.341374682742394
10,emb,task_id,1.5975635119931537
10,emb,task_id,1.052004975995665
10,emb,task_id,3.201472002557278
10,emb,task_id,1.907110635410438
10,emb,task_id,0.8627525878038007
10,emb,task_id,0.9077593511641444
10,emb,task_id,1.412317755557607
10,emb,task_id,3.3417764716856704
10,emb,task_id,4.580386081430067
10,emb,task_id,0.2493427235832706
10,emb,task_id,3.615566676439777
10,emb,task_id,0.16937486669971236
10,emb,task_id,0.2622729513302442
10,emb,task_id,6.031962063858758
10,emb,task_id,2.6334297513729332
10,emb,task_id,2.27780967656809
10,emb,task_id,0.22660626516067195
10,emb,task_id,0.25799873451514443
10,emb,task_id,0.558201018231947
10,emb,task_id,3.406135376547052
10,emb,task_id,1.4685703811466446
10,emb,task_id,2.4938727857326093
10,emb,task_id,1.1159046064928386
10,emb,task_id,1.9162989284519356
10,emb,task_id,2.0268924108897717
10,emb,task_id,1.6058438985016954
10,emb,task_id,2.092905395618989
10,emb,task_id,0.10358888779089082
10,emb,task_id,1.3515061008666724
10,emb,task_id,1.214202679170648
10,emb,task_id,0.873909211147573
10,emb,task_id,5.530660861497751
10,emb,task_id,1.0161581927189678
10,emb,task_id,2.7200645699762633
10,emb,task_id,1.654083925322869
10,emb,task_id,1.5133578387501367
10,emb,task_id,0.8109689071425834
10,emb,task_id,3.853037998975176
10,emb,task_id,2.813753297555665
10,emb,task_id,1.5133442161550485
10,emb,task_id,3.0216936930679883
10,emb,task_id,3.137089227270403
10,emb,task_id,0.4935592323225251
10,emb,task_id,2.8619706957355575
10,emb,task_id,0.5449585981046674
10,emb,task_id,1.312880370318842
10,emb,task_id,3.4826617871728973
10,emb,task_id,1.2572118903092737
10,emb,task_id,3.7518568731276845
10,emb,task_id,0.8240556684486346
10,emb,task_id,0.9081082061703691
10,emb,task_id,2.1043926849643873
10,emb,task_id,0.9410409792575298
10,emb,llm_cls,0.8496665236846903
10,emb,llm_cls,5.14087581065176
10,emb,llm_cls,2.116679403566639
10,emb,llm_cls,1.8447039330300017
10,emb,llm_cls,1.7067265831311058
10,emb,llm_cls,3.2301841994415605
10,emb,llm_cls,0.27563705301650465
10,emb,llm_cls,2.673207287443507
10,emb,llm_cls,2.237002768719991
10,emb,llm_cls,0.5056041184911617
10,emb,llm_cls,1.2244625909104503
10,emb,llm_cls,0.7027942723928833
10,emb,llm_cls,0.042408307225874964
10,emb,llm_cls,1.7594182355895995
10,emb,llm_cls,1.3017816820125714
10,emb,llm_cls,4.624110621256406
10,emb,llm_cls,3.5246588181534726
10,emb,llm_cls,0.21806920270295382
10,emb,llm_cls,3.500863453328603
10,emb,llm_cls,0.9365883793254213
10,emb,llm_cls,0.19389793775687858
10,emb,llm_cls,5.119167454704544
10,emb,llm_cls,2.772510291734454
10,emb,llm_cls,1.08912732696301
10,emb,llm_cls,0.5061202231671722
10,emb,llm_cls,0.17708516432416843
10,emb,llm_cls,0.11424011327883044
10,emb,llm_cls,2.877558251119032
10,emb,llm_cls,0.5191164934524721
10,emb,llm_cls,2.0312280850205013
10,emb,llm_cls,1.2606699707952984
10,emb,llm_cls,1.4289597304898107
10,emb,llm_cls,0.7127325480454925
10,emb,llm_cls,0.12809356057324806
10,emb,llm_cls,3.349887649556022
10,emb,llm_cls,0.6235430867774152
10,emb,llm_cls,1.8885683840906644
10,emb,llm_cls,2.275371917300114
10,emb,llm_cls,0.38513865914210577
10,emb,llm_cls,4.426994892256243
10,emb,llm_cls,0.6864378140134564
10,emb,llm_cls,2.3700850136263423
10,emb,llm_cls,2.6130729924511806
10,emb,llm_cls,1.3803640642429054
10,emb,llm_cls,0.5314187242176707
10,emb,llm_cls,3.1290210433500603
10,emb,llm_cls,2.65986317919384
10,emb,llm_cls,0.713317165004284
10,emb,llm_cls,2.6145993796897073
10,emb,llm_cls,3.797553498317267
10,emb,llm_cls,0.2787832925702993
10,emb,llm_cls,2.7725408929147424
10,emb,llm_cls,0.21343417520536967
10,emb,llm_cls,1.644818548276099
10,emb,llm_cls,2.5348714765983864
10,emb,llm_cls,0.07450945590310099
10,emb,llm_cls,3.1335853782416594
10,emb,llm_cls,0.17850033362034967
10,emb,llm_cls,0.34076702785750035
10,emb,llm_cls,1.8894461672846323
10,emb,llm_cls,1.2376273666216675
10,emb,llm_mol_cls,0.8369425520586757
10,emb,llm_mol_cls,5.277482016809178
10,emb,llm_mol_cls,2.7336386663158354
10,emb,llm_mol_cls,1.700775758852977
10,emb,llm_mol_cls,1.064206018665983
10,emb,llm_mol_cls,2.0190880652072165
10,emb,llm_mol_cls,0.6446298890387165
10,emb,llm_mol_cls,1.5128310902715576
10,emb,llm_mol_cls,1.0723261432767397
10,emb,llm_mol_cls,2.057502246938853
10,emb,llm_mol_cls,1.0689573499564053
10,emb,llm_mol_cls,0.8532107917668963
10,emb,llm_mol_cls,1.2340398343692964
10,emb,llm_mol_cls,0.5991665845540384
10,emb,llm_mol_cls,1.9694208013740315
10,emb,llm_mol_cls,4.881581731181516
10,emb,llm_mol_cls,4.102839359279028
10,emb,llm_mol_cls,0.3114326072439244
10,emb,llm_mol_cls,3.615039850985517
10,emb,llm_mol_cls,1.6630565372134516
10,emb,llm_mol_cls,0.4969657641066769
10,emb,llm_mol_cls,5.793063782959679
10,emb,llm_mol_cls,2.5377305087492044
10,emb,llm_mol_cls,0.25664566666762134
10,emb,llm_mol_cls,0.9187267026785146
10,emb,llm_mol_cls,0.7795261907814277
10,emb,llm_mol_cls,0.26787578754938757
10,emb,llm_mol_cls,4.169779619445153
10,emb,llm_mol_cls,0.4096524111637976
10,emb,llm_mol_cls,0.9115092599007486
10,emb,llm_mol_cls,2.0675499067944907
10,emb,llm_mol_cls,0.6151011446329342
10,emb,llm_mol_cls,1.0993781646640226
10,emb,llm_mol_cls,0.2985306739806788
10,emb,llm_mol_cls,3.9868196737555075
10,emb,llm_mol_cls,0.3891284408841509
10,emb,llm_mol_cls,0.4678153326332879
10,emb,llm_mol_cls,1.618081359009918
10,emb,llm_mol_cls,0.4005694652847871
10,emb,llm_mol_cls,4.398944418701168
10,emb,llm_mol_cls,1.8384173379575288
10,emb,llm_mol_cls,2.402186617533269
10,emb,llm_mol_cls,3.9291287242643467
10,emb,llm_mol_cls,1.5522616146585841
10,emb,llm_mol_cls,0.4777441361898662
10,emb,llm_mol_cls,3.6356240489499463
10,emb,llm_mol_cls,2.6860331662003487
10,emb,llm_mol_cls,1.883588345018155
10,emb,llm_mol_cls,2.4868352985465005
10,emb,llm_mol_cls,3.6810181748256907
10,emb,llm_mol_cls,0.3681603482060094
10,emb,llm_mol_cls,1.448637401592768
10,emb,llm_mol_cls,0.5332425276133543
10,emb,llm_mol_cls,1.011160132046328
10,emb,llm_mol_cls,2.8078963813157225
10,emb,llm_mol_cls,1.3221424440650331
10,emb,llm_mol_cls,3.3949268382882862
10,emb,llm_mol_cls,1.1843897753592039
10,emb,llm_mol_cls,0.6073414143693956
10,emb,llm_mol_cls,1.1264387960930364
10,emb,llm_mol_cls,0.6537860623533653
10,emb,hybrid,0.8828038336779302
10,emb,hybrid,4.86960505508272
10,emb,hybrid,2.5868847473548424
10,emb,hybrid,1.7418173214621424
10,emb,hybrid,1.258138967451596
10,emb,hybrid,2.2757350001708296
10,emb,hybrid,0.7069290319508283
10,emb,hybrid,1.926783186550323
10,emb,hybrid,1.5990105543436934
10,emb,hybrid,1.4991135604446493
10,emb,hybrid,1.1747496400779038
10,emb,hybrid,1.0955051269238965
10,emb,hybrid,0.9507929317353137
10,emb,hybrid,1.0229118192837907
10,emb,hybrid,1.5619631858605474
10,emb,hybrid,5.063137437826396
10,emb,hybrid,3.4734099429185674
10,emb,hybrid,0.00035955429465994726
10,emb,hybrid,3.1117788660252135
10,emb,hybrid,0.9785407651805995
10,emb,hybrid,0.17322861952144253
10,emb,hybrid,5.486608665297207
10,emb,hybrid,1.9624471485553363
10,emb,hybrid,0.38114993758610716
10,emb,hybrid,0.7350659212426423
10,emb,hybrid,0.5422593015740311
10,emb,hybrid,0.2586288489963682
10,emb,hybrid,3.944408516996379
10,emb,hybrid,0.48110118707345784
10,emb,hybrid,1.5276373772817085
10,emb,hybrid,1.891808044389235
10,emb,hybrid,1.065216015131321
10,emb,hybrid,1.1784020280719547
10,emb,hybrid,0.49061618691327613
10,emb,hybrid,3.0486503904444295
10,emb,hybrid,0.500797904053714
10,emb,hybrid,0.8236168657925087
10,emb,hybrid,1.8185384759433365
10,emb,hybrid,0.2486474396605085
10,emb,hybrid,4.921268800833735
10,emb,hybrid,1.5299640558002072
10,emb,hybrid,2.3651808097429217
10,emb,hybrid,3.5660437111943653
10,emb,hybrid,1.2369750146875573
10,emb,hybrid,0.6949607350841063
10,emb,hybrid,3.215578417378448
10,emb,hybrid,3.3685257624908447
10,emb,hybrid,1.545291382653586
10,emb,hybrid,2.011141199025782
10,emb,hybrid,4.076701646930634
10,emb,hybrid,0.6298649095669182
10,emb,hybrid,1.730126944923145
10,emb,hybrid,0.4808664142854173
10,emb,hybrid,1.581993606268382
10,emb,hybrid,2.5099430284609294
10,emb,hybrid,1.0798553029327582
10,emb,hybrid,3.2199464647052887
10,emb,hybrid,0.9665717251410779
10,emb,hybrid,0.5896762204162234
10,emb,hybrid,0.9413684967117282
10,emb,hybrid,0.7631340461110769
20,molformer,baseline,0.8008347535107125
20,molformer,baseline,0.9547309168075747
20,molformer,baseline,0.39412971285163856
20,molformer,baseline,0.9819379415200498
20,molformer,baseline,4.302408012193162
20,molformer,baseline,2.7609221845309646
20,molformer,baseline,0.61615963631071
20,molformer,baseline,1.4249789032036522
20,molformer,baseline,1.8991495544856254
20,molformer,baseline,0.18083876083871453
20,molformer,baseline,0.07784705901392819
20,molformer,baseline,2.218433840827331
20,molformer,baseline,3.4481805629928854
20,molformer,baseline,0.5268852470739742
20,molformer,baseline,0.766748330614007
20,molformer,baseline,3.5687777284954905
20,molformer,baseline,2.127788750734821
20,molformer,baseline,2.8749446181832603
20,molformer,baseline,2.730970125952325
20,molformer,baseline,2.4186887240064916
20,molformer,baseline,0.8645585805916509
20,molformer,baseline,1.7436402394987156
20,molformer,baseline,0.09084370644243167
20,molformer,baseline,2.863922314161378
20,molformer,baseline,0.6363554272877128
20,molformer,baseline,0.5165601173631673
20,molformer,baseline,0.9164797892335639
20,molformer,baseline,0.21852491883445868
20,molformer,baseline,0.3377981075775871
20,molformer,baseline,1.5886456304814114
20,molformer,baseline,1.8402901188430614
20,molformer,baseline,1.2872980018267937
20,molformer,baseline,2.6670327130544593
20,molformer,baseline,1.7287127924078929
20,molformer,baseline,1.1667796755149635
20,molformer,baseline,1.4959676247991025
20,molformer,baseline,4.047223448648423
20,molformer,baseline,1.146854165941729
20,molformer,baseline,1.327446465976604
20,molformer,baseline,3.7549550820876125
20,molformer,baseline,0.6634590249251673
20,molformer,baseline,1.4812870384764594
20,molformer,baseline,1.9746744546772828
20,molformer,baseline,0.03638303155827316
20,molformer,baseline,1.7348250148295428
20,molformer,baseline,1.3387443226494469
20,molformer,baseline,0.8564561229422605
20,molformer,baseline,0.17821146936654753
20,molformer,baseline,1.2141654978029397
20,molformer,baseline,0.6528806083983818
20,molformer,baseline,2.043729572430295
20,molformer,baseline,2.7273530284710015
20,molformer,baseline,3.1337831109604486
20,molformer,baseline,2.785064770676088
20,molformer,task_id,0.5458091488441283
20,molformer,task_id,1.4670824237930324
20,molformer,task_id,0.1429845834825194
20,molformer,task_id,0.6939205407160447
20,molformer,task_id,2.911808850413184
20,molformer,task_id,0.5397803741198608
20,molformer,task_id,0.902529802312781
20,molformer,task_id,0.5104798876286454
20,molformer,task_id,0.9709506595840294
20,molformer,task_id,0.7386192727421483
20,molformer,task_id,0.07612541315029464
20,molformer,task_id,0.598674868321611
20,molformer,task_id,3.5960485627462475
20,molformer,task_id,1.3933536670677595
20,molformer,task_id,0.03465502237247442
20,molformer,task_id,3.8248449675262277
20,molformer,task_id,0.29850286993609565
20,molformer,task_id,3.3754851427831625
20,molformer,task_id,1.4450309271486663
20,molformer,task_id,1.0919156254529514
20,molformer,task_id,0.7907935389825802
20,molformer,task_id,1.6410777372773344
20,molformer,task_id,0.11897096014158315
20,molformer,task_id,3.0065871199215337
20,molformer,task_id,1.1824046992720865
20,molformer,task_id,0.31563979714073387
20,molformer,task_id,2.0228761542722644
20,molformer,task_id,0.0843425552920003
20,molformer,task_id,1.8945004576937592
20,molformer,task_id,1.759802762135052
20,molformer,task_id,2.4822750545292633
20,molformer,task_id,1.2464076700628404
20,molformer,task_id,2.7083957477988516
20,molformer,task_id,1.1713423312459437
20,molformer,task_id,3.0252101563097975
20,molformer,task_id,1.7565586394630657
20,molformer,task_id,4.344459726246741
20,molformer,task_id,1.0877636088402998
20,molformer,task_id,0.2569435327445255
20,molformer,task_id,4.509700159391374
20,molformer,task_id,0.8908069187725602
20,molformer,task_id,1.7642543661478038
20,molformer,task_id,1.9249715912464787
20,molformer,task_id,1.1412748543885263
20,molformer,task_id,1.8568770521063107
20,molformer,task_id,1.4340691452689933
20,molformer,task_id,0.8202670413708573
20,molformer,task_id,2.0828401418464138
20,molformer,task_id,0.5621294274486637
20,molformer,task_id,0.9477663000081846
20,molformer,task_id,1.7467830347222622
20,molformer,task_id,3.0565426473026838
20,molformer,task_id,3.5471567162546416
20,molformer,task_id,4.195730461506957
20,molformer,llm_cls,0.8270523941569525
20,molformer,llm_cls,1.6099839871465607
20,molformer,llm_cls,0.10650299880830882
20,molformer,llm_cls,0.296352853393528
20,molformer,llm_cls,3.624078615858145
20,molformer,llm_cls,0.5735300783576189
20,molformer,llm_cls,1.2061865972811727
20,molformer,llm_cls,0.16934366762014852
20,molformer,llm_cls,1.014196758788123
20,molformer,llm_cls,0.5114666552110103
20,molformer,llm_cls,0.04512037752300735
20,molformer,llm_cls,0.14132062096186448
20,molformer,llm_cls,3.299117672594337
20,molformer,llm_cls,1.2681796845070696
20,molformer,llm_cls,0.12336882193001664
20,molformer,llm_cls,3.8158194665190575
20,molformer,llm_cls,0.11696261102615546
20,molformer,llm_cls,2.9493383994670985
20,molformer,llm_cls,1.2269633338658261
20,molformer,llm_cls,1.5817918731040899
20,molformer,llm_cls,0.6818557576696467
20,molformer,llm_cls,1.9314016799169664
20,molformer,llm_cls,0.01367069589185288
20,molformer,llm_cls,2.6604636241387083
20,molformer,llm_cls,0.6570471638542221
20,molformer,llm_cls,0.5527781419404629
20,molformer,llm_cls,1.9514275359665538
20,molformer,llm_cls,0.24053813215228992
20,molformer,llm_cls,0.7956318141041656
20,molformer,llm_cls,1.5629038252733638
20,molformer,llm_cls,2.4241162791777366
20,molformer,llm_cls,0.38498995784815726
20,molformer,llm_cls,2.5251744435282744
20,molformer,llm_cls,2.06991415131358
20,molformer,llm_cls,2.978776177539393
20,molformer,llm_cls,0.4896823462754014
20,molformer,llm_cls,4.787642188966972
20,molformer,llm_cls,0.7625732509573053
20,molformer,llm_cls,0.4883740150472615
20,molformer,llm_cls,3.983545492563838
20,molformer,llm_cls,0.7957921812847646
20,molformer,llm_cls,0.9081325074366413
20,molformer,llm_cls,1.3335481895802541
20,molformer,llm_cls,0.17354022777609845
20,molformer,llm_cls,2.0911258514247386
20,molformer,llm_cls,1.2732827439180938
20,molformer,llm_cls,0.7249090933473497
20,molformer,llm_cls,1.6858679487449217
20,molformer,llm_cls,1.391803434351818
20,molformer,llm_cls,0.9876811785740915
20,molformer,llm_cls,2.0629683965583023
20,molformer,llm_cls,3.0840816984762136
20,molformer,llm_cls,2.47528063718485
20,molformer,llm_cls,3.564268966374142
20,molformer,llm_mol_cls,0.8130676089363487
20,molformer,llm_mol_cls,1.7343105176918516
20,molformer,llm_mol_cls,0.3774239868957716
20,molformer,llm_mol_cls,0.48246220935708717
20,molformer,llm_mol_cls,3.886578104939142
20,molformer,llm_mol_cls,0.11158427636958113
20,molformer,llm_mol_cls,0.3376464126866583
20,molformer,llm_mol_cls,1.1147045605144883
20,molformer,llm_mol_cls,0.2978393979939842
20,molformer,llm_mol_cls,0.8168487518274472
20,molformer,llm_mol_cls,0.644797837633825
20,molformer,llm_mol_cls,0.1419356788660453
20,molformer,llm_mol_cls,1.902982499484974
20,molformer,llm_mol_cls,1.4118323465596374
20,molformer,llm_mol_cls,0.30044970200783894
20,molformer,llm_mol_cls,2.4374410945543703
20,molformer,llm_mol_cls,0.1425412033802238
20,molformer,llm_mol_cls,2.3221570861396277
20,molformer,llm_mol_cls,1.2121221768083945
20,molformer,llm_mol_cls,2.3929969311734736
20,molformer,llm_mol_cls,0.09405531601162576
20,molformer,llm_mol_cls,1.7746800266222045
20,molformer,llm_mol_cls,0.2706974732928611
20,molformer,llm_mol_cls,1.7817440940109592
20,molformer,llm_mol_cls,0.6309313271551984
20,molformer,llm_mol_cls,0.07321283004668366
20,molformer,llm_mol_cls,1.0510197451020986
20,molformer,llm_mol_cls,0.2090934737419854
20,molformer,llm_mol_cls,0.7843898322992597
20,molformer,llm_mol_cls,2.349686043434814
20,molformer,llm_mol_cls,3.2644680609041736
20,molformer,llm_mol_cls,0.9644990833324112
20,molformer,llm_mol_cls,3.1910567376691503
20,molformer,llm_mol_cls,1.6971953503852015
20,molformer,llm_mol_cls,1.7288676452725853
20,molformer,llm_mol_cls,0.348173143459495
20,molformer,llm_mol_cls,2.695234424623475
20,molformer,llm_mol_cls,1.460372945461371
20,molformer,llm_mol_cls,0.4841766730476964
20,molformer,llm_mol_cls,4.436894275547796
20,molformer,llm_mol_cls,0.7979727880784799
20,molformer,llm_mol_cls,1.2376029879516581
20,molformer,llm_mol_cls,1.401162864057758
20,molformer,llm_mol_cls,0.3807073388041182
20,molformer,llm_mol_cls,2.3034425315580904
20,molformer,llm_mol_cls,1.497524589904836
20,molformer,llm_mol_cls,0.5682418743197868
20,molformer,llm_mol_cls,1.8868059872930925
20,molformer,llm_mol_cls,1.2840362842642241
20,molformer,llm_mol_cls,0.5376440994232661
20,molformer,llm_mol_cls,2.286737509087862
20,molformer,llm_mol_cls,0.8901734020566519
20,molformer,llm_mol_cls,2.2736408465916225
20,molformer,llm_mol_cls,2.605208388851221
20,desc,baseline,0.9096174080709734
20,desc,baseline,1.0184821796708032
20,desc,baseline,0.2503675503095155
20,desc,baseline,0.673797244147659
20,desc,baseline,2.7974949950104557
20,desc,baseline,3.4540862641958165
20,desc,baseline,0.13724943801267853
20,desc,baseline,1.7419743724249588
20,desc,baseline,2.033456275380527
20,desc,baseline,1.3267683629576097
20,desc,baseline,0.25259718863103764
20,desc,baseline,2.754271219866639
20,desc,baseline,4.51544849654802
20,desc,baseline,0.7271494915479413
20,desc,baseline,0.8727562651489178
20,desc,baseline,2.4644542266365708
20,desc,baseline,1.5855068255077764
20,desc,baseline,2.816826358093806
20,desc,baseline,3.6643913704230187
20,desc,baseline,1.453810724247166
20,desc,baseline,1.1691144543699252
20,desc,baseline,2.030279741324511
20,desc,baseline,0.47939579357271533
20,desc,baseline,3.068756144513997
20,desc,baseline,0.47862532678458614
20,desc,baseline,0.2678733323129787
20,desc,baseline,1.180006311793816
20,desc,baseline,0.18660212111178076
20,desc,baseline,1.6680747278638668
20,desc,baseline,1.6970387568881382
20,desc,baseline,1.7419558391297048
20,desc,baseline,2.627373578419507
20,desc,baseline,2.3719975952446806
20,desc,baseline,1.3622896371556843
20,desc,baseline,0.02527006137591825
20,desc,baseline,2.214768245877146
20,desc,baseline,5.269691007102761
20,desc,baseline,1.5038174865556808
20,desc,baseline,1.2547067192132202
20,desc,baseline,2.595793045406252
20,desc,baseline,1.2600126796011164
20,desc,baseline,2.4713641850175736
20,desc,baseline,2.570626307915727
20,desc,baseline,1.398112289739656
20,desc,baseline,1.6253848296241666
20,desc,baseline,2.0387941147429904
20,desc,baseline,0.7300236721221527
20,desc,baseline,0.5772755434461363
20,desc,baseline,0.7519087378748885
20,desc,baseline,0.08045645139391588
20,desc,baseline,1.9273801636687091
20,desc,baseline,3.704922804069748
20,desc,baseline,4.4929278101971954
20,desc,baseline,1.6006940358504869
20,desc,task_id,0.7054410445102555
20,desc,task_id,1.7236617674719146
20,desc,task_id,0.17362519198096393
20,desc,task_id,0.702399105188884
20,desc,task_id,2.375039544413289
20,desc,task_id,0.5112275195362397
20,desc,task_id,0.06550832284236496
20,desc,task_id,1.5902210576616695
20,desc,task_id,1.6892830983977873
20,desc,task_id,1.330886530718134
20,desc,task_id,1.6226102706352021
20,desc,task_id,0.5932247929251382
20,desc,task_id,4.377674515458493
20,desc,task_id,1.3410120862614177
20,desc,task_id,0.38991471952697054
20,desc,task_id,2.5880016733722204
20,desc,task_id,0.7145243912955133
20,desc,task_id,4.34631897992827
20,desc,task_id,1.4162628433491822
20,desc,task_id,1.1254243498514174
20,desc,task_id,2.287821475701132
20,desc,task_id,2.354801576958551
20,desc,task_id,0.4676374818386315
20,desc,task_id,3.5065305116559258
20,desc,task_id,1.0431549138999827
20,desc,task_id,0.7877943227212247
20,desc,task_id,1.212758990310326
20,desc,task_id,0.009570746357823623
20,desc,task_id,2.0310088970801337
20,desc,task_id,2.0745674324349386
20,desc,task_id,1.9790420189344184
20,desc,task_id,1.255875978353047
20,desc,task_id,2.9297925917053798
20,desc,task_id,1.05358429820473
20,desc,task_id,1.7537333484967106
20,desc,task_id,0.9629642272649415
20,desc,task_id,5.063240725720032
20,desc,task_id,1.7529086734959476
20,desc,task_id,0.6589213351097474
20,desc,task_id,4.0014801256675385
20,desc,task_id,1.6064889078413898
20,desc,task_id,1.890781787710715
20,desc,task_id,2.344174407197604
20,desc,task_id,1.2889410647750186
20,desc,task_id,2.673141261709734
20,desc,task_id,1.197658836153979
20,desc,task_id,0.7373007341971789
20,desc,task_id,1.6767176351399948
20,desc,task_id,0.32070103963253516
20,desc,task_id,0.4821601180873616
20,desc,task_id,2.2372602895016858
20,desc,task_id,3.844156912259207
20,desc,task_id,3.4083923774958054
20,desc,task_id,3.3543406258048325
20,desc,llm_cls,0.7689576363896222
20,desc,llm_cls,1.4587859715708138
20,desc,llm_cls,0.04284384615378034
20,desc,llm_cls,0.7293693607895113
20,desc,llm_cls,2.7103929830591955
20,desc,llm_cls,0.45534052826400817
20,desc,llm_cls,0.26138377895612863
20,desc,llm_cls,1.563667006153178
20,desc,llm_cls,1.7174768294263694
20,desc,llm_cls,1.1676520459688544
20,desc,llm_cls,1.570512201457385
20,desc,llm_cls,0.5634282536678423
20,desc,llm_cls,4.413290562311607
20,desc,llm_cls,1.026024776458339
20,desc,llm_cls,0.09641477611808469
20,desc,llm_cls,3.077262388244028
20,desc,llm_cls,0.722049873926554
20,desc,llm_cls,3.872137017618341
20,desc,llm_cls,2.2938521354292964
20,desc,llm_cls,0.8006335482943499
20,desc,llm_cls,2.1311770014207196
20,desc,llm_cls,1.856187762399545
20,desc,llm_cls,0.8453739299900302
20,desc,llm_cls,3.457239918025625
20,desc,llm_cls,1.1115289856460704
20,desc,llm_cls,0.6398407622265765
20,desc,llm_cls,1.356337856441604
20,desc,llm_cls,0.2294235635928441
20,desc,llm_cls,1.7768701875768866
20,desc,llm_cls,1.8041435636585166
20,desc,llm_cls,2.1461416364244883
20,desc,llm_cls,1.3278533248574274
20,desc,llm_cls,2.5106046765876138
20,desc,llm_cls,1.4420777072353133
20,desc,llm_cls,1.7820193150744568
20,desc,llm_cls,0.18627977887307834
20,desc,llm_cls,4.81648157801151
20,desc,llm_cls,1.609838900843482
20,desc,llm_cls,1.1806901815834339
20,desc,llm_cls,3.4925532253833422
20,desc,llm_cls,0.981869272580834
20,desc,llm_cls,1.8633895891871495
20,desc,llm_cls,1.9677572405356902
20,desc,llm_cls,1.2455879378837604
20,desc,llm_cls,2.6256137595223663
20,desc,llm_cls,1.77752820776464
20,desc,llm_cls,1.6648766214258055
20,desc,llm_cls,0.5888347970465437
20,desc,llm_cls,0.5965479458176155
20,desc,llm_cls,0.07633178606735247
20,desc,llm_cls,1.6259237960886939
20,desc,llm_cls,3.368054491784445
20,desc,llm_cls,3.82647627425955
20,desc,llm_cls,2.6722595853715916
20,desc,llm_mol_cls,0.8130676089363487
20,desc,llm_mol_cls,1.7343105176918516
20,desc,llm_mol_cls,0.3774239868957716
20,desc,llm_mol_cls,0.48246220935708717
20,desc,llm_mol_cls,3.886578104939142
20,desc,llm_mol_cls,0.11158427636958113
20,desc,llm_mol_cls,0.3376464126866583
20,desc,llm_mol_cls,1.1147045605144883
20,desc,llm_mol_cls,0.2978393979939842
20,desc,llm_mol_cls,0.8168487518274472
20,desc,llm_mol_cls,0.644797837633825
20,desc,llm_mol_cls,0.1419356788660453
20,desc,llm_mol_cls,1.902982499484974
20,desc,llm_mol_cls,1.4118323465596374
20,desc,llm_mol_cls,0.30044970200783894
20,desc,llm_mol_cls,2.4374410945543703
20,desc,llm_mol_cls,0.1425412033802238
20,desc,llm_mol_cls,2.3221570861396277
20,desc,llm_mol_cls,1.2121221768083945
20,desc,llm_mol_cls,2.3929969311734736
20,desc,llm_mol_cls,0.09405531601162576
20,desc,llm_mol_cls,1.7746800266222045
20,desc,llm_mol_cls,0.2706974732928611
20,desc,llm_mol_cls,1.7817440940109592
20,desc,llm_mol_cls,0.6309313271551984
20,desc,llm_mol_cls,0.07321283004668366
20,desc,llm_mol_cls,1.0510197451020986
20,desc,llm_mol_cls,0.2090934737419854
20,desc,llm_mol_cls,0.7843898322992597
20,desc,llm_mol_cls,2.349686043434814
20,desc,llm_mol_cls,3.2644680609041736
20,desc,llm_mol_cls,0.9644990833324112
20,desc,llm_mol_cls,3.1910567376691503
20,desc,llm_mol_cls,1.6971953503852015
20,desc,llm_mol_cls,1.7288676452725853
20,desc,llm_mol_cls,0.348173143459495
20,desc,llm_mol_cls,2.695234424623475
20,desc,llm_mol_cls,1.460372945461371
20,desc,llm_mol_cls,0.4841766730476964
20,desc,llm_mol_cls,4.436894275547796
20,desc,llm_mol_cls,0.7979727880784799
20,desc,llm_mol_cls,1.2376029879516581
20,desc,llm_mol_cls,1.401162864057758
20,desc,llm_mol_cls,0.3807073388041182
20,desc,llm_mol_cls,2.3034425315580904
20,desc,llm_mol_cls,1.497524589904836
20,desc,llm_mol_cls,0.5682418743197868
20,desc,llm_mol_cls,1.8868059872930925
20,desc,llm_mol_cls,1.2840362842642241
20,desc,llm_mol_cls,0.5376440994232661
20,desc,llm_mol_cls,2.286737509087862
20,desc,llm_mol_cls,0.8901734020566519
20,desc,llm_mol_cls,2.2736408465916225
20,desc,llm_mol_cls,2.605208388851221
20,emb,baseline,0.686129065205078
20,emb,baseline,1.2001366048274469
20,emb,baseline,0.13155146697669595
20,emb,baseline,0.19724533732071414
20,emb,baseline,3.482099118000586
20,emb,baseline,2.0740334441539345
20,emb,baseline,0.8417821698908878
20,emb,baseline,1.3439571735147497
20,emb,baseline,0.8349722106625084
20,emb,baseline,0.858437816958763
20,emb,baseline,0.476122091705105
20,emb,baseline,1.4705080826352925
20,emb,baseline,2.5590557590209375
20,emb,baseline,1.3060189492208956
20,emb,baseline,0.10370141935233157
20,emb,baseline,3.764360795841786
20,emb,baseline,2.0958011634977503
20,emb,baseline,2.710492199578619
20,emb,baseline,2.5098839718815786
20,emb,baseline,2.348454131280267
20,emb,baseline,0.7073597463922088
20,emb,baseline,1.7182084451527864
20,emb,baseline,0.0209454532015676
20,emb,baseline,2.9788487416871106
20,emb,baseline,0.6262525139426183
20,emb,baseline,0.3938074190687715
20,emb,baseline,0.9361097245241252
20,emb,baseline,1.5769041626863647
20,emb,baseline,0.8109412106180471
20,emb,baseline,1.4088518421340188
20,emb,baseline,1.6974576549805156
20,emb,baseline,1.1835253508531522
20,emb,baseline,2.4557097429220818
20,emb,baseline,1.7770055394791306
20,emb,baseline,1.9363787707368694
20,emb,baseline,0.8922131839317191
20,emb,baseline,4.350861003879935
20,emb,baseline,0.6862391717796501
20,emb,baseline,0.023892763699506325
20,emb,baseline,4.034654961904833
20,emb,baseline,1.2558636969951005
20,emb,baseline,1.5500933787361149
20,emb,baseline,2.213589801060766
20,emb,baseline,0.21353424887315064
20,emb,baseline,1.6401470004665957
20,emb,baseline,0.8721462151527812
20,emb,baseline,0.8822720524598786
20,emb,baseline,0.305822100100114
20,emb,baseline,1.240432325051743
20,emb,baseline,0.39605850624914885
20,emb,baseline,2.1278025932313893
20,emb,baseline,2.8507837631909663
20,emb,baseline,3.155091671739671
20,emb,baseline,3.2991304630749063
20,emb,task_id,0.8937051596622716
20,emb,task_id,1.3491194905490977
20,emb,task_id,0.13583896333905088
20,emb,task_id,0.3726719020326348
20,emb,task_id,2.752509228706913
20,emb,task_id,0.5037283738737992
20,emb,task_id,1.2180651903070068
20,emb,task_id,0.5010721459094012
20,emb,task_id,0.6785157804251778
20,emb,task_id,0.7566046472973587
20,emb,task_id,0.33892210421582636
20,emb,task_id,0.44365963763722327
20,emb,task_id,3.1315589938171113
20,emb,task_id,1.7992156760923326
20,emb,task_id,0.02440056420809622
20,emb,task_id,3.3204430513324716
20,emb,task_id,0.18750813837207359
20,emb,task_id,4.060147388893208
20,emb,task_id,1.4520944905698308
20,emb,task_id,0.927306026353317
20,emb,task_id,1.0073794203557442
20,emb,task_id,2.428253212375031
20,emb,task_id,0.3303873418142138
20,emb,task_id,2.739843267000839
20,emb,task_id,0.990206284840597
20,emb,task_id,0.7171799364633689
20,emb,task_id,1.7746361440790965
20,emb,task_id,0.28500410864354864
20,emb,task_id,1.4440045060859497
20,emb,task_id,2.0576145702785444
20,emb,task_id,2.6101315777173753
20,emb,task_id,1.0926529870653177
20,emb,task_id,3.2023007448229883
20,emb,task_id,1.6065550354462932
20,emb,task_id,2.787852932583026
20,emb,task_id,1.5112121243574785
20,emb,task_id,4.253841176667121
20,emb,task_id,0.6466960004959037
20,emb,task_id,0.22012413030497768
20,emb,task_id,4.573117438716151
20,emb,task_id,1.4709304343171632
20,emb,task_id,1.6575656628071176
20,emb,task_id,2.3345167910251443
20,emb,task_id,0.7643627069313421
20,emb,task_id,1.998395974348528
20,emb,task_id,1.2158620583868238
20,emb,task_id,0.632053773815759
20,emb,task_id,1.6041746480255252
20,emb,task_id,0.9432973351871126
20,emb,task_id,0.6656185960800685
20,emb,task_id,2.380637881066849
20,emb,task_id,2.81878404090444
20,emb,task_id,2.8964586915564396
20,emb,task_id,3.964665129159667
20,emb,llm_cls,0.4244602070199317
20,emb,llm_cls,1.4475053978876031
20,emb,llm_cls,0.28614052439121185
20,emb,llm_cls,0.5486927637614247
20,emb,llm_cls,3.3176830401263047
20,emb,llm_cls,0.30865969303591
20,emb,llm_cls,1.1677480842846997
20,emb,llm_cls,0.5899790973466135
20,emb,llm_cls,0.5062741893213651
20,emb,llm_cls,0.7985170266968127
20,emb,llm_cls,0.376638499866659
20,emb,llm_cls,0.36752038809523135
20,emb,llm_cls,3.3311902013910824
20,emb,llm_cls,1.6550234953747154
20,emb,llm_cls,0.04646158018016955
20,emb,llm_cls,3.508585556087059
20,emb,llm_cls,0.31506333504131767
20,emb,llm_cls,2.6917485123679814
20,emb,llm_cls,1.5165396576420775
20,emb,llm_cls,1.2155552002895362
20,emb,llm_cls,0.39723613162205673
20,emb,llm_cls,2.2153242981151053
20,emb,llm_cls,0.2711382363878596
20,emb,llm_cls,2.9956980398413116
20,emb,llm_cls,1.1703741199289044
20,emb,llm_cls,0.7950168478384203
20,emb,llm_cls,1.9338818421012114
20,emb,llm_cls,0.4527420594184486
20,emb,llm_cls,1.2031000896439972
20,emb,llm_cls,1.8849181571243812
20,emb,llm_cls,2.708279443258463
20,emb,llm_cls,0.8767135443511584
20,emb,llm_cls,2.8451234951379503
20,emb,llm_cls,1.8756309213973452
20,emb,llm_cls,3.078833280841499
20,emb,llm_cls,0.6043308778363068
20,emb,llm_cls,4.209475840466217
20,emb,llm_cls,0.7913263029616231
20,emb,llm_cls,0.3259378870899594
20,emb,llm_cls,4.089034184499842
20,emb,llm_cls,1.203514842157162
20,emb,llm_cls,1.3642054630819338
20,emb,llm_cls,1.935542089836909
20,emb,llm_cls,0.6385171799547891
20,emb,llm_cls,2.211215027642109
20,emb,llm_cls,1.527335355264456
20,emb,llm_cls,0.8111612995969733
20,emb,llm_cls,1.5777582306946893
20,emb,llm_cls,1.2723320445074116
20,emb,llm_cls,0.1958254799897703
20,emb,llm_cls,2.192476475100486
20,emb,llm_cls,2.8326615339937034
20,emb,llm_cls,3.5319927312097428
20,emb,llm_cls,3.52618708109037
20,emb,llm_mol_cls,0.8130676089363487
20,emb,llm_mol_cls,1.7343105176918516
20,emb,llm_mol_cls,0.3774239868957716
20,emb,llm_mol_cls,0.48246220935708717
20,emb,llm_mol_cls,3.886578104939142
20,emb,llm_mol_cls,0.11158427636958113
20,emb,llm_mol_cls,0.3376464126866583
20,emb,llm_mol_cls,1.1147045605144883
20,emb,llm_mol_cls,0.2978393979939842
20,emb,llm_mol_cls,0.8168487518274472
20,emb,llm_mol_cls,0.644797837633825
20,emb,llm_mol_cls,0.1419356788660453
20,emb,llm_mol_cls,1.902982499484974
20,emb,llm_mol_cls,1.4118323465596374
20,emb,llm_mol_cls,0.30044970200783894
20,emb,llm_mol_cls,2.4374410945543703
20,emb,llm_mol_cls,0.1425412033802238
20,emb,llm_mol_cls,2.3221570861396277
20,emb,llm_mol_cls,1.2121221768083945
20,emb,llm_mol_cls,2.3929969311734736
20,emb,llm_mol_cls,0.09405531601162576
20,emb,llm_mol_cls,1.7746800266222045
20,emb,llm_mol_cls,0.2706974732928611
20,emb,llm_mol_cls,1.7817440940109592
20,emb,llm_mol_cls,0.6309313271551984
20,emb,llm_mol_cls,0.07321283004668366
20,emb,llm_mol_cls,1.0510197451020986
20,emb,llm_mol_cls,0.2090934737419854
20,emb,llm_mol_cls,0.7843898322992597
20,emb,llm_mol_cls,2.349686043434814
20,emb,llm_mol_cls,3.2644680609041736
20,emb,llm_mol_cls,0.9644990833324112
20,emb,llm_mol_cls,3.1910567376691503
20,emb,llm_mol_cls,1.6971953503852015
20,emb,llm_mol_cls,1.7288676452725853
20,emb,llm_mol_cls,0.348173143459495
20,emb,llm_mol_cls,2.695234424623475
20,emb,llm_mol_cls,1.460372945461371
20,emb,llm_mol_cls,0.4841766730476964
20,emb,llm_mol_cls,4.436894275547796
20,emb,llm_mol_cls,0.7979727880784799
20,emb,llm_mol_cls,1.2376029879516581
20,emb,llm_mol_cls,1.401162864057758
20,emb,llm_mol_cls,0.3807073388041182
20,emb,llm_mol_cls,2.3034425315580904
20,emb,llm_mol_cls,1.497524589904836
20,emb,llm_mol_cls,0.5682418743197868
20,emb,llm_mol_cls,1.8868059872930925
20,emb,llm_mol_cls,1.2840362842642241
20,emb,llm_mol_cls,0.5376440994232661
20,emb,llm_mol_cls,2.286737509087862
20,emb,llm_mol_cls,0.8901734020566519
20,emb,llm_mol_cls,2.2736408465916225
20,emb,llm_mol_cls,2.605208388851221
20,emb,hybrid,0.8743762824336105
20,emb,hybrid,1.430443981037253
20,emb,hybrid,0.3093265507926146
20,emb,hybrid,0.47698010995390483
20,emb,hybrid,3.717967915769954
20,emb,hybrid,0.26239159214932073
20,emb,hybrid,0.7544018134903148
20,emb,hybrid,0.5173693977301106
20,emb,hybrid,0.48697440214058574
20,emb,hybrid,0.7398471398081274
20,emb,hybrid,0.8208324978839583
20,emb,hybrid,0.676078479879962
20,emb,hybrid,2.3375350974471987
20,emb,hybrid,1.1601341991489562
20,emb,hybrid,0.030929554662048275
20,emb,hybrid,3.7007135322989146
20,emb,hybrid,0.3363544997861041
20,emb,hybrid,2.4909893617039476
20,emb,hybrid,1.3752958408982696
20,emb,hybrid,1.9176960790066446
20,emb,hybrid,0.02636404025926442
20,emb,hybrid,1.6773924578669392
20,emb,hybrid,0.32699302695047017
20,emb,hybrid,2.3888657858735867
20,emb,hybrid,0.8480452706087442
20,emb,hybrid,0.5286327041195955
20,emb,hybrid,1.4750959512855024
20,emb,hybrid,0.2711121662969558
20,emb,hybrid,0.7320600624981468
20,emb,hybrid,1.3506133703461574
20,emb,hybrid,2.4254153188425924
20,emb,hybrid,0.35978915352974106
20,emb,hybrid,2.2270385381737032
20,emb,hybrid,1.8541098951779489
20,emb,hybrid,2.71364265740812
20,emb,hybrid,0.22869713449379958
20,emb,hybrid,3.634011645271695
20,emb,hybrid,1.2406567781204703
20,emb,hybrid,0.7211658674155945
20,emb,hybrid,4.230268084444308
20,emb,hybrid,0.8567771941280422
20,emb,hybrid,0.7534525842447684
20,emb,hybrid,1.607545033312788
20,emb,hybrid,0.1688876324013684
20,emb,hybrid,1.6701017037347974
20,emb,hybrid,1.4009124557636197
20,emb,hybrid,1.0187978260045694
20,emb,hybrid,1.3688731301557544
20,emb,hybrid,1.2684785261167448
20,emb,hybrid,0.6367957469460448
20,emb,hybrid,1.8216107439122018
20,emb,hybrid,1.6228524483802556
20,emb,hybrid,2.611234056757019
20,emb,hybrid,3.2924757627293793
30,molformer,baseline,1.8725230005487326
30,molformer,baseline,0.936312684014613
30,molformer,baseline,2.033860098530078
30,molformer,baseline,0.6281696052347776
30,molformer,baseline,1.846706044874857
30,molformer,baseline,2.8808205765958053
30,molformer,baseline,1.9339008228916734
30,molformer,baseline,0.4590050271591988
30,molformer,baseline,1.4441932663208217
30,molformer,baseline,0.4440862696019181
30,molformer,baseline,0.7046235051712779
30,molformer,baseline,0.31702342070336087
30,molformer,baseline,2.7700652882385484
30,molformer,baseline,1.106314888955106
30,molformer,baseline,0.7417048981650174
30,molformer,baseline,0.005058659303282198
30,molformer,baseline,2.449171392349583
30,molformer,baseline,1.7343240678995622
30,molformer,baseline,0.1791623743561468
30,molformer,baseline,2.753134365969074
30,molformer,baseline,4.301777178407143
30,molformer,baseline,0.811149750978879
30,molformer,baseline,3.94877652878049
30,molformer,baseline,0.6348350025170668
30,molformer,baseline,0.8402247764170765
30,molformer,baseline,1.2947098466561564
30,molformer,baseline,0.4703466681451227
30,molformer,baseline,1.2369057988059133
30,molformer,baseline,3.3218299191276768
30,molformer,baseline,0.04998792040452993
30,molformer,baseline,4.77876476519042
30,molformer,baseline,0.21648610093926912
30,molformer,baseline,2.1743711204207745
30,molformer,baseline,4.10538158820939
30,molformer,baseline,0.9673502636478624
30,molformer,baseline,1.865334648358759
30,molformer,baseline,0.9147890793787501
30,molformer,baseline,0.06032302863877215
30,molformer,baseline,1.1784137326849842
30,molformer,baseline,0.7521530507232175
30,molformer,baseline,2.3371563628734817
30,molformer,baseline,4.172315043349553
30,molformer,baseline,0.413925130798948
30,molformer,baseline,3.4077345790453495
30,molformer,baseline,1.4445220474043987
30,molformer,baseline,2.017520517647119
30,molformer,baseline,2.463607748815554
30,molformer,task_id,2.089250766906317
30,molformer,task_id,1.3766226254082792
30,molformer,task_id,1.914122614456364
30,molformer,task_id,3.043198356865844
30,molformer,task_id,1.3881734601441797
30,molformer,task_id,1.6308761467293955
30,molformer,task_id,0.03879647105642636
30,molformer,task_id,0.025401258681217342
30,molformer,task_id,1.8476872253873822
30,molformer,task_id,0.031421081011171026
30,molformer,task_id,0.6230289726847129
30,molformer,task_id,0.4045840968859875
30,molformer,task_id,2.9331118867789043
30,molformer,task_id,0.3490949431693289
30,molformer,task_id,1.1575830946428987
30,molformer,task_id,2.6700444384718565
30,molformer,task_id,3.3352759460583323
30,molformer,task_id,0.8269646669865001
30,molformer,task_id,1.997431841525426
30,molformer,task_id,0.9542070313116158
30,molformer,task_id,2.818857987208875
30,molformer,task_id,0.4922013519198849
30,molformer,task_id,0.864620117989849
30,molformer,task_id,1.0471669944613613
30,molformer,task_id,0.9980736240159613
30,molformer,task_id,1.2040207190951913
30,molformer,task_id,0.6475294606727853
30,molformer,task_id,2.0196492729965763
30,molformer,task_id,0.12828164619903148
30,molformer,task_id,0.7547560550674397
30,molformer,task_id,4.096618153186251
30,molformer,task_id,1.9257555972005633
30,molformer,task_id,0.23871394391522838
30,molformer,task_id,3.5743085595639097
30,molformer,task_id,1.676427670699037
30,molformer,task_id,0.849583782237751
30,molformer,task_id,0.3471307187219663
30,molformer,task_id,0.08450053116778644
30,molformer,task_id,0.8694729643387284
30,molformer,task_id,0.37328629210153075
30,molformer,task_id,2.931451141240512
30,molformer,task_id,5.3370162268019135
30,molformer,task_id,0.8841397776780417
30,molformer,task_id,2.1021774442978223
30,molformer,task_id,0.7828448752076156
30,molformer,task_id,0.01598970247583087
30,molformer,task_id,1.641858958205313
30,molformer,llm_cls,1.924609666815511
30,molformer,llm_cls,0.617883207758469
30,molformer,llm_cls,1.668938771302158
30,molformer,llm_cls,0.9217075617570787
30,molformer,llm_cls,1.6924614379491931
30,molformer,llm_cls,0.9981792946815893
30,molformer,llm_cls,0.16812811389966953
30,molformer,llm_cls,0.5322024641983818
30,molformer,llm_cls,1.1576589409524782
30,molformer,llm_cls,0.006589154694138344
30,molformer,llm_cls,0.7313897353383281
30,molformer,llm_cls,0.04948101893825996
30,molformer,llm_cls,2.752106526439933
30,molformer,llm_cls,0.8540568736656553
30,molformer,llm_cls,0.5439864197619677
30,molformer,llm_cls,1.1635161397337663
30,molformer,llm_cls,3.0275115714062775
30,molformer,llm_cls,0.05037978214562422
30,molformer,llm_cls,0.5232107759661995
30,molformer,llm_cls,1.236152158162569
30,molformer,llm_cls,2.8277175812845963
30,molformer,llm_cls,0.6136347062567591
30,molformer,llm_cls,1.1607601547563893
30,molformer,llm_cls,0.5722694895716656
30,molformer,llm_cls,0.6347508925229297
30,molformer,llm_cls,0.9725216594277803
30,molformer,llm_cls,0.8414900105777108
30,molformer,llm_cls,1.7324290839770162
30,molformer,llm_cls,0.2185703081203414
30,molformer,llm_cls,0.9084887781841413
30,molformer,llm_cls,4.060006989930828
30,molformer,llm_cls,0.3895572650827468
30,molformer,llm_cls,0.8508816239655954
30,molformer,llm_cls,3.358980524523192
30,molformer,llm_cls,1.3551998111095807
30,molformer,llm_cls,1.1311237718995866
30,molformer,llm_cls,0.5001321557960843
30,molformer,llm_cls,0.053450303736743976
30,molformer,llm_cls,1.1780045483074195
30,molformer,llm_cls,0.10183466176406242
30,molformer,llm_cls,2.513901673734945
30,molformer,llm_cls,5.487669090702186
30,molformer,llm_cls,0.7594794770885929
30,molformer,llm_cls,2.969670471591285
30,molformer,llm_cls,1.1083573666417896
30,molformer,llm_cls,0.5151086104333915
30,molformer,llm_cls,1.9921616042434769
30,molformer,llm_mol_cls,2.8223455532484825
30,molformer,llm_mol_cls,1.0551874367005736
30,molformer,llm_mol_cls,1.439263256013597
30,molformer,llm_mol_cls,0.8220389106991384
30,molformer,llm_mol_cls,1.7474442567014474
30,molformer,llm_mol_cls,2.238459523599941
30,molformer,llm_mol_cls,0.17933775878776004
30,molformer,llm_mol_cls,0.008335558398718135
30,molformer,llm_mol_cls,1.2551615936479754
30,molformer,llm_mol_cls,0.29391512601325687
30,molformer,llm_mol_cls,0.546976085092572
30,molformer,llm_mol_cls,0.12641593915130533
30,molformer,llm_mol_cls,1.617981287955954
30,molformer,llm_mol_cls,1.2301793783264945
30,molformer,llm_mol_cls,0.8055900862313852
30,molformer,llm_mol_cls,0.941714803830191
30,molformer,llm_mol_cls,0.7054576608773573
30,molformer,llm_mol_cls,0.9337655172945141
30,molformer,llm_mol_cls,0.6279406298234793
30,molformer,llm_mol_cls,1.9979464796481352
30,molformer,llm_mol_cls,3.8783857946338567
30,molformer,llm_mol_cls,0.864682318059542
30,molformer,llm_mol_cls,1.9347492666964063
30,molformer,llm_mol_cls,1.011456676660663
30,molformer,llm_mol_cls,0.7065156863253446
30,molformer,llm_mol_cls,1.097338642625914
30,molformer,llm_mol_cls,0.584874040184725
30,molformer,llm_mol_cls,1.4409511177747039
30,molformer,llm_mol_cls,0.7637978255861633
30,molformer,llm_mol_cls,0.40836663445993837
30,molformer,llm_mol_cls,4.8380380771945255
30,molformer,llm_mol_cls,1.1639237831433675
30,molformer,llm_mol_cls,0.4950657917828458
30,molformer,llm_mol_cls,2.5149191346371635
30,molformer,llm_mol_cls,1.5920799966595895
30,molformer,llm_mol_cls,1.5122473429264587
30,molformer,llm_mol_cls,0.04776526876691145
30,molformer,llm_mol_cls,0.04952359799591388
30,molformer,llm_mol_cls,1.269145290050977
30,molformer,llm_mol_cls,0.06299696803432653
30,molformer,llm_mol_cls,1.4290174723696731
30,molformer,llm_mol_cls,3.2756992411982297
30,molformer,llm_mol_cls,0.4587072697232797
30,molformer,llm_mol_cls,3.3406395804984856
30,molformer,llm_mol_cls,1.4523619459293027
30,molformer,llm_mol_cls,0.19745494089840698
30,molformer,llm_mol_cls,1.0788430282032566
30,desc,baseline,1.7442959221887795
30,desc,baseline,2.548303943293032
30,desc,baseline,2.2856239539934684
30,desc,baseline,1.0606315666951094
30,desc,baseline,1.6593435950970417
30,desc,baseline,0.9562737306779496
30,desc,baseline,1.683771126808652
30,desc,baseline,0.37780167109197116
30,desc,baseline,2.5019353878782145
30,desc,baseline,0.130949248378343
30,desc,baseline,0.7506772436356091
30,desc,baseline,0.17857671001370345
30,desc,baseline,3.3373376536583352
30,desc,baseline,1.4247053101638258
30,desc,baseline,1.4874246477937536
30,desc,baseline,1.459702214444531
30,desc,baseline,3.364894143354151
30,desc,baseline,2.063327297454303
30,desc,baseline,1.287735252445429
30,desc,baseline,2.790713253150397
30,desc,baseline,3.3778540241312878
30,desc,baseline,1.162010342039008
30,desc,baseline,2.453499327833467
30,desc,baseline,1.4801248518131462
30,desc,baseline,0.5799509457246073
30,desc,baseline,1.0553252871104806
30,desc,baseline,0.2473077191953864
30,desc,baseline,1.8546559600689925
30,desc,baseline,3.3518049902695197
30,desc,baseline,0.27872711140961726
30,desc,baseline,3.9353749036360854
30,desc,baseline,0.7840923925799377
30,desc,baseline,2.3139564162797974
30,desc,baseline,3.8731180982651505
30,desc,baseline,0.6301805373168552
30,desc,baseline,2.1634752843967293
30,desc,baseline,1.3853884768106095
30,desc,baseline,0.40100374083096213
30,desc,baseline,1.6357154374186038
30,desc,baseline,0.5729667236576121
30,desc,baseline,3.140689429720869
30,desc,baseline,5.2042930756554835
30,desc,baseline,1.6636862888765651
30,desc,baseline,2.2611279254675916
30,desc,baseline,1.2650565338173392
30,desc,baseline,1.5947455872268534
30,desc,baseline,2.3408619009649203
30,desc,task_id,1.5302087831190594
30,desc,task_id,1.8778263671098205
30,desc,task_id,1.7951200417653754
30,desc,task_id,3.1708740172057155
30,desc,task_id,0.6662216654870527
30,desc,task_id,1.157580705477733
30,desc,task_id,1.2402137564011309
30,desc,task_id,0.5607141435470968
30,desc,task_id,2.2832504908806994
30,desc,task_id,0.6441300156983418
30,desc,task_id,0.08665797463792746
30,desc,task_id,0.18442224896134318
30,desc,task_id,3.8110417136043866
30,desc,task_id,0.9381252793906132
30,desc,task_id,0.33910179970240684
30,desc,task_id,2.720907954664315
30,desc,task_id,4.040286154192152
30,desc,task_id,1.4517887953796138
30,desc,task_id,2.14580684312162
30,desc,task_id,0.7924819079301813
30,desc,task_id,2.5536811300591253
30,desc,task_id,0.21140616562127645
30,desc,task_id,0.8111497017281013
30,desc,task_id,1.7820890075388354
30,desc,task_id,0.9431281323078178
30,desc,task_id,1.6438796708100503
30,desc,task_id,0.4016987630318414
30,desc,task_id,2.595657027636276
30,desc,task_id,1.0220800165623736
30,desc,task_id,0.08341064195061465
30,desc,task_id,3.5811939567016844
30,desc,task_id,2.195002216034581
30,desc,task_id,0.2501174646751485
30,desc,task_id,4.250015153507114
30,desc,task_id,1.82918482702252
30,desc,task_id,0.8561723341287042
30,desc,task_id,0.7572471926597353
30,desc,task_id,0.011824177542219427
30,desc,task_id,1.274133388184945
30,desc,task_id,0.6017428813190211
30,desc,task_id,3.549036988916773
30,desc,task_id,5.762043479209318
30,desc,task_id,1.2736148168784056
30,desc,task_id,2.2252417081249343
30,desc,task_id,0.1864233170065952
30,desc,task_id,0.6001946341595432
30,desc,task_id,2.1646797389205656
30,desc,llm_cls,1.7973683067667805
30,desc,llm_cls,1.48224215272184
30,desc,llm_cls,1.7348161621636655
30,desc,llm_cls,1.1561324114407379
30,desc,llm_cls,1.480142757743515
30,desc,llm_cls,0.31251640716666973
30,desc,llm_cls,0.05619692334586901
30,desc,llm_cls,0.6705532452635152
30,desc,llm_cls,1.871063482618136
30,desc,llm_cls,0.1131409092767992
30,desc,llm_cls,0.8519550644728966
30,desc,llm_cls,0.2719977041068864
30,desc,llm_cls,3.1820156872548715
30,desc,llm_cls,1.4490162079504463
30,desc,llm_cls,0.23065676718267358
30,desc,llm_cls,1.6585740159278868
30,desc,llm_cls,3.441149198087307
30,desc,llm_cls,1.382332178525667
30,desc,llm_cls,1.0008670714748646
30,desc,llm_cls,1.0356892272956006
30,desc,llm_cls,2.580325099841412
30,desc,llm_cls,0.3708362224068007
30,desc,llm_cls,1.5085898685439116
30,desc,llm_cls,1.2247801731369226
30,desc,llm_cls,0.4530345090714887
30,desc,llm_cls,0.9505427870951575
30,desc,llm_cls,0.0483513135415512
30,desc,llm_cls,2.374007097801562
30,desc,llm_cls,0.3965923093040926
30,desc,llm_cls,0.3461849706991287
30,desc,llm_cls,3.6565744093332366
30,desc,llm_cls,1.0808715611013184
30,desc,llm_cls,0.6205645950870751
30,desc,llm_cls,4.093852776607074
30,desc,llm_cls,1.3102255098896731
30,desc,llm_cls,0.9727893632907305
30,desc,llm_cls,0.646662361753557
30,desc,llm_cls,0.41286074074437895
30,desc,llm_cls,1.619444039877211
30,desc,llm_cls,0.14899759969190907
30,desc,llm_cls,2.7404419410645424
30,desc,llm_cls,5.2381943153753445
30,desc,llm_cls,1.1028549177648932
30,desc,llm_cls,1.9858041529281554
30,desc,llm_cls,0.6529172828617185
30,desc,llm_cls,0.5332898466474625
30,desc,llm_cls,2.2682685745313247
30,desc,llm_mol_cls,2.8223455532484825
30,desc,llm_mol_cls,1.0551874367005736
30,desc,llm_mol_cls,1.439263256013597
30,desc,llm_mol_cls,0.8220389106991384
30,desc,llm_mol_cls,1.7474442567014474
30,desc,llm_mol_cls,2.238459523599941
30,desc,llm_mol_cls,0.17933775878776004
30,desc,llm_mol_cls,0.008335558398718135
30,desc,llm_mol_cls,1.2551615936479754
30,desc,llm_mol_cls,0.29391512601325687
30,desc,llm_mol_cls,0.546976085092572
30,desc,llm_mol_cls,0.12641593915130533
30,desc,llm_mol_cls,1.617981287955954
30,desc,llm_mol_cls,1.2301793783264945
30,desc,llm_mol_cls,0.8055900862313852
30,desc,llm_mol_cls,0.941714803830191
30,desc,llm_mol_cls,0.7054576608773573
30,desc,llm_mol_cls,0.9337655172945141
30,desc,llm_mol_cls,0.6279406298234793
30,desc,llm_mol_cls,1.9979464796481352
30,desc,llm_mol_cls,3.8783857946338567
30,desc,llm_mol_cls,0.864682318059542
30,desc,llm_mol_cls,1.9347492666964063
30,desc,llm_mol_cls,1.011456676660663
30,desc,llm_mol_cls,0.7065156863253446
30,desc,llm_mol_cls,1.097338642625914
30,desc,llm_mol_cls,0.584874040184725
30,desc,llm_mol_cls,1.4409511177747039
30,desc,llm_mol_cls,0.7637978255861633
30,desc,llm_mol_cls,0.40836663445993837
30,desc,llm_mol_cls,4.8380380771945255
30,desc,llm_mol_cls,1.1639237831433675
30,desc,llm_mol_cls,0.4950657917828458
30,desc,llm_mol_cls,2.5149191346371635
30,desc,llm_mol_cls,1.5920799966595895
30,desc,llm_mol_cls,1.5122473429264587
30,desc,llm_mol_cls,0.04776526876691145
30,desc,llm_mol_cls,0.04952359799591388
30,desc,llm_mol_cls,1.269145290050977
30,desc,llm_mol_cls,0.06299696803432653
30,desc,llm_mol_cls,1.4290174723696731
30,desc,llm_mol_cls,3.2756992411982297
30,desc,llm_mol_cls,0.4587072697232797
30,desc,llm_mol_cls,3.3406395804984856
30,desc,llm_mol_cls,1.4523619459293027
30,desc,llm_mol_cls,0.19745494089840698
30,desc,llm_mol_cls,1.0788430282032566
30,emb,baseline,2.122501864470707
30,emb,baseline,1.0748502564400182
30,emb,baseline,1.9767705056519933
30,emb,baseline,0.29095991000517696
30,emb,baseline,1.9377394572454065
30,emb,baseline,2.4694761422586957
30,emb,baseline,1.5158602363707725
30,emb,baseline,0.11427230188231974
30,emb,baseline,1.3249376620594573
30,emb,baseline,0.3276693913678592
30,emb,baseline,0.6609123326343944
30,emb,baseline,0.6178476127112598
30,emb,baseline,2.72002145803218
30,emb,baseline,0.947064182441467
30,emb,baseline,1.1050642709765999
30,emb,baseline,1.005162774259273
30,emb,baseline,2.7968325476423592
30,emb,baseline,1.6821855703993256
30,emb,baseline,0.06209668878376284
30,emb,baseline,2.9914846376851734
30,emb,baseline,3.3390972979347193
30,emb,baseline,1.4278203548052122
30,emb,baseline,3.7277247371364535
30,emb,baseline,1.0162731712580668
30,emb,baseline,0.5792851836723631
30,emb,baseline,1.0812942101514254
30,emb,baseline,0.07334487311207871
30,emb,baseline,1.4087495171013522
30,emb,baseline,3.2288427580586343
30,emb,baseline,0.3886483547791415
30,emb,baseline,4.195148499257957
30,emb,baseline,0.19995797803466964
30,emb,baseline,2.2904839761017293
30,emb,baseline,2.8556072222237567
30,emb,baseline,0.8780574317071101
30,emb,baseline,1.9933864850112664
30,emb,baseline,0.5697784958911472
30,emb,baseline,0.5444577397694705
30,emb,baseline,1.180746972912035
30,emb,baseline,0.5444509373070643
30,emb,baseline,2.2289489613292357
30,emb,baseline,4.647459938117391
30,emb,baseline,0.074314398796822
30,emb,baseline,3.3299511733986042
30,emb,baseline,1.147538224387203
30,emb,baseline,1.8208699448070544
30,emb,baseline,2.1955144532806137
30,emb,task_id,1.84566071600368
30,emb,task_id,1.355233054267961
30,emb,task_id,1.9978117887474678
30,emb,task_id,3.373698252613323
30,emb,task_id,1.1945914666056412
30,emb,task_id,1.6224660632258794
30,emb,task_id,0.25514677198927016
30,emb,task_id,0.28458007204512015
30,emb,task_id,1.6525203137401032
30,emb,task_id,0.47351187095300284
30,emb,task_id,0.09656756938443678
30,emb,task_id,0.5355875297732693
30,emb,task_id,2.844036418312301
30,emb,task_id,0.43397897578052014
30,emb,task_id,1.334359928484826
30,emb,task_id,2.1482354979898983
30,emb,task_id,2.9824251514367073
30,emb,task_id,0.9860004888756522
30,emb,task_id,1.5938457866901032
30,emb,task_id,0.6928521552165403
30,emb,task_id,2.788711764975491
30,emb,task_id,0.5319277570525545
30,emb,task_id,0.8700251170951327
30,emb,task_id,1.1675947744542041
30,emb,task_id,0.9142669729344108
30,emb,task_id,1.218441754439473
30,emb,task_id,0.39156578416804266
30,emb,task_id,1.9511202267683037
30,emb,task_id,0.07226225685962628
30,emb,task_id,0.8364866743770316
30,emb,task_id,4.005342039330131
30,emb,task_id,2.3544392715562834
30,emb,task_id,0.06358996590464905
30,emb,task_id,3.193160226052552
30,emb,task_id,1.466039151014288
30,emb,task_id,0.36996094648212186
30,emb,task_id,0.8310628396031783
30,emb,task_id,0.054582777719002884
30,emb,task_id,0.5655702267761007
30,emb,task_id,0.6306405716645758
30,emb,task_id,2.8454956093531125
30,emb,task_id,5.238647584238339
30,emb,task_id,1.088690708260629
30,emb,task_id,2.05284771914109
30,emb,task_id,0.8873318885050159
30,emb,task_id,0.33327920072434414
30,emb,task_id,1.5064987428854497
30,emb,llm_cls,1.9619719171992562
30,emb,llm_cls,0.7218159531988082
30,emb,llm_cls,2.0690848615842565
30,emb,llm_cls,0.7232052192690466
30,emb,llm_cls,1.8219761233488807
30,emb,llm_cls,1.0918714964907346
30,emb,llm_cls,0.1276723426477493
30,emb,llm_cls,0.774219552622113
30,emb,llm_cls,1.212868020171884
30,emb,llm_cls,0.3397078203889201
30,emb,llm_cls,0.2995320468001408
30,emb,llm_cls,0.4286438104504282
30,emb,llm_cls,2.703833114626736
30,emb,llm_cls,0.9913810191785255
30,emb,llm_cls,0.5754258462276551
30,emb,llm_cls,1.0513067348699154
30,emb,llm_cls,2.544455768386639
30,emb,llm_cls,0.5557568071156544
30,emb,llm_cls,0.4827587177047308
30,emb,llm_cls,0.6332819739190416
30,emb,llm_cls,3.045447750688054
30,emb,llm_cls,0.6229238527006808
30,emb,llm_cls,1.4841809363085448
30,emb,llm_cls,0.8865409795729555
30,emb,llm_cls,0.6136188442741712
30,emb,llm_cls,0.8001447298337059
30,emb,llm_cls,0.07192314159848934
30,emb,llm_cls,1.8472423082187284
30,emb,llm_cls,0.024527172428237876
30,emb,llm_cls,1.0678289836521122
30,emb,llm_cls,4.117842369655909
30,emb,llm_cls,0.2539958372142692
30,emb,llm_cls,0.44062413704237224
30,emb,llm_cls,3.0362389766577014
30,emb,llm_cls,1.1976535583174535
30,emb,llm_cls,0.975383981701893
30,emb,llm_cls,0.7239912890103288
30,emb,llm_cls,0.44736534556304264
30,emb,llm_cls,1.027428368782327
30,emb,llm_cls,0.18239943242220846
30,emb,llm_cls,2.620078063964802
30,emb,llm_cls,5.1420477463199585
30,emb,llm_cls,0.6977573232119152
30,emb,llm_cls,2.561255446932001
30,emb,llm_cls,1.27628407594388
30,emb,llm_cls,0.6297874630754583
30,emb,llm_cls,1.8696689750812574
30,emb,llm_mol_cls,2.8223455532484825
30,emb,llm_mol_cls,1.0551874367005736
30,emb,llm_mol_cls,1.439263256013597
30,emb,llm_mol_cls,0.8220389106991384
30,emb,llm_mol_cls,1.7474442567014474
30,emb,llm_mol_cls,2.238459523599941
30,emb,llm_mol_cls,0.17933775878776004
30,emb,llm_mol_cls,0.008335558398718135
30,emb,llm_mol_cls,1.2551615936479754
30,emb,llm_mol_cls,0.29391512601325687
30,emb,llm_mol_cls,0.546976085092572
30,emb,llm_mol_cls,0.12641593915130533
30,emb,llm_mol_cls,1.617981287955954
30,emb,llm_mol_cls,1.2301793783264945
30,emb,llm_mol_cls,0.8055900862313852
30,emb,llm_mol_cls,0.941714803830191
30,emb,llm_mol_cls,0.7054576608773573
30,emb,llm_mol_cls,0.9337655172945141
30,emb,llm_mol_cls,0.6279406298234793
30,emb,llm_mol_cls,1.9979464796481352
30,emb,llm_mol_cls,3.8783857946338567
30,emb,llm_mol_cls,0.864682318059542
30,emb,llm_mol_cls,1.9347492666964063
30,emb,llm_mol_cls,1.011456676660663
30,emb,llm_mol_cls,0.7065156863253446
30,emb,llm_mol_cls,1.097338642625914
30,emb,llm_mol_cls,0.584874040184725
30,emb,llm_mol_cls,1.4409511177747039
30,emb,llm_mol_cls,0.7637978255861633
30,emb,llm_mol_cls,0.40836663445993837
30,emb,llm_mol_cls,4.8380380771945255
30,emb,llm_mol_cls,1.1639237831433675
30,emb,llm_mol_cls,0.4950657917828458
30,emb,llm_mol_cls,2.5149191346371635
30,emb,llm_mol_cls,1.5920799966595895
30,emb,llm_mol_cls,1.5122473429264587
30,emb,llm_mol_cls,0.04776526876691145
30,emb,llm_mol_cls,0.04952359799591388
30,emb,llm_mol_cls,1.269145290050977
30,emb,llm_mol_cls,0.06299696803432653
30,emb,llm_mol_cls,1.4290174723696731
30,emb,llm_mol_cls,3.2756992411982297
30,emb,llm_mol_cls,0.4587072697232797
30,emb,llm_mol_cls,3.3406395804984856
30,emb,llm_mol_cls,1.4523619459293027
30,emb,llm_mol_cls,0.19745494089840698
30,emb,llm_mol_cls,1.0788430282032566
30,emb,hybrid,2.4199073834635527
30,emb,hybrid,0.8162859087606016
30,emb,hybrid,1.7959912292782167
30,emb,hybrid,0.3377919274886816
30,emb,hybrid,1.7455260290561645
30,emb,hybrid,1.917033631068128
30,emb,hybrid,0.5762212530114357
30,emb,hybrid,0.3987440904306787
30,emb,hybrid,1.1385266147416235
30,emb,hybrid,0.051424380946968995
30,emb,hybrid,0.5177908876592525
30,emb,hybrid,0.23453469755573186
30,emb,hybrid,2.304628712902402
30,emb,hybrid,0.9526208296460419
30,emb,hybrid,0.5143659657472384
30,emb,hybrid,0.6791222747474563
30,emb,hybrid,2.1980664942670236
30,emb,hybrid,0.8348616579660719
30,emb,hybrid,0.11449868813196318
30,emb,hybrid,1.3374229427801643
30,emb,hybrid,3.5808870117307365
30,emb,hybrid,0.6852185841220595
30,emb,hybrid,2.0300794176981087
30,emb,hybrid,0.8608831627263833
30,emb,hybrid,0.4336034497503345
30,emb,hybrid,0.9271986957231144
30,emb,hybrid,0.21143693206547054
30,emb,hybrid,1.224396346883906
30,emb,hybrid,0.8559021204366708
30,emb,hybrid,0.4202413316474942
30,emb,hybrid,4.733956849473919
30,emb,hybrid,0.09631453006444346
30,emb,hybrid,0.7184049013426925
30,emb,hybrid,2.828909624729121
30,emb,hybrid,1.2412654515455248
30,emb,hybrid,1.1290788687657867
30,emb,hybrid,0.31848190742592175
30,emb,hybrid,0.5372079750921062
30,emb,hybrid,1.5230182824178038
30,emb,hybrid,0.1333570264233721
30,emb,hybrid,1.7924520589811603
30,emb,hybrid,3.793344040133915
30,emb,hybrid,0.31514653461164865
30,emb,hybrid,2.99274710198786
30,emb,hybrid,1.2431563574868711
30,emb,hybrid,0.43364307141657554
30,emb,hybrid,1.3162712261499419
40,molformer,baseline,0.3389025719880745
40,molformer,baseline,0.34386278222142797
40,molformer,baseline,0.2223427677055163
40,molformer,baseline,1.9169837528253506
40,molformer,baseline,0.4465515269575109
40,molformer,baseline,0.8635601920316027
40,molformer,baseline,1.8705750642599959
40,molformer,baseline,1.9395277485365527
40,molformer,baseline,1.410029045979445
40,molformer,baseline,2.8733051047350577
40,molformer,baseline,0.8410981989097479
40,molformer,baseline,0.4163616456806185
40,molformer,baseline,1.3069038445603551
40,molformer,baseline,4.015947426980673
40,molformer,baseline,1.7321761931471107
40,molformer,baseline,0.023058490355693628
40,molformer,baseline,1.0049472182899832
40,molformer,baseline,0.2002337586307572
40,molformer,baseline,2.0798924266236494
40,molformer,baseline,1.104733795504964
40,molformer,baseline,3.8382802992721095
40,molformer,baseline,1.4138163225306783
40,molformer,baseline,3.657047013986086
40,molformer,baseline,0.516007240525235
40,molformer,baseline,0.032419556731213106
40,molformer,baseline,2.992957285483654
40,molformer,baseline,0.3979059552869484
40,molformer,baseline,1.683441738069825
40,molformer,baseline,0.24442995163330572
40,molformer,baseline,0.9426585443174034
40,molformer,baseline,0.45560989647502304
40,molformer,baseline,0.9693173387032115
40,molformer,baseline,0.8432257310222133
40,molformer,baseline,4.20689181879912
40,molformer,baseline,3.3487573492677027
40,molformer,baseline,0.8334582607946839
40,molformer,baseline,1.103995960844049
40,molformer,baseline,2.0425591366186433
40,molformer,baseline,2.9263569703271983
40,molformer,baseline,1.231221092240796
40,molformer,baseline,0.5365469128525611
40,molformer,task_id,0.24728171204156713
40,molformer,task_id,0.9585082840634951
40,molformer,task_id,0.10121979705561124
40,molformer,task_id,0.43674489513987114
40,molformer,task_id,0.3033702345747882
40,molformer,task_id,0.36918374404178067
40,molformer,task_id,0.10460554592082039
40,molformer,task_id,0.8681631322987595
40,molformer,task_id,1.1374176688057274
40,molformer,task_id,0.3466638971993845
40,molformer,task_id,0.17780873600939273
40,molformer,task_id,2.9393486070580312
40,molformer,task_id,1.8230480028435396
40,molformer,task_id,8.258779981137426
40,molformer,task_id,5.054450921715224
40,molformer,task_id,0.8972006151399687
40,molformer,task_id,1.7693136069592268
40,molformer,task_id,2.4514468470874595
40,molformer,task_id,0.31846561602555834
40,molformer,task_id,0.5153885446057891
40,molformer,task_id,0.5042484124234528
40,molformer,task_id,1.3099079266736098
40,molformer,task_id,0.6618804871969166
40,molformer,task_id,1.612187568797785
40,molformer,task_id,2.157305740934428
40,molformer,task_id,1.435818341863862
40,molformer,task_id,0.030268779016671576
40,molformer,task_id,0.7131306893817264
40,molformer,task_id,2.498161488695132
40,molformer,task_id,0.202122917519183
40,molformer,task_id,0.5634706176322559
40,molformer,task_id,1.4918345250706553
40,molformer,task_id,0.6923499423007868
40,molformer,task_id,2.226355942054342
40,molformer,task_id,0.42127672396581595
40,molformer,task_id,1.1041229525056697
40,molformer,task_id,0.19334229791405422
40,molformer,task_id,0.01057038926425502
40,molformer,task_id,1.4149430738435864
40,molformer,task_id,1.7811803701426268
40,molformer,task_id,1.8970407600435415
40,molformer,llm_cls,0.1538655116802925
40,molformer,llm_cls,0.7027644870928307
40,molformer,llm_cls,0.8262581567582856
40,molformer,llm_cls,0.7608127973177048
40,molformer,llm_cls,0.13386065897648036
40,molformer,llm_cls,0.9272955833088705
40,molformer,llm_cls,0.824477831574252
40,molformer,llm_cls,0.3066225851285971
40,molformer,llm_cls,0.9690525991189691
40,molformer,llm_cls,0.9206768438172679
40,molformer,llm_cls,0.15224147254400933
40,molformer,llm_cls,0.6260959273867703
40,molformer,llm_cls,1.3458951267162043
40,molformer,llm_cls,6.465266817100579
40,molformer,llm_cls,3.182810443377174
40,molformer,llm_cls,0.7002945957106483
40,molformer,llm_cls,1.8974630477014829
40,molformer,llm_cls,1.337352328237496
40,molformer,llm_cls,1.267120580840412
40,molformer,llm_cls,0.997572595321498
40,molformer,llm_cls,1.1050322618506594
40,molformer,llm_cls,1.593981567797262
40,molformer,llm_cls,1.1181182537394534
40,molformer,llm_cls,1.231915809845137
40,molformer,llm_cls,0.5492162087871248
40,molformer,llm_cls,1.2096450837670303
40,molformer,llm_cls,0.2750106669974115
40,molformer,llm_cls,1.6075095519045917
40,molformer,llm_cls,0.2157002536240924
40,molformer,llm_cls,0.1199186100279035
40,molformer,llm_cls,0.5084452162491555
40,molformer,llm_cls,0.7218733129366752
40,molformer,llm_cls,0.23930320944245187
40,molformer,llm_cls,2.765333314929732
40,molformer,llm_cls,0.1816329908404306
40,molformer,llm_cls,0.5511422364552461
40,molformer,llm_cls,0.7880812646774844
40,molformer,llm_cls,0.5049924985177285
40,molformer,llm_cls,0.5171058463957614
40,molformer,llm_cls,1.2610102210321106
40,molformer,llm_cls,1.4013663735996431
40,molformer,llm_mol_cls,0.32134899009590967
40,molformer,llm_mol_cls,0.6744573660752127
40,molformer,llm_mol_cls,0.6665821726383889
40,molformer,llm_mol_cls,0.5648564927029271
40,molformer,llm_mol_cls,0.2825013037473947
40,molformer,llm_mol_cls,0.2692704037662015
40,molformer,llm_mol_cls,0.6334023806652462
40,molformer,llm_mol_cls,0.08461748841345296
40,molformer,llm_mol_cls,1.036236119701961
40,molformer,llm_mol_cls,2.175921920071575
40,molformer,llm_mol_cls,0.01396326919380364
40,molformer,llm_mol_cls,0.6947031664644552
40,molformer,llm_mol_cls,1.1181897430804675
40,molformer,llm_mol_cls,5.801181396310544
40,molformer,llm_mol_cls,3.044495518731399
40,molformer,llm_mol_cls,0.6204099472835214
40,molformer,llm_mol_cls,1.6439706472048967
40,molformer,llm_mol_cls,1.6170479416454624
40,molformer,llm_mol_cls,1.740534580789593
40,molformer,llm_mol_cls,1.4044605021252439
40,molformer,llm_mol_cls,1.3043422848678539
40,molformer,llm_mol_cls,1.5513586673963804
40,molformer,llm_mol_cls,1.736993425865058
40,molformer,llm_mol_cls,1.531605342802583
40,molformer,llm_mol_cls,1.0802678840296078
40,molformer,llm_mol_cls,1.1264450587725183
40,molformer,llm_mol_cls,0.22185757207481327
40,molformer,llm_mol_cls,0.9298075634580707
40,molformer,llm_mol_cls,0.9343089093570045
40,molformer,llm_mol_cls,0.12058254385798284
40,molformer,llm_mol_cls,0.6463836216027836
40,molformer,llm_mol_cls,0.6759709165462287
40,molformer,llm_mol_cls,0.6083887097077887
40,molformer,llm_mol_cls,3.0347438411013634
40,molformer,llm_mol_cls,0.26625024802928454
40,molformer,llm_mol_cls,0.7880966541276724
40,molformer,llm_mol_cls,0.3394386996009495
40,molformer,llm_mol_cls,0.44840771212282604
40,molformer,llm_mol_cls,0.06786339193722757
40,molformer,llm_mol_cls,1.3095158631464305
40,molformer,llm_mol_cls,1.6323157511693753
40,desc,baseline,0.5505743153716689
40,desc,baseline,1.3350855794432515
40,desc,baseline,0.2639574831848428
40,desc,baseline,2.569279361335087
40,desc,baseline,0.2321891687826847
40,desc,baseline,1.0823532942939886
40,desc,baseline,1.3829984060732505
40,desc,baseline,1.7884880899694073
40,desc,baseline,1.3139301703230615
40,desc,baseline,3.6104206212198005
40,desc,baseline,0.6252699500198364
40,desc,baseline,1.3168795151959651
40,desc,baseline,2.2991037067942925
40,desc,baseline,5.216455309585404
40,desc,baseline,2.166594716925462
40,desc,baseline,1.3096027374095667
40,desc,baseline,2.053891398040541
40,desc,baseline,1.4351902659626061
40,desc,baseline,2.3856294840177714
40,desc,baseline,1.3107199636754125
40,desc,baseline,2.9326022810361403
40,desc,baseline,1.523801023955743
40,desc,baseline,2.792638796980308
40,desc,baseline,1.219331935304159
40,desc,baseline,1.1796722429871953
40,desc,baseline,3.3612311243114634
40,desc,baseline,0.47387321561865736
40,desc,baseline,2.007775155770707
40,desc,baseline,0.6860715073501815
40,desc,baseline,1.1811429363153083
40,desc,baseline,0.11493213781503853
40,desc,baseline,2.5846984345771475
40,desc,baseline,1.5272841980618692
40,desc,baseline,3.2134472882739256
40,desc,baseline,3.5288478621116486
40,desc,baseline,0.5977254553904068
40,desc,baseline,1.6403209330708677
40,desc,baseline,2.129053959599716
40,desc,baseline,2.650551578485895
40,desc,baseline,2.095785630926044
40,desc,baseline,0.7577185197042438
40,desc,task_id,0.3483511105517634
40,desc,task_id,1.206889705056764
40,desc,task_id,0.4363878882897856
40,desc,task_id,0.4449338852596849
40,desc,task_id,0.31668937678010556
40,desc,task_id,0.3957861334318542
40,desc,task_id,0.7026208631567981
40,desc,task_id,0.10511629739318229
40,desc,task_id,1.6310011768375423
40,desc,task_id,0.07900600023055482
40,desc,task_id,0.495429032232531
40,desc,task_id,2.8766699073226185
40,desc,task_id,2.239990952561232
40,desc,task_id,7.386174020360612
40,desc,task_id,4.124180366167515
40,desc,task_id,1.820670231545309
40,desc,task_id,2.3993694437048063
40,desc,task_id,2.643477243019904
40,desc,task_id,0.5911691002008101
40,desc,task_id,0.896749465930329
40,desc,task_id,0.908878637183574
40,desc,task_id,1.3413390067871687
40,desc,task_id,0.8756215431187853
40,desc,task_id,1.7242554940397752
40,desc,task_id,2.019118024078732
40,desc,task_id,2.0461918125244862
40,desc,task_id,0.12812574406585808
40,desc,task_id,0.9555852154629076
40,desc,task_id,2.550347524242193
40,desc,task_id,0.2924064435774416
40,desc,task_id,0.34034719546763625
40,desc,task_id,1.6088091089238343
40,desc,task_id,1.3711565151694947
40,desc,task_id,2.3336077072808177
40,desc,task_id,0.7515201359707824
40,desc,task_id,0.8698910931683184
40,desc,task_id,0.2105815198812464
40,desc,task_id,0.03621906845203826
40,desc,task_id,0.4027189424532178
40,desc,task_id,1.828359819773488
40,desc,task_id,2.064188553367781
40,desc,llm_cls,0.24610927336645227
40,desc,llm_cls,1.061160727186683
40,desc,llm_cls,0.6353749629414818
40,desc,llm_cls,0.8834814791191388
40,desc,llm_cls,0.17385026724807418
40,desc,llm_cls,1.0233270210641834
40,desc,llm_cls,0.22275717622349855
40,desc,llm_cls,0.1861157530116695
40,desc,llm_cls,1.3223169265110224
40,desc,llm_cls,1.4386093557077722
40,desc,llm_cls,0.11800745771566135
40,desc,llm_cls,1.6536180549551585
40,desc,llm_cls,1.723419391104187
40,desc,llm_cls,6.226396276040456
40,desc,llm_cls,3.700296910255897
40,desc,llm_cls,1.4500811587644629
40,desc,llm_cls,2.4810583468213956
40,desc,llm_cls,1.7442410566458815
40,desc,llm_cls,1.4807010603479434
40,desc,llm_cls,1.3654778742056612
40,desc,llm_cls,1.7097759223124278
40,desc,llm_cls,1.6186901082868355
40,desc,llm_cls,1.6128838415982463
40,desc,llm_cls,1.263387619188527
40,desc,llm_cls,1.0101062474391935
40,desc,llm_cls,1.443801470990488
40,desc,llm_cls,0.4541176437762817
40,desc,llm_cls,1.4410274983485643
40,desc,llm_cls,1.4023487191650768
40,desc,llm_cls,0.2803250493845155
40,desc,llm_cls,0.03436458516786378
40,desc,llm_cls,1.577330522595112
40,desc,llm_cls,1.464535177884404
40,desc,llm_cls,2.2813657829477467
40,desc,llm_cls,0.37272168208756185
40,desc,llm_cls,0.6124553582325252
40,desc,llm_cls,0.6694706969750164
40,desc,llm_cls,0.48331046707041025
40,desc,llm_cls,0.586344763036001
40,desc,llm_cls,1.5742828012515866
40,desc,llm_cls,1.7353940180730776
40,desc,llm_mol_cls,0.32134899009590967
40,desc,llm_mol_cls,0.6744573660752127
40,desc,llm_mol_cls,0.6665821726383889
40,desc,llm_mol_cls,0.5648564927029271
40,desc,llm_mol_cls,0.2825013037473947
40,desc,llm_mol_cls,0.2692704037662015
40,desc,llm_mol_cls,0.6334023806652462
40,desc,llm_mol_cls,0.08461748841345296
40,desc,llm_mol_cls,1.036236119701961
40,desc,llm_mol_cls,2.175921920071575
40,desc,llm_mol_cls,0.01396326919380364
40,desc,llm_mol_cls,0.6947031664644552
40,desc,llm_mol_cls,1.1181897430804675
40,desc,llm_mol_cls,5.801181396310544
40,desc,llm_mol_cls,3.044495518731399
40,desc,llm_mol_cls,0.6204099472835214
40,desc,llm_mol_cls,1.6439706472048967
40,desc,llm_mol_cls,1.6170479416454624
40,desc,llm_mol_cls,1.740534580789593
40,desc,llm_mol_cls,1.4044605021252439
40,desc,llm_mol_cls,1.3043422848678539
40,desc,llm_mol_cls,1.5513586673963804
40,desc,llm_mol_cls,1.736993425865058
40,desc,llm_mol_cls,1.531605342802583
40,desc,llm_mol_cls,1.0802678840296078
40,desc,llm_mol_cls,1.1264450587725183
40,desc,llm_mol_cls,0.22185757207481327
40,desc,llm_mol_cls,0.9298075634580707
40,desc,llm_mol_cls,0.9343089093570045
40,desc,llm_mol_cls,0.12058254385798284
40,desc,llm_mol_cls,0.6463836216027836
40,desc,llm_mol_cls,0.6759709165462287
40,desc,llm_mol_cls,0.6083887097077887
40,desc,llm_mol_cls,3.0347438411013634
40,desc,llm_mol_cls,0.26625024802928454
40,desc,llm_mol_cls,0.7880966541276724
40,desc,llm_mol_cls,0.3394386996009495
40,desc,llm_mol_cls,0.44840771212282604
40,desc,llm_mol_cls,0.06786339193722757
40,desc,llm_mol_cls,1.3095158631464305
40,desc,llm_mol_cls,1.6323157511693753
40,emb,baseline,0.23072195701502807
40,emb,baseline,0.1267463505632933
40,emb,baseline,0.4111806944931615
40,emb,baseline,2.258367910990012
40,emb,baseline,0.04371978660431752
40,emb,baseline,1.1061961933875395
40,emb,baseline,1.7561750579437283
40,emb,baseline,1.9049454477367482
40,emb,baseline,0.9124886159795311
40,emb,baseline,2.9845290919470324
40,emb,baseline,0.25325940687546744
40,emb,baseline,0.400317995745775
40,emb,baseline,1.5256455572376275
40,emb,baseline,4.110941576304682
40,emb,baseline,1.319799657586013
40,emb,baseline,0.9610935795175184
40,emb,baseline,1.5062925713732387
40,emb,baseline,0.5463989283269761
40,emb,baseline,2.053209080544864
40,emb,baseline,1.2196334295230729
40,emb,baseline,3.872482353530968
40,emb,baseline,0.9567810462401689
40,emb,baseline,3.4559732651230894
40,emb,baseline,1.0609220163561586
40,emb,baseline,0.11256060450254957
40,emb,baseline,2.8339747151505614
40,emb,baseline,0.525142139055669
40,emb,baseline,2.382018573832802
40,emb,baseline,0.09092070248638251
40,emb,baseline,1.2221487139248384
40,emb,baseline,0.32312362875969625
40,emb,baseline,0.9569937789877683
40,emb,baseline,0.6627974472200551
40,emb,baseline,3.057961944351861
40,emb,baseline,3.5121866863512823
40,emb,baseline,0.7274793399399844
40,emb,baseline,1.1644308144215811
40,emb,baseline,1.9684821094747709
40,emb,baseline,2.368975913666556
40,emb,baseline,1.2474264038649805
40,emb,baseline,1.0992648786890258
40,emb,task_id,0.6120249132818274
40,emb,task_id,0.6079822711419971
40,emb,task_id,0.15714455521869297
40,emb,task_id,0.5211148848119955
40,emb,task_id,0.6174499222015131
40,emb,task_id,0.08330603214139831
40,emb,task_id,0.15692544012389975
40,emb,task_id,0.7628314420205946
40,emb,task_id,0.9796789269140884
40,emb,task_id,0.056232343539406315
40,emb,task_id,0.46220314992700295
40,emb,task_id,2.489255110862506
40,emb,task_id,1.8988931620210447
40,emb,task_id,8.157360726232598
40,emb,task_id,4.8512044652350985
40,emb,task_id,1.0311727790277398
40,emb,task_id,1.9158835615674268
40,emb,task_id,1.9760306131309324
40,emb,task_id,0.5592859676343789
40,emb,task_id,0.11768873503225752
40,emb,task_id,0.6267767089557323
40,emb,task_id,1.5683058976253137
40,emb,task_id,1.27997712315414
40,emb,task_id,1.7145074559585483
40,emb,task_id,1.803293830606901
40,emb,task_id,2.5189062052832116
40,emb,task_id,0.37220415888289704
40,emb,task_id,0.30409419330006093
40,emb,task_id,1.9820322151292835
40,emb,task_id,0.05646045841386327
40,emb,task_id,0.22146598869644585
40,emb,task_id,1.908693760457175
40,emb,task_id,0.591768923257173
40,emb,task_id,2.4205794482843768
40,emb,task_id,0.10845178489813634
40,emb,task_id,1.0324568001512193
40,emb,task_id,0.05792110442601617
40,emb,task_id,0.16791562749044608
40,emb,task_id,1.2316080907110916
40,emb,task_id,2.1366190138812016
40,emb,task_id,1.7314240426667364
40,emb,llm_cls,0.24601574267659032
40,emb,llm_cls,0.19777004856933056
40,emb,llm_cls,0.9285774876492408
40,emb,llm_cls,1.0322769606186881
40,emb,llm_cls,0.8430288642570067
40,emb,llm_cls,0.24446934631002204
40,emb,llm_cls,0.23051667269768794
40,emb,llm_cls,0.010203574522754444
40,emb,llm_cls,1.1464779420318494
40,emb,llm_cls,1.0749202650725795
40,emb,llm_cls,0.01311113295516364
40,emb,llm_cls,0.10572076037604994
40,emb,llm_cls,1.3531232699142954
40,emb,llm_cls,6.430689190978612
40,emb,llm_cls,3.3890032943151067
40,emb,llm_cls,0.8168673377516269
40,emb,llm_cls,2.040768983499129
40,emb,llm_cls,1.40639429019605
40,emb,llm_cls,1.0713957565733452
40,emb,llm_cls,0.8202494704221883
40,emb,llm_cls,1.3692727091101138
40,emb,llm_cls,1.6901653372190104
40,emb,llm_cls,2.0806010835151314
40,emb,llm_cls,1.0621385184941678
40,emb,llm_cls,0.8618582258864835
40,emb,llm_cls,1.7975222404875528
40,emb,llm_cls,1.0761975195115636
40,emb,llm_cls,1.2126948776964586
40,emb,llm_cls,0.1046172595439252
40,emb,llm_cls,0.15838847053607985
40,emb,llm_cls,0.44818221004065073
40,emb,llm_cls,0.8851635797862105
40,emb,llm_cls,0.3780816711507864
40,emb,llm_cls,2.7614329113019025
40,emb,llm_cls,0.033172497732104844
40,emb,llm_cls,0.6223126478373553
40,emb,llm_cls,0.5291948799309507
40,emb,llm_cls,0.5919412565233584
40,emb,llm_cls,0.04016116821386628
40,emb,llm_cls,1.4725016962496351
40,emb,llm_cls,1.4534346260662838
40,emb,llm_mol_cls,0.32134899009590967
40,emb,llm_mol_cls,0.6744573660752127
40,emb,llm_mol_cls,0.6665821726383889
40,emb,llm_mol_cls,0.5648564927029271
40,emb,llm_mol_cls,0.2825013037473947
40,emb,llm_mol_cls,0.2692704037662015
40,emb,llm_mol_cls,0.6334023806652462
40,emb,llm_mol_cls,0.08461748841345296
40,emb,llm_mol_cls,1.036236119701961
40,emb,llm_mol_cls,2.175921920071575
40,emb,llm_mol_cls,0.01396326919380364
40,emb,llm_mol_cls,0.6947031664644552
40,emb,llm_mol_cls,1.1181897430804675
40,emb,llm_mol_cls,5.801181396310544
40,emb,llm_mol_cls,3.044495518731399
40,emb,llm_mol_cls,0.6204099472835214
40,emb,llm_mol_cls,1.6439706472048967
40,emb,llm_mol_cls,1.6170479416454624
40,emb,llm_mol_cls,1.740534580789593
40,emb,llm_mol_cls,1.4044605021252439
40,emb,llm_mol_cls,1.3043422848678539
40,emb,llm_mol_cls,1.5513586673963804
40,emb,llm_mol_cls,1.736993425865058
40,emb,llm_mol_cls,1.531605342802583
40,emb,llm_mol_cls,1.0802678840296078
40,emb,llm_mol_cls,1.1264450587725183
40,emb,llm_mol_cls,0.22185757207481327
40,emb,llm_mol_cls,0.9298075634580707
40,emb,llm_mol_cls,0.9343089093570045
40,emb,llm_mol_cls,0.12058254385798284
40,emb,llm_mol_cls,0.6463836216027836
40,emb,llm_mol_cls,0.6759709165462287
40,emb,llm_mol_cls,0.6083887097077887
40,emb,llm_mol_cls,3.0347438411013634
40,emb,llm_mol_cls,0.26625024802928454
40,emb,llm_mol_cls,0.7880966541276724
40,emb,llm_mol_cls,0.3394386996009495
40,emb,llm_mol_cls,0.44840771212282604
40,emb,llm_mol_cls,0.06786339193722757
40,emb,llm_mol_cls,1.3095158631464305
40,emb,llm_mol_cls,1.6323157511693753
40,emb,hybrid,0.13568733455350546
40,emb,hybrid,0.23801641666515616
40,emb,hybrid,0.8855937048120097
40,emb,hybrid,1.0298838879235896
40,emb,hybrid,0.2369799205549139
40,emb,hybrid,0.29645430440597664
40,emb,hybrid,0.15757420738666061
40,emb,hybrid,0.31308748088775396
40,emb,hybrid,1.210883893400398
40,emb,hybrid,1.744863555696516
40,emb,hybrid,0.1797465340233506
40,emb,hybrid,0.18266670964870801
40,emb,hybrid,1.1487027887904526
40,emb,hybrid,5.554040906234965
40,emb,hybrid,3.033511763374833
40,emb,hybrid,1.0163564039319444
40,emb,hybrid,1.4945664982832252
40,emb,hybrid,1.0221254425231083
40,emb,hybrid,1.1419985040129226
40,emb,hybrid,1.2182203879193432
40,emb,hybrid,1.2621754905754545
40,emb,hybrid,1.6721348401844374
40,emb,hybrid,1.5281088017905864
40,emb,hybrid,1.1547355454386163
40,emb,hybrid,0.45125946285225016
40,emb,hybrid,1.3632145459655196
40,emb,hybrid,0.498412379448367
40,emb,hybrid,1.233017952338301
40,emb,hybrid,0.3458701268541233
40,emb,hybrid,0.17880726536295866
40,emb,hybrid,0.27438887326623207
40,emb,hybrid,0.7828988153752308
40,emb,hybrid,0.41267648399419254
40,emb,hybrid,2.9432051191936894
40,emb,hybrid,0.270496961007078
40,emb,hybrid,0.5322484658228506
40,emb,hybrid,0.7376207074566059
40,emb,hybrid,0.7311862264290365
40,emb,hybrid,0.014348703877223201
40,emb,hybrid,1.8609928375248357
40,emb,hybrid,1.4754227988556599
50,molformer,baseline,2.7383907959902034
50,molformer,baseline,3.751786522681331
50,molformer,baseline,2.0657742096677847
50,molformer,baseline,4.200768080036829
50,molformer,baseline,0.9751547247169601
50,molformer,baseline,2.630199025125618
50,molformer,baseline,0.6355452680800107
50,molformer,baseline,0.6383761312823832
50,molformer,baseline,3.5465084750874114
50,molformer,baseline,0.08786816892516702
50,molformer,baseline,0.9167230067375289
50,molformer,baseline,1.2058619368204617
50,molformer,baseline,1.2422189691353775
50,molformer,baseline,2.989800248984641
50,molformer,baseline,0.7755072377810284
50,molformer,baseline,0.7957192881482751
50,molformer,baseline,1.5525432269000605
50,molformer,baseline,0.537842701672643
50,molformer,baseline,1.1613331192059513
50,molformer,baseline,0.7741342843860908
50,molformer,baseline,1.8513439953256605
50,molformer,baseline,2.256480848432081
50,molformer,baseline,0.10066006105454672
50,molformer,baseline,0.06312805156822687
50,molformer,baseline,4.256399307686365
50,molformer,baseline,0.3424274222132606
50,molformer,baseline,3.2562188693830905
50,molformer,baseline,0.2593130478359269
50,molformer,baseline,1.9609779305159658
50,molformer,baseline,1.7644882738252328
50,molformer,baseline,1.3100800381414306
50,molformer,baseline,1.1309075054690565
50,molformer,baseline,3.2431628504340075
50,molformer,baseline,1.8000215461373594
50,molformer,task_id,0.9296600326574369
50,molformer,task_id,7.730949821706199
50,molformer,task_id,0.541590271501772
50,molformer,task_id,0.4087830835371653
50,molformer,task_id,0.17837892699827052
50,molformer,task_id,0.40340339489638044
50,molformer,task_id,2.192063219238431
50,molformer,task_id,1.173691782174627
50,molformer,task_id,0.5348725933963152
50,molformer,task_id,0.33743046935517285
50,molformer,task_id,1.722051860762833
50,molformer,task_id,1.3951144264767321
50,molformer,task_id,0.21874932877078557
50,molformer,task_id,0.27867161755745595
50,molformer,task_id,1.3684147794153327
50,molformer,task_id,2.4497156284373225
50,molformer,task_id,4.816886974885876
50,molformer,task_id,3.313158066406151
50,molformer,task_id,2.0638419525518463
50,molformer,task_id,0.08494416499199708
50,molformer,task_id,0.5262879941268217
50,molformer,task_id,0.413578077506622
50,molformer,task_id,1.8046530489857604
50,molformer,task_id,0.7666519366886535
50,molformer,task_id,2.0877003901179307
50,molformer,task_id,1.9475844752993545
50,molformer,task_id,0.13324693851148073
50,molformer,task_id,0.6228915228387413
50,molformer,task_id,0.26398342875385117
50,molformer,task_id,1.8898337804810748
50,molformer,task_id,0.41828726685536877
50,molformer,task_id,2.0368578947754954
50,molformer,task_id,1.6245770345541573
50,molformer,task_id,1.6706672294781804
50,molformer,llm_cls,1.3084990678796622
50,molformer,llm_cls,6.5828244160175835
50,molformer,llm_cls,0.8216321482467688
50,molformer,llm_cls,0.8088413782556474
50,molformer,llm_cls,0.013285156612555138
50,molformer,llm_cls,0.30507782185213506
50,molformer,llm_cls,1.50599588355866
50,molformer,llm_cls,0.16679273854443188
50,molformer,llm_cls,1.273120473559481
50,molformer,llm_cls,0.21962501457926376
50,molformer,llm_cls,1.1868176272391882
50,molformer,llm_cls,1.8063488799319858
50,molformer,llm_cls,0.2314130273772541
50,molformer,llm_cls,1.200813664023558
50,molformer,llm_cls,0.9116075748405303
50,molformer,llm_cls,1.3254334379689983
50,molformer,llm_cls,3.4076469610374036
50,molformer,llm_cls,0.6696122329663599
50,molformer,llm_cls,1.8214591350378897
50,molformer,llm_cls,0.12065352226541215
50,molformer,llm_cls,1.3881560815641731
50,molformer,llm_cls,0.7791121231541607
50,molformer,llm_cls,1.2309740074305564
50,molformer,llm_cls,0.6205849711976261
50,molformer,llm_cls,3.10680876977179
50,molformer,llm_cls,0.17088124280572003
50,molformer,llm_cls,0.6650831616240769
50,molformer,llm_cls,0.011727707044954183
50,molformer,llm_cls,0.013646164817942452
50,molformer,llm_cls,1.2620840926997392
50,molformer,llm_cls,1.1736018096918157
50,molformer,llm_cls,1.5102128516885491
50,molformer,llm_cls,0.6502801238990803
50,molformer,llm_cls,1.0787522628993234
50,molformer,llm_mol_cls,1.004017038486603
50,molformer,llm_mol_cls,5.715738870741546
50,molformer,llm_mol_cls,0.8234088078490038
50,molformer,llm_mol_cls,1.196434020085369
50,molformer,llm_mol_cls,0.15527724014703326
50,molformer,llm_mol_cls,0.4621116015268534
50,molformer,llm_mol_cls,1.73628297801557
50,molformer,llm_mol_cls,0.31545726071977587
50,molformer,llm_mol_cls,1.809937911014436
50,molformer,llm_mol_cls,0.07757446251171629
50,molformer,llm_mol_cls,1.3828092297627776
50,molformer,llm_mol_cls,1.8437867755578687
50,molformer,llm_mol_cls,0.2039946226754088
50,molformer,llm_mol_cls,1.9106486572564103
50,molformer,llm_mol_cls,0.9259864810740672
50,molformer,llm_mol_cls,1.5464719487567482
50,molformer,llm_mol_cls,2.9788813285246265
50,molformer,llm_mol_cls,0.4395098578501795
50,molformer,llm_mol_cls,1.8327569784448192
50,molformer,llm_mol_cls,0.2590034673423096
50,molformer,llm_mol_cls,1.5946689154777989
50,molformer,llm_mol_cls,0.74207239524101
50,molformer,llm_mol_cls,0.610631917504342
50,molformer,llm_mol_cls,0.6631270775093807
50,molformer,llm_mol_cls,2.8834773509152747
50,molformer,llm_mol_cls,0.7651027845636076
50,molformer,llm_mol_cls,0.2809762790099084
50,molformer,llm_mol_cls,0.17411429069465623
50,molformer,llm_mol_cls,0.0664490701622249
50,molformer,llm_mol_cls,1.259134293355329
50,molformer,llm_mol_cls,1.28859790207256
50,molformer,llm_mol_cls,1.2778324446181362
50,molformer,llm_mol_cls,0.10159423583529748
50,molformer,llm_mol_cls,1.0778106283937596
50,desc,baseline,3.0318943659495976
50,desc,baseline,5.342021135371537
50,desc,baseline,2.9930177019843764
50,desc,baseline,2.742651111862438
50,desc,baseline,1.7870196358701431
50,desc,baseline,2.176873039936551
50,desc,baseline,1.1800707451803993
50,desc,baseline,0.6433697241112446
50,desc,baseline,2.953255370876987
50,desc,baseline,0.13507095687579618
50,desc,baseline,1.8996771852538932
50,desc,baseline,1.5598300740442643
50,desc,baseline,1.175505350780404
50,desc,baseline,3.5081214810408454
50,desc,baseline,0.2277324655004298
50,desc,baseline,1.4267408358068288
50,desc,baseline,1.796559105640874
50,desc,baseline,0.9899046159976344
50,desc,baseline,2.1084193269077343
50,desc,baseline,0.8040004398472833
50,desc,baseline,2.3382612922515573
50,desc,baseline,2.218655639964769
50,desc,baseline,0.30217329761819656
50,desc,baseline,0.5975571067318943
50,desc,baseline,3.2405946996787245
50,desc,baseline,0.6942738210110235
50,desc,baseline,3.332462323541928
50,desc,baseline,0.5802721222752485
50,desc,baseline,1.9755265056186833
50,desc,baseline,1.8142670964985275
50,desc,baseline,1.4855685740589535
50,desc,baseline,1.5396660507787883
50,desc,baseline,3.0173939310659983
50,desc,baseline,2.8994065944644234
50,desc,task_id,1.3273794517075084
50,desc,task_id,6.674867454046195
50,desc,task_id,0.4064146769981356
50,desc,task_id,0.7072459502610489
50,desc,task_id,0.049916508570793994
50,desc,task_id,0.16472662786549064
50,desc,task_id,2.1177806300922164
50,desc,task_id,1.0979441227161866
50,desc,task_id,1.0490325089339034
50,desc,task_id,0.5356205177539852
50,desc,task_id,1.5856911318005693
50,desc,task_id,1.4424293054146866
50,desc,task_id,0.2511523082051115
50,desc,task_id,0.20449055435921792
50,desc,task_id,0.38813538234509504
50,desc,task_id,2.3669821864994836
50,desc,task_id,3.73134580835403
50,desc,task_id,3.048427392873413
50,desc,task_id,2.457249052479211
50,desc,task_id,0.22546956219619396
50,desc,task_id,0.1878844523724652
50,desc,task_id,0.49028664315990444
50,desc,task_id,1.7172487812928505
50,desc,task_id,1.2776890347660403
50,desc,task_id,2.205729278654224
50,desc,task_id,1.925604680473194
50,desc,task_id,0.5201994785126356
50,desc,task_id,0.301260770757692
50,desc,task_id,0.2741762908655603
50,desc,task_id,2.0565079072893786
50,desc,task_id,0.8471401253677495
50,desc,task_id,2.05523158747924
50,desc,task_id,0.46661708517634004
50,desc,task_id,1.5053915844191081
50,desc,llm_cls,1.2523003995740023
50,desc,llm_cls,5.963070253731335
50,desc,llm_cls,1.0438517436916044
50,desc,llm_cls,1.2666047900691249
50,desc,llm_cls,0.22882494935712927
50,desc,llm_cls,0.4430328443628908
50,desc,llm_cls,1.8827261095573453
50,desc,llm_cls,0.42799409053952964
50,desc,llm_cls,1.7116243111854645
50,desc,llm_cls,0.5501727950453681
50,desc,llm_cls,1.6667253620001135
50,desc,llm_cls,1.9181068196683695
50,desc,llm_cls,0.6106863828862386
50,desc,llm_cls,1.4311480164059605
50,desc,llm_cls,0.2607130867369847
50,desc,llm_cls,1.8722727945577633
50,desc,llm_cls,2.8788131312681973
50,desc,llm_cls,1.7492067864377976
50,desc,llm_cls,2.67340083016627
50,desc,llm_cls,0.2527298687007855
50,desc,llm_cls,1.469721591964083
50,desc,llm_cls,0.8032961191091967
50,desc,llm_cls,0.8234386268528393
50,desc,llm_cls,1.5484517906313897
50,desc,llm_cls,2.596593989722697
50,desc,llm_cls,1.5435366651165854
50,desc,llm_cls,0.2793703717204128
50,desc,llm_cls,0.3665600081040301
50,desc,llm_cls,0.19951974234638215
50,desc,llm_cls,1.2545006738241131
50,desc,llm_cls,1.4122093418518842
50,desc,llm_cls,1.6498045532200765
50,desc,llm_cls,0.8056051608846109
50,desc,llm_cls,1.174953978069083
50,desc,llm_mol_cls,1.004017038486603
50,desc,llm_mol_cls,5.715738870741546
50,desc,llm_mol_cls,0.8234088078490038
50,desc,llm_mol_cls,1.196434020085369
50,desc,llm_mol_cls,0.15527724014703326
50,desc,llm_mol_cls,0.4621116015268534
50,desc,llm_mol_cls,1.73628297801557
50,desc,llm_mol_cls,0.31545726071977587
50,desc,llm_mol_cls,1.809937911014436
50,desc,llm_mol_cls,0.07757446251171629
50,desc,llm_mol_cls,1.3828092297627776
50,desc,llm_mol_cls,1.8437867755578687
50,desc,llm_mol_cls,0.2039946226754088
50,desc,llm_mol_cls,1.9106486572564103
50,desc,llm_mol_cls,0.9259864810740672
50,desc,llm_mol_cls,1.5464719487567482
50,desc,llm_mol_cls,2.9788813285246265
50,desc,llm_mol_cls,0.4395098578501795
50,desc,llm_mol_cls,1.8327569784448192
50,desc,llm_mol_cls,0.2590034673423096
50,desc,llm_mol_cls,1.5946689154777989
50,desc,llm_mol_cls,0.74207239524101
50,desc,llm_mol_cls,0.610631917504342
50,desc,llm_mol_cls,0.6631270775093807
50,desc,llm_mol_cls,2.8834773509152747
50,desc,llm_mol_cls,0.7651027845636076
50,desc,llm_mol_cls,0.2809762790099084
50,desc,llm_mol_cls,0.17411429069465623
50,desc,llm_mol_cls,0.0664490701622249
50,desc,llm_mol_cls,1.259134293355329
50,desc,llm_mol_cls,1.28859790207256
50,desc,llm_mol_cls,1.2778324446181362
50,desc,llm_mol_cls,0.10159423583529748
50,desc,llm_mol_cls,1.0778106283937596
50,emb,baseline,2.9124037904942885
50,emb,baseline,3.8971486158641406
50,emb,baseline,1.9469276162833529
50,emb,baseline,3.79548958180807
50,emb,baseline,1.1830601320616143
50,emb,baseline,2.1450794970518308
50,emb,baseline,0.05774084932951906
50,emb,baseline,0.2957982164616988
50,emb,baseline,3.699170280650449
50,emb,baseline,0.0675098531704248
50,emb,baseline,0.7934889882556444
50,emb,baseline,1.1308616151670843
50,emb,baseline,0.8821628225610878
50,emb,baseline,3.062334594926309
50,emb,baseline,0.1476422712634411
50,emb,baseline,0.8063489169062503
50,emb,baseline,1.2433720854670574
50,emb,baseline,0.3902233773657695
50,emb,baseline,1.4989937133208988
50,emb,baseline,0.364364696336561
50,emb,baseline,1.9555462075546428
50,emb,baseline,2.730805421164513
50,emb,baseline,0.09683486456794776
50,emb,baseline,0.5439579726015467
50,emb,baseline,4.053710394756179
50,emb,baseline,0.30536252299712174
50,emb,baseline,3.221161521327233
50,emb,baseline,0.8103783246164578
50,emb,baseline,1.8080329387736191
50,emb,baseline,1.5605223624735407
50,emb,baseline,1.0134441063611814
50,emb,baseline,1.1298263284797265
50,emb,baseline,3.0847151866601825
50,emb,baseline,2.125082096796109
50,emb,task_id,1.4300472533861885
50,emb,task_id,7.328307646349809
50,emb,task_id,0.3831638197757856
50,emb,task_id,0.8173315083536861
50,emb,task_id,0.09477695229173433
50,emb,task_id,0.10757616316227914
50,emb,task_id,1.2920816088827802
50,emb,task_id,1.1544279077125799
50,emb,task_id,0.6846748045477531
50,emb,task_id,0.14343113194513712
50,emb,task_id,1.0265827957966347
50,emb,task_id,1.2592832963096896
50,emb,task_id,0.14122884457606588
50,emb,task_id,0.5456917399771548
50,emb,task_id,0.5946584226722751
50,emb,task_id,1.8845241759820586
50,emb,task_id,4.38125519878424
50,emb,task_id,2.785341845341387
50,emb,task_id,1.8523772122189004
50,emb,task_id,0.030118798271466574
50,emb,task_id,0.6460874640313437
50,emb,task_id,0.3187012977124897
50,emb,task_id,1.7546916324323343
50,emb,task_id,0.6655644077373022
50,emb,task_id,2.3011643773862414
50,emb,task_id,1.5459908336112234
50,emb,task_id,0.0698635506734
50,emb,task_id,0.1265480698057062
50,emb,task_id,0.03835083550926255
50,emb,task_id,1.9875025853814563
50,emb,task_id,0.0823778712166261
50,emb,task_id,2.722676726738806
50,emb,task_id,0.8108509193610178
50,emb,task_id,1.3537475531073797
50,emb,llm_cls,1.9937499641093654
50,emb,llm_cls,6.225937204751512
50,emb,llm_cls,1.3061958517459304
50,emb,llm_cls,1.131226614888766
50,emb,llm_cls,0.18731022204381942
50,emb,llm_cls,0.4494480261063609
50,emb,llm_cls,1.126579408551542
50,emb,llm_cls,0.25422328178855924
50,emb,llm_cls,2.1423375150821307
50,emb,llm_cls,0.16161925121726028
50,emb,llm_cls,0.708862128957616
50,emb,llm_cls,2.009028551173424
50,emb,llm_cls,0.21184103320953973
50,emb,llm_cls,1.3776655064078591
50,emb,llm_cls,0.3046622910861101
50,emb,llm_cls,1.258301260018393
50,emb,llm_cls,2.7884004742607367
50,emb,llm_cls,0.3915038230316856
50,emb,llm_cls,1.992242723600432
50,emb,llm_cls,0.19840316268695002
50,emb,llm_cls,1.2917882637188578
50,emb,llm_cls,0.8740572925755781
50,emb,llm_cls,0.7696725074296986
50,emb,llm_cls,0.7041989187261855
50,emb,llm_cls,2.7694734668746737
50,emb,llm_cls,0.03246950740827792
50,emb,llm_cls,0.09186686370467356
50,emb,llm_cls,0.5186682405608307
50,emb,llm_cls,0.005528391612617867
50,emb,llm_cls,1.6803736546862087
50,emb,llm_cls,1.0542913812194001
50,emb,llm_cls,1.440419967219852
50,emb,llm_cls,0.37936699341891744
50,emb,llm_cls,1.5088253280536836
50,emb,llm_mol_cls,1.004017038486603
50,emb,llm_mol_cls,5.715738870741546
50,emb,llm_mol_cls,0.8234088078490038
50,emb,llm_mol_cls,1.196434020085369
50,emb,llm_mol_cls,0.15527724014703326
50,emb,llm_mol_cls,0.4621116015268534
50,emb,llm_mol_cls,1.73628297801557
50,emb,llm_mol_cls,0.31545726071977587
50,emb,llm_mol_cls,1.809937911014436
50,emb,llm_mol_cls,0.07757446251171629
50,emb,llm_mol_cls,1.3828092297627776
50,emb,llm_mol_cls,1.8437867755578687
50,emb,llm_mol_cls,0.2039946226754088
50,emb,llm_mol_cls,1.9106486572564103
50,emb,llm_mol_cls,0.9259864810740672
50,emb,llm_mol_cls,1.5464719487567482
50,emb,llm_mol_cls,2.9788813285246265
50,emb,llm_mol_cls,0.4395098578501795
50,emb,llm_mol_cls,1.8327569784448192
50,emb,llm_mol_cls,0.2590034673423096
50,emb,llm_mol_cls,1.5946689154777989
50,emb,llm_mol_cls,0.74207239524101
50,emb,llm_mol_cls,0.610631917504342
50,emb,llm_mol_cls,0.6631270775093807
50,emb,llm_mol_cls,2.8834773509152747
50,emb,llm_mol_cls,0.7651027845636076
50,emb,llm_mol_cls,0.2809762790099084
50,emb,llm_mol_cls,0.17411429069465623
50,emb,llm_mol_cls,0.0664490701622249
50,emb,llm_mol_cls,1.259134293355329
50,emb,llm_mol_cls,1.28859790207256
50,emb,llm_mol_cls,1.2778324446181362
50,emb,llm_mol_cls,0.10159423583529748
50,emb,llm_mol_cls,1.0778106283937596
50,emb,hybrid,1.46005493300723
50,emb,hybrid,5.684918195911154
50,emb,hybrid,0.8696861249594474
50,emb,hybrid,0.9159987687673161
50,emb,hybrid,0.13004672277424945
50,emb,hybrid,0.6293487849755701
50,emb,hybrid,1.0301944707328712
50,emb,hybrid,0.2540733834606934
50,emb,hybrid,1.6532259462775976
50,emb,hybrid,0.015114830102810117
50,emb,hybrid,1.120273079956302
50,emb,hybrid,1.7335283633858105
50,emb,hybrid,0.298008733607003
50,emb,hybrid,1.598774509953067
50,emb,hybrid,0.47384005298466625
50,emb,hybrid,1.3431747325039551
50,emb,hybrid,2.493381704668201
50,emb,hybrid,0.034825983565506924
50,emb,hybrid,1.854755681126428
50,emb,hybrid,0.20207621010918064
50,emb,hybrid,1.1683557308246506
50,emb,hybrid,0.9708822925334468
50,emb,hybrid,0.3473478374616077
50,emb,hybrid,0.6762363044203057
50,emb,hybrid,2.924635350299673
50,emb,hybrid,0.4529984276289891
50,emb,hybrid,0.2670212119770694
50,emb,hybrid,0.3807502563946974
50,emb,hybrid,0.17276150735323137
50,emb,hybrid,1.0945786967195001
50,emb,hybrid,1.116522256532577
50,emb,hybrid,1.5601945479387358
50,emb,hybrid,0.036359771367123095
50,emb,hybrid,0.9936804650727868
60,molformer,baseline,2.9366727934523693
60,molformer,baseline,2.426668757864648
60,molformer,baseline,1.3332750592313123
60,molformer,baseline,0.8912463136948916
60,molformer,baseline,1.9103838715811046
60,molformer,baseline,1.29633204788428
60,molformer,baseline,4.49606851463083
60,molformer,baseline,2.300229793625855
60,molformer,baseline,1.3033399659608897
60,molformer,baseline,1.2135493259784336
60,molformer,baseline,3.709639814119143
60,molformer,baseline,1.671963241204951
60,molformer,baseline,1.626406331951053
60,molformer,baseline,3.141652359632541
60,molformer,baseline,0.35586230875199476
60,molformer,baseline,0.9705458003314851
60,molformer,baseline,0.9551983488540987
60,molformer,baseline,4.452297709622302
60,molformer,baseline,1.6416272758891761
60,molformer,baseline,1.295060609185044
60,molformer,baseline,0.5591715231571175
60,molformer,baseline,2.385155852734468
60,molformer,baseline,0.034531201073153106
60,molformer,baseline,3.009059374589839
60,molformer,baseline,0.055738260927367556
60,molformer,baseline,0.7682726781746005
60,molformer,baseline,3.0639666257395235
60,molformer,task_id,0.0634035258246648
60,molformer,task_id,2.1138307870305013
60,molformer,task_id,0.5598129981989537
60,molformer,task_id,0.07229983331714385
60,molformer,task_id,1.8018272986199761
60,molformer,task_id,0.3582853044694563
60,molformer,task_id,0.12043971251504137
60,molformer,task_id,4.77063718905914
60,molformer,task_id,0.7389661902317037
60,molformer,task_id,1.6778663582134707
60,molformer,task_id,7.956782812062708
60,molformer,task_id,1.0678226786566007
60,molformer,task_id,1.8606322877664536
60,molformer,task_id,1.35740512074765
60,molformer,task_id,0.18106638735912828
60,molformer,task_id,1.2611964564276557
60,molformer,task_id,0.006981142710982269
60,molformer,task_id,3.2243844088417197
60,molformer,task_id,2.3855717440684634
60,molformer,task_id,2.3615684312595935
60,molformer,task_id,0.3812727676790588
60,molformer,task_id,1.3296941108575329
60,molformer,task_id,1.5000233345032115
60,molformer,task_id,0.49895172736296356
60,molformer,task_id,1.0892199986395168
60,molformer,task_id,2.2262379205475167
60,molformer,task_id,0.528136517448786
60,molformer,llm_cls,1.2303437046049783
60,molformer,llm_cls,1.7658125416410662
60,molformer,llm_cls,0.3882721012168693
60,molformer,llm_cls,0.09480190860604765
60,molformer,llm_cls,1.15988254429596
60,molformer,llm_cls,0.2638408553188376
60,molformer,llm_cls,0.8461908489340155
60,molformer,llm_cls,3.5359812618342152
60,molformer,llm_cls,0.4935856385697548
60,molformer,llm_cls,1.6673074948568294
60,molformer,llm_cls,6.864667004299951
60,molformer,llm_cls,0.9253056378728894
60,molformer,llm_cls,2.4373531980150585
60,molformer,llm_cls,0.31795891731445325
60,molformer,llm_cls,0.2787355325250189
60,molformer,llm_cls,0.8919837024418191
60,molformer,llm_cls,0.12417451957692816
60,molformer,llm_cls,3.388798397709592
60,molformer,llm_cls,2.3234128527254354
60,molformer,llm_cls,1.2419868641793608
60,molformer,llm_cls,1.0455659602669467
60,molformer,llm_cls,1.444755089123865
60,molformer,llm_cls,1.0389843110497416
60,molformer,llm_cls,1.3823759418067256
60,molformer,llm_cls,1.0486051812306698
60,molformer,llm_cls,1.6790295167282423
60,molformer,llm_cls,0.5898310800241005
60,molformer,llm_mol_cls,2.196813423888927
60,molformer,llm_mol_cls,2.1910685185525423
60,molformer,llm_mol_cls,0.7418081881936613
60,molformer,llm_mol_cls,0.3295988785471704
60,molformer,llm_mol_cls,1.1927479730044173
60,molformer,llm_mol_cls,0.4115022959453549
60,molformer,llm_mol_cls,1.2145680459746742
60,molformer,llm_mol_cls,2.5069949860510667
60,molformer,llm_mol_cls,0.5269251436461753
60,molformer,llm_mol_cls,1.7295035504828342
60,molformer,llm_mol_cls,5.143461893518359
60,molformer,llm_mol_cls,0.9598442372089586
60,molformer,llm_mol_cls,2.7049221046841496
60,molformer,llm_mol_cls,0.3241389270009245
60,molformer,llm_mol_cls,0.24267246895907846
60,molformer,llm_mol_cls,0.8002787515608603
60,molformer,llm_mol_cls,0.12001083718842676
60,molformer,llm_mol_cls,3.765181833879991
60,molformer,llm_mol_cls,2.4917381828733376
60,molformer,llm_mol_cls,1.3148632807252287
60,molformer,llm_mol_cls,0.8146174857569919
60,molformer,llm_mol_cls,1.8236622157766336
60,molformer,llm_mol_cls,0.00879845720131378
60,molformer,llm_mol_cls,1.3394174135227694
60,molformer,llm_mol_cls,1.012721779515347
60,molformer,llm_mol_cls,0.6634935832415962
60,molformer,llm_mol_cls,0.07452968009258853
60,desc,baseline,2.852285837090881
60,desc,baseline,2.2680262100490887
60,desc,baseline,1.3547297910207723
60,desc,baseline,0.912717968368626
60,desc,baseline,2.725787862325107
60,desc,baseline,1.9918028913419734
60,desc,baseline,2.650873505139262
60,desc,baseline,2.3279967389199374
60,desc,baseline,0.5596765448768055
60,desc,baseline,1.1171431556467275
60,desc,baseline,5.266465025899567
60,desc,baseline,2.268496033992748
60,desc,baseline,1.7144742802084587
60,desc,baseline,3.4309665108547316
60,desc,baseline,0.8981425466939488
60,desc,baseline,2.2548222539818656
60,desc,baseline,1.0208964904947821
60,desc,baseline,3.599577357795867
60,desc,baseline,1.9506884796740838
60,desc,baseline,1.7563086322881016
60,desc,baseline,0.6572341537044473
60,desc,baseline,0.612603075485703
60,desc,baseline,0.6069732553429148
60,desc,baseline,2.905153603945214
60,desc,baseline,0.450824357776598
60,desc,baseline,1.1744181236202431
60,desc,baseline,3.601765684150654
60,desc,task_id,0.38289913386714236
60,desc,task_id,1.8189159806392468
60,desc,task_id,0.9103919093546109
60,desc,task_id,0.361581168480412
60,desc,task_id,1.912903499258297
60,desc,task_id,0.26947577904046405
60,desc,task_id,0.30394443661993176
60,desc,task_id,4.281780454679337
60,desc,task_id,0.6401635624985751
60,desc,task_id,1.5691448100642855
60,desc,task_id,7.403040918266157
60,desc,task_id,1.4270793286371548
60,desc,task_id,2.091898485340667
60,desc,task_id,1.023149193454647
60,desc,task_id,0.4760962186907749
60,desc,task_id,1.4076175299115588
60,desc,task_id,0.49208891798289667
60,desc,task_id,2.972165537958285
60,desc,task_id,2.7040575861114915
60,desc,task_id,2.493736872245708
60,desc,task_id,0.267950702897485
60,desc,task_id,0.742356074986485
60,desc,task_id,2.2913242032765204
60,desc,task_id,1.6854961972039924
60,desc,task_id,1.158262749939393
60,desc,task_id,2.94361580603604
60,desc,task_id,0.08841691353026793
60,desc,llm_cls,1.60545433810067
60,desc,llm_cls,1.4614750189653214
60,desc,llm_cls,0.06789394278935745
60,desc,llm_cls,0.2302542637302314
60,desc,llm_cls,1.2058703639304982
60,desc,llm_cls,0.08221022149677637
60,desc,llm_cls,0.9944633366945954
60,desc,llm_cls,3.434360437044389
60,desc,llm_cls,0.474512769297454
60,desc,llm_cls,1.9542648196820913
60,desc,llm_cls,6.250251426425498
60,desc,llm_cls,0.8125992430397115
60,desc,llm_cls,1.8188191457284493
60,desc,llm_cls,0.553764625958614
60,desc,llm_cls,0.55266129250976
60,desc,llm_cls,1.1945003952181366
60,desc,llm_cls,0.34916184432050557
60,desc,llm_cls,2.7034024056132937
60,desc,llm_cls,2.6230951503515323
60,desc,llm_cls,1.8390756407221547
60,desc,llm_cls,0.1716474410736617
60,desc,llm_cls,0.22657406477627795
60,desc,llm_cls,1.889879924159489
60,desc,llm_cls,1.5344048801312815
60,desc,llm_cls,1.1969642157233444
60,desc,llm_cls,2.366823276782082
60,desc,llm_cls,0.055949344688098535
60,desc,llm_mol_cls,2.196813423888927
60,desc,llm_mol_cls,2.1910685185525423
60,desc,llm_mol_cls,0.7418081881936613
60,desc,llm_mol_cls,0.3295988785471704
60,desc,llm_mol_cls,1.1927479730044173
60,desc,llm_mol_cls,0.4115022959453549
60,desc,llm_mol_cls,1.2145680459746742
60,desc,llm_mol_cls,2.5069949860510667
60,desc,llm_mol_cls,0.5269251436461753
60,desc,llm_mol_cls,1.7295035504828342
60,desc,llm_mol_cls,5.143461893518359
60,desc,llm_mol_cls,0.9598442372089586
60,desc,llm_mol_cls,2.7049221046841496
60,desc,llm_mol_cls,0.3241389270009245
60,desc,llm_mol_cls,0.24267246895907846
60,desc,llm_mol_cls,0.8002787515608603
60,desc,llm_mol_cls,0.12001083718842676
60,desc,llm_mol_cls,3.765181833879991
60,desc,llm_mol_cls,2.4917381828733376
60,desc,llm_mol_cls,1.3148632807252287
60,desc,llm_mol_cls,0.8146174857569919
60,desc,llm_mol_cls,1.8236622157766336
60,desc,llm_mol_cls,0.00879845720131378
60,desc,llm_mol_cls,1.3394174135227694
60,desc,llm_mol_cls,1.012721779515347
60,desc,llm_mol_cls,0.6634935832415962
60,desc,llm_mol_cls,0.07452968009258853
60,emb,baseline,3.4760248107541556
60,emb,baseline,2.4614696741241913
60,emb,baseline,1.0457071333936625
60,emb,baseline,1.2366879036610738
60,emb,baseline,1.4996735566614197
60,emb,baseline,1.0499448825473092
60,emb,baseline,4.001986630741978
60,emb,baseline,2.1873018124245367
60,emb,baseline,1.0156945005663958
60,emb,baseline,1.1443784364040974
60,emb,baseline,4.17567068540018
60,emb,baseline,1.675734703704415
60,emb,baseline,1.02093622291948
60,emb,baseline,2.8720674465488623
60,emb,baseline,0.13255926204984014
60,emb,baseline,0.5328082821823976
60,emb,baseline,0.631866459523831
60,emb,baseline,3.4880946701767037
60,emb,baseline,2.106150216045216
60,emb,baseline,1.215589819806464
60,emb,baseline,0.23220344597302156
60,emb,baseline,1.8791713103704661
60,emb,baseline,0.1306288588989002
60,emb,baseline,2.853414608465948
60,emb,baseline,0.0369258893651061
60,emb,baseline,0.3031144909628738
60,emb,baseline,3.4937195893952904
60,emb,task_id,0.5808115795348101
60,emb,task_id,1.9561017821888704
60,emb,task_id,0.8401465284152287
60,emb,task_id,0.15965747002080377
60,emb,task_id,1.7301524746274444
60,emb,task_id,0.22409056773819325
60,emb,task_id,0.4789311804044676
60,emb,task_id,4.745551578910367
60,emb,task_id,0.9264598218868825
60,emb,task_id,1.2341161269144925
60,emb,task_id,7.695083523209586
60,emb,task_id,1.283286943337088
60,emb,task_id,1.87774094608219
60,emb,task_id,1.054739267654659
60,emb,task_id,0.2174889955349828
60,emb,task_id,1.1696363106997731
60,emb,task_id,0.2623712979805308
60,emb,task_id,2.5114195807163524
60,emb,task_id,2.39652432116392
60,emb,task_id,2.3308758999594343
60,emb,task_id,0.4630763836729592
60,emb,task_id,0.8669751582770977
60,emb,task_id,1.1711695295521505
60,emb,task_id,1.4367140532827283
60,emb,task_id,1.356921909134885
60,emb,task_id,1.8908327187922769
60,emb,task_id,0.05967029480319752
60,emb,llm_cls,1.7937628593434312
60,emb,llm_cls,1.648018597895772
60,emb,llm_cls,0.18932172667843972
60,emb,llm_cls,0.22895329468679515
60,emb,llm_cls,1.2726488535893727
60,emb,llm_cls,0.3196656251104577
60,emb,llm_cls,0.9605093313384554
60,emb,llm_cls,3.145521382310216
60,emb,llm_cls,0.3940414889539898
60,emb,llm_cls,1.699083014136431
60,emb,llm_cls,6.427218518482369
60,emb,llm_cls,0.952743086634241
60,emb,llm_cls,1.6880196603727184
60,emb,llm_cls,0.03460535144886023
60,emb,llm_cls,0.3408760297640434
60,emb,llm_cls,0.7609797128662876
60,emb,llm_cls,0.08708542538475506
60,emb,llm_cls,3.2458092139815307
60,emb,llm_cls,2.5892117608910983
60,emb,llm_cls,1.604205401554541
60,emb,llm_cls,0.45892987488536097
60,emb,llm_cls,0.8596671294776725
60,emb,llm_cls,0.9853037668957967
60,emb,llm_cls,1.5752521821950851
60,emb,llm_cls,0.7096975660804405
60,emb,llm_cls,1.218351440899843
60,emb,llm_cls,0.09470212681928825
60,emb,llm_mol_cls,2.196813423888927
60,emb,llm_mol_cls,2.1910685185525423
60,emb,llm_mol_cls,0.7418081881936613
60,emb,llm_mol_cls,0.3295988785471704
60,emb,llm_mol_cls,1.1927479730044173
60,emb,llm_mol_cls,0.4115022959453549
60,emb,llm_mol_cls,1.2145680459746742
60,emb,llm_mol_cls,2.5069949860510667
60,emb,llm_mol_cls,0.5269251436461753
60,emb,llm_mol_cls,1.7295035504828342
60,emb,llm_mol_cls,5.143461893518359
60,emb,llm_mol_cls,0.9598442372089586
60,emb,llm_mol_cls,2.7049221046841496
60,emb,llm_mol_cls,0.3241389270009245
60,emb,llm_mol_cls,0.24267246895907846
60,emb,llm_mol_cls,0.8002787515608603
60,emb,llm_mol_cls,0.12001083718842676
60,emb,llm_mol_cls,3.765181833879991
60,emb,llm_mol_cls,2.4917381828733376
60,emb,llm_mol_cls,1.3148632807252287
60,emb,llm_mol_cls,0.8146174857569919
60,emb,llm_mol_cls,1.8236622157766336
60,emb,llm_mol_cls,0.00879845720131378
60,emb,llm_mol_cls,1.3394174135227694
60,emb,llm_mol_cls,1.012721779515347
60,emb,llm_mol_cls,0.6634935832415962
60,emb,llm_mol_cls,0.07452968009258853
60,emb,hybrid,1.1838013106909306
60,emb,hybrid,1.7733344678667105
60,emb,hybrid,0.5008501011104709
60,emb,hybrid,0.2629238319596121
60,emb,hybrid,1.0721606989436854
60,emb,hybrid,0.43374459347669214
60,emb,hybrid,1.2581354759542571
60,emb,hybrid,2.9657565834624977
60,emb,hybrid,0.3599157135048454
60,emb,hybrid,1.6433797831835415
60,emb,hybrid,5.61647888654694
60,emb,hybrid,0.8265389606958298
60,emb,hybrid,2.056446410787549
60,emb,hybrid,0.032810200852286364
60,emb,hybrid,0.2341740459537549
60,emb,hybrid,0.6829995319157769
60,emb,hybrid,0.1133246468229725
60,emb,hybrid,3.526048823780126
60,emb,hybrid,2.0478095710421367
60,emb,hybrid,1.5172921934869739
60,emb,hybrid,0.6821385539379476
60,emb,hybrid,1.5256258986444289
60,emb,hybrid,0.40542606889960986
60,emb,hybrid,0.903077302812072
60,emb,hybrid,0.9753018065047101
60,emb,hybrid,0.9227944789597036
60,emb,hybrid,0.10665129066040091
70,molformer,baseline,0.616852708733723
70,molformer,baseline,0.40374529680978455
70,molformer,baseline,0.9619532883693638
70,molformer,baseline,0.9838296544488232
70,molformer,baseline,2.88860178754738
70,molformer,baseline,3.7576639187178467
70,molformer,baseline,1.0947281830521947
70,molformer,baseline,3.250994471200693
70,molformer,baseline,1.6921770152854014
70,molformer,baseline,0.8397338046772322
70,molformer,baseline,0.7321390048311629
70,molformer,baseline,2.175401491234015
70,molformer,baseline,3.094442309458712
70,molformer,baseline,4.351014389447458
70,molformer,baseline,0.17892850768588175
70,molformer,baseline,0.4073446649635155
70,molformer,baseline,3.1235006376785663
70,molformer,baseline,0.8643496056593554
70,molformer,baseline,1.3968033669076174
70,molformer,baseline,0.052294420975635525
70,molformer,baseline,0.39996696596537284
70,molformer,task_id,1.6686195701460056
70,molformer,task_id,0.3019520823949753
70,molformer,task_id,0.009474303702849074
70,molformer,task_id,0.8460944406920179
70,molformer,task_id,0.8573443593815724
70,molformer,task_id,6.845179998872547
70,molformer,task_id,1.7341660703077908
70,molformer,task_id,0.1074317066179784
70,molformer,task_id,1.1544017504022648
70,molformer,task_id,0.265869733136201
70,molformer,task_id,0.6062975558459125
70,molformer,task_id,4.368852269029087
70,molformer,task_id,0.8791090490900917
70,molformer,task_id,0.8013832940301215
70,molformer,task_id,1.1125433684383879
70,molformer,task_id,2.6991661367662854
70,molformer,task_id,0.09498533450980418
70,molformer,task_id,1.7208258874104052
70,molformer,task_id,0.24474162990920778
70,molformer,task_id,0.6329185883232822
70,molformer,task_id,0.7382588408323847
70,molformer,llm_cls,0.8900337548874724
70,molformer,llm_cls,0.28670382155328866
70,molformer,llm_cls,0.2010520779071312
70,molformer,llm_cls,0.45984743585711607
70,molformer,llm_cls,1.3356585696353003
70,molformer,llm_cls,6.9457512595874
70,molformer,llm_cls,1.5266112573676782
70,molformer,llm_cls,0.3847639985588147
70,molformer,llm_cls,0.8311106931727439
70,molformer,llm_cls,0.33598914611160957
70,molformer,llm_cls,0.6497641093342379
70,molformer,llm_cls,3.5170248617834186
70,molformer,llm_cls,0.06408972106711364
70,molformer,llm_cls,0.9266997052243533
70,molformer,llm_cls,1.1405318531130035
70,molformer,llm_cls,1.7344717768411453
70,molformer,llm_cls,1.1188991481719999
70,molformer,llm_cls,1.3989824061161156
70,molformer,llm_cls,0.34572343017167473
70,molformer,llm_cls,0.99296285535011
70,molformer,llm_cls,0.8871193433789486
70,molformer,llm_mol_cls,1.07916914898564
70,molformer,llm_mol_cls,0.28099376193777736
70,molformer,llm_mol_cls,0.24119933031920082
70,molformer,llm_mol_cls,0.26206501704128193
70,molformer,llm_mol_cls,1.1549345207174522
70,molformer,llm_mol_cls,5.712815612882425
70,molformer,llm_mol_cls,1.4526993464331688
70,molformer,llm_mol_cls,0.42870861326193044
70,molformer,llm_mol_cls,1.0648524508843575
70,molformer,llm_mol_cls,0.20946828277772234
70,molformer,llm_mol_cls,0.5482320142162447
70,molformer,llm_mol_cls,2.7098096540856518
70,molformer,llm_mol_cls,0.020579736466497245
70,molformer,llm_mol_cls,1.1220618183624307
70,molformer,llm_mol_cls,0.3831118999438301
70,molformer,llm_mol_cls,0.20468285289892663
70,molformer,llm_mol_cls,2.034359395840461
70,molformer,llm_mol_cls,1.6241335164712605
70,molformer,llm_mol_cls,0.7696303895395689
70,molformer,llm_mol_cls,0.2659049993550382
70,molformer,llm_mol_cls,0.8677988931750833
70,desc,baseline,1.9699532575967793
70,desc,baseline,0.7903634361439673
70,desc,baseline,1.2807958968053033
70,desc,baseline,1.9776372504254045
70,desc,baseline,3.100738839353994
70,desc,baseline,5.321816841238192
70,desc,baseline,1.6623736584272004
70,desc,baseline,3.343751517242586
70,desc,baseline,2.5121497378874995
70,desc,baseline,0.830309567554127
70,desc,baseline,0.3151875033684173
70,desc,baseline,2.2948969325820254
70,desc,baseline,3.487832812510731
70,desc,baseline,3.1679940372934254
70,desc,baseline,0.5315774735616312
70,desc,baseline,1.145274125397381
70,desc,baseline,3.328263867835048
70,desc,baseline,1.0940974640121333
70,desc,baseline,1.5227180072967013
70,desc,baseline,0.8941964256121204
70,desc,baseline,0.9850497220412917
70,desc,task_id,1.9143353794570026
70,desc,task_id,0.6491169217081101
70,desc,task_id,0.20889516236045402
70,desc,task_id,0.5258033582894504
70,desc,task_id,1.4557404949696529
70,desc,task_id,6.565644095476669
70,desc,task_id,2.149721993688539
70,desc,task_id,0.22778350335696018
70,desc,task_id,1.2829925614160995
70,desc,task_id,0.7821858620422404
70,desc,task_id,0.11684266555039624
70,desc,task_id,4.0683972440453715
70,desc,task_id,1.0056365563925347
70,desc,task_id,0.8115097944803145
70,desc,task_id,1.740413357923936
70,desc,task_id,3.1718071195370845
70,desc,task_id,0.3759669080801302
70,desc,task_id,1.504828953341618
70,desc,task_id,0.04059262615608539
70,desc,task_id,1.129339259426021
70,desc,task_id,0.702649385554154
70,desc,llm_cls,1.4472943084773409
70,desc,llm_cls,0.7281299624830906
70,desc,llm_cls,0.2948481043672948
70,desc,llm_cls,0.5106427340431554
70,desc,llm_cls,0.9670348747031405
70,desc,llm_cls,6.454167358600814
70,desc,llm_cls,1.5224297788129966
70,desc,llm_cls,0.13368796261981686
70,desc,llm_cls,0.8726830695128349
70,desc,llm_cls,0.41535619572334603
70,desc,llm_cls,0.15479853974677082
70,desc,llm_cls,3.5554318803386327
70,desc,llm_cls,0.13036987985507809
70,desc,llm_cls,1.0559400200858868
70,desc,llm_cls,1.9585711931484457
70,desc,llm_cls,2.5241751585747867
70,desc,llm_cls,1.0196633310485481
70,desc,llm_cls,1.815237482849902
70,desc,llm_cls,0.4382168305162093
70,desc,llm_cls,1.0919120013281582
70,desc,llm_cls,1.0231927726883194
70,desc,llm_mol_cls,1.07916914898564
70,desc,llm_mol_cls,0.28099376193777736
70,desc,llm_mol_cls,0.24119933031920082
70,desc,llm_mol_cls,0.26206501704128193
70,desc,llm_mol_cls,1.1549345207174522
70,desc,llm_mol_cls,5.712815612882425
70,desc,llm_mol_cls,1.4526993464331688
70,desc,llm_mol_cls,0.42870861326193044
70,desc,llm_mol_cls,1.0648524508843575
70,desc,llm_mol_cls,0.20946828277772234
70,desc,llm_mol_cls,0.5482320142162447
70,desc,llm_mol_cls,2.7098096540856518
70,desc,llm_mol_cls,0.020579736466497245
70,desc,llm_mol_cls,1.1220618183624307
70,desc,llm_mol_cls,0.3831118999438301
70,desc,llm_mol_cls,0.20468285289892663
70,desc,llm_mol_cls,2.034359395840461
70,desc,llm_mol_cls,1.6241335164712605
70,desc,llm_mol_cls,0.7696303895395689
70,desc,llm_mol_cls,0.2659049993550382
70,desc,llm_mol_cls,0.8677988931750833
70,emb,baseline,0.29728734224753417
70,emb,baseline,0.040004825360785645
70,emb,baseline,1.6029239713880816
70,emb,baseline,1.424568341044543
70,emb,baseline,2.840977333860282
70,emb,baseline,4.296657256926638
70,emb,baseline,1.5900955420422664
70,emb,baseline,3.508916237388533
70,emb,baseline,1.1798508925854847
70,emb,baseline,0.7975426313111944
70,emb,baseline,0.12518477024885744
70,emb,baseline,1.8451908287176892
70,emb,baseline,2.9012522905785536
70,emb,baseline,3.887460683985422
70,emb,baseline,0.5101593627180927
70,emb,baseline,0.12494438932671859
70,emb,baseline,3.143526681798659
70,emb,baseline,1.0287253611043679
70,emb,baseline,0.755226657518719
70,emb,baseline,0.7228733228643811
70,emb,baseline,0.45076337342848594
70,emb,task_id,1.4526071361248398
70,emb,task_id,0.06578053933590589
70,emb,task_id,0.27412910295042403
70,emb,task_id,0.6697353952278404
70,emb,task_id,1.5238369714850228
70,emb,task_id,6.943248252383559
70,emb,task_id,1.885225591227878
70,emb,task_id,0.07920685542770123
70,emb,task_id,1.0952133196567928
70,emb,task_id,0.5495509267112091
70,emb,task_id,0.11885377579092138
70,emb,task_id,4.329289968621108
70,emb,task_id,1.2611971714497123
70,emb,task_id,0.695753663810307
70,emb,task_id,1.0537612963220937
70,emb,task_id,2.764717668610844
70,emb,task_id,1.0387491587932356
70,emb,task_id,1.3077334408742072
70,emb,task_id,0.024994288191908964
70,emb,task_id,1.011849881297981
70,emb,task_id,0.6354550244740209
70,emb,llm_cls,0.8477897577320173
70,emb,llm_cls,0.3599570403227368
70,emb,llm_cls,0.41108640007951847
70,emb,llm_cls,0.5352288078384189
70,emb,llm_cls,2.10740108219513
70,emb,llm_cls,5.989647693877107
70,emb,llm_cls,1.6104406311406922
70,emb,llm_cls,0.17291186192356633
70,emb,llm_cls,0.9247151328618379
70,emb,llm_cls,0.31258551598202544
70,emb,llm_cls,0.2780499494903783
70,emb,llm_cls,2.7757279717876218
70,emb,llm_cls,0.2515140643747569
70,emb,llm_cls,1.1475186722088537
70,emb,llm_cls,0.7998039742292526
70,emb,llm_cls,1.200771858315207
70,emb,llm_cls,1.7398115035394444
70,emb,llm_cls,1.5798228918311548
70,emb,llm_cls,0.40822299001733064
70,emb,llm_cls,0.7967104964406497
70,emb,llm_cls,0.7084224978053126
70,emb,llm_mol_cls,1.07916914898564
70,emb,llm_mol_cls,0.28099376193777736
70,emb,llm_mol_cls,0.24119933031920082
70,emb,llm_mol_cls,0.26206501704128193
70,emb,llm_mol_cls,1.1549345207174522
70,emb,llm_mol_cls,5.712815612882425
70,emb,llm_mol_cls,1.4526993464331688
70,emb,llm_mol_cls,0.42870861326193044
70,emb,llm_mol_cls,1.0648524508843575
70,emb,llm_mol_cls,0.20946828277772234
70,emb,llm_mol_cls,0.5482320142162447
70,emb,llm_mol_cls,2.7098096540856518
70,emb,llm_mol_cls,0.020579736466497245
70,emb,llm_mol_cls,1.1220618183624307
70,emb,llm_mol_cls,0.3831118999438301
70,emb,llm_mol_cls,0.20468285289892663
70,emb,llm_mol_cls,2.034359395840461
70,emb,llm_mol_cls,1.6241335164712605
70,emb,llm_mol_cls,0.7696303895395689
70,emb,llm_mol_cls,0.2659049993550382
70,emb,llm_mol_cls,0.8677988931750833
70,emb,hybrid,0.7003185600565036
70,emb,hybrid,0.19584787805987602
70,emb,hybrid,0.26648264642392405
70,emb,hybrid,0.5573424972927676
70,emb,hybrid,1.5556961155180713
70,emb,hybrid,5.682438680417437
70,emb,hybrid,1.620780777652814
70,emb,hybrid,0.07430592961863525
70,emb,hybrid,1.0089305172091922
70,emb,hybrid,0.3268895141159964
70,emb,hybrid,0.22448267299958435
70,emb,hybrid,3.0152795551279428
70,emb,hybrid,0.1901209949510303
70,emb,hybrid,1.1614145371832048
70,emb,hybrid,0.44877597303950534
70,emb,hybrid,0.9541640624654502
70,emb,hybrid,1.676577093018576
70,emb,hybrid,1.5192562707109727
70,emb,hybrid,0.42919755532386095
70,emb,hybrid,0.5734110564424924
70,emb,hybrid,0.5763159304398187
80,molformer,baseline,5.65776060402314
80,molformer,baseline,3.104280226131112
80,molformer,baseline,2.0208725338615414
80,molformer,baseline,0.3983609630606746
80,molformer,baseline,3.275775118145274
80,molformer,baseline,3.057392329713408
80,molformer,baseline,0.9466823667645097
80,molformer,baseline,1.1886462512377576
80,molformer,baseline,1.1468821105892704
80,molformer,baseline,0.04135934705053401
80,molformer,baseline,0.8787621915506811
80,molformer,baseline,3.187699545368617
80,molformer,baseline,2.09150216785691
80,molformer,baseline,1.0781978922885447
80,molformer,task_id,8.71641101260396
80,molformer,task_id,0.361481289805452
80,molformer,task_id,4.89261245987575
80,molformer,task_id,0.7281264243781815
80,molformer,task_id,1.2469005335607566
80,molformer,task_id,0.23494726059905302
80,molformer,task_id,0.13119636970176085
80,molformer,task_id,1.5122620061736836
80,molformer,task_id,1.62300221923367
80,molformer,task_id,0.16238292560299294
80,molformer,task_id,0.9983783178089531
80,molformer,task_id,0.6314356656533109
80,molformer,task_id,0.9917786236689254
80,molformer,task_id,0.032854352975648204
80,molformer,llm_cls,7.044165203189099
80,molformer,llm_cls,0.6382937222160399
80,molformer,llm_cls,3.585982505775731
80,molformer,llm_cls,0.7758006053949613
80,molformer,llm_cls,0.11411054552541966
80,molformer,llm_cls,1.2996925242090396
80,molformer,llm_cls,0.45587402921654663
80,molformer,llm_cls,1.4384456222740805
80,molformer,llm_cls,0.7383800448240878
80,molformer,llm_cls,0.28461906988258256
80,molformer,llm_cls,0.45076493528907857
80,molformer,llm_cls,0.856994138276832
80,molformer,llm_cls,0.7159629739902567
80,molformer,llm_cls,0.6908900154019495
80,molformer,llm_mol_cls,6.5325826652654575
80,molformer,llm_mol_cls,1.4888302213053484
80,molformer,llm_mol_cls,3.1992461250309834
80,molformer,llm_mol_cls,0.5580635303096557
80,molformer,llm_mol_cls,0.5066343887328442
80,molformer,llm_mol_cls,0.8399480866085964
80,molformer,llm_mol_cls,0.5968660993007302
80,molformer,llm_mol_cls,1.4427434760731543
80,molformer,llm_mol_cls,1.2375845960786496
80,molformer,llm_mol_cls,0.1323956814288243
80,molformer,llm_mol_cls,0.5220421397516404
80,molformer,llm_mol_cls,0.33391980270449206
80,molformer,llm_mol_cls,1.0955443068126165
80,molformer,llm_mol_cls,0.7313053108474996
80,desc,baseline,6.120191117097959
80,desc,baseline,3.0296203447946657
80,desc,baseline,2.1711042051744633
80,desc,baseline,1.0053316722884067
80,desc,baseline,3.1313220798512718
80,desc,baseline,2.851073462949317
80,desc,baseline,1.932148606695093
80,desc,baseline,1.2251450186560673
80,desc,baseline,2.0094452780556793
80,desc,baseline,1.085125873253884
80,desc,baseline,1.1186593900934403
80,desc,baseline,3.346185409652186
80,desc,baseline,2.665107441807079
80,desc,baseline,1.4152775053642075
80,desc,task_id,7.576894814881024
80,desc,task_id,0.06104008851756859
80,desc,task_id,3.947929061785435
80,desc,task_id,1.1655517818166987
80,desc,task_id,0.7299707266738871
80,desc,task_id,0.7772492625047969
80,desc,task_id,0.2567367879090363
80,desc,task_id,1.3021842617795176
80,desc,task_id,1.861004423313883
80,desc,task_id,0.35832942912798504
80,desc,task_id,1.1262026646758994
80,desc,task_id,0.06379755999067349
80,desc,task_id,1.1420698996548238
80,desc,task_id,0.03787974053756926
80,desc,llm_cls,6.460974630705152
80,desc,llm_cls,1.5389394874719038
80,desc,llm_cls,3.0739757005466486
80,desc,llm_cls,1.225698749525571
80,desc,llm_cls,0.2500871260075459
80,desc,llm_cls,1.301525655131702
80,desc,llm_cls,0.46741873069741713
80,desc,llm_cls,1.883639393978772
80,desc,llm_cls,1.1295093535919447
80,desc,llm_cls,0.5141423910319194
80,desc,llm_cls,0.906500753127859
80,desc,llm_cls,0.17643125446158336
80,desc,llm_cls,0.8546331806714349
80,desc,llm_cls,0.6988152640976768
80,desc,llm_mol_cls,6.5325826652654575
80,desc,llm_mol_cls,1.4888302213053484
80,desc,llm_mol_cls,3.1992461250309834
80,desc,llm_mol_cls,0.5580635303096557
80,desc,llm_mol_cls,0.5066343887328442
80,desc,llm_mol_cls,0.8399480866085964
80,desc,llm_mol_cls,0.5968660993007302
80,desc,llm_mol_cls,1.4427434760731543
80,desc,llm_mol_cls,1.2375845960786496
80,desc,llm_mol_cls,0.1323956814288243
80,desc,llm_mol_cls,0.5220421397516404
80,desc,llm_mol_cls,0.33391980270449206
80,desc,llm_mol_cls,1.0955443068126165
80,desc,llm_mol_cls,0.7313053108474996
80,emb,baseline,5.610677711998397
80,emb,baseline,3.472608360036736
80,emb,baseline,2.0253441428107646
80,emb,baseline,0.32719372690871484
80,emb,baseline,3.248092902668454
80,emb,baseline,3.0296410953210287
80,emb,baseline,1.2364785167360295
80,emb,baseline,1.0018052393580898
80,emb,baseline,1.0622455304200127
80,emb,baseline,0.2311646582837752
80,emb,baseline,0.7068123380452613
80,emb,baseline,3.333166795885334
80,emb,baseline,1.6845039585262533
80,emb,baseline,1.05495786901758
80,emb,task_id,8.477610373066497
80,emb,task_id,0.4874083787509278
80,emb,task_id,4.406393164086033
80,emb,task_id,0.4418017107540857
80,emb,task_id,0.9538139371495511
80,emb,task_id,1.0359062825942056
80,emb,task_id,0.258591135616868
80,emb,task_id,1.3283828210197353
80,emb,task_id,1.4024314308502026
80,emb,task_id,0.24088709319807755
80,emb,task_id,0.8849347812474564
80,emb,task_id,0.41655661286438495
80,emb,task_id,1.2623576388493838
80,emb,task_id,0.25292130173331984
80,emb,llm_cls,6.5866912645856495
80,emb,llm_cls,2.0152753584729672
80,emb,llm_cls,3.0643830850694433
80,emb,llm_cls,0.5039334365722199
80,emb,llm_cls,0.05243939319443314
80,emb,llm_cls,2.0254828027726592
80,emb,llm_cls,0.40178974699430325
80,emb,llm_cls,1.5938148603452844
80,emb,llm_cls,0.7917017864140155
80,emb,llm_cls,0.14497735357293973
80,emb,llm_cls,0.2950178139155648
80,emb,llm_cls,0.01079037126992688
80,emb,llm_cls,1.0858301818306408
80,emb,llm_cls,0.6519250478162775
80,emb,llm_mol_cls,6.5325826652654575
80,emb,llm_mol_cls,1.4888302213053484
80,emb,llm_mol_cls,3.1992461250309834
80,emb,llm_mol_cls,0.5580635303096557
80,emb,llm_mol_cls,0.5066343887328442
80,emb,llm_mol_cls,0.8399480866085964
80,emb,llm_mol_cls,0.5968660993007302
80,emb,llm_mol_cls,1.4427434760731543
80,emb,llm_mol_cls,1.2375845960786496
80,emb,llm_mol_cls,0.1323956814288243
80,emb,llm_mol_cls,0.5220421397516404
80,emb,llm_mol_cls,0.33391980270449206
80,emb,llm_mol_cls,1.0955443068126165
80,emb,llm_mol_cls,0.7313053108474996
80,emb,hybrid,6.438876553133531
80,emb,hybrid,1.334147980024131
80,emb,hybrid,3.0271101249482077
80,emb,hybrid,0.5695225281283007
80,emb,hybrid,0.03899674000265296
80,emb,hybrid,1.3962142814670893
80,emb,hybrid,0.5098186901337947
80,emb,hybrid,1.5540429079034443
80,emb,hybrid,0.8080704295620915
80,emb,hybrid,0.15710325326925823
80,emb,hybrid,0.4117107923175425
80,emb,hybrid,0.2613802288585081
80,emb,hybrid,0.969693174834541
80,emb,hybrid,0.610732790276054
90,molformer,baseline,1.6110847790593885
90,molformer,baseline,1.8067192061729014
90,molformer,baseline,1.5732119617072513
90,molformer,baseline,2.856122617135666
90,molformer,baseline,1.4710583651279556
90,molformer,baseline,2.1633948954587736
90,molformer,baseline,0.8978948702336087
90,molformer,task_id,0.18834900079393435
90,molformer,task_id,1.6378859146012932
90,molformer,task_id,1.7813427060925182
90,molformer,task_id,0.011427950293885658
90,molformer,task_id,1.5409108067001585
90,molformer,task_id,4.033328991335084
90,molformer,task_id,0.4412609796746505
90,molformer,llm_cls,0.8301640162920236
90,molformer,llm_cls,1.4127541031425404
90,molformer,llm_cls,2.0303523907408163
90,molformer,llm_cls,0.9107044209234774
90,molformer,llm_cls,0.7097807219975802
90,molformer,llm_cls,0.22967943870883545
90,molformer,llm_cls,0.47402366066890345
90,molformer,llm_mol_cls,0.890243716019758
90,molformer,llm_mol_cls,1.455884656529999
90,molformer,llm_mol_cls,1.5546675614433783
90,molformer,llm_mol_cls,1.904119646837187
90,molformer,llm_mol_cls,0.9542734973326894
90,molformer,llm_mol_cls,0.3058105756544167
90,molformer,llm_mol_cls,0.5964629047826895
90,desc,baseline,1.307436040126349
90,desc,baseline,2.333605537748245
90,desc,baseline,1.9161882487864157
90,desc,baseline,2.491320003985915
90,desc,baseline,1.86825202670156
90,desc,baseline,2.218311486443702
90,desc,baseline,0.7165629190148488
90,desc,task_id,0.15106896923935142
90,desc,task_id,1.6351650613102668
90,desc,task_id,2.4800304484709605
90,desc,task_id,0.04555092935481131
90,desc,task_id,1.5575659893823852
90,desc,task_id,3.53768555932506
90,desc,task_id,1.105907986284345
90,desc,llm_cls,0.8839352282317234
90,desc,llm_cls,1.629121375737284
90,desc,llm_cls,2.6341996571306514
90,desc,llm_cls,0.9658787290362856
90,desc,llm_cls,0.6052882539058135
90,desc,llm_cls,1.2270030243299184
90,desc,llm_cls,0.7209931778085741
90,desc,llm_mol_cls,0.890243716019758
90,desc,llm_mol_cls,1.455884656529999
90,desc,llm_mol_cls,1.5546675614433783
90,desc,llm_mol_cls,1.904119646837187
90,desc,llm_mol_cls,0.9542734973326894
90,desc,llm_mol_cls,0.3058105756544167
90,desc,llm_mol_cls,0.5964629047826895
90,emb,baseline,0.9752938759653045
90,emb,baseline,1.557475620736674
90,emb,baseline,1.5553826892641087
90,emb,baseline,3.6909296243286915
90,emb,baseline,1.3550124647591666
90,emb,baseline,1.9832121517583992
90,emb,baseline,0.927421447408797
90,emb,task_id,0.42136933602896676
90,emb,task_id,1.7549607594436605
90,emb,task_id,2.3179659541922732
90,emb,task_id,0.12964984780804656
90,emb,task_id,1.4862691526038754
90,emb,task_id,3.8061818737607496
90,emb,task_id,0.7711824182456342
90,emb,llm_cls,0.5773901119686764
90,emb,llm_cls,1.3139060079590643
90,emb,llm_cls,2.1739299355190913
90,emb,llm_cls,1.1790849959275063
90,emb,llm_cls,0.9678539161663782
90,emb,llm_cls,0.10854465273124347
90,emb,llm_cls,0.6200281560344525
90,emb,llm_mol_cls,0.890243716019758
90,emb,llm_mol_cls,1.455884656529999
90,emb,llm_mol_cls,1.5546675614433783
90,emb,llm_mol_cls,1.904119646837187
90,emb,llm_mol_cls,0.9542734973326894
90,emb,llm_mol_cls,0.3058105756544167
90,emb,llm_mol_cls,0.5964629047826895
90,emb,hybrid,0.7586677929491668
90,emb,hybrid,1.0801908829747986
90,emb,hybrid,1.5705247828732132
90,emb,hybrid,1.274271013691557
90,emb,hybrid,0.7754185847185155
90,emb,hybrid,0.589691966123028
90,emb,hybrid,0.7020535819927511
