CC1=CC=C(S(=O)(=O)NCCC(=O)N2CCCC2)C(C)=C1N(C)S(C)(=O)=O,C(CCO)(CCCO)CCCCCCCCCCCCCCC,0.046153846153846156,0.2755211655582002
CC1=CC=C(S(=O)(=O)NCCC(=O)N2CCCC2)C(C)=C1N(C)S(C)(=O)=O,C(CCO)(CCCO)CCCCCCCCCCCCCCC,0.046153846153846156,0.2755211655582002
CC1=CC=C(S(=O)(=O)NCCC(=O)N2CCCC2)C(C)=C1N(C)S(C)(=O)=O,,0.0,0.0
CC1=CC=C(S(=O)(=O)NCCC(=O)N2CCCC2)C(C)=C1N(C)S(C)(=O)=O,C(CCO)(CCCO)CCCCCCCCCCCCCCC,0.046153846153846156,0.2755211655582002
CC1=CC=C(S(=O)(=O)NCCC(=O)N2CCCC2)C(C)=C1N(C)S(C)(=O)=O,,0.0,0.0
CC1=CC=C(S(=O)(=O)NCCC(=O)N2CCCC2)C(C)=C1N(C)S(C)(=O)=O,C(CCO)(CCCO)CCCCCCCCCCCCCCC,0.046153846153846156,0.2755211655582002
CC1=CC=C(S(=O)(=O)NCCC(=O)N2CCCC2)C(C)=C1N(C)S(C)(=O)=O,,0.0,0.0
CC1=CC=C(S(=O)(=O)NCCC(=O)N2CCCC2)C(C)=C1N(C)S(C)(=O)=O,,0.0,0.0
CC1=CC=C(S(=O)(=O)NCCC(=O)N2CCCC2)C(C)=C1N(C)S(C)(=O)=O,C(CCO)(CCO)CCCCCCCCCCCCCC,0.047619047619047616,0.35019238251768403
CC1=CC=C(S(=O)(=O)NCCC(=O)N2CCCC2)C(C)=C1N(C)S(C)(=O)=O,,0.0,0.0
CC1=CC=C(S(=O)(=O)NCCC(=O)N2CCCC2)C(C)=C1N(C)S(C)(=O)=O,C(CCO)(CCCO)CCCCCCCCCCCCCCC,0.046153846153846156,0.2755211655582002
CC1=CC=C(S(=O)(=O)NCCC(=O)N2CCCC2)C(C)=C1N(C)S(C)(=O)=O,,0.0,0.0
CC1=CC=C(S(=O)(=O)NCCC(=O)N2CCCC2)C(C)=C1N(C)S(C)(=O)=O,,0.0,0.0
CC1=CC=C(S(=O)(=O)NCCC(=O)N2CCCC2)C(C)=C1N(C)S(C)(=O)=O,C(CCO)(CCCO)CCCCCCCCCCCCCCC,0.046153846153846156,0.2755211655582002
CC1=CC=C(S(=O)(=O)NCCC(=O)N2CCCC2)C(C)=C1N(C)S(C)(=O)=O,,0.0,0.0
CC1=CC=C(S(=O)(=O)NCCC(=O)N2CCCC2)C(C)=C1N(C)S(C)(=O)=O,C(CCO)(CCCO)CCCCCCCCCCCCCCC,0.046153846153846156,0.2755211655582002
CC1=CC=C(S(=O)(=O)NCCC(=O)N2CCCC2)C(C)=C1N(C)S(C)(=O)=O,,0.0,0.0
CC1=CC=C(S(=O)(=O)NCCC(=O)N2CCCC2)C(C)=C1N(C)S(C)(=O)=O,,0.0,0.0
CC1=CC=C(S(=O)(=O)NCCC(=O)N2CCCC2)C(C)=C1N(C)S(C)(=O)=O,,0.0,0.0
CC1=CC=C(S(=O)(=O)NCCC(=O)N2CCCC2)C(C)=C1N(C)S(C)(=O)=O,C(CCO)(CCCO)CCCCCCCCCCCCCCC,0.046153846153846156,0.2755211655582002
CC1=CC=CN=C1CC(Cl)C1=COC=C1,C(C)(CCCCCCCCCCC(OC)=O)CC2=CC=C(C(C)(C)C)C=N2,0.13043478260869565,0.2867045462379988
CC1=CC=CN=C1CC(Cl)C1=COC=C1,,0.0,0.0
CC1=CC=CN=C1CC(Cl)C1=COC=C1,,0.0,0.0
CC1=CC=CN=C1CC(Cl)C1=COC=C1,,0.0,0.0
CC1=CC=CN=C1CC(Cl)C1=COC=C1,C(C)(CCCCCCCCCCC(OC)=O)CC2=CC=C(C(C)(C)C)C=N2,0.13043478260869565,0.2867045462379988
CC1=CC=CN=C1CC(Cl)C1=COC=C1,CCCCCCCCCCCC(OC1=NC=CC=C1)=O,0.1724137931034483,0.4260075772364941
CC1=CC=CN=C1CC(Cl)C1=COC=C1,C(C)(CCCCCCCCCCC(OC)=O)CC2=CC=C(C(C)(C)C)C=N2,0.13043478260869565,0.2867045462379988
CC1=CC=CN=C1CC(Cl)C1=COC=C1,C(C)(CCCCCCCCCCC(OC)=O)CC2=CC=C(C(C)(C)C)C=N2,0.13043478260869565,0.2867045462379988
CC1=CC=CN=C1CC(Cl)C1=COC=C1,C(C)(CCCCCCCCCCC(OC)=O)CC2=CC=C(C(C)(C)C)C=N2,0.13043478260869565,0.2867045462379988
CC1=CC=CN=C1CC(Cl)C1=COC=C1,C(CCCCCCCCCCC(OC)=O)(CCCCCCCCCCCC)CC1=CC=CC=C1,0.125,0.11041371294689735
CC1=CC=CN=C1CC(Cl)C1=COC=C1,C(C)(CCCCCCCCCCC(OC)=O)CC2=CC=C(C(C)(C)C)C=N2,0.13043478260869565,0.2867045462379988
CC1=CC=CN=C1CC(Cl)C1=COC=C1,C(C)(CCCCCCCCCCC(OC)=O)CC2=CC=C(C(C)(C)C)C=N2,0.13043478260869565,0.2867045462379988
CC1=CC=CN=C1CC(Cl)C1=COC=C1,C(C)(CCCCCCCCCCC(OC)=O)CC2=CC=C(C(C)(C)C)C=N2,0.13043478260869565,0.2867045462379988
CC1=CC=CN=C1CC(Cl)C1=COC=C1,CCCCCCCCCCCC(OC1=NC=CC=C1)=O,0.1724137931034483,0.4260075772364941
CC1=CC=CN=C1CC(Cl)C1=COC=C1,C(CCO)(CCO)CCCCCCCCCCSC1=NN=C(O1)C2=CC=C(C(C)(C)C)C=N2,0.12,0.20069412505516868
CC1=CC=CN=C1CC(Cl)C1=COC=C1,C(CCCCCCCCCCC(OC)=O)(CCCCCCCCCCC(OC)=O)CC2=CC=C(C(C)(C)C)C=N2,0.1323529411764706,0.09313360760418829
CC1=CC=CN=C1CC(Cl)C1=COC=C1,C(CCO)(CCO)CCCCCCCCCCSC1=NN=C(O1)C2=CC=C(C(C)(C)C)C=N2,0.12,0.20069412505516868
CC1=CC=CN=C1CC(Cl)C1=COC=C1,C(C)(CCCCCCCCCCC(OC)=O)CC2=CC=C(C(C)(C)C)C=N2,0.13043478260869565,0.2867045462379988
CC1=CC=CN=C1CC(Cl)C1=COC=C1,C(C)(CCCCCCCCCCC(OC)=O)CC2=CC=C(C(C)(C)C)C=N2,0.13043478260869565,0.2867045462379988
CC1=CC=CN=C1CC(Cl)C1=COC=C1,C(C)(CCCCCCCCCCC(OC)=O)CC2=CC=C(C(C)(C)C)C=N2,0.13043478260869565,0.2867045462379988
CC1=NN=C(SC(C)C(=O)N2CCOCC2)N1C,CC1=C2C(COC(C)(C)O2)=C(C(CC3=C(COC(C)(C)O4)C4=C(C)N=C3)(C)C)C=N1,0.08695652173913043,0.714208444238621
CC1=NN=C(SC(C)C(=O)N2CCOCC2)N1C,CC1=C2C(COC(C)(C)O2)=C(C(CC3=C(COC(C)(C)O4)C4=C(C)N=C3)(C)C)C=N1,0.08695652173913043,0.714208444238621
CC1=NN=C(SC(C)C(=O)N2CCOCC2)N1C,CC1=C2C(COC(C)(C)O2)=C(C(CC3=C(COC(C)(C)O4)C4=C(C)N=C3)(C)C)C=N1,0.08695652173913043,0.714208444238621
CC1=NN=C(SC(C)C(=O)N2CCOCC2)N1C,CC1=C2C(COC(C)(C)O2)=C(C(CC3=C(COC(C)(C)O4)C4=C(C)N=C3)(C)C)C=N1,0.08695652173913043,0.714208444238621
CC1=NN=C(SC(C)C(=O)N2CCOCC2)N1C,CC1=C2C(COC(C)(C)O2)=C(C(CC3=C(COC(C)(C)O4)C4=C(C)N=C3)(C)C)C=N1,0.08695652173913043,0.714208444238621
CC1=NN=C(SC(C)C(=O)N2CCOCC2)N1C,CC1=C2C(COC(C)(C)O2)=C(C(CC3=C(COC(C)(C)O4)C4=C(C)N=C3)(C)C)C=N1,0.08695652173913043,0.714208444238621
CC1=NN=C(SC(C)C(=O)N2CCOCC2)N1C,CC1=C2C(COC(C)(C)O2)=C(C(CC3=C(COC(C)(C)O4)C4=C(C)N=C3)(C)C)C=N1,0.08695652173913043,0.714208444238621
CC1=NN=C(SC(C)C(=O)N2CCOCC2)N1C,CC1=C2C(COC(CCC)O2)=C(C(CC3=C(COC(C)(C)O4)C4=C(C)N=C3)(C)C)C=N1,0.07317073170731707,0.6469640220350343
CC1=NN=C(SC(C)C(=O)N2CCOCC2)N1C,CC1=C2C(COC(C)(C)O2)=C(C(CC3=C(COC(C)(C)O4)C4=C(C)N=C3)(C)C)C=N1,0.08695652173913043,0.714208444238621
CC1=NN=C(SC(C)C(=O)N2CCOCC2)N1C,CC1=C2C(COC(C)(C)O2)=C(C(CC3=C(COC(C)(C)O4)C4=C(C)N=C3)(C)C)C=N1,0.08695652173913043,0.714208444238621
CC1=NN=C(SC(C)C(=O)N2CCOCC2)N1C,CC1=C2C(COC(C)(C)O2)=C(C(CC3=C(COC(C)(C)O4)C4=C(C)N=C3)(C)C)C=N1,0.08695652173913043,0.714208444238621
CC1=NN=C(SC(C)C(=O)N2CCOCC2)N1C,CC1=C2C(COC(C)(C)O2)=C(C(CC3=C(COC(C)(C)O4)C4=C(C)N=C3)(C)C)C=N1,0.08695652173913043,0.714208444238621
CC1=NN=C(SC(C)C(=O)N2CCOCC2)N1C,CC1=C2C(COC(C)(C)O2)=C(C(CC3=C(COC(C)(C)O4)C4=C(C)N=C3)(C)C)C=N1,0.08695652173913043,0.714208444238621
CC1=NN=C(SC(C)C(=O)N2CCOCC2)N1C,CC1=C2C(COC(C)(C)O2)=C(C(CC3=C(COC(C)(C)O4)C4=C(C)N=C3)(C)C)C=N1,0.08695652173913043,0.714208444238621
CC1=NN=C(SC(C)C(=O)N2CCOCC2)N1C,CC1=C2C(COC(C)(C)O2)=C(C(CC3=C(COC(C)(C)O4)C4=C(C)N=C3)(C)C)C=N1,0.08695652173913043,0.714208444238621
CC1=NN=C(SC(C)C(=O)N2CCOCC2)N1C,CC1=C2C(COC(CCC)O2)=C(C(CC3=C(COC(C)(C)O4)C4=C(C)N=C3)(C)C)C=N1,0.07317073170731707,0.6469640220350343
CC1=NN=C(SC(C)C(=O)N2CCOCC2)N1C,CC1=C2C(COC(C)(C)O2)=C(C(CC3=C(COC(C)(C)O4)C4=C(C)N=C3)(C)C)C=N1,0.08695652173913043,0.714208444238621
CC1=NN=C(SC(C)C(=O)N2CCOCC2)N1C,CC1=C2C(COC(C)(C)O2)=C(C(CC3=C(COC(C)(C)O4)C4=C(C)N=C3)(C)C)C=N1,0.08695652173913043,0.714208444238621
CC1=NN=C(SC(C)C(=O)N2CCOCC2)N1C,CC1=C2C(COC(C)(C)O2)=C(C(CC3=C(COC(C)(C)O4)C4=C(C)N=C3)(C)C)C=N1,0.08695652173913043,0.714208444238621
CC1=NN=C(SC(C)C(=O)N2CCOCC2)N1C,CC1=C2C(COC(C)(C)O2)=C(C(CC3=C(COC(C)(C)O4)C4=C(C)N=C3)(C)C)C=N1,0.08695652173913043,0.714208444238621
O=C(OCC1=CC=CC=N1)C1=CC=CC(S(=O)(=O)N2CCCCCC2)=C1,C(CCCCCCCCCCCC)(C)CC2=CC=C(C(C)(C)C)C=N2,0.09333333333333334,0.3313537151214166
O=C(OCC1=CC=CC=N1)C1=CC=CC(S(=O)(=O)N2CCCCCC2)=C1,C(CCO)(CCO)CCCCCCCCCCSC1=NC(C=CC=CC=C1)=O,0.07692307692307693,0.365225366025162
O=C(OCC1=CC=CC=N1)C1=CC=CC(S(=O)(=O)N2CCCCCC2)=C1,C(CCCCCCCCCCCC)(C)CC2=CC=C(C(C)(C)C)C=N2,0.09333333333333334,0.3313537151214166
O=C(OCC1=CC=CC=N1)C1=CC=CC(S(=O)(=O)N2CCCCCC2)=C1,C(CCO)(CCCO)CCCCCCCCCCCCCCCCSC1=NN=C(O1)C2=CC=C(C(C)(C)C)C=N2,0.07692307692307693,0.09518788965472637
O=C(OCC1=CC=CC=N1)C1=CC=CC(S(=O)(=O)N2CCCCCC2)=C1,C(CCCCCCCCCCCC)(C)CC2=CC=C(C(C)(C)C)C=N2,0.09333333333333334,0.3313537151214166
O=C(OCC1=CC=CC=N1)C1=CC=CC(S(=O)(=O)N2CCCCCC2)=C1,C(CCO)(CCCO)CCCCCCCCCCCCCCCCSC1=NN=C(O1)C2=CC=C(C(C)(C)C)C=N2,0.07692307692307693,0.09518788965472637
O=C(OCC1=CC=CC=N1)C1=CC=CC(S(=O)(=O)N2CCCCCC2)=C1,C(CCCCCCCCCCCC)(C)CC2=CC=C(C(C)(C)C)C=N2,0.09333333333333334,0.3313537151214166
O=C(OCC1=CC=CC=N1)C1=CC=CC(S(=O)(=O)N2CCCCCC2)=C1,C(CCCCCCCCCCCC)(C)CC2=CC=C(C(C)(C)C)C=N2,0.09333333333333334,0.3313537151214166
O=C(OCC1=CC=CC=N1)C1=CC=CC(S(=O)(=O)N2CCCCCC2)=C1,C(CCCCCCCCCCCC)(C)CC2=CC=C(C(C)(C)C)C=N2,0.09333333333333334,0.3313537151214166
O=C(OCC1=CC=CC=N1)C1=CC=CC(S(=O)(=O)N2CCCCCC2)=C1,C(CCO)(CCO)CCCCCCCCCCSC1=NN=CC=CC=C1,0.07692307692307693,0.38745360010258995
O=C(OCC1=CC=CC=N1)C1=CC=CC(S(=O)(=O)N2CCCCCC2)=C1,C(C)(CCCCCCCCCCC(OC)=O)CC2=CC=C(C(C)(C)C)C=N2,0.13924050632911392,0.2867045462379988
O=C(OCC1=CC=CC=N1)C1=CC=CC(S(=O)(=O)N2CCCCCC2)=C1,C(CCO)(CCO)CCCCCCCCCCSC1=NN=C(O1)C2=CC=C(C(C)(C)C)C=N2,0.07865168539325842,0.20069412505516868
O=C(OCC1=CC=CC=N1)C1=CC=CC(S(=O)(=O)N2CCCCCC2)=C1,C(CCCCCCCCCCOC1=NC=CC=C1)=O,0.20634920634920634,0.41946630711040866
O=C(OCC1=CC=CC=N1)C1=CC=CC(S(=O)(=O)N2CCCCCC2)=C1,C(CCCCCCCCCCCC)(C)CC2=CC=C(C(C)(C)C)C=N2,0.09333333333333334,0.3313537151214166
O=C(OCC1=CC=CC=N1)C1=CC=CC(S(=O)(=O)N2CCCCCC2)=C1,C(CCCCCCCCCCCC)(C)CC2=CC=C(C(C)(C)C)C=N2,0.09333333333333334,0.3313537151214166
O=C(OCC1=CC=CC=N1)C1=CC=CC(S(=O)(=O)N2CCCCCC2)=C1,C(CCCCCCCCCCCC)(C)CC2=CC=C(C(C)(C)C)C=N2,0.09333333333333334,0.3313537151214166
O=C(OCC1=CC=CC=N1)C1=CC=CC(S(=O)(=O)N2CCCCCC2)=C1,C(CCCCCCCCCCCC)(C)CC2=CC=C(C(C)(C)C)C=N2,0.09333333333333334,0.3313537151214166
O=C(OCC1=CC=CC=N1)C1=CC=CC(S(=O)(=O)N2CCCCCC2)=C1,C(CCCCCCCCCCCC)(C)CC2=CC=C(C(C)(C)C)C=N2,0.09333333333333334,0.3313537151214166
O=C(OCC1=CC=CC=N1)C1=CC=CC(S(=O)(=O)N2CCCCCC2)=C1,C(CCCCCCCCCCCC)(C)CC2=CC=C(C(C)(C)C)C=N2,0.09333333333333334,0.3313537151214166
O=C(OCC1=CC=CC=N1)C1=CC=CC(S(=O)(=O)N2CCCCCC2)=C1,C(CCCCCCCCCCCC)(C)CC2=CC=C(C(C)(C)C)C=N2,0.09333333333333334,0.3313537151214166
C[NH+](C)CCSC1=CC=C(NC(=O)C2CC2)N=N1,,0.0,0.0
C[NH+](C)CCSC1=CC=C(NC(=O)C2CC2)N=N1,,0.0,0.0
C[NH+](C)CCSC1=CC=C(NC(=O)C2CC2)N=N1,,0.0,0.0
C[NH+](C)CCSC1=CC=C(NC(=O)C2CC2)N=N1,,0.0,0.0
C[NH+](C)CCSC1=CC=C(NC(=O)C2CC2)N=N1,,0.0,0.0
C[NH+](C)CCSC1=CC=C(NC(=O)C2CC2)N=N1,,0.0,0.0
C[NH+](C)CCSC1=CC=C(NC(=O)C2CC2)N=N1,,0.0,0.0
C[NH+](C)CCSC1=CC=C(NC(=O)C2CC2)N=N1,,0.0,0.0
C[NH+](C)CCSC1=CC=C(NC(=O)C2CC2)N=N1,,0.0,0.0
C[NH+](C)CCSC1=CC=C(NC(=O)C2CC2)N=N1,,0.0,0.0
C[NH+](C)CCSC1=CC=C(NC(=O)C2CC2)N=N1,,0.0,0.0
C[NH+](C)CCSC1=CC=C(NC(=O)C2CC2)N=N1,,0.0,0.0
C[NH+](C)CCSC1=CC=C(NC(=O)C2CC2)N=N1,,0.0,0.0
C[NH+](C)CCSC1=CC=C(NC(=O)C2CC2)N=N1,,0.0,0.0
C[NH+](C)CCSC1=CC=C(NC(=O)C2CC2)N=N1,,0.0,0.0
C[NH+](C)CCSC1=CC=C(NC(=O)C2CC2)N=N1,,0.0,0.0
C[NH+](C)CCSC1=CC=C(NC(=O)C2CC2)N=N1,,0.0,0.0
C[NH+](C)CCSC1=CC=C(NC(=O)C2CC2)N=N1,,0.0,0.0
C[NH+](C)CCSC1=CC=C(NC(=O)C2CC2)N=N1,,0.0,0.0
C[NH+](C)CCSC1=CC=C(NC(=O)C2CC2)N=N1,,0.0,0.0
CCN(CC)S(=O)(=O)N1CCCC(C(=O)NC2CCCCCCC2)C1,CCCCCCCCCCCC(OC1=NC=CC=C1)=O,0.10606060606060606,0.4260075772364941
CCN(CC)S(=O)(=O)N1CCCC(C(=O)NC2CCCCCCC2)C1,CCCCCCCCCCCC(OC1=NC=CC=C1)=O,0.10606060606060606,0.4260075772364941
CCN(CC)S(=O)(=O)N1CCCC(C(=O)NC2CCCCCCC2)C1,CCCCCCCCCCCC(OC1=NC=CC=C1)=O,0.10606060606060606,0.4260075772364941
CCN(CC)S(=O)(=O)N1CCCC(C(=O)NC2CCCCCCC2)C1,CCCCCCCCCCCC(OC1=NC=CC=C1)=O,0.10606060606060606,0.4260075772364941
CCN(CC)S(=O)(=O)N1CCCC(C(=O)NC2CCCCCCC2)C1,CCCCCCCCCCCC(OC1=NC=CC=C1)=O,0.10606060606060606,0.4260075772364941
CCN(CC)S(=O)(=O)N1CCCC(C(=O)NC2CCCCCCC2)C1,CCCCCCCCCCCC(OC1=NC=CC=C1)=O,0.10606060606060606,0.4260075772364941
CCN(CC)S(=O)(=O)N1CCCC(C(=O)NC2CCCCCCC2)C1,CCCCCCCCCCCC(OC1=NC=CC=C1)=O,0.10606060606060606,0.4260075772364941
CCN(CC)S(=O)(=O)N1CCCC(C(=O)NC2CCCCCCC2)C1,CCCCCCCCCCCC(OC1=NC=CC=C1)=O,0.10606060606060606,0.4260075772364941
CCN(CC)S(=O)(=O)N1CCCC(C(=O)NC2CCCCCCC2)C1,CCCCCCCCCCCC(OC1=NC=CC=C1)=O,0.10606060606060606,0.4260075772364941
CCN(CC)S(=O)(=O)N1CCCC(C(=O)NC2CCCCCCC2)C1,CCCCCCCCCCCC(OC1=NC=CC=C1)=O,0.10606060606060606,0.4260075772364941
CCN(CC)S(=O)(=O)N1CCCC(C(=O)NC2CCCCCCC2)C1,CCCCCCCCCCCC(OC1=NC=CC=C1)=O,0.10606060606060606,0.4260075772364941
CCN(CC)S(=O)(=O)N1CCCC(C(=O)NC2CCCCCCC2)C1,CCCCCCCCCCCC(OC1=NC=CC=C1)=O,0.10606060606060606,0.4260075772364941
CCN(CC)S(=O)(=O)N1CCCC(C(=O)NC2CCCCCCC2)C1,CCCCCCCCCCCC(OC1=NC=CC=C1)=O,0.10606060606060606,0.4260075772364941
CCN(CC)S(=O)(=O)N1CCCC(C(=O)NC2CCCCCCC2)C1,CCCCCCCCCCCC(OC1=NC=CC=C1)=O,0.10606060606060606,0.4260075772364941
CCN(CC)S(=O)(=O)N1CCCC(C(=O)NC2CCCCCCC2)C1,CCCCCCCCCCCC(OC1=NC=CC=C1)=O,0.10606060606060606,0.4260075772364941
CCN(CC)S(=O)(=O)N1CCCC(C(=O)NC2CCCCCCC2)C1,CCCCCCCCCCCC(OC1=NC=CC=C1)=O,0.10606060606060606,0.4260075772364941
CCN(CC)S(=O)(=O)N1CCCC(C(=O)NC2CCCCCCC2)C1,CCCCCCCCCCCC(OC1=NC=CC=C1)=O,0.10606060606060606,0.4260075772364941
CCN(CC)S(=O)(=O)N1CCCC(C(=O)NC2CCCCCCC2)C1,CCCCCCCCCCCC(OC1=NC=CC=C1)=O,0.10606060606060606,0.4260075772364941
CCN(CC)S(=O)(=O)N1CCCC(C(=O)NC2CCCCCCC2)C1,CCCCCCCCCCCC(OC1=NC=CC=C1)=O,0.10606060606060606,0.4260075772364941
CCN(CC)S(=O)(=O)N1CCCC(C(=O)NC2CCCCCCC2)C1,CCCCCCCCCCCC(OC1=NC=CC=C1)=O,0.10606060606060606,0.4260075772364941
CC1=NC(CCNC(=O)C2CCC(=O)N(CC3=CC=CC=N3)C2)=NC2=C1CCCC2,,0.0,0.0
CC1=NC(CCNC(=O)C2CCC(=O)N(CC3=CC=CC=N3)C2)=NC2=C1CCCC2,,0.0,0.0
CC1=NC(CCNC(=O)C2CCC(=O)N(CC3=CC=CC=N3)C2)=NC2=C1CCCC2,,0.0,0.0
CC1=NC(CCNC(=O)C2CCC(=O)N(CC3=CC=CC=N3)C2)=NC2=C1CCCC2,,0.0,0.0
CC1=NC(CCNC(=O)C2CCC(=O)N(CC3=CC=CC=N3)C2)=NC2=C1CCCC2,CCCCCCCCCC(C)(CC1=C(C)C(OC(C)=O)=C(C)N=C1)C,0.12087912087912088,0.34648454331069145
CC1=NC(CCNC(=O)C2CCC(=O)N(CC3=CC=CC=N3)C2)=NC2=C1CCCC2,,0.0,0.0
CC1=NC(CCNC(=O)C2CCC(=O)N(CC3=CC=CC=N3)C2)=NC2=C1CCCC2,,0.0,0.0
CC1=NC(CCNC(=O)C2CCC(=O)N(CC3=CC=CC=N3)C2)=NC2=C1CCCC2,CCCCCCCCCC(C)(CC1=C(C)C(OC(C)=O)=C(C)N=C1)C,0.12087912087912088,0.34648454331069145
CC1=NC(CCNC(=O)C2CCC(=O)N(CC3=CC=CC=N3)C2)=NC2=C1CCCC2,,0.0,0.0
CC1=NC(CCNC(=O)C2CCC(=O)N(CC3=CC=CC=N3)C2)=NC2=C1CCCC2,,0.0,0.0
CC1=NC(CCNC(=O)C2CCC(=O)N(CC3=CC=CC=N3)C2)=NC2=C1CCCC2,,0.0,0.0
CC1=NC(CCNC(=O)C2CCC(=O)N(CC3=CC=CC=N3)C2)=NC2=C1CCCC2,,0.0,0.0
CC1=NC(CCNC(=O)C2CCC(=O)N(CC3=CC=CC=N3)C2)=NC2=C1CCCC2,,0.0,0.0
CC1=NC(CCNC(=O)C2CCC(=O)N(CC3=CC=CC=N3)C2)=NC2=C1CCCC2,,0.0,0.0
CC1=NC(CCNC(=O)C2CCC(=O)N(CC3=CC=CC=N3)C2)=NC2=C1CCCC2,,0.0,0.0
CC1=NC(CCNC(=O)C2CCC(=O)N(CC3=CC=CC=N3)C2)=NC2=C1CCCC2,,0.0,0.0
CC1=NC(CCNC(=O)C2CCC(=O)N(CC3=CC=CC=N3)C2)=NC2=C1CCCC2,,0.0,0.0
CC1=NC(CCNC(=O)C2CCC(=O)N(CC3=CC=CC=N3)C2)=NC2=C1CCCC2,,0.0,0.0
CC1=NC(CCNC(=O)C2CCC(=O)N(CC3=CC=CC=N3)C2)=NC2=C1CCCC2,,0.0,0.0
CC1=NC(CCNC(=O)C2CCC(=O)N(CC3=CC=CC=N3)C2)=NC2=C1CCCC2,,0.0,0.0
O=C(CC1CCCCC1)N1CCN(C2=NC(C3=CC=C(Cl)C=C3)=NO2)CC1,CCCCCCCCCCCC(OC1=NC=CC=C1)=O,0.1095890410958904,0.4260075772364941
O=C(CC1CCCCC1)N1CCN(C2=NC(C3=CC=C(Cl)C=C3)=NO2)CC1,CCCCCCCCCCCC(OC1=NC=CC=C1)=O,0.1095890410958904,0.4260075772364941
O=C(CC1CCCCC1)N1CCN(C2=NC(C3=CC=C(Cl)C=C3)=NO2)CC1,CCCCCCCCCCCC(OC1=NC=CC=C1)=O,0.1095890410958904,0.4260075772364941
O=C(CC1CCCCC1)N1CCN(C2=NC(C3=CC=C(Cl)C=C3)=NO2)CC1,CCCCCCCCCCCC(OC1=NC=CC=C1)=O,0.1095890410958904,0.4260075772364941
O=C(CC1CCCCC1)N1CCN(C2=NC(C3=CC=C(Cl)C=C3)=NO2)CC1,CCCCCCCCCCCC(OC1=NC=CC=C1)=O,0.1095890410958904,0.4260075772364941
O=C(CC1CCCCC1)N1CCN(C2=NC(C3=CC=C(Cl)C=C3)=NO2)CC1,CCCCCCCCCCCC(OC1=NC=CC=C1)=O,0.1095890410958904,0.4260075772364941
O=C(CC1CCCCC1)N1CCN(C2=NC(C3=CC=C(Cl)C=C3)=NO2)CC1,CCCCCCCCCCCC(OC1=NC=CC=C1)=O,0.1095890410958904,0.4260075772364941
O=C(CC1CCCCC1)N1CCN(C2=NC(C3=CC=C(Cl)C=C3)=NO2)CC1,CCCCCCCCCCCC(OC1=NC=CC=C1)=O,0.1095890410958904,0.4260075772364941
O=C(CC1CCCCC1)N1CCN(C2=NC(C3=CC=C(Cl)C=C3)=NO2)CC1,CCCCCCCCCCCC(OC1=NC=CC=C1)=O,0.1095890410958904,0.4260075772364941
O=C(CC1CCCCC1)N1CCN(C2=NC(C3=CC=C(Cl)C=C3)=NO2)CC1,,0.0,0.0
O=C(CC1CCCCC1)N1CCN(C2=NC(C3=CC=C(Cl)C=C3)=NO2)CC1,CCCCCCCCCCCC(OC1=NC=CC=C1)=O,0.1095890410958904,0.4260075772364941
O=C(CC1CCCCC1)N1CCN(C2=NC(C3=CC=C(Cl)C=C3)=NO2)CC1,CCCCCCCCCCCC(OC1=NC=CC=C1)=O,0.1095890410958904,0.4260075772364941
O=C(CC1CCCCC1)N1CCN(C2=NC(C3=CC=C(Cl)C=C3)=NO2)CC1,CCCCCCCCCCCC(OC1=NC=CC=C1)=O,0.1095890410958904,0.4260075772364941
O=C(CC1CCCCC1)N1CCN(C2=NC(C3=CC=C(Cl)C=C3)=NO2)CC1,CCCCCCCCCCCC(OC1=NC=CC=C1)=O,0.1095890410958904,0.4260075772364941
O=C(CC1CCCCC1)N1CCN(C2=NC(C3=CC=C(Cl)C=C3)=NO2)CC1,CCCCCCCCCCCC(OC1=NC=CC=C1)=O,0.1095890410958904,0.4260075772364941
O=C(CC1CCCCC1)N1CCN(C2=NC(C3=CC=C(Cl)C=C3)=NO2)CC1,CCCCCCCCCCCC(OC1=NC=CC=C1)=O,0.1095890410958904,0.4260075772364941
O=C(CC1CCCCC1)N1CCN(C2=NC(C3=CC=C(Cl)C=C3)=NO2)CC1,CCCCCCCCCCCC(OC1=NC=CC=C1)=O,0.1095890410958904,0.4260075772364941
O=C(CC1CCCCC1)N1CCN(C2=NC(C3=CC=C(Cl)C=C3)=NO2)CC1,CCCCCCCCCCCC(OC1=NC=CC=C1)=O,0.1095890410958904,0.4260075772364941
O=C(CC1CCCCC1)N1CCN(C2=NC(C3=CC=C(Cl)C=C3)=NO2)CC1,CCCCCCCCCCCC(OC1=NC=CC=C1)=O,0.1095890410958904,0.4260075772364941
O=C(CC1CCCCC1)N1CCN(C2=NC(C3=CC=C(Cl)C=C3)=NO2)CC1,CCCCCCCCCCCC(OC1=NC=CC=C1)=O,0.1095890410958904,0.4260075772364941
CCOCC(C)NC(=O)C1=NNC(C(C)C)=N1,,0.0,0.0
CCOCC(C)NC(=O)C1=NNC(C(C)C)=N1,,0.0,0.0
CCOCC(C)NC(=O)C1=NNC(C(C)C)=N1,,0.0,0.0
CCOCC(C)NC(=O)C1=NNC(C(C)C)=N1,CC1=C2C(COC(CC)O2)=C(C(C)(C)CCCCCCCCCCCCCCCCCC)C=N1,0.0684931506849315,0.18725162311553842
CCOCC(C)NC(=O)C1=NNC(C(C)C)=N1,,0.0,0.0
CCOCC(C)NC(=O)C1=NNC(C(C)C)=N1,,0.0,0.0
CCOCC(C)NC(=O)C1=NNC(C(C)C)=N1,,0.0,0.0
CCOCC(C)NC(=O)C1=NNC(C(C)C)=N1,CC1=C2C(COC(C)(C)O2)=C(C(CC3=C(COC(C)(C)O4)C4=C(C)N=C3)(C)C)C=N1,0.05714285714285714,0.714208444238621
CCOCC(C)NC(=O)C1=NNC(C(C)C)=N1,,0.0,0.0
CCOCC(C)NC(=O)C1=NNC(C(C)C)=N1,CC1=C2C(COC(C)(C)O2)=C(C(CC3=C(COC(C)(C)O4)C4=C(C)N=C3)(C)C)C=N1,0.05714285714285714,0.714208444238621
CCOCC(C)NC(=O)C1=NNC(C(C)C)=N1,CC1=C2C(COC(C)(C)O2)=C(C(CC3=C(COC(C)(C)O4)C4=C(C)N=C3)(C)C)C=N1,0.05714285714285714,0.714208444238621
CCOCC(C)NC(=O)C1=NNC(C(C)C)=N1,,0.0,0.0
CCOCC(C)NC(=O)C1=NNC(C(C)C)=N1,,0.0,0.0
CCOCC(C)NC(=O)C1=NNC(C(C)C)=N1,CC1=C2C(COC(C)(C)O2)=C(C(CC3=C(COC(C)(C)O4)C4=C(C)N=C3)(C)C)C=N1,0.05714285714285714,0.714208444238621
CCOCC(C)NC(=O)C1=NNC(C(C)C)=N1,CC1=C2C(COC(C)(C)O2)=C(C(CC3=C(COC(C)(C)O4)C4=C(C)N=C3)(C)C)C=N1,0.05714285714285714,0.714208444238621
CCOCC(C)NC(=O)C1=NNC(C(C)C)=N1,,0.0,0.0
CCOCC(C)NC(=O)C1=NNC(C(C)C)=N1,,0.0,0.0
CCOCC(C)NC(=O)C1=NNC(C(C)C)=N1,,0.0,0.0
CCOCC(C)NC(=O)C1=NNC(C(C)C)=N1,CC1=C2C(COC(C)(C)O2)=C(C(CC3=C(COC(C)(C)O4)C4=C(C)N=C3)(C)C)C=N1,0.05714285714285714,0.714208444238621
CCOCC(C)NC(=O)C1=NNC(C(C)C)=N1,,0.0,0.0
CC(C)[NH+](C)CCNCC1=CN=C(C2=CC=CS2)S1,C(C)(CCCCCCCCCCC(CCCCCCCCCCCC)=O)CC2=CC=C(C(C)(C)C)C=N2,0.13157894736842105,0.12860835112152755
CC(C)[NH+](C)CCNCC1=CN=C(C2=CC=CS2)S1,C(C)(CCCCCCCCCCC(CCCCCCCCCCCC)=O)CC2=CC=C(C(C)(C)C)C=N2,0.13157894736842105,0.12860835112152755
CC(C)[NH+](C)CCNCC1=CN=C(C2=CC=CS2)S1,CCCCCCCCCCCC(OC1=NC=CC=C1)C,0.15384615384615385,0.4523960247988492
CC(C)[NH+](C)CCNCC1=CN=C(C2=CC=CS2)S1,,0.0,0.0
CC(C)[NH+](C)CCNCC1=CN=C(C2=CC=CS2)S1,,0.0,0.0
CC(C)[NH+](C)CCNCC1=CN=C(C2=CC=CS2)S1,CCCCCCCCCCCC(OC1=NC=CC=C1)C,0.15384615384615385,0.4523960247988492
CC(C)[NH+](C)CCNCC1=CN=C(C2=CC=CS2)S1,CCCCCCCCCCCC(OC1=NC=CC=C1)C,0.15384615384615385,0.4523960247988492
CC(C)[NH+](C)CCNCC1=CN=C(C2=CC=CS2)S1,CCCCCCCCCCCC(OC1=NC=CC=C1)C,0.15384615384615385,0.4523960247988492
CC(C)[NH+](C)CCNCC1=CN=C(C2=CC=CS2)S1,CCCCCCCCCCCC(OC1=NC=CC=C1)C,0.15384615384615385,0.4523960247988492
CC(C)[NH+](C)CCNCC1=CN=C(C2=CC=CS2)S1,C(C)(CCCCCCCCCCC(CCCCCCCCCCCC)=O)CC2=CC=C(C(C)(C)C)C=N2,0.13157894736842105,0.12860835112152755
CC(C)[NH+](C)CCNCC1=CN=C(C2=CC=CS2)S1,,0.0,0.0
CC(C)[NH+](C)CCNCC1=CN=C(C2=CC=CS2)S1,CCCCCCCCCCCC(OC1=NC=CC=C1)C,0.15384615384615385,0.4523960247988492
CC(C)[NH+](C)CCNCC1=CN=C(C2=CC=CS2)S1,CCCCCCCCCCCC(OC1=NC=CC=C1)C,0.15384615384615385,0.4523960247988492
CC(C)[NH+](C)CCNCC1=CN=C(C2=CC=CS2)S1,CCCCCCCCCCCC(OC1=NC=CC=C1)C,0.15384615384615385,0.4523960247988492
CC(C)[NH+](C)CCNCC1=CN=C(C2=CC=CS2)S1,CCCCCCCCCCCC(OC1=NC=CC=C1)C,0.15384615384615385,0.4523960247988492
CC(C)[NH+](C)CCNCC1=CN=C(C2=CC=CS2)S1,CCCCCCCCCCCC(OC1=NC=CC=C1)C,0.15384615384615385,0.4523960247988492
CC(C)[NH+](C)CCNCC1=CN=C(C2=CC=CS2)S1,C(C)(CCCCCCCCCCC(CCCCCCCCCCCC)=O)CC2=CC=C(C(C)(C)C)C=N2,0.13157894736842105,0.12860835112152755
CC(C)[NH+](C)CCNCC1=CN=C(C2=CC=CS2)S1,CCCCCCCCCCCC(OC1=NC=CC=C1)C,0.15384615384615385,0.4523960247988492
CC(C)[NH+](C)CCNCC1=CN=C(C2=CC=CS2)S1,CCCCCCCCCCCC(OC1=NC=CC=C1)C,0.15384615384615385,0.4523960247988492
CC(C)[NH+](C)CCNCC1=CN=C(C2=CC=CS2)S1,CCCCCCCCCCCC(OC1=NC=CC=C1)C,0.15384615384615385,0.4523960247988492
CC(CSC1=CC=C(C(=O)N(C)C)C=N1)C(=O)[O-],,0.0,0.0
CC(CSC1=CC=C(C(=O)N(C)C)C=N1)C(=O)[O-],,0.0,0.0
CC(CSC1=CC=C(C(=O)N(C)C)C=N1)C(=O)[O-],,0.0,0.0
CC(CSC1=CC=C(C(=O)N(C)C)C=N1)C(=O)[O-],,0.0,0.0
CC(CSC1=CC=C(C(=O)N(C)C)C=N1)C(=O)[O-],,0.0,0.0
CC(CSC1=CC=C(C(=O)N(C)C)C=N1)C(=O)[O-],,0.0,0.0
CC(CSC1=CC=C(C(=O)N(C)C)C=N1)C(=O)[O-],,0.0,0.0
CC(CSC1=CC=C(C(=O)N(C)C)C=N1)C(=O)[O-],,0.0,0.0
CC(CSC1=CC=C(C(=O)N(C)C)C=N1)C(=O)[O-],CC1=C2C(COC(C)(C)O2)=C(C(CCCCCCCCCCCCCCCCCCCCCCCCCCCCC)=O)C2=C1OC(C)(C)OC2,0.08571428571428572,0.06155945482179926
CC(CSC1=CC=C(C(=O)N(C)C)C=N1)C(=O)[O-],,0.0,0.0
CC(CSC1=CC=C(C(=O)N(C)C)C=N1)C(=O)[O-],,0.0,0.0
CC(CSC1=CC=C(C(=O)N(C)C)C=N1)C(=O)[O-],,0.0,0.0
CC(CSC1=CC=C(C(=O)N(C)C)C=N1)C(=O)[O-],,0.0,0.0
CC(CSC1=CC=C(C(=O)N(C)C)C=N1)C(=O)[O-],,0.0,0.0
CC(CSC1=CC=C(C(=O)N(C)C)C=N1)C(=O)[O-],,0.0,0.0
CC(CSC1=CC=C(C(=O)N(C)C)C=N1)C(=O)[O-],,0.0,0.0
CC(CSC1=CC=C(C(=O)N(C)C)C=N1)C(=O)[O-],,0.0,0.0
CC(CSC1=CC=C(C(=O)N(C)C)C=N1)C(=O)[O-],,0.0,0.0
CC(CSC1=CC=C(C(=O)N(C)C)C=N1)C(=O)[O-],,0.0,0.0
CC(CSC1=CC=C(C(=O)N(C)C)C=N1)C(=O)[O-],,0.0,0.0
CN1C=C(C(=O)NC2=CC=C(CC(N)=O)C=C2)C(C2=CC=CC=C2)=N1,,0.0,0.0
CN1C=C(C(=O)NC2=CC=C(CC(N)=O)C=C2)C(C2=CC=CC=C2)=N1,,0.0,0.0
CN1C=C(C(=O)NC2=CC=C(CC(N)=O)C=C2)C(C2=CC=CC=C2)=N1,,0.0,0.0
CN1C=C(C(=O)NC2=CC=C(CC(N)=O)C=C2)C(C2=CC=CC=C2)=N1,,0.0,0.0
CN1C=C(C(=O)NC2=CC=C(CC(N)=O)C=C2)C(C2=CC=CC=C2)=N1,,0.0,0.0
CN1C=C(C(=O)NC2=CC=C(CC(N)=O)C=C2)C(C2=CC=CC=C2)=N1,,0.0,0.0
CN1C=C(C(=O)NC2=CC=C(CC(N)=O)C=C2)C(C2=CC=CC=C2)=N1,,0.0,0.0
CN1C=C(C(=O)NC2=CC=C(CC(N)=O)C=C2)C(C2=CC=CC=C2)=N1,,0.0,0.0
CN1C=C(C(=O)NC2=CC=C(CC(N)=O)C=C2)C(C2=CC=CC=C2)=N1,,0.0,0.0
CN1C=C(C(=O)NC2=CC=C(CC(N)=O)C=C2)C(C2=CC=CC=C2)=N1,,0.0,0.0
CN1C=C(C(=O)NC2=CC=C(CC(N)=O)C=C2)C(C2=CC=CC=C2)=N1,,0.0,0.0
CN1C=C(C(=O)NC2=CC=C(CC(N)=O)C=C2)C(C2=CC=CC=C2)=N1,,0.0,0.0
CN1C=C(C(=O)NC2=CC=C(CC(N)=O)C=C2)C(C2=CC=CC=C2)=N1,,0.0,0.0
CN1C=C(C(=O)NC2=CC=C(CC(N)=O)C=C2)C(C2=CC=CC=C2)=N1,,0.0,0.0
CN1C=C(C(=O)NC2=CC=C(CC(N)=O)C=C2)C(C2=CC=CC=C2)=N1,,0.0,0.0
CN1C=C(C(=O)NC2=CC=C(CC(N)=O)C=C2)C(C2=CC=CC=C2)=N1,,0.0,0.0
CN1C=C(C(=O)NC2=CC=C(CC(N)=O)C=C2)C(C2=CC=CC=C2)=N1,,0.0,0.0
CN1C=C(C(=O)NC2=CC=C(CC(N)=O)C=C2)C(C2=CC=CC=C2)=N1,,0.0,0.0
CN1C=C(C(=O)NC2=CC=C(CC(N)=O)C=C2)C(C2=CC=CC=C2)=N1,,0.0,0.0
CN1C=C(C(=O)NC2=CC=C(CC(N)=O)C=C2)C(C2=CC=CC=C2)=N1,,0.0,0.0
O=C(NC1=CC=CC=C1Cl)C1=CNC2=NC=CC(Cl)=C12,CCCCCCCCCCCC(OC1=NC=CC=C1)=O,0.18333333333333332,0.4260075772364941
O=C(NC1=CC=CC=C1Cl)C1=CNC2=NC=CC(Cl)=C12,CCCCCCCCCCCC(OC1=NC=CC=C1)=O,0.18333333333333332,0.4260075772364941
O=C(NC1=CC=CC=C1Cl)C1=CNC2=NC=CC(Cl)=C12,CCCCCCCCCCCC(OC1=NC=CC=C1)=O,0.18333333333333332,0.4260075772364941
O=C(NC1=CC=CC=C1Cl)C1=CNC2=NC=CC(Cl)=C12,CCCCCCCCCCCC(OC1=NC=CC=C1)=O,0.18333333333333332,0.4260075772364941
O=C(NC1=CC=CC=C1Cl)C1=CNC2=NC=CC(Cl)=C12,CCCCCCCCCCCC(OC1=NC=CC=C1)=O,0.18333333333333332,0.4260075772364941
O=C(NC1=CC=CC=C1Cl)C1=CNC2=NC=CC(Cl)=C12,CCCCCCCCCCCC(OC1=NC=CC=C1)=O,0.18333333333333332,0.4260075772364941
O=C(NC1=CC=CC=C1Cl)C1=CNC2=NC=CC(Cl)=C12,CCCCCCCCCCCC(OC1=NC=CC=C1)=O,0.18333333333333332,0.4260075772364941
O=C(NC1=CC=CC=C1Cl)C1=CNC2=NC=CC(Cl)=C12,CCCCCCCCCCCC(OC1=NC=CC=C1)=O,0.18333333333333332,0.4260075772364941
O=C(NC1=CC=CC=C1Cl)C1=CNC2=NC=CC(Cl)=C12,CCCCCCCCCCCC(OC1=NC=CC=C1)=O,0.18333333333333332,0.4260075772364941
O=C(NC1=CC=CC=C1Cl)C1=CNC2=NC=CC(Cl)=C12,CCCCCCCCCCCC(OC1=NC=CC=C1)=O,0.18333333333333332,0.4260075772364941
O=C(NC1=CC=CC=C1Cl)C1=CNC2=NC=CC(Cl)=C12,CCCCCCCCCCCC(OC1=NC=CC=C1)=O,0.18333333333333332,0.4260075772364941
O=C(NC1=CC=CC=C1Cl)C1=CNC2=NC=CC(Cl)=C12,CCCCCCCCCCCC(OC1=NC=CC=C1)=O,0.18333333333333332,0.4260075772364941
O=C(NC1=CC=CC=C1Cl)C1=CNC2=NC=CC(Cl)=C12,CCCCCCCCCCCC(OC1=NC=CC=C1)=O,0.18333333333333332,0.4260075772364941
O=C(NC1=CC=CC=C1Cl)C1=CNC2=NC=CC(Cl)=C12,CCCCCCCCCCCC(OC1=NC=CC=C1)=O,0.18333333333333332,0.4260075772364941
O=C(NC1=CC=CC=C1Cl)C1=CNC2=NC=CC(Cl)=C12,CCCCCCCCCCCC(OC1=NC=CC=C1)=O,0.18333333333333332,0.4260075772364941
O=C(NC1=CC=CC=C1Cl)C1=CNC2=NC=CC(Cl)=C12,CCCCCCCCCCCC(OC1=NC=CC=C1)=O,0.18333333333333332,0.4260075772364941
O=C(NC1=CC=CC=C1Cl)C1=CNC2=NC=CC(Cl)=C12,CCCCCCCCCCCC(OC1=NC=CC=C1)=O,0.18333333333333332,0.4260075772364941
O=C(NC1=CC=CC=C1Cl)C1=CNC2=NC=CC(Cl)=C12,CCCCCCCCCCCC(OC1=NC=CC=C1)=O,0.18333333333333332,0.4260075772364941
O=C(NC1=CC=CC=C1Cl)C1=CNC2=NC=CC(Cl)=C12,CCCCCCCCCCCC(OC1=NC=CC=C1)=O,0.18333333333333332,0.4260075772364941
O=C(NC1=CC=CC=C1Cl)C1=CNC2=NC=CC(Cl)=C12,CCCCCCCCCCCC(OC1=NC=CC=C1)=O,0.18333333333333332,0.4260075772364941
COC(=O)CC1=CSC(NC(=O)CC2=COC3=CC(C)=CC=C23)=N1,,0.0,0.0
COC(=O)CC1=CSC(NC(=O)CC2=COC3=CC(C)=CC=C23)=N1,,0.0,0.0
COC(=O)CC1=CSC(NC(=O)CC2=COC3=CC(C)=CC=C23)=N1,,0.0,0.0
COC(=O)CC1=CSC(NC(=O)CC2=COC3=CC(C)=CC=C23)=N1,,0.0,0.0
COC(=O)CC1=CSC(NC(=O)CC2=COC3=CC(C)=CC=C23)=N1,,0.0,0.0
COC(=O)CC1=CSC(NC(=O)CC2=COC3=CC(C)=CC=C23)=N1,,0.0,0.0
COC(=O)CC1=CSC(NC(=O)CC2=COC3=CC(C)=CC=C23)=N1,,0.0,0.0
COC(=O)CC1=CSC(NC(=O)CC2=COC3=CC(C)=CC=C23)=N1,,0.0,0.0
COC(=O)CC1=CSC(NC(=O)CC2=COC3=CC(C)=CC=C23)=N1,,0.0,0.0
COC(=O)CC1=CSC(NC(=O)CC2=COC3=CC(C)=CC=C23)=N1,,0.0,0.0
COC(=O)CC1=CSC(NC(=O)CC2=COC3=CC(C)=CC=C23)=N1,,0.0,0.0
COC(=O)CC1=CSC(NC(=O)CC2=COC3=CC(C)=CC=C23)=N1,,0.0,0.0
COC(=O)CC1=CSC(NC(=O)CC2=COC3=CC(C)=CC=C23)=N1,,0.0,0.0
COC(=O)CC1=CSC(NC(=O)CC2=COC3=CC(C)=CC=C23)=N1,,0.0,0.0
COC(=O)CC1=CSC(NC(=O)CC2=COC3=CC(C)=CC=C23)=N1,,0.0,0.0
COC(=O)CC1=CSC(NC(=O)CC2=COC3=CC(C)=CC=C23)=N1,,0.0,0.0
COC(=O)CC1=CSC(NC(=O)CC2=COC3=CC(C)=CC=C23)=N1,,0.0,0.0
COC(=O)CC1=CSC(NC(=O)CC2=COC3=CC(C)=CC=C23)=N1,,0.0,0.0
COC(=O)CC1=CSC(NC(=O)CC2=COC3=CC(C)=CC=C23)=N1,,0.0,0.0
COC(=O)CC1=CSC(NC(=O)CC2=COC3=CC(C)=CC=C23)=N1,,0.0,0.0
CC1=NN(C)C=C1C(C)NC(=O)C(=O)NC1=CC=C(OCC2CCCCC2)C=C1,C(CCCCCCCCCCCC(OC)=O)CCCCCCCCCCCCCCCCCCC,0.1044776119402985,0.07324881038041112
CC1=NN(C)C=C1C(C)NC(=O)C(=O)NC1=CC=C(OCC2CCCCC2)C=C1,C(CCCCCCCCCCCC(CC)=O)CC2=CC=C(C(C)(C)C)C=N2,0.125,0.29646499503298607
CC1=NN(C)C=C1C(C)NC(=O)C(=O)NC1=CC=C(OCC2CCCCC2)C=C1,,0.0,0.0
CC1=NN(C)C=C1C(C)NC(=O)C(=O)NC1=CC=C(OCC2CCCCC2)C=C1,C(CCCCCCCCCCCC(OC)=O)(CCCCCCCCCCCCCCCCCCCCCCCCCCCCCCCCCCCCCCCCCCCCCCCCCCCCCCCCCCCCCCCCCCCCCC=C)=O,0.1095890410958904,0.03462651310013874
CC1=NN(C)C=C1C(C)NC(=O)C(=O)NC1=CC=C(OCC2CCCCC2)C=C1,,0.0,0.0
CC1=NN(C)C=C1C(C)NC(=O)C(=O)NC1=CC=C(OCC2CCCCC2)C=C1,C(CCCCCCCCCCCC(CC)=O)CC2=CC=C(C(C)(C)C)C=C2,0.1038961038961039,0.2835448542132535
CC1=NN(C)C=C1C(C)NC(=O)C(=O)NC1=CC=C(OCC2CCCCC2)C=C1,C(CCCCCCCCCCCC(CC)=O)CC2=CC=C(C(C)(C)C)C=N2,0.125,0.29646499503298607
CC1=NN(C)C=C1C(C)NC(=O)C(=O)NC1=CC=C(OCC2CCCCC2)C=C1,C(CCCCCCCCCCCC(CC)=O)CC2=CC=C(C(C)(C)C)C=N2,0.125,0.29646499503298607
CC1=NN(C)C=C1C(C)NC(=O)C(=O)NC1=CC=C(OCC2CCCCC2)C=C1,,0.0,0.0
CC1=NN(C)C=C1C(C)NC(=O)C(=O)NC1=CC=C(OCC2CCCCC2)C=C1,C(CCCCCCCCCCCC(CC)=O)CC2=CC=C(C(C)(C)C)C=N2,0.125,0.29646499503298607
CC1=NN(C)C=C1C(C)NC(=O)C(=O)NC1=CC=C(OCC2CCCCC2)C=C1,,0.0,0.0
CC1=NN(C)C=C1C(C)NC(=O)C(=O)NC1=CC=C(OCC2CCCCC2)C=C1,,0.0,0.0
CC1=NN(C)C=C1C(C)NC(=O)C(=O)NC1=CC=C(OCC2CCCCC2)C=C1,,0.0,0.0
CC1=NN(C)C=C1C(C)NC(=O)C(=O)NC1=CC=C(OCC2CCCCC2)C=C1,,0.0,0.0
CC1=NN(C)C=C1C(C)NC(=O)C(=O)NC1=CC=C(OCC2CCCCC2)C=C1,,0.0,0.0
CC1=NN(C)C=C1C(C)NC(=O)C(=O)NC1=CC=C(OCC2CCCCC2)C=C1,,0.0,0.0
CC1=NN(C)C=C1C(C)NC(=O)C(=O)NC1=CC=C(OCC2CCCCC2)C=C1,,0.0,0.0
CC1=NN(C)C=C1C(C)NC(=O)C(=O)NC1=CC=C(OCC2CCCCC2)C=C1,,0.0,0.0
CC1=NN(C)C=C1C(C)NC(=O)C(=O)NC1=CC=C(OCC2CCCCC2)C=C1,C(CCCCCCCCCCCC(CC)=O)CC2=CC=C(C(C)(C)C)C=N2,0.125,0.29646499503298607
CC1=NN(C)C=C1C(C)NC(=O)C(=O)NC1=CC=C(OCC2CCCCC2)C=C1,,0.0,0.0
CCN(CC)C1=CC=C(N)C(N)=[NH+]1,,0.0,0.0
CCN(CC)C1=CC=C(N)C(N)=[NH+]1,,0.0,0.0
CCN(CC)C1=CC=C(N)C(N)=[NH+]1,,0.0,0.0
CCN(CC)C1=CC=C(N)C(N)=[NH+]1,,0.0,0.0
CCN(CC)C1=CC=C(N)C(N)=[NH+]1,,0.0,0.0
CCN(CC)C1=CC=C(N)C(N)=[NH+]1,,0.0,0.0
CCN(CC)C1=CC=C(N)C(N)=[NH+]1,,0.0,0.0
CCN(CC)C1=CC=C(N)C(N)=[NH+]1,,0.0,0.0
CCN(CC)C1=CC=C(N)C(N)=[NH+]1,,0.0,0.0
CCN(CC)C1=CC=C(N)C(N)=[NH+]1,,0.0,0.0
CCN(CC)C1=CC=C(N)C(N)=[NH+]1,,0.0,0.0
CCN(CC)C1=CC=C(N)C(N)=[NH+]1,,0.0,0.0
CCN(CC)C1=CC=C(N)C(N)=[NH+]1,,0.0,0.0
CCN(CC)C1=CC=C(N)C(N)=[NH+]1,,0.0,0.0
CCN(CC)C1=CC=C(N)C(N)=[NH+]1,,0.0,0.0
CCN(CC)C1=CC=C(N)C(N)=[NH+]1,,0.0,0.0
CCN(CC)C1=CC=C(N)C(N)=[NH+]1,,0.0,0.0
CCN(CC)C1=CC=C(N)C(N)=[NH+]1,,0.0,0.0
CCN(CC)C1=CC=C(N)C(N)=[NH+]1,,0.0,0.0
CCN(CC)C1=CC=C(N)C(N)=[NH+]1,,0.0,0.0
FC1=CC=CC(OC2=NC(C3=CC=NC=C3)=NC3=C2CCC3)=C1F,CCCCCCCCCCCCCCCCCCCCCCCCCCCCCCCCCCCCCCCCCCCCCCCCCCCCCCCCCCCCCCCCCCCCCCCCCCCCCCCCCCCCCCCCCCCCCCCCCCCCCCCCCCCCCCCCCCCCCCCCCCCCCCC,0.02040816326530612,0.05326173681819871
FC1=CC=CC(OC2=NC(C3=CC=NC=C3)=NC3=C2CCC3)=C1F,CCCCCCCCCCCCCCCCCCCCCCCCCCCCCCCCCCCCCCCCCCCCCCCCCCCCCCCCCCCCCCCCCCCCCCCCCCCCCCCCCCCCCCCCCCCCCCCCCCCCCCCCCCCCCCCCCCCCCCCCCCCCCCC,0.02040816326530612,0.05326173681819871
FC1=CC=CC(OC2=NC(C3=CC=NC=C3)=NC3=C2CCC3)=C1F,CCCCCCCCCCCCCCCCCCCCCCCCCCCCCCCCCCCCCCCCCCCCCCCCCCCCCCCCCCCCCCCCCCCCCCCCCCCCCCCCCCCCCCCCCCCCCCCCCCCCCCCCCCCCCCCCCCCCCCCCCCCCCCC,0.02040816326530612,0.05326173681819871
FC1=CC=CC(OC2=NC(C3=CC=NC=C3)=NC3=C2CCC3)=C1F,CCCCCCCCCCCCCCCCCCCCCCCCCCCCCCCCCCCCCCCCCCCCCCCCCCCCCCCCCCCCCCCCCCCCCCCCCCCCCCCCCCCCCCCCCCCCCCCCCCCCCCCCCCCCCCCCCCCCCCCCCCCCCCC,0.02040816326530612,0.05326173681819871
FC1=CC=CC(OC2=NC(C3=CC=NC=C3)=NC3=C2CCC3)=C1F,CCCCCCCCCCCCCCCCCCCCCCCCCCCCCCCCCCCCCCCCCCCCCCCCCCCCCCCCCCCCCCCCCCCCCCCCCCCCCCCCCCCCCCCCCCCCCCCCCCCCCCCCCCCCCCCCCCCCCCCCCCCCCCC,0.02040816326530612,0.05326173681819871
FC1=CC=CC(OC2=NC(C3=CC=NC=C3)=NC3=C2CCC3)=C1F,CCCCCCCCCCCCCCCCCCCCCCCCCCCCCCCCCCCCCCCCCCCCCCCCCCCCCCCCCCCCCCCCCCCCCCCCCCCCCCCCCCCCCCCCCCCCCCCCCCCCCCCCCCCCCCCCCCCCCCCCCCCCCCC,0.02040816326530612,0.05326173681819871
FC1=CC=CC(OC2=NC(C3=CC=NC=C3)=NC3=C2CCC3)=C1F,CCCCCCCCCCCCCCCCCCCCCCCCCCCCCCCCCCCCCCCCCCCCCCCCCCCCCCCCCCCCCCCCCCCCCCCCCCCCCCCCCCCCCCCCCCCCCCCCCCCCCCCCCCCCCCCCCCCCCCCCCCCCCCC,0.02040816326530612,0.05326173681819871
FC1=CC=CC(OC2=NC(C3=CC=NC=C3)=NC3=C2CCC3)=C1F,CCCCCCCCCCCCCCCCCCCCCCCCCCCCCCCCCCCCCCCCCCCCCCCCCCCCCCCCCCCCCCCCCCCCCCCCCCCCCCCCCCCCCCCCCCCCCCCCCCCCCCCCCCCCCCCCCCCCCCCCCCCCCCC,0.02040816326530612,0.05326173681819871
FC1=CC=CC(OC2=NC(C3=CC=NC=C3)=NC3=C2CCC3)=C1F,CCCCCCCCCCCCCCCCCCCCCCCCCCCCCCCCCCCCCCCCCCCCCCCCCCCCCCCCCCCCCCCCCCCCCCCCCCCCCCCCCCCCCCCCCCCCCCCCCCCCCCCCCCCCCCCCCCCCCCCCCCCCCCC,0.02040816326530612,0.05326173681819871
FC1=CC=CC(OC2=NC(C3=CC=NC=C3)=NC3=C2CCC3)=C1F,CCCCCCCCCCCCCCCCCCCCCCCCCCCCCCCCCCCCCCCCCCCCCCCCCCCCCCCCCCCCCCCCCCCCCCCCCCCCCCCCCCCCCCCCCCCCCCCCCCCCCCCCCCCCCCCCCCCCCCCCCCCCCCC,0.02040816326530612,0.05326173681819871
FC1=CC=CC(OC2=NC(C3=CC=NC=C3)=NC3=C2CCC3)=C1F,CCCCCCCCCCCCCCCCCCCCCCCCCCCCCCCCCCCCCCCCCCCCCCCCCCCCCCCCCCCCCCCCCCCCCCCCCCCCCCCCCCCCCCCCCCCCCCCCCCCCCCCCCCCCCCCCCCCCCCCCCCCCCCC,0.02040816326530612,0.05326173681819871
FC1=CC=CC(OC2=NC(C3=CC=NC=C3)=NC3=C2CCC3)=C1F,,0.0,0.0
FC1=CC=CC(OC2=NC(C3=CC=NC=C3)=NC3=C2CCC3)=C1F,CCCCCCCCCCCCCCCCCCCCCCCCCCCCCCCCCCCCCCCCCCCCCCCCCCCCCCCCCCCCCCCCCCCCCCCCCCCCCCCCCCCCCCCCCCCCCCCCCCCCCCCCCCCCCCCCCCCCCCCCCCCCCCC,0.02040816326530612,0.05326173681819871
FC1=CC=CC(OC2=NC(C3=CC=NC=C3)=NC3=C2CCC3)=C1F,,0.0,0.0
FC1=CC=CC(OC2=NC(C3=CC=NC=C3)=NC3=C2CCC3)=C1F,CCCCCCCCCCCCCCCCCCCCCCCCCCCCCCCCCCCCCCCCCCCCCCCCCCCCCCCCCCCCCCCCCCCCCCCCCCCCCCCCCCCCCCCCCCCCCCCCCCCCCCCCCCCCCCCCCCCCCCCCCCCCCCC,0.02040816326530612,0.05326173681819871
FC1=CC=CC(OC2=NC(C3=CC=NC=C3)=NC3=C2CCC3)=C1F,CCCCCCCCCCCCCCCCCCCCCCCCCCCCCCCCCCCCCCCCCCCCCCCCCCCCCCCCCCCCCCCCCCCCCCCCCCCCCCCCCCCCCCCCCCCCCCCCCCCCCCCCCCCCCCCCCCCCCCCCCCCCCCC,0.02040816326530612,0.05326173681819871
FC1=CC=CC(OC2=NC(C3=CC=NC=C3)=NC3=C2CCC3)=C1F,,0.0,0.0
FC1=CC=CC(OC2=NC(C3=CC=NC=C3)=NC3=C2CCC3)=C1F,CCCCCCCCCCCCCCCCCCCCCCCCCCCCCCCCCCCCCCCCCCCCCCCCCCCCCCCCCCCCCCCCCCCCCCCCCCCCCCCCCCCCCCCCCCCCCCCCCCCCCCCCCCCCCCCCCCCCCCCCCCCCCCC,0.02040816326530612,0.05326173681819871
FC1=CC=CC(OC2=NC(C3=CC=NC=C3)=NC3=C2CCC3)=C1F,,0.0,0.0
FC1=CC=CC(OC2=NC(C3=CC=NC=C3)=NC3=C2CCC3)=C1F,CCCCCCCCCCCCCCCCCCCCCCCCCCCCCCCCCCCCCCCCCCCCCCCCCCCCCCCCCCCCCCCCCCCCCCCCCCCCCCCCCCCCCCCCCCCCCCCCCCCCCCCCCCCCCCCCCCCCCCCCCCCCCCC,0.02040816326530612,0.05326173681819871
CC(C)C1=CC=C2OC(C3=CC=C(C[NH3+])C=C3)=NC2=C1,CCCCCCCCCC(C)(CC1=C(C)C(OC(C)=O)=C(C)N=C1)C,0.0684931506849315,0.34648454331069145
CC(C)C1=CC=C2OC(C3=CC=C(C[NH3+])C=C3)=NC2=C1,CCCCCCCCCC(C)(CC1=C(C)C(OC(C)=O)=C(C)N=C1)C,0.0684931506849315,0.34648454331069145
CC(C)C1=CC=C2OC(C3=CC=C(C[NH3+])C=C3)=NC2=C1,,0.0,0.0
CC(C)C1=CC=C2OC(C3=CC=C(C[NH3+])C=C3)=NC2=C1,CCCCCCCCCC(C)(CC1=C(C)C(OC(C)=O)=C(C)N=C1)C,0.0684931506849315,0.34648454331069145
CC(C)C1=CC=C2OC(C3=CC=C(C[NH3+])C=C3)=NC2=C1,CCCCCCCCCCCCCC(C)(CC1=C(C)C(OC(C)=O)=C(C)N=C1)C,0.0684931506849315,0.22060217483200334
CC(C)C1=CC=C2OC(C3=CC=C(C[NH3+])C=C3)=NC2=C1,CCCCCCCCCC(C)(CC1=C(C)C(OC(C)=O)=C(C)N=C1)C,0.0684931506849315,0.34648454331069145
CC(C)C1=CC=C2OC(C3=CC=C(C[NH3+])C=C3)=NC2=C1,,0.0,0.0
CC(C)C1=CC=C2OC(C3=CC=C(C[NH3+])C=C3)=NC2=C1,,0.0,0.0
CC(C)C1=CC=C2OC(C3=CC=C(C[NH3+])C=C3)=NC2=C1,,0.0,0.0
CC(C)C1=CC=C2OC(C3=CC=C(C[NH3+])C=C3)=NC2=C1,CCCCCCCCCC(C)(CC1=C(C)C(OC(C)=O)=C(C)N=C1)C,0.0684931506849315,0.34648454331069145
CC(C)C1=CC=C2OC(C3=CC=C(C[NH3+])C=C3)=NC2=C1,,0.0,0.0
CC(C)C1=CC=C2OC(C3=CC=C(C[NH3+])C=C3)=NC2=C1,CCCCCCCCCC(C)(CC1=C(C)C(OC(C)=O)=C(C)N=C1)C,0.0684931506849315,0.34648454331069145
CC(C)C1=CC=C2OC(C3=CC=C(C[NH3+])C=C3)=NC2=C1,CCCCCCCCCC(C)(CC1=C(C)C(OC(C)=O)=C(C)N=C1)C,0.0684931506849315,0.34648454331069145
CC(C)C1=CC=C2OC(C3=CC=C(C[NH3+])C=C3)=NC2=C1,,0.0,0.0
CC(C)C1=CC=C2OC(C3=CC=C(C[NH3+])C=C3)=NC2=C1,,0.0,0.0
CC(C)C1=CC=C2OC(C3=CC=C(C[NH3+])C=C3)=NC2=C1,CCCCCCCCCCCCCC(C)(CC1=C(C)C(OC(C)=O)=C(C)N=C1)C,0.0684931506849315,0.22060217483200334
CC(C)C1=CC=C2OC(C3=CC=C(C[NH3+])C=C3)=NC2=C1,,0.0,0.0
CC(C)C1=CC=C2OC(C3=CC=C(C[NH3+])C=C3)=NC2=C1,CCCCCCCCCC(C)(CC1=C(C)C(OC(C)=O)=C(C)N=C1)C,0.0684931506849315,0.34648454331069145
CC(C)C1=CC=C2OC(C3=CC=C(C[NH3+])C=C3)=NC2=C1,,0.0,0.0
CC(C)C1=CC=C2OC(C3=CC=C(C[NH3+])C=C3)=NC2=C1,CCCCCCCCCC(C)(CC1=C(C)C(OC(C)=O)=C(C)N=C1)C,0.0684931506849315,0.34648454331069145
O=C(NCCCN1CCOCC1)C1(C2=NOC(C3=CC=CS3)=C2)CC1,CCCCCCCCCCCC(OC1=NC=CC=C1)=O,0.14473684210526316,0.4260075772364941
O=C(NCCCN1CCOCC1)C1(C2=NOC(C3=CC=CS3)=C2)CC1,CCCCCCCCCCCC(OC1=NC=CC=C1)=O,0.14473684210526316,0.4260075772364941
O=C(NCCCN1CCOCC1)C1(C2=NOC(C3=CC=CS3)=C2)CC1,CCCCCCCCCCCC(OC1=NC=CC=C1)=O,0.14473684210526316,0.4260075772364941
O=C(NCCCN1CCOCC1)C1(C2=NOC(C3=CC=CS3)=C2)CC1,CCCCCCCCCCCC(OC1=NC=CC=C1)=O,0.14473684210526316,0.4260075772364941
O=C(NCCCN1CCOCC1)C1(C2=NOC(C3=CC=CS3)=C2)CC1,CCCCCCCCCCCC(OC1=NC=CC=C1)=O,0.14473684210526316,0.4260075772364941
O=C(NCCCN1CCOCC1)C1(C2=NOC(C3=CC=CS3)=C2)CC1,CCCCCCCCCCCC(OC1=NC=CC=C1)=O,0.14473684210526316,0.4260075772364941
O=C(NCCCN1CCOCC1)C1(C2=NOC(C3=CC=CS3)=C2)CC1,CCCCCCCCCCCC(OC1=NC=CC=C1)=O,0.14473684210526316,0.4260075772364941
O=C(NCCCN1CCOCC1)C1(C2=NOC(C3=CC=CS3)=C2)CC1,CCCCCCCCCCCC(OC1=NC=CC=C1)=O,0.14473684210526316,0.4260075772364941
O=C(NCCCN1CCOCC1)C1(C2=NOC(C3=CC=CS3)=C2)CC1,CCCCCCCCCCCC(OC1=NC=CC=C1)=O,0.14473684210526316,0.4260075772364941
O=C(NCCCN1CCOCC1)C1(C2=NOC(C3=CC=CS3)=C2)CC1,CCCCCCCCCCCC(OC1=NC=CC=C1)=O,0.14473684210526316,0.4260075772364941
O=C(NCCCN1CCOCC1)C1(C2=NOC(C3=CC=CS3)=C2)CC1,CCCCCCCCCCCC(OC1=NC=CC=C1)=O,0.14473684210526316,0.4260075772364941
O=C(NCCCN1CCOCC1)C1(C2=NOC(C3=CC=CS3)=C2)CC1,CCCCCCCCCCCC(OC1=NC=CC=C1)=O,0.14473684210526316,0.4260075772364941
O=C(NCCCN1CCOCC1)C1(C2=NOC(C3=CC=CS3)=C2)CC1,CCCCCCCCCCCC(OC1=NC=CC=C1)=O,0.14473684210526316,0.4260075772364941
O=C(NCCCN1CCOCC1)C1(C2=NOC(C3=CC=CS3)=C2)CC1,CCCCCCCCCCCC(OC1=NC=CC=C1)=O,0.14473684210526316,0.4260075772364941
O=C(NCCCN1CCOCC1)C1(C2=NOC(C3=CC=CS3)=C2)CC1,CCCCCCCCCCCC(OC1=NC=CC=C1)=O,0.14473684210526316,0.4260075772364941
O=C(NCCCN1CCOCC1)C1(C2=NOC(C3=CC=CS3)=C2)CC1,CCCCCCCCCCCC(OC1=NC=CC=C1)=O,0.14473684210526316,0.4260075772364941
O=C(NCCCN1CCOCC1)C1(C2=NOC(C3=CC=CS3)=C2)CC1,CCCCCCCCCCCC(OC1=NC=CC=C1)=O,0.14473684210526316,0.4260075772364941
O=C(NCCCN1CCOCC1)C1(C2=NOC(C3=CC=CS3)=C2)CC1,CCCCCCCCCCCC(OC1=NC=CC=C1)=O,0.14473684210526316,0.4260075772364941
O=C(NCCCN1CCOCC1)C1(C2=NOC(C3=CC=CS3)=C2)CC1,CCCCCCCCCCCC(OC1=NC=CC=C1)=O,0.14473684210526316,0.4260075772364941
O=C(NCCCN1CCOCC1)C1(C2=NOC(C3=CC=CS3)=C2)CC1,CCCCCCCCCCCC(OC1=NC=CC=C1)=O,0.14473684210526316,0.4260075772364941
CC1=CC=C2C=C(C(=O)NCCCCC(N)=O)NC2=C1,,0.0,0.0
CC1=CC=C2C=C(C(=O)NCCCCC(N)=O)NC2=C1,,0.0,0.0
CC1=CC=C2C=C(C(=O)NCCCCC(N)=O)NC2=C1,,0.0,0.0
CC1=CC=C2C=C(C(=O)NCCCCC(N)=O)NC2=C1,,0.0,0.0
CC1=CC=C2C=C(C(=O)NCCCCC(N)=O)NC2=C1,,0.0,0.0
CC1=CC=C2C=C(C(=O)NCCCCC(N)=O)NC2=C1,,0.0,0.0
CC1=CC=C2C=C(C(=O)NCCCCC(N)=O)NC2=C1,,0.0,0.0
CC1=CC=C2C=C(C(=O)NCCCCC(N)=O)NC2=C1,,0.0,0.0
CC1=CC=C2C=C(C(=O)NCCCCC(N)=O)NC2=C1,,0.0,0.0
CC1=CC=C2C=C(C(=O)NCCCCC(N)=O)NC2=C1,,0.0,0.0
CC1=CC=C2C=C(C(=O)NCCCCC(N)=O)NC2=C1,,0.0,0.0
CC1=CC=C2C=C(C(=O)NCCCCC(N)=O)NC2=C1,,0.0,0.0
CC1=CC=C2C=C(C(=O)NCCCCC(N)=O)NC2=C1,,0.0,0.0
CC1=CC=C2C=C(C(=O)NCCCCC(N)=O)NC2=C1,,0.0,0.0
CC1=CC=C2C=C(C(=O)NCCCCC(N)=O)NC2=C1,,0.0,0.0
CC1=CC=C2C=C(C(=O)NCCCCC(N)=O)NC2=C1,,0.0,0.0
CC1=CC=C2C=C(C(=O)NCCCCC(N)=O)NC2=C1,,0.0,0.0
CC1=CC=C2C=C(C(=O)NCCCCC(N)=O)NC2=C1,,0.0,0.0
CC1=CC=C2C=C(C(=O)NCCCCC(N)=O)NC2=C1,,0.0,0.0
CC1=CC=C2C=C(C(=O)NCCCCC(N)=O)NC2=C1,,0.0,0.0
CCNC(=O)NCC1CCCC[NH+]1CC1=CC=CC=C1,,0.0,0.0
CCNC(=O)NCC1CCCC[NH+]1CC1=CC=CC=C1,,0.0,0.0
CCNC(=O)NCC1CCCC[NH+]1CC1=CC=CC=C1,,0.0,0.0
CCNC(=O)NCC1CCCC[NH+]1CC1=CC=CC=C1,,0.0,0.0
CCNC(=O)NCC1CCCC[NH+]1CC1=CC=CC=C1,,0.0,0.0
CCNC(=O)NCC1CCCC[NH+]1CC1=CC=CC=C1,,0.0,0.0
CCNC(=O)NCC1CCCC[NH+]1CC1=CC=CC=C1,,0.0,0.0
CCNC(=O)NCC1CCCC[NH+]1CC1=CC=CC=C1,,0.0,0.0
CCNC(=O)NCC1CCCC[NH+]1CC1=CC=CC=C1,,0.0,0.0
CCNC(=O)NCC1CCCC[NH+]1CC1=CC=CC=C1,,0.0,0.0
CCNC(=O)NCC1CCCC[NH+]1CC1=CC=CC=C1,,0.0,0.0
CCNC(=O)NCC1CCCC[NH+]1CC1=CC=CC=C1,,0.0,0.0
CCNC(=O)NCC1CCCC[NH+]1CC1=CC=CC=C1,,0.0,0.0
CCNC(=O)NCC1CCCC[NH+]1CC1=CC=CC=C1,,0.0,0.0
CCNC(=O)NCC1CCCC[NH+]1CC1=CC=CC=C1,,0.0,0.0
CCNC(=O)NCC1CCCC[NH+]1CC1=CC=CC=C1,,0.0,0.0
CCNC(=O)NCC1CCCC[NH+]1CC1=CC=CC=C1,,0.0,0.0
CCNC(=O)NCC1CCCC[NH+]1CC1=CC=CC=C1,,0.0,0.0
CCNC(=O)NCC1CCCC[NH+]1CC1=CC=CC=C1,,0.0,0.0
CCNC(=O)NCC1CCCC[NH+]1CC1=CC=CC=C1,,0.0,0.0
C=CCNC(=O)C1=CC=C(NS(=O)(=O)C2=CC(Cl)=CC=C2Cl)C=C1,CCCCCCCCCCCC(OC1=NC=CC=C1)=O,0.10144927536231885,0.4260075772364941
C=CCNC(=O)C1=CC=C(NS(=O)(=O)C2=CC(Cl)=CC=C2Cl)C=C1,CCCCCCCCCCCC(OC1=NC=CC=C1)=O,0.10144927536231885,0.4260075772364941
C=CCNC(=O)C1=CC=C(NS(=O)(=O)C2=CC(Cl)=CC=C2Cl)C=C1,,0.0,0.0
C=CCNC(=O)C1=CC=C(NS(=O)(=O)C2=CC(Cl)=CC=C2Cl)C=C1,,0.0,0.0
C=CCNC(=O)C1=CC=C(NS(=O)(=O)C2=CC(Cl)=CC=C2Cl)C=C1,,0.0,0.0
C=CCNC(=O)C1=CC=C(NS(=O)(=O)C2=CC(Cl)=CC=C2Cl)C=C1,CCCCCCCCCCCC(OC1=NC=CC=C1)=O,0.10144927536231885,0.4260075772364941
C=CCNC(=O)C1=CC=C(NS(=O)(=O)C2=CC(Cl)=CC=C2Cl)C=C1,CCCCCCCCCCCC(OC1=NC=CC=C1)=O,0.10144927536231885,0.4260075772364941
C=CCNC(=O)C1=CC=C(NS(=O)(=O)C2=CC(Cl)=CC=C2Cl)C=C1,,0.0,0.0
C=CCNC(=O)C1=CC=C(NS(=O)(=O)C2=CC(Cl)=CC=C2Cl)C=C1,,0.0,0.0
C=CCNC(=O)C1=CC=C(NS(=O)(=O)C2=CC(Cl)=CC=C2Cl)C=C1,CCCCCCCCCCCC(OC1=NC=CC=C1)=O,0.10144927536231885,0.4260075772364941
C=CCNC(=O)C1=CC=C(NS(=O)(=O)C2=CC(Cl)=CC=C2Cl)C=C1,,0.0,0.0
C=CCNC(=O)C1=CC=C(NS(=O)(=O)C2=CC(Cl)=CC=C2Cl)C=C1,,0.0,0.0
C=CCNC(=O)C1=CC=C(NS(=O)(=O)C2=CC(Cl)=CC=C2Cl)C=C1,CCCCCCCCCCCC(OC1=NC=CC=C1)=O,0.10144927536231885,0.4260075772364941
C=CCNC(=O)C1=CC=C(NS(=O)(=O)C2=CC(Cl)=CC=C2Cl)C=C1,,0.0,0.0
C=CCNC(=O)C1=CC=C(NS(=O)(=O)C2=CC(Cl)=CC=C2Cl)C=C1,,0.0,0.0
C=CCNC(=O)C1=CC=C(NS(=O)(=O)C2=CC(Cl)=CC=C2Cl)C=C1,,0.0,0.0
C=CCNC(=O)C1=CC=C(NS(=O)(=O)C2=CC(Cl)=CC=C2Cl)C=C1,,0.0,0.0
C=CCNC(=O)C1=CC=C(NS(=O)(=O)C2=CC(Cl)=CC=C2Cl)C=C1,CCCCCCCCCCCC(OC1=NC=CC=C1)=O,0.10144927536231885,0.4260075772364941
C=CCNC(=O)C1=CC=C(NS(=O)(=O)C2=CC(Cl)=CC=C2Cl)C=C1,CCCCCCCCCCCC(OC1=NC=CC=C1)=O,0.10144927536231885,0.4260075772364941
C=CCNC(=O)C1=CC=C(NS(=O)(=O)C2=CC(Cl)=CC=C2Cl)C=C1,CCCCCCCCCCCC(OC1=NC=CC=C1)=O,0.10144927536231885,0.4260075772364941
O=C(NCCC1=CC(Cl)=C2OCCOC2=C1)C1CCN(C(=O)C2=CC=CS2)CC1,,0.0,0.0
O=C(NCCC1=CC(Cl)=C2OCCOC2=C1)C1CCN(C(=O)C2=CC=CS2)CC1,,0.0,0.0
O=C(NCCC1=CC(Cl)=C2OCCOC2=C1)C1CCN(C(=O)C2=CC=CS2)CC1,,0.0,0.0
O=C(NCCC1=CC(Cl)=C2OCCOC2=C1)C1CCN(C(=O)C2=CC=CS2)CC1,CCCCCCCCCCCC(OC1=NC=CC=C1)=O,0.0975609756097561,0.4260075772364941
O=C(NCCC1=CC(Cl)=C2OCCOC2=C1)C1CCN(C(=O)C2=CC=CS2)CC1,,0.0,0.0
O=C(NCCC1=CC(Cl)=C2OCCOC2=C1)C1CCN(C(=O)C2=CC=CS2)CC1,CCCCCCCCCCCC(OC1=NC=CC=C1)=O,0.0975609756097561,0.4260075772364941
O=C(NCCC1=CC(Cl)=C2OCCOC2=C1)C1CCN(C(=O)C2=CC=CS2)CC1,,0.0,0.0
O=C(NCCC1=CC(Cl)=C2OCCOC2=C1)C1CCN(C(=O)C2=CC=CS2)CC1,,0.0,0.0
O=C(NCCC1=CC(Cl)=C2OCCOC2=C1)C1CCN(C(=O)C2=CC=CS2)CC1,,0.0,0.0
O=C(NCCC1=CC(Cl)=C2OCCOC2=C1)C1CCN(C(=O)C2=CC=CS2)CC1,CCCCCCCCCCCC(OC1=NC=CC=C1)=O,0.0975609756097561,0.4260075772364941
O=C(NCCC1=CC(Cl)=C2OCCOC2=C1)C1CCN(C(=O)C2=CC=CS2)CC1,,0.0,0.0
O=C(NCCC1=CC(Cl)=C2OCCOC2=C1)C1CCN(C(=O)C2=CC=CS2)CC1,CCCCCCCCCCCC(OC1=NC=CC=C1)=O,0.0975609756097561,0.4260075772364941
O=C(NCCC1=CC(Cl)=C2OCCOC2=C1)C1CCN(C(=O)C2=CC=CS2)CC1,,0.0,0.0
O=C(NCCC1=CC(Cl)=C2OCCOC2=C1)C1CCN(C(=O)C2=CC=CS2)CC1,CCCCCCCCCCCC(OC1=NC=CC=C1)=O,0.0975609756097561,0.4260075772364941
O=C(NCCC1=CC(Cl)=C2OCCOC2=C1)C1CCN(C(=O)C2=CC=CS2)CC1,,0.0,0.0
O=C(NCCC1=CC(Cl)=C2OCCOC2=C1)C1CCN(C(=O)C2=CC=CS2)CC1,CCCCCCCCCCCC(OC1=NC=CC=C1)=O,0.0975609756097561,0.4260075772364941
O=C(NCCC1=CC(Cl)=C2OCCOC2=C1)C1CCN(C(=O)C2=CC=CS2)CC1,,0.0,0.0
O=C(NCCC1=CC(Cl)=C2OCCOC2=C1)C1CCN(C(=O)C2=CC=CS2)CC1,CCCCCCCCCCCC(OC1=NC=CC=C1)=O,0.0975609756097561,0.4260075772364941
O=C(NCCC1=CC(Cl)=C2OCCOC2=C1)C1CCN(C(=O)C2=CC=CS2)CC1,,0.0,0.0
O=C(NCCC1=CC(Cl)=C2OCCOC2=C1)C1CCN(C(=O)C2=CC=CS2)CC1,,0.0,0.0
COCCNC(=O)C(C)CS(=O)(=O)C1=CC=C(Br)C=C1,CCCCCCCCCCCC(OC1=NC=CC=C1)C,0.12698412698412698,0.4523960247988492
COCCNC(=O)C(C)CS(=O)(=O)C1=CC=C(Br)C=C1,CCCCCCCCCCCCCCCCCCCCCC(OC1=NC=CC=C1)C,0.12698412698412698,0.17509635172133634
COCCNC(=O)C(C)CS(=O)(=O)C1=CC=C(Br)C=C1,CCCCCCCCCCCCCCCCCC(OC1=NC=CC=C1)C,0.12698412698412698,0.2462655615929323
COCCNC(=O)C(C)CS(=O)(=O)C1=CC=C(Br)C=C1,CCCCCCCCCCCCCCCCCCCCCC(OC1=NC=CC=C1)C,0.12698412698412698,0.17509635172133634
COCCNC(=O)C(C)CS(=O)(=O)C1=CC=C(Br)C=C1,,0.0,0.0
COCCNC(=O)C(C)CS(=O)(=O)C1=CC=C(Br)C=C1,,0.0,0.0
COCCNC(=O)C(C)CS(=O)(=O)C1=CC=C(Br)C=C1,CCCCCCCCCCCCCCCCCCCCCC(OC1=NC=CC=C1)C,0.12698412698412698,0.17509635172133634
COCCNC(=O)C(C)CS(=O)(=O)C1=CC=C(Br)C=C1,,0.0,0.0
COCCNC(=O)C(C)CS(=O)(=O)C1=CC=C(Br)C=C1,,0.0,0.0
COCCNC(=O)C(C)CS(=O)(=O)C1=CC=C(Br)C=C1,,0.0,0.0
COCCNC(=O)C(C)CS(=O)(=O)C1=CC=C(Br)C=C1,CCCCCCCCCCCCCCCCCCCCCC(OC1=NC=CC=C1)C,0.12698412698412698,0.17509635172133634
COCCNC(=O)C(C)CS(=O)(=O)C1=CC=C(Br)C=C1,CCCCCCCCCCCCCCCCCCCCCC(OC1=NC=CC=C1)O,0.125,0.1510161504386356
COCCNC(=O)C(C)CS(=O)(=O)C1=CC=C(Br)C=C1,,0.0,0.0
COCCNC(=O)C(C)CS(=O)(=O)C1=CC=C(Br)C=C1,CCCCCCCCCCCCCCCCCCCCCC(OC1=NC=CC=C1)C,0.12698412698412698,0.17509635172133634
COCCNC(=O)C(C)CS(=O)(=O)C1=CC=C(Br)C=C1,CCCCCCCCCCCCCCCCCCC(OC1=NC=CC=C1)C,0.12698412698412698,0.22603276463606245
COCCNC(=O)C(C)CS(=O)(=O)C1=CC=C(Br)C=C1,,0.0,0.0
COCCNC(=O)C(C)CS(=O)(=O)C1=CC=C(Br)C=C1,,0.0,0.0
COCCNC(=O)C(C)CS(=O)(=O)C1=CC=C(Br)C=C1,CCCCCCCCCCCCCCCCCCCCCC(OC1=NC=CC=C1)C,0.12698412698412698,0.17509635172133634
COCCNC(=O)C(C)CS(=O)(=O)C1=CC=C(Br)C=C1,CCCCCCCCCCCCCCCCCC(OC1=NC=CC=C1)C,0.12698412698412698,0.2462655615929323
COCCNC(=O)C(C)CS(=O)(=O)C1=CC=C(Br)C=C1,,0.0,0.0
CCCCC(=O)NC1=CC=CC=C1NS(=O)(=O)C1=CC=C(Cl)C=C1,C(CCCCCCCCCCCCCC(C)=O)CCCCCCCCCCCC,0.2127659574468085,0.13722547217255235
CCCCC(=O)NC1=CC=CC=C1NS(=O)(=O)C1=CC=C(Cl)C=C1,C(CCCCCCCCCCCCCCC)(CCO)CCCCCCCCCCCCCC,0.1346153846153846,0.10860869832108892
CCCCC(=O)NC1=CC=CC=C1NS(=O)(=O)C1=CC=C(Cl)C=C1,,0.0,0.0
CCCCC(=O)NC1=CC=CC=C1NS(=O)(=O)C1=CC=C(Cl)C=C1,,0.0,0.0
CCCCC(=O)NC1=CC=CC=C1NS(=O)(=O)C1=CC=C(Cl)C=C1,C(CCCCCCCCCCCC(C)(CCO)CCCCCCCCCCCCCC1=NC=CC=C1)=O,0.14084507042253522,0.0891507014351538
CCCCC(=O)NC1=CC=CC=C1NS(=O)(=O)C1=CC=C(Cl)C=C1,,0.0,0.0
CCCCC(=O)NC1=CC=CC=C1NS(=O)(=O)C1=CC=C(Cl)C=C1,,0.0,0.0
CCCCC(=O)NC1=CC=CC=C1NS(=O)(=O)C1=CC=C(Cl)C=C1,,0.0,0.0
CCCCC(=O)NC1=CC=CC=C1NS(=O)(=O)C1=CC=C(Cl)C=C1,,0.0,0.0
CCCCC(=O)NC1=CC=CC=C1NS(=O)(=O)C1=CC=C(Cl)C=C1,,0.0,0.0
CCCCC(=O)NC1=CC=CC=C1NS(=O)(=O)C1=CC=C(Cl)C=C1,,0.0,0.0
CCCCC(=O)NC1=CC=CC=C1NS(=O)(=O)C1=CC=C(Cl)C=C1,,0.0,0.0
CCCCC(=O)NC1=CC=CC=C1NS(=O)(=O)C1=CC=C(Cl)C=C1,,0.0,0.0
CCCCC(=O)NC1=CC=CC=C1NS(=O)(=O)C1=CC=C(Cl)C=C1,,0.0,0.0
CCCCC(=O)NC1=CC=CC=C1NS(=O)(=O)C1=CC=C(Cl)C=C1,,0.0,0.0
CCCCC(=O)NC1=CC=CC=C1NS(=O)(=O)C1=CC=C(Cl)C=C1,C(CCCCCCCCCCCC(C)(CCO)CCCCCCCCCCCCCC1=NC=CC=C1)=NS,0.12,0.06233346207313288
CCCCC(=O)NC1=CC=CC=C1NS(=O)(=O)C1=CC=C(Cl)C=C1,,0.0,0.0
CCCCC(=O)NC1=CC=CC=C1NS(=O)(=O)C1=CC=C(Cl)C=C1,,0.0,0.0
CCCCC(=O)NC1=CC=CC=C1NS(=O)(=O)C1=CC=C(Cl)C=C1,,0.0,0.0
CCCCC(=O)NC1=CC=CC=C1NS(=O)(=O)C1=CC=C(Cl)C=C1,,0.0,0.0
COC1=CC(C)=C(C(C)NC2CC[NH+](C3CCCCC3O)CC2)C=C1OC,,0.0,0.0
COC1=CC(C)=C(C(C)NC2CC[NH+](C3CCCCC3O)CC2)C=C1OC,,0.0,0.0
COC1=CC(C)=C(C(C)NC2CC[NH+](C3CCCCC3O)CC2)C=C1OC,,0.0,0.0
COC1=CC(C)=C(C(C)NC2CC[NH+](C3CCCCC3O)CC2)C=C1OC,,0.0,0.0
COC1=CC(C)=C(C(C)NC2CC[NH+](C3CCCCC3O)CC2)C=C1OC,,0.0,0.0
COC1=CC(C)=C(C(C)NC2CC[NH+](C3CCCCC3O)CC2)C=C1OC,,0.0,0.0
COC1=CC(C)=C(C(C)NC2CC[NH+](C3CCCCC3O)CC2)C=C1OC,,0.0,0.0
COC1=CC(C)=C(C(C)NC2CC[NH+](C3CCCCC3O)CC2)C=C1OC,,0.0,0.0
COC1=CC(C)=C(C(C)NC2CC[NH+](C3CCCCC3O)CC2)C=C1OC,,0.0,0.0
COC1=CC(C)=C(C(C)NC2CC[NH+](C3CCCCC3O)CC2)C=C1OC,,0.0,0.0
COC1=CC(C)=C(C(C)NC2CC[NH+](C3CCCCC3O)CC2)C=C1OC,,0.0,0.0
COC1=CC(C)=C(C(C)NC2CC[NH+](C3CCCCC3O)CC2)C=C1OC,,0.0,0.0
COC1=CC(C)=C(C(C)NC2CC[NH+](C3CCCCC3O)CC2)C=C1OC,,0.0,0.0
COC1=CC(C)=C(C(C)NC2CC[NH+](C3CCCCC3O)CC2)C=C1OC,,0.0,0.0
COC1=CC(C)=C(C(C)NC2CC[NH+](C3CCCCC3O)CC2)C=C1OC,,0.0,0.0
COC1=CC(C)=C(C(C)NC2CC[NH+](C3CCCCC3O)CC2)C=C1OC,,0.0,0.0
COC1=CC(C)=C(C(C)NC2CC[NH+](C3CCCCC3O)CC2)C=C1OC,,0.0,0.0
COC1=CC(C)=C(C(C)NC2CC[NH+](C3CCCCC3O)CC2)C=C1OC,,0.0,0.0
COC1=CC(C)=C(C(C)NC2CC[NH+](C3CCCCC3O)CC2)C=C1OC,,0.0,0.0
COC1=CC(C)=C(C(C)NC2CC[NH+](C3CCCCC3O)CC2)C=C1OC,,0.0,0.0
CC1CCCC(C#N)(C2(O)CCCCC2(C)C)C1,,0.0,0.0
CC1CCCC(C#N)(C2(O)CCCCC2(C)C)C1,,0.0,0.0
CC1CCCC(C#N)(C2(O)CCCCC2(C)C)C1,C(CCO)(CCO)CCCCCCCCCCSC1=NN=C(O1)C2=CC=C(C(C)(C)C)C=N2,0.06756756756756757,0.20069412505516868
CC1CCCC(C#N)(C2(O)CCCCC2(C)C)C1,C(CC1=C(OC(C)(C)OC2)C2=C(CO)C(CO)=N1)(C/C=C/C#CC(C)(C)C)CC3=CC=CC4=CC=CC=C43,0.06741573033707865,0.3479060997562587
CC1CCCC(C#N)(C2(O)CCCCC2(C)C)C1,,0.0,0.0
CC1CCCC(C#N)(C2(O)CCCCC2(C)C)C1,,0.0,0.0
CC1CCCC(C#N)(C2(O)CCCCC2(C)C)C1,,0.0,0.0
CC1CCCC(C#N)(C2(O)CCCCC2(C)C)C1,,0.0,0.0
CC1CCCC(C#N)(C2(O)CCCCC2(C)C)C1,C(CCO)(CCO)CCCCCCCCCCSC1=NN=C(O1)C2=CC=C(C(C)(C)C)C=N2,0.06756756756756757,0.20069412505516868
CC1CCCC(C#N)(C2(O)CCCCC2(C)C)C1,,0.0,0.0
CC1CCCC(C#N)(C2(O)CCCCC2(C)C)C1,,0.0,0.0
CC1CCCC(C#N)(C2(O)CCCCC2(C)C)C1,,0.0,0.0
CC1CCCC(C#N)(C2(O)CCCCC2(C)C)C1,,0.0,0.0
CC1CCCC(C#N)(C2(O)CCCCC2(C)C)C1,,0.0,0.0
CC1CCCC(C#N)(C2(O)CCCCC2(C)C)C1,C(CCO)(CCO)CCCCCCCCCCSC1=NN=C(O1)C2=CC=C(C(C)(C)C)C=N2,0.06756756756756757,0.20069412505516868
CC1CCCC(C#N)(C2(O)CCCCC2(C)C)C1,C(CCO)(CCO)CCCCCCCCCCSC1=NN=C(O1)C2=CC=C(C(C)(C)C)C=N2,0.06756756756756757,0.20069412505516868
CC1CCCC(C#N)(C2(O)CCCCC2(C)C)C1,,0.0,0.0
CC1CCCC(C#N)(C2(O)CCCCC2(C)C)C1,,0.0,0.0
CC1CCCC(C#N)(C2(O)CCCCC2(C)C)C1,,0.0,0.0
CC1CCCC(C#N)(C2(O)CCCCC2(C)C)C1,,0.0,0.0
CCN1C(=O)C(=O)NC2=CC(C(=O)NC3=CC=C(C(C)C)C=C3)=CC=C21,,0.0,0.0
CCN1C(=O)C(=O)NC2=CC(C(=O)NC3=CC=C(C(C)C)C=C3)=CC=C21,,0.0,0.0
CCN1C(=O)C(=O)NC2=CC(C(=O)NC3=CC=C(C(C)C)C=C3)=CC=C21,,0.0,0.0
CCN1C(=O)C(=O)NC2=CC(C(=O)NC3=CC=C(C(C)C)C=C3)=CC=C21,,0.0,0.0
CCN1C(=O)C(=O)NC2=CC(C(=O)NC3=CC=C(C(C)C)C=C3)=CC=C21,,0.0,0.0
CCN1C(=O)C(=O)NC2=CC(C(=O)NC3=CC=C(C(C)C)C=C3)=CC=C21,,0.0,0.0
CCN1C(=O)C(=O)NC2=CC(C(=O)NC3=CC=C(C(C)C)C=C3)=CC=C21,,0.0,0.0
CCN1C(=O)C(=O)NC2=CC(C(=O)NC3=CC=C(C(C)C)C=C3)=CC=C21,,0.0,0.0
CCN1C(=O)C(=O)NC2=CC(C(=O)NC3=CC=C(C(C)C)C=C3)=CC=C21,,0.0,0.0
CCN1C(=O)C(=O)NC2=CC(C(=O)NC3=CC=C(C(C)C)C=C3)=CC=C21,,0.0,0.0
CCN1C(=O)C(=O)NC2=CC(C(=O)NC3=CC=C(C(C)C)C=C3)=CC=C21,CCCCCCCCCCCC(C(CCCC(C)CCCCCCCCCCCCCCCCCCCCCCCCCCCCCCCCCCCCCCCC)=O)CSNN(C)CCCCCCCCCCCCCCC,0.11392405063291139,0.0373721013879254
CCN1C(=O)C(=O)NC2=CC(C(=O)NC3=CC=C(C(C)C)C=C3)=CC=C21,,0.0,0.0
CCN1C(=O)C(=O)NC2=CC(C(=O)NC3=CC=C(C(C)C)C=C3)=CC=C21,,0.0,0.0
CCN1C(=O)C(=O)NC2=CC(C(=O)NC3=CC=C(C(C)C)C=C3)=CC=C21,,0.0,0.0
CCN1C(=O)C(=O)NC2=CC(C(=O)NC3=CC=C(C(C)C)C=C3)=CC=C21,,0.0,0.0
CCN1C(=O)C(=O)NC2=CC(C(=O)NC3=CC=C(C(C)C)C=C3)=CC=C21,,0.0,0.0
CCN1C(=O)C(=O)NC2=CC(C(=O)NC3=CC=C(C(C)C)C=C3)=CC=C21,,0.0,0.0
CCN1C(=O)C(=O)NC2=CC(C(=O)NC3=CC=C(C(C)C)C=C3)=CC=C21,,0.0,0.0
CCN1C(=O)C(=O)NC2=CC(C(=O)NC3=CC=C(C(C)C)C=C3)=CC=C21,,0.0,0.0
CCN1C(=O)C(=O)NC2=CC(C(=O)NC3=CC=C(C(C)C)C=C3)=CC=C21,,0.0,0.0
COC1=CC=C(F)C=C1NC(=O)C(=O)NCC1=CC(Br)=CS1,CC1=C2C(COC(C)(C)O2)=C(C(CC3=C(COC(C)(C)O4)C4=C(C)N=C3)(C)C)C=N1,0.07792207792207792,0.714208444238621
COC1=CC=C(F)C=C1NC(=O)C(=O)NCC1=CC(Br)=CS1,CC1=C2C(COC(C)(C)O2)=C(C(CC3=C(COC(C)(C)O4)C4=C(C)N=C3)(C)C)C=N1,0.07792207792207792,0.714208444238621
COC1=CC=C(F)C=C1NC(=O)C(=O)NCC1=CC(Br)=CS1,CC1=C2C(COC(C)(C)O2)=C(C(CC3=C(COC(C)(C)O4)C4=C(C)N=C3)(C)C)C=N1,0.07792207792207792,0.714208444238621
COC1=CC=C(F)C=C1NC(=O)C(=O)NCC1=CC(Br)=CS1,CC1=C2C(COC(C)(C)O2)=C(C(CC3=C(COC(C)(C)O4)C4=C(C)N=C3)(C)C)C=N1,0.07792207792207792,0.714208444238621
COC1=CC=C(F)C=C1NC(=O)C(=O)NCC1=CC(Br)=CS1,CC1=C2C(COC(C)(C)O2)=C(C(CC3=C(COC(C)(C)O4)C4=C(C)N=C3)(C)C)C=N1,0.07792207792207792,0.714208444238621
COC1=CC=C(F)C=C1NC(=O)C(=O)NCC1=CC(Br)=CS1,CC1=C2C(COC(C)(C)O2)=C(C(CC3=C(COC(C)(C)O4)C4=C(C)N=C3)(C)C)C=N1,0.07792207792207792,0.714208444238621
COC1=CC=C(F)C=C1NC(=O)C(=O)NCC1=CC(Br)=CS1,CC1=C2C(COC(CCCCCCCC)O2)=C(C(CC3=C(COC(C)(C)O4)C4=C(C)N=C3)(C)C)C=N1,0.06382978723404255,0.3230008769501578
COC1=CC=C(F)C=C1NC(=O)C(=O)NCC1=CC(Br)=CS1,CC1=C2C(COC(C)(C)O2)=C(C(CC3=C(COC(C)(C)O4)C4=C(C)N=C3)(C)C)C=N1,0.07792207792207792,0.714208444238621
COC1=CC=C(F)C=C1NC(=O)C(=O)NCC1=CC(Br)=CS1,CC1=C2C(COC(C)(C)O2)=C(C(CC3=C(COC(C)(C)O4)C4=C(C)N=C3)(C)C)C=N1,0.07792207792207792,0.714208444238621
COC1=CC=C(F)C=C1NC(=O)C(=O)NCC1=CC(Br)=CS1,CC1=C2C(COC(C)(C)O2)=C(C(CC3=C(COC(C)(C)O4)C4=C(C)N=C3)(C)C)C=N1,0.07792207792207792,0.714208444238621
COC1=CC=C(F)C=C1NC(=O)C(=O)NCC1=CC(Br)=CS1,CC1=C2C(COC(C)(C)O2)=C(C(CC3=C(COC(C)(C)O4)C4=C(C)N=C3)(C)C)C=N1,0.07792207792207792,0.714208444238621
COC1=CC=C(F)C=C1NC(=O)C(=O)NCC1=CC(Br)=CS1,CC1=C2C(COC(C)(C)O2)=C(C(CC3=C(COC(C)(C)O4)C4=C(C)N=C3)(C)C)C=N1,0.07792207792207792,0.714208444238621
COC1=CC=C(F)C=C1NC(=O)C(=O)NCC1=CC(Br)=CS1,CC1=C2C(COC(C)(C)O2)=C(C(CC3=C(COC(C)(C)O4)C4=C(C)N=C3)(C)C)C=N1,0.07792207792207792,0.714208444238621
COC1=CC=C(F)C=C1NC(=O)C(=O)NCC1=CC(Br)=CS1,CC1=C2C(COC(C)(C)O2)=C(C(CC3=C(COC(C)(C)O4)C4=C(C)N=C3)(C)C)C=N1,0.07792207792207792,0.714208444238621
COC1=CC=C(F)C=C1NC(=O)C(=O)NCC1=CC(Br)=CS1,CC1=C2C(COC(C)(C)O2)=C(C(CC3=C(COC(C)(C)O4)C4=C(C)N=C3)(C)C)C=N1,0.07792207792207792,0.714208444238621
COC1=CC=C(F)C=C1NC(=O)C(=O)NCC1=CC(Br)=CS1,CC1=C2C(COC(C)(C)O2)=C(C(CC3=C(COC(C)(C)O4)C4=C(C)N=C3)(C)C)C=N1,0.07792207792207792,0.714208444238621
COC1=CC=C(F)C=C1NC(=O)C(=O)NCC1=CC(Br)=CS1,CC1=C2C(COC(C)(C)O2)=C(C(CC3=C(COC(C)(C)O4)C4=C(C)N=C3)(C)C)C=N1,0.07792207792207792,0.714208444238621
COC1=CC=C(F)C=C1NC(=O)C(=O)NCC1=CC(Br)=CS1,CC1=C2C(COC(C)(C)O2)=C(C(CC3=C(COC(C)(C)O4)C4=C(C)N=C3)(C)C)C=N1,0.07792207792207792,0.714208444238621
COC1=CC=C(F)C=C1NC(=O)C(=O)NCC1=CC(Br)=CS1,CC1=C2C(COC(C)(C)O2)=C(C(CC3=C(COC(C)(C)O4)C4=C(C)N=C3)(C)C)C=N1,0.07792207792207792,0.714208444238621
COC1=CC=C(F)C=C1NC(=O)C(=O)NCC1=CC(Br)=CS1,CC1=C2C(COC(C)(C)O2)=C(C(CC3=C(COC(C)(C)O4)C4=C(C)N=C3)(C)C)C=N1,0.07792207792207792,0.714208444238621
COC(=O)C1=C(C[NH+](C)CC(=O)N(C)C)C=CS1,CCCCCCCCCCCC(OC1=NC=CC=C1)=O,0.15,0.4260075772364941
COC(=O)C1=C(C[NH+](C)CC(=O)N(C)C)C=CS1,CCCCCCCCCCCC(OC1=NC=CC=C1)C,0.0967741935483871,0.4523960247988492
COC(=O)C1=C(C[NH+](C)CC(=O)N(C)C)C=CS1,CCCCCCCCCCCCCC(C)=C(OC(C(C)(C)CCCCCCCCCCCCCCCCCC)=O)CC2=CC=C(C(C)(C)C)C=N2,0.11842105263157894,0.041422892293937405
COC(=O)C1=C(C[NH+](C)CC(=O)N(C)C)C=CS1,CCCCCCCCCCCC(OC1=NC=CC=C1)C,0.0967741935483871,0.4523960247988492
COC(=O)C1=C(C[NH+](C)CC(=O)N(C)C)C=CS1,,0.0,0.0
COC(=O)C1=C(C[NH+](C)CC(=O)N(C)C)C=CS1,CCCCCCCCCCCC(OC1=NC=CC=C1)=O,0.15,0.4260075772364941
COC(=O)C1=C(C[NH+](C)CC(=O)N(C)C)C=CS1,CCCCCCCCCCCC(OC1=NC=CC=C1)=O,0.15,0.4260075772364941
COC(=O)C1=C(C[NH+](C)CC(=O)N(C)C)C=CS1,CCCCCCCCCCCC(OC1=NC=CC=C1)C,0.0967741935483871,0.4523960247988492
COC(=O)C1=C(C[NH+](C)CC(=O)N(C)C)C=CS1,CCCCCCCCCCCC(OC1=NC=CC=C1)=O,0.15,0.4260075772364941
COC(=O)C1=C(C[NH+](C)CC(=O)N(C)C)C=CS1,CCCCCCCCCCCC(OC1=NC=CC=C1)=O,0.15,0.4260075772364941
COC(=O)C1=C(C[NH+](C)CC(=O)N(C)C)C=CS1,,0.0,0.0
COC(=O)C1=C(C[NH+](C)CC(=O)N(C)C)C=CS1,,0.0,0.0
COC(=O)C1=C(C[NH+](C)CC(=O)N(C)C)C=CS1,,0.0,0.0
COC(=O)C1=C(C[NH+](C)CC(=O)N(C)C)C=CS1,,0.0,0.0
COC(=O)C1=C(C[NH+](C)CC(=O)N(C)C)C=CS1,CCCCCCCCCCCC(OC1=NC=CC=C1)C,0.0967741935483871,0.4523960247988492
COC(=O)C1=C(C[NH+](C)CC(=O)N(C)C)C=CS1,,0.0,0.0
COC(=O)C1=C(C[NH+](C)CC(=O)N(C)C)C=CS1,CCCCCCCCCCCC(OC1=NC=CC=C1)=O,0.15,0.4260075772364941
COC(=O)C1=C(C[NH+](C)CC(=O)N(C)C)C=CS1,CCCCCCCCCCCCCCCCCC(OC1=NC=CC=C1)C,0.0967741935483871,0.2462655615929323
COC(=O)C1=C(C[NH+](C)CC(=O)N(C)C)C=CS1,CCCCCCCCCCCC(OC1=NC=CC=C1)C,0.0967741935483871,0.4523960247988492
COC(=O)C1=C(C[NH+](C)CC(=O)N(C)C)C=CS1,CCCCCCCCCCCC(OC1=NC=CC=C1)=O,0.15,0.4260075772364941
O=C(NC1CC[NH+](CCOC2=CC=C(F)C=C2)CC1)N1CCC2=CC(Cl)=CC=C21,CCCCCCCCCCCC(OC1=NC=CC=C1)=O,0.13924050632911392,0.4260075772364941
O=C(NC1CC[NH+](CCOC2=CC=C(F)C=C2)CC1)N1CCC2=CC(Cl)=CC=C21,CCCCCCCCCCCC(OC1=NC=CC=C1)=O,0.13924050632911392,0.4260075772364941
O=C(NC1CC[NH+](CCOC2=CC=C(F)C=C2)CC1)N1CCC2=CC(Cl)=CC=C21,CCCCCCCCCCCC(OC1=NC=CC=C1)=O,0.13924050632911392,0.4260075772364941
O=C(NC1CC[NH+](CCOC2=CC=C(F)C=C2)CC1)N1CCC2=CC(Cl)=CC=C21,CCCCCCCCCCCC(OC1=NC=CC=C1)=O,0.13924050632911392,0.4260075772364941
O=C(NC1CC[NH+](CCOC2=CC=C(F)C=C2)CC1)N1CCC2=CC(Cl)=CC=C21,CCCCCCCCCCCC(OC1=NC=CC=C1)=O,0.13924050632911392,0.4260075772364941
O=C(NC1CC[NH+](CCOC2=CC=C(F)C=C2)CC1)N1CCC2=CC(Cl)=CC=C21,CCCCCCCCCCCC(OC1=NC=CC=C1)=O,0.13924050632911392,0.4260075772364941
O=C(NC1CC[NH+](CCOC2=CC=C(F)C=C2)CC1)N1CCC2=CC(Cl)=CC=C21,CCCCCCCCCCCC(OC1=NC=CC=C1)=O,0.13924050632911392,0.4260075772364941
O=C(NC1CC[NH+](CCOC2=CC=C(F)C=C2)CC1)N1CCC2=CC(Cl)=CC=C21,CCCCCCCCCCCC(OC1=NC=CC=C1)=O,0.13924050632911392,0.4260075772364941
O=C(NC1CC[NH+](CCOC2=CC=C(F)C=C2)CC1)N1CCC2=CC(Cl)=CC=C21,CCCCCCCCCCCC(OC1=NC=CC=C1)=O,0.13924050632911392,0.4260075772364941
O=C(NC1CC[NH+](CCOC2=CC=C(F)C=C2)CC1)N1CCC2=CC(Cl)=CC=C21,CCCCCCCCCCCC(OC1=NC=CC=C1)=O,0.13924050632911392,0.4260075772364941
O=C(NC1CC[NH+](CCOC2=CC=C(F)C=C2)CC1)N1CCC2=CC(Cl)=CC=C21,CCCCCCCCCCCC(OC1=NC=CC=C1)=O,0.13924050632911392,0.4260075772364941
O=C(NC1CC[NH+](CCOC2=CC=C(F)C=C2)CC1)N1CCC2=CC(Cl)=CC=C21,CCCCCCCCCCCC(OC1=NC=CC=C1)=O,0.13924050632911392,0.4260075772364941
O=C(NC1CC[NH+](CCOC2=CC=C(F)C=C2)CC1)N1CCC2=CC(Cl)=CC=C21,CCCCCCCCCCCC(OC1=NC=CC=C1)=O,0.13924050632911392,0.4260075772364941
O=C(NC1CC[NH+](CCOC2=CC=C(F)C=C2)CC1)N1CCC2=CC(Cl)=CC=C21,CCCCCCCCCCCC(OC1=NC=CC=C1)=O,0.13924050632911392,0.4260075772364941
O=C(NC1CC[NH+](CCOC2=CC=C(F)C=C2)CC1)N1CCC2=CC(Cl)=CC=C21,CCCCCCCCCCCC(OC1=NC=CC=C1)=O,0.13924050632911392,0.4260075772364941
O=C(NC1CC[NH+](CCOC2=CC=C(F)C=C2)CC1)N1CCC2=CC(Cl)=CC=C21,CCCCCCCCCCCC(OC1=NC=CC=C1)=O,0.13924050632911392,0.4260075772364941
O=C(NC1CC[NH+](CCOC2=CC=C(F)C=C2)CC1)N1CCC2=CC(Cl)=CC=C21,CCCCCCCCCCCC(OC1=NC=CC=C1)=O,0.13924050632911392,0.4260075772364941
O=C(NC1CC[NH+](CCOC2=CC=C(F)C=C2)CC1)N1CCC2=CC(Cl)=CC=C21,CCCCCCCCCCCC(OC1=NC=CC=C1)=O,0.13924050632911392,0.4260075772364941
O=C(NC1CC[NH+](CCOC2=CC=C(F)C=C2)CC1)N1CCC2=CC(Cl)=CC=C21,C(C)(CCCCCCCCCCC(OC)=O)CC2=CC=C(C(C)(C)C)C=N2,0.12359550561797752,0.2867045462379988
O=C(NC1CC[NH+](CCOC2=CC=C(F)C=C2)CC1)N1CCC2=CC(Cl)=CC=C21,CCCCCCCCCCCC(OC1=NC=CC=C1)=O,0.13924050632911392,0.4260075772364941
COCC[NH+]1CCC2CCCCC2C1,,0.0,0.0
COCC[NH+]1CCC2CCCCC2C1,,0.0,0.0
COCC[NH+]1CCC2CCCCC2C1,,0.0,0.0
COCC[NH+]1CCC2CCCCC2C1,,0.0,0.0
COCC[NH+]1CCC2CCCCC2C1,,0.0,0.0
COCC[NH+]1CCC2CCCCC2C1,,0.0,0.0
COCC[NH+]1CCC2CCCCC2C1,,0.0,0.0
COCC[NH+]1CCC2CCCCC2C1,,0.0,0.0
COCC[NH+]1CCC2CCCCC2C1,,0.0,0.0
COCC[NH+]1CCC2CCCCC2C1,,0.0,0.0
COCC[NH+]1CCC2CCCCC2C1,,0.0,0.0
COCC[NH+]1CCC2CCCCC2C1,,0.0,0.0
COCC[NH+]1CCC2CCCCC2C1,,0.0,0.0
COCC[NH+]1CCC2CCCCC2C1,,0.0,0.0
COCC[NH+]1CCC2CCCCC2C1,,0.0,0.0
COCC[NH+]1CCC2CCCCC2C1,,0.0,0.0
COCC[NH+]1CCC2CCCCC2C1,,0.0,0.0
COCC[NH+]1CCC2CCCCC2C1,,0.0,0.0
COCC[NH+]1CCC2CCCCC2C1,,0.0,0.0
COCC[NH+]1CCC2CCCCC2C1,,0.0,0.0
CC(SCC[NH3+])C1=CC=C(C(=O)[O-])O1,,0.0,0.0
CC(SCC[NH3+])C1=CC=C(C(=O)[O-])O1,,0.0,0.0
CC(SCC[NH3+])C1=CC=C(C(=O)[O-])O1,,0.0,0.0
CC(SCC[NH3+])C1=CC=C(C(=O)[O-])O1,,0.0,0.0
CC(SCC[NH3+])C1=CC=C(C(=O)[O-])O1,,0.0,0.0
CC(SCC[NH3+])C1=CC=C(C(=O)[O-])O1,,0.0,0.0
CC(SCC[NH3+])C1=CC=C(C(=O)[O-])O1,,0.0,0.0
CC(SCC[NH3+])C1=CC=C(C(=O)[O-])O1,,0.0,0.0
CC(SCC[NH3+])C1=CC=C(C(=O)[O-])O1,,0.0,0.0
CC(SCC[NH3+])C1=CC=C(C(=O)[O-])O1,,0.0,0.0
CC(SCC[NH3+])C1=CC=C(C(=O)[O-])O1,,0.0,0.0
CC(SCC[NH3+])C1=CC=C(C(=O)[O-])O1,,0.0,0.0
CC(SCC[NH3+])C1=CC=C(C(=O)[O-])O1,,0.0,0.0
CC(SCC[NH3+])C1=CC=C(C(=O)[O-])O1,,0.0,0.0
CC(SCC[NH3+])C1=CC=C(C(=O)[O-])O1,,0.0,0.0
CC(SCC[NH3+])C1=CC=C(C(=O)[O-])O1,,0.0,0.0
CC(SCC[NH3+])C1=CC=C(C(=O)[O-])O1,,0.0,0.0
CC(SCC[NH3+])C1=CC=C(C(=O)[O-])O1,,0.0,0.0
CC(SCC[NH3+])C1=CC=C(C(=O)[O-])O1,,0.0,0.0
CC(SCC[NH3+])C1=CC=C(C(=O)[O-])O1,,0.0,0.0
O=C1N=C(N2CCCCC2)SC1=C1C(=O)NC2=CC=CC=C12,,0.0,0.0
O=C1N=C(N2CCCCC2)SC1=C1C(=O)NC2=CC=CC=C12,CCCCCCCCCCCC(OC1=NC=CC=C1)=O,0.1044776119402985,0.4260075772364941
O=C1N=C(N2CCCCC2)SC1=C1C(=O)NC2=CC=CC=C12,CCCCCCCCCCCC(OC1=NC=CC=C1)=O,0.1044776119402985,0.4260075772364941
O=C1N=C(N2CCCCC2)SC1=C1C(=O)NC2=CC=CC=C12,CCCCCCCCCCCC(OC1=NC=CC=C1)=O,0.1044776119402985,0.4260075772364941
O=C1N=C(N2CCCCC2)SC1=C1C(=O)NC2=CC=CC=C12,CCCCCCCCCCCC(OC1=NC=CC=C1)=O,0.1044776119402985,0.4260075772364941
O=C1N=C(N2CCCCC2)SC1=C1C(=O)NC2=CC=CC=C12,CCCCCCCCCCCC(OC1=NC=CC=C1)=O,0.1044776119402985,0.4260075772364941
O=C1N=C(N2CCCCC2)SC1=C1C(=O)NC2=CC=CC=C12,CCCCCCCCCCCC(OC1=NC=CC=C1)=O,0.1044776119402985,0.4260075772364941
O=C1N=C(N2CCCCC2)SC1=C1C(=O)NC2=CC=CC=C12,,0.0,0.0
O=C1N=C(N2CCCCC2)SC1=C1C(=O)NC2=CC=CC=C12,CCCCCCCCCCCC(OC1=NC=CC=C1)=O,0.1044776119402985,0.4260075772364941
O=C1N=C(N2CCCCC2)SC1=C1C(=O)NC2=CC=CC=C12,CCCCCCCCCCCC(OC1=NC=CC=C1)=O,0.1044776119402985,0.4260075772364941
O=C1N=C(N2CCCCC2)SC1=C1C(=O)NC2=CC=CC=C12,CCCCCCCCCCCC(OC1=NC=CC=C1)=O,0.1044776119402985,0.4260075772364941
O=C1N=C(N2CCCCC2)SC1=C1C(=O)NC2=CC=CC=C12,CCCCCCCCCCCC(OC1=NC=CC=C1)=O,0.1044776119402985,0.4260075772364941
O=C1N=C(N2CCCCC2)SC1=C1C(=O)NC2=CC=CC=C12,,0.0,0.0
O=C1N=C(N2CCCCC2)SC1=C1C(=O)NC2=CC=CC=C12,,0.0,0.0
O=C1N=C(N2CCCCC2)SC1=C1C(=O)NC2=CC=CC=C12,,0.0,0.0
O=C1N=C(N2CCCCC2)SC1=C1C(=O)NC2=CC=CC=C12,,0.0,0.0
O=C1N=C(N2CCCCC2)SC1=C1C(=O)NC2=CC=CC=C12,CCCCCCCCCCCC(OC1=NC=CC=C1)=O,0.1044776119402985,0.4260075772364941
O=C1N=C(N2CCCCC2)SC1=C1C(=O)NC2=CC=CC=C12,,0.0,0.0
O=C1N=C(N2CCCCC2)SC1=C1C(=O)NC2=CC=CC=C12,,0.0,0.0
O=C1N=C(N2CCCCC2)SC1=C1C(=O)NC2=CC=CC=C12,CCCCCCCCCCCC(OC1=NC=CC=C1)=O,0.1044776119402985,0.4260075772364941
CC(NC(=O)CCS(=O)(=O)C(C)C(C)O)C1=CC=CC=C1,,0.0,0.0
CC(NC(=O)CCS(=O)(=O)C(C)C(C)O)C1=CC=CC=C1,,0.0,0.0
CC(NC(=O)CCS(=O)(=O)C(C)C(C)O)C1=CC=CC=C1,,0.0,0.0
CC(NC(=O)CCS(=O)(=O)C(C)C(C)O)C1=CC=CC=C1,,0.0,0.0
CC(NC(=O)CCS(=O)(=O)C(C)C(C)O)C1=CC=CC=C1,CCCCCCCCCCCCCCCCCCCCCCCCCCCCCCCCCCCCCCCCCCCCCCCCCCCCCCCCCCCCCCCCCCCCCCCCCCCCCCCCCCCCCCCCCCCCCCCCCCCCCCCCCCCCCCCCCCCCCCCCCCCCCCC,0.04878048780487805,0.05326173681819871
CC(NC(=O)CCS(=O)(=O)C(C)C(C)O)C1=CC=CC=C1,,0.0,0.0
CC(NC(=O)CCS(=O)(=O)C(C)C(C)O)C1=CC=CC=C1,CCCCCCCCCCCCCCCCCCCCCCCCCCCCCCCCCCCCCCCCCCCCCCCCCCCCCCCCCCCCCCCCCCCCCCCCCCCCCCCCCCCCCCCCCCCCCCCCCCCCCCCCCCCCCCCCCCCCCCCCCCCCCCC,0.04878048780487805,0.05326173681819871
CC(NC(=O)CCS(=O)(=O)C(C)C(C)O)C1=CC=CC=C1,CCCCCCCCCCCCCCCCCCCCCCCCCCCCCCCCCCCCCCCCCCCCCCCCCCCCCCCCCCCCCCCCCCCCCCCCCCCCCCCCCCCCCCCCCCCCCCCCCCCCCCCCCCCCCCCCCCCCCCCCCCCCCCC,0.04878048780487805,0.05326173681819871
CC(NC(=O)CCS(=O)(=O)C(C)C(C)O)C1=CC=CC=C1,CCCCCCCCCCCCCCCCCCCCCCCCCCCCCCCCCCCCCCCCCCCCCCCCCCCCCCCCCCCCCCCCCCCCCCCCCCCCCCCCCCCCCCCCCCCCCCCCCCCCCCCCCCCCCCCCCCCCCCCCCCCCCCC,0.04878048780487805,0.05326173681819871
CC(NC(=O)CCS(=O)(=O)C(C)C(C)O)C1=CC=CC=C1,CCCCCCCCCCCCCCCCCCCCCCCCCCCCCCCCCCCCCCCCCCCCCCCCCCCCCCCCCCCCCCCCCCCCCCCCCCCCCCCCCCCCCCCCCCCCCCCCCCCCCCCCCCCCCCCCCCCCCCCCCCCCCCC,0.04878048780487805,0.05326173681819871
CC(NC(=O)CCS(=O)(=O)C(C)C(C)O)C1=CC=CC=C1,,0.0,0.0
CC(NC(=O)CCS(=O)(=O)C(C)C(C)O)C1=CC=CC=C1,CCCCCCCCCCCCCCCCCCCCCC(CCCCCCCC)=O,0.13333333333333333,0.11694532472933479
CC(NC(=O)CCS(=O)(=O)C(C)C(C)O)C1=CC=CC=C1,,0.0,0.0
CC(NC(=O)CCS(=O)(=O)C(C)C(C)O)C1=CC=CC=C1,CCCCCCCCCCCCCCCCCCCCCC(CCCCCCCC)=O,0.13333333333333333,0.11694532472933479
CC(NC(=O)CCS(=O)(=O)C(C)C(C)O)C1=CC=CC=C1,CCCCCCCCCCCCCCCCCCCCCCCCCCCCCCCCCCCCCCCCCC(CCCCCCCC)=O,0.13333333333333333,0.05731291629614706
CC(NC(=O)CCS(=O)(=O)C(C)C(C)O)C1=CC=CC=C1,,0.0,0.0
CC(NC(=O)CCS(=O)(=O)C(C)C(C)O)C1=CC=CC=C1,CCCCCCCCCCCCCCCCCCCCCCCCCCCCCCCCCCCCCCCCCCCCCCCCCCCCCCCCCCCCCCCCCCCCCCCCCCCCCCCCCCCCCCCCCCCCCCCCCCCCCCCCCCCCCCCCCCCCCCCCCCCCCCC,0.04878048780487805,0.05326173681819871
CC(NC(=O)CCS(=O)(=O)C(C)C(C)O)C1=CC=CC=C1,,0.0,0.0
CC(NC(=O)CCS(=O)(=O)C(C)C(C)O)C1=CC=CC=C1,,0.0,0.0
CC(NC(=O)CCS(=O)(=O)C(C)C(C)O)C1=CC=CC=C1,,0.0,0.0
CCS(=O)(=O)C1=CC=C(NC(=O)C(NC(=O)C2=CC=CS2)C(C)C)C=C1,CCCCCCCCCCCC(OC1=NC=CC=C1)=O,0.14705882352941177,0.4260075772364941
CCS(=O)(=O)C1=CC=C(NC(=O)C(NC(=O)C2=CC=CS2)C(C)C)C=C1,CCCCCCCCCCCC(OC1=NC=CC=C1)=O,0.14705882352941177,0.4260075772364941
CCS(=O)(=O)C1=CC=C(NC(=O)C(NC(=O)C2=CC=CS2)C(C)C)C=C1,CCCCCCCCCCCC(OC1=NC=CC=C1)=O,0.14705882352941177,0.4260075772364941
CCS(=O)(=O)C1=CC=C(NC(=O)C(NC(=O)C2=CC=CS2)C(C)C)C=C1,CCCCCCCCCCCC(OC1=NC=CC=C1)=O,0.14705882352941177,0.4260075772364941
CCS(=O)(=O)C1=CC=C(NC(=O)C(NC(=O)C2=CC=CS2)C(C)C)C=C1,CCCCCCCCCCCC(OC1=NC=CC=C1)=O,0.14705882352941177,0.4260075772364941
CCS(=O)(=O)C1=CC=C(NC(=O)C(NC(=O)C2=CC=CS2)C(C)C)C=C1,CCCCCCCCCCCC(OC1=NC=CC=C1)=O,0.14705882352941177,0.4260075772364941
CCS(=O)(=O)C1=CC=C(NC(=O)C(NC(=O)C2=CC=CS2)C(C)C)C=C1,CCCCCCCCCCCC(OC1=NC=CC=C1)=O,0.14705882352941177,0.4260075772364941
CCS(=O)(=O)C1=CC=C(NC(=O)C(NC(=O)C2=CC=CS2)C(C)C)C=C1,CCCCCCCCCCCC(OC1=NC=CC=C1)=O,0.14705882352941177,0.4260075772364941
CCS(=O)(=O)C1=CC=C(NC(=O)C(NC(=O)C2=CC=CS2)C(C)C)C=C1,CCCCCCCCCCCC(OC1=NC=CC=C1)=O,0.14705882352941177,0.4260075772364941
CCS(=O)(=O)C1=CC=C(NC(=O)C(NC(=O)C2=CC=CS2)C(C)C)C=C1,CCCCCCCCCCCC(OC1=NC=CC=C1)=O,0.14705882352941177,0.4260075772364941
CCS(=O)(=O)C1=CC=C(NC(=O)C(NC(=O)C2=CC=CS2)C(C)C)C=C1,CCCCCCCCCCCC(OC1=NC=CC=C1)=O,0.14705882352941177,0.4260075772364941
CCS(=O)(=O)C1=CC=C(NC(=O)C(NC(=O)C2=CC=CS2)C(C)C)C=C1,,0.0,0.0
CCS(=O)(=O)C1=CC=C(NC(=O)C(NC(=O)C2=CC=CS2)C(C)C)C=C1,CCCCCCCCCCCC(OC1=NC=CC=C1)=O,0.14705882352941177,0.4260075772364941
CCS(=O)(=O)C1=CC=C(NC(=O)C(NC(=O)C2=CC=CS2)C(C)C)C=C1,CCCCCCCCCCCC(OC1=NC=CC=C1)=O,0.14705882352941177,0.4260075772364941
CCS(=O)(=O)C1=CC=C(NC(=O)C(NC(=O)C2=CC=CS2)C(C)C)C=C1,CCCCCCCCCCCC(OC1=NC=CC=C1)=O,0.14705882352941177,0.4260075772364941
CCS(=O)(=O)C1=CC=C(NC(=O)C(NC(=O)C2=CC=CS2)C(C)C)C=C1,CCCCCCCCCCCC(OC1=NC=CC=C1)=O,0.14705882352941177,0.4260075772364941
CCS(=O)(=O)C1=CC=C(NC(=O)C(NC(=O)C2=CC=CS2)C(C)C)C=C1,,0.0,0.0
CCS(=O)(=O)C1=CC=C(NC(=O)C(NC(=O)C2=CC=CS2)C(C)C)C=C1,CCCCCCCCCCCC(OC1=NC=CC=C1)C,0.1323529411764706,0.4523960247988492
CCS(=O)(=O)C1=CC=C(NC(=O)C(NC(=O)C2=CC=CS2)C(C)C)C=C1,,0.0,0.0
CCS(=O)(=O)C1=CC=C(NC(=O)C(NC(=O)C2=CC=CS2)C(C)C)C=C1,CCCCCCCCCCCC(OC1=NC=CC=C1)=O,0.14705882352941177,0.4260075772364941
CC1=CC2=C(C=C1C)N(CC1CC1(Cl)Cl)C=N2,,0.0,0.0
CC1=CC2=C(C=C1C)N(CC1CC1(Cl)Cl)C=N2,,0.0,0.0
CC1=CC2=C(C=C1C)N(CC1CC1(Cl)Cl)C=N2,,0.0,0.0
CC1=CC2=C(C=C1C)N(CC1CC1(Cl)Cl)C=N2,,0.0,0.0
CC1=CC2=C(C=C1C)N(CC1CC1(Cl)Cl)C=N2,,0.0,0.0
CC1=CC2=C(C=C1C)N(CC1CC1(Cl)Cl)C=N2,,0.0,0.0
CC1=CC2=C(C=C1C)N(CC1CC1(Cl)Cl)C=N2,,0.0,0.0
CC1=CC2=C(C=C1C)N(CC1CC1(Cl)Cl)C=N2,CC1=C2C(COC(CCCC)O2)=C(C(CCCCCCCCCCC)(C)CCCCCCCCCCCCCCCCCCCC)C=N1,0.13043478260869565,0.06980027583657095
CC1=CC2=C(C=C1C)N(CC1CC1(Cl)Cl)C=N2,,0.0,0.0
CC1=CC2=C(C=C1C)N(CC1CC1(Cl)Cl)C=N2,,0.0,0.0
CC1=CC2=C(C=C1C)N(CC1CC1(Cl)Cl)C=N2,,0.0,0.0
CC1=CC2=C(C=C1C)N(CC1CC1(Cl)Cl)C=N2,,0.0,0.0
CC1=CC2=C(C=C1C)N(CC1CC1(Cl)Cl)C=N2,,0.0,0.0
CC1=CC2=C(C=C1C)N(CC1CC1(Cl)Cl)C=N2,,0.0,0.0
CC1=CC2=C(C=C1C)N(CC1CC1(Cl)Cl)C=N2,,0.0,0.0
CC1=CC2=C(C=C1C)N(CC1CC1(Cl)Cl)C=N2,,0.0,0.0
CC1=CC2=C(C=C1C)N(CC1CC1(Cl)Cl)C=N2,,0.0,0.0
CC1=CC2=C(C=C1C)N(CC1CC1(Cl)Cl)C=N2,,0.0,0.0
CC1=CC2=C(C=C1C)N(CC1CC1(Cl)Cl)C=N2,,0.0,0.0
CC1=CC2=C(C=C1C)N(CC1CC1(Cl)Cl)C=N2,CC1=C2C(COC(CCCCC)O2)=C(C(CC3=C(COC(C)(C)O4)C4=C(C)N=C3)(C)C)C=N1,0.1282051282051282,0.4729635084227723
CC1=CC=CC(C=C(C(=O)[O-])C2=CC=C(S(=O)(=O)N3CCCC3)S2)=C1,C(CCO)(CCO)CCCCCCCCCCSC1=NN=C(O1)C2=CC=C(C(C)(C)C)C=N2,0.05434782608695652,0.20069412505516868
CC1=CC=CC(C=C(C(=O)[O-])C2=CC=C(S(=O)(=O)N3CCCC3)S2)=C1,C(CCO)(CCO)CCCCCCCCCCSC1=NN=C(O1)C2=CC=C(C(C)(C)C)C=N2,0.05434782608695652,0.20069412505516868
CC1=CC=CC(C=C(C(=O)[O-])C2=CC=C(S(=O)(=O)N3CCCC3)S2)=C1,C(CCO)(CCO)CCCCCCCCCCSC1=NN=C(O1)C2=CC=C(C(C)(C)C)C=N2,0.05434782608695652,0.20069412505516868
CC1=CC=CC(C=C(C(=O)[O-])C2=CC=C(S(=O)(=O)N3CCCC3)S2)=C1,C(CCO)(CCO)CCCCCCCCCCSC1=NN=C(O1)C2=CC=C(C(C)(C)C)C=N2,0.05434782608695652,0.20069412505516868
CC1=CC=CC(C=C(C(=O)[O-])C2=CC=C(S(=O)(=O)N3CCCC3)S2)=C1,C(CCO)(CCO)CCCCCCCCCCSC1=NN=C(O1)C2=CC=C(C(C)(C)C)C=N2,0.05434782608695652,0.20069412505516868
CC1=CC=CC(C=C(C(=O)[O-])C2=CC=C(S(=O)(=O)N3CCCC3)S2)=C1,C(CCO)(CCO)CCCCCCCCCCSC1=NN=C(O1)C2=CC=C(C(C)(C)C)C=N2,0.05434782608695652,0.20069412505516868
CC1=CC=CC(C=C(C(=O)[O-])C2=CC=C(S(=O)(=O)N3CCCC3)S2)=C1,C(CCO)(CCO)CCCCCCCCCCSC1=NN=C(O1)C2=CC=C(C(C)(C)C)C=N2,0.05434782608695652,0.20069412505516868
CC1=CC=CC(C=C(C(=O)[O-])C2=CC=C(S(=O)(=O)N3CCCC3)S2)=C1,C(CCO)(CCO)CCCCCCCCCCSC1=NN=C(O1)C2=CC=C(C(C)(C)C)C=N2,0.05434782608695652,0.20069412505516868
CC1=CC=CC(C=C(C(=O)[O-])C2=CC=C(S(=O)(=O)N3CCCC3)S2)=C1,C(CCO)(CCO)CCCCCCCCCCSC1=NN=C(O1)C2=CC=C(C(C)(C)C)C=N2,0.05434782608695652,0.20069412505516868
CC1=CC=CC(C=C(C(=O)[O-])C2=CC=C(S(=O)(=O)N3CCCC3)S2)=C1,C(CCO)(CCO)CCCCCCCCCCSC1=NN=C(O1)C2=CC=C(C(C)(C)C)C=N2,0.05434782608695652,0.20069412505516868
CC1=CC=CC(C=C(C(=O)[O-])C2=CC=C(S(=O)(=O)N3CCCC3)S2)=C1,C(CCO)(CCO)CCCCCCCCCCSC1=NN=C(O1)C2=CC=C(C(C)(C)C)C=N2,0.05434782608695652,0.20069412505516868
CC1=CC=CC(C=C(C(=O)[O-])C2=CC=C(S(=O)(=O)N3CCCC3)S2)=C1,C(CCO)(CCO)CCCCCCCCCCSC1=NN=C(O1)C2=CC=C(C(C)(C)C)C=N2,0.05434782608695652,0.20069412505516868
CC1=CC=CC(C=C(C(=O)[O-])C2=CC=C(S(=O)(=O)N3CCCC3)S2)=C1,C(CCO)(CCO)CCCCCCCCCCSC1=NN=C(O1)C2=CC=C(C(C)(C)C)C=N2,0.05434782608695652,0.20069412505516868
CC1=CC=CC(C=C(C(=O)[O-])C2=CC=C(S(=O)(=O)N3CCCC3)S2)=C1,C(CCO)(CCO)CCCCCCCCCCSC1=NN=C(O1)C2=CC=C(C(C)(C)C)C=N2,0.05434782608695652,0.20069412505516868
CC1=CC=CC(C=C(C(=O)[O-])C2=CC=C(S(=O)(=O)N3CCCC3)S2)=C1,C(CCO)(CCO)CCCCCCCCCCSC1=NN=C(O1)C2=CC=C(C(C)(C)C)C=N2,0.05434782608695652,0.20069412505516868
CC1=CC=CC(C=C(C(=O)[O-])C2=CC=C(S(=O)(=O)N3CCCC3)S2)=C1,,0.0,0.0
CC1=CC=CC(C=C(C(=O)[O-])C2=CC=C(S(=O)(=O)N3CCCC3)S2)=C1,C(CCO)(CCO)CCCCCCCCCCSC1=NN=C(O1)C2=CC=C(C(C)(C)C)C=N2,0.05434782608695652,0.20069412505516868
CC1=CC=CC(C=C(C(=O)[O-])C2=CC=C(S(=O)(=O)N3CCCC3)S2)=C1,C(CCO)(CCO)CCCCCCCCCCSC1=NN=C(O1)C2=CC=C(C(C)(C)C)C=N2,0.05434782608695652,0.20069412505516868
CC1=CC=CC(C=C(C(=O)[O-])C2=CC=C(S(=O)(=O)N3CCCC3)S2)=C1,C(CCO)(CCO)CCCCCCCCCCSC1=NN=C(O1)C2=CC=C(C(C)(C)C)C=N2,0.05434782608695652,0.20069412505516868
CC1=CC=CC(C=C(C(=O)[O-])C2=CC=C(S(=O)(=O)N3CCCC3)S2)=C1,C(CCO)(CCO)CCCCCCCCCCSC1=NN=C(O1)C2=CC=C(C(C)(C)C)C=N2,0.05434782608695652,0.20069412505516868
COC1=CC=CC(NC2=NN=C(SC3CC4=CC=CC=C4C3O)S2)=C1,,0.0,0.0
COC1=CC=CC(NC2=NN=C(SC3CC4=CC=CC=C4C3O)S2)=C1,,0.0,0.0
COC1=CC=CC(NC2=NN=C(SC3CC4=CC=CC=C4C3O)S2)=C1,,0.0,0.0
COC1=CC=CC(NC2=NN=C(SC3CC4=CC=CC=C4C3O)S2)=C1,C(CC1=C(OC(C)(C)OC2)C2=C(COC(C)(C)OC3)C3=N1)(C/C=C/C#CC(C)(C)C)CC4=CC=CC5=CC=CC=C54,0.09433962264150944,0.2890650936332676
COC1=CC=CC(NC2=NN=C(SC3CC4=CC=CC=C4C3O)S2)=C1,,0.0,0.0
COC1=CC=CC(NC2=NN=C(SC3CC4=CC=CC=C4C3O)S2)=C1,,0.0,0.0
COC1=CC=CC(NC2=NN=C(SC3CC4=CC=CC=C4C3O)S2)=C1,C(CC1=C(OC(C)(C)OC2)C2=C(COC(C)(C)OC3)C3=N1)(C/C=C/C#CC(C)(C)C)CC4=CC=CC5=CC=CC=C54,0.09433962264150944,0.2890650936332676
COC1=CC=CC(NC2=NN=C(SC3CC4=CC=CC=C4C3O)S2)=C1,,0.0,0.0
COC1=CC=CC(NC2=NN=C(SC3CC4=CC=CC=C4C3O)S2)=C1,,0.0,0.0
COC1=CC=CC(NC2=NN=C(SC3CC4=CC=CC=C4C3O)S2)=C1,C(CC1=C(OC(C)(C)OC2)C2=C(COC(C)(C)OC3)C3=N1)(C/C=C/C#CC(C)(C)C)CC4=CC=CC5=CC=CC=C54,0.09433962264150944,0.2890650936332676
COC1=CC=CC(NC2=NN=C(SC3CC4=CC=CC=C4C3O)S2)=C1,,0.0,0.0
COC1=CC=CC(NC2=NN=C(SC3CC4=CC=CC=C4C3O)S2)=C1,C(CC1=C(OC(C)(C)OC2)C2=C(COC(C)(C)OC3)C3=N1)(C/C=C/C#CC(C)(C)C)CC4=CC=CC5=CC=CC=C54,0.09433962264150944,0.2890650936332676
COC1=CC=CC(NC2=NN=C(SC3CC4=CC=CC=C4C3O)S2)=C1,C(CC1=C(OC(C)(C)OC2)C2=C(COC(C)(C)OC3)C3=N1)(C/C=C/C#CC(C)(C)C)CC4=CC=CC5=CC=CC=C54,0.09433962264150944,0.2890650936332676
COC1=CC=CC(NC2=NN=C(SC3CC4=CC=CC=C4C3O)S2)=C1,,0.0,0.0
COC1=CC=CC(NC2=NN=C(SC3CC4=CC=CC=C4C3O)S2)=C1,,0.0,0.0
COC1=CC=CC(NC2=NN=C(SC3CC4=CC=CC=C4C3O)S2)=C1,,0.0,0.0
COC1=CC=CC(NC2=NN=C(SC3CC4=CC=CC=C4C3O)S2)=C1,,0.0,0.0
COC1=CC=CC(NC2=NN=C(SC3CC4=CC=CC=C4C3O)S2)=C1,,0.0,0.0
COC1=CC=CC(NC2=NN=C(SC3CC4=CC=CC=C4C3O)S2)=C1,C(CC1=C(OC(C)(C)OC2)C2=C(COC(C)(C)OC3)C3=N1)(C/C=C/C#CC(C)(C)C)CC4=CC=CC5=CC=CC=C54,0.09433962264150944,0.2890650936332676
COC1=CC=CC(NC2=NN=C(SC3CC4=CC=CC=C4C3O)S2)=C1,C(CC1=C(OC(C)(C)OC2)C2=C(COC(C)(C)OC3)C3=N1)(C/C=C/C#CC(C)(C)C)CC4=CC=CC5=CC=CC=C54,0.09433962264150944,0.2890650936332676
CC1(C)CCCC1NC1=CC=C(C(N)=O)C=C1N,,0.0,0.0
CC1(C)CCCC1NC1=CC=C(C(N)=O)C=C1N,,0.0,0.0
CC1(C)CCCC1NC1=CC=C(C(N)=O)C=C1N,,0.0,0.0
CC1(C)CCCC1NC1=CC=C(C(N)=O)C=C1N,,0.0,0.0
CC1(C)CCCC1NC1=CC=C(C(N)=O)C=C1N,,0.0,0.0
CC1(C)CCCC1NC1=CC=C(C(N)=O)C=C1N,,0.0,0.0
CC1(C)CCCC1NC1=CC=C(C(N)=O)C=C1N,,0.0,0.0
CC1(C)CCCC1NC1=CC=C(C(N)=O)C=C1N,,0.0,0.0
CC1(C)CCCC1NC1=CC=C(C(N)=O)C=C1N,,0.0,0.0
CC1(C)CCCC1NC1=CC=C(C(N)=O)C=C1N,,0.0,0.0
CC1(C)CCCC1NC1=CC=C(C(N)=O)C=C1N,,0.0,0.0
CC1(C)CCCC1NC1=CC=C(C(N)=O)C=C1N,,0.0,0.0
CC1(C)CCCC1NC1=CC=C(C(N)=O)C=C1N,,0.0,0.0
CC1(C)CCCC1NC1=CC=C(C(N)=O)C=C1N,,0.0,0.0
CC1(C)CCCC1NC1=CC=C(C(N)=O)C=C1N,,0.0,0.0
CC1(C)CCCC1NC1=CC=C(C(N)=O)C=C1N,,0.0,0.0
CC1(C)CCCC1NC1=CC=C(C(N)=O)C=C1N,,0.0,0.0
CC1(C)CCCC1NC1=CC=C(C(N)=O)C=C1N,,0.0,0.0
CC1(C)CCCC1NC1=CC=C(C(N)=O)C=C1N,,0.0,0.0
CC1(C)CCCC1NC1=CC=C(C(N)=O)C=C1N,,0.0,0.0
CC(NC(=O)CC1=CC=C(N2C=CC=C2)C=C1)C1=CC=CC=C1,,0.0,0.0
CC(NC(=O)CC1=CC=C(N2C=CC=C2)C=C1)C1=CC=CC=C1,,0.0,0.0
CC(NC(=O)CC1=CC=C(N2C=CC=C2)C=C1)C1=CC=CC=C1,,0.0,0.0
CC(NC(=O)CC1=CC=C(N2C=CC=C2)C=C1)C1=CC=CC=C1,,0.0,0.0
CC(NC(=O)CC1=CC=C(N2C=CC=C2)C=C1)C1=CC=CC=C1,,0.0,0.0
CC(NC(=O)CC1=CC=C(N2C=CC=C2)C=C1)C1=CC=CC=C1,,0.0,0.0
CC(NC(=O)CC1=CC=C(N2C=CC=C2)C=C1)C1=CC=CC=C1,,0.0,0.0
CC(NC(=O)CC1=CC=C(N2C=CC=C2)C=C1)C1=CC=CC=C1,,0.0,0.0
CC(NC(=O)CC1=CC=C(N2C=CC=C2)C=C1)C1=CC=CC=C1,,0.0,0.0
CC(NC(=O)CC1=CC=C(N2C=CC=C2)C=C1)C1=CC=CC=C1,,0.0,0.0
CC(NC(=O)CC1=CC=C(N2C=CC=C2)C=C1)C1=CC=CC=C1,,0.0,0.0
CC(NC(=O)CC1=CC=C(N2C=CC=C2)C=C1)C1=CC=CC=C1,,0.0,0.0
CC(NC(=O)CC1=CC=C(N2C=CC=C2)C=C1)C1=CC=CC=C1,,0.0,0.0
CC(NC(=O)CC1=CC=C(N2C=CC=C2)C=C1)C1=CC=CC=C1,,0.0,0.0
CC(NC(=O)CC1=CC=C(N2C=CC=C2)C=C1)C1=CC=CC=C1,,0.0,0.0
CC(NC(=O)CC1=CC=C(N2C=CC=C2)C=C1)C1=CC=CC=C1,,0.0,0.0
CC(NC(=O)CC1=CC=C(N2C=CC=C2)C=C1)C1=CC=CC=C1,,0.0,0.0
CC(NC(=O)CC1=CC=C(N2C=CC=C2)C=C1)C1=CC=CC=C1,,0.0,0.0
CC(NC(=O)CC1=CC=C(N2C=CC=C2)C=C1)C1=CC=CC=C1,,0.0,0.0
CC(NC(=O)CC1=CC=C(N2C=CC=C2)C=C1)C1=CC=CC=C1,,0.0,0.0
CC(C1=CC=C(F)C(F)=C1)N(C)C(=O)C=CC1=CC=C(OCC#N)C=C1,,0.0,0.0
CC(C1=CC=C(F)C(F)=C1)N(C)C(=O)C=CC1=CC=C(OCC#N)C=C1,,0.0,0.0
CC(C1=CC=C(F)C(F)=C1)N(C)C(=O)C=CC1=CC=C(OCC#N)C=C1,,0.0,0.0
CC(C1=CC=C(F)C(F)=C1)N(C)C(=O)C=CC1=CC=C(OCC#N)C=C1,,0.0,0.0
CC(C1=CC=C(F)C(F)=C1)N(C)C(=O)C=CC1=CC=C(OCC#N)C=C1,,0.0,0.0
CC(C1=CC=C(F)C(F)=C1)N(C)C(=O)C=CC1=CC=C(OCC#N)C=C1,,0.0,0.0
CC(C1=CC=C(F)C(F)=C1)N(C)C(=O)C=CC1=CC=C(OCC#N)C=C1,,0.0,0.0
CC(C1=CC=C(F)C(F)=C1)N(C)C(=O)C=CC1=CC=C(OCC#N)C=C1,,0.0,0.0
CC(C1=CC=C(F)C(F)=C1)N(C)C(=O)C=CC1=CC=C(OCC#N)C=C1,,0.0,0.0
CC(C1=CC=C(F)C(F)=C1)N(C)C(=O)C=CC1=CC=C(OCC#N)C=C1,,0.0,0.0
CC(C1=CC=C(F)C(F)=C1)N(C)C(=O)C=CC1=CC=C(OCC#N)C=C1,,0.0,0.0
CC(C1=CC=C(F)C(F)=C1)N(C)C(=O)C=CC1=CC=C(OCC#N)C=C1,,0.0,0.0
CC(C1=CC=C(F)C(F)=C1)N(C)C(=O)C=CC1=CC=C(OCC#N)C=C1,,0.0,0.0
CC(C1=CC=C(F)C(F)=C1)N(C)C(=O)C=CC1=CC=C(OCC#N)C=C1,,0.0,0.0
CC(C1=CC=C(F)C(F)=C1)N(C)C(=O)C=CC1=CC=C(OCC#N)C=C1,,0.0,0.0
CC(C1=CC=C(F)C(F)=C1)N(C)C(=O)C=CC1=CC=C(OCC#N)C=C1,,0.0,0.0
CC(C1=CC=C(F)C(F)=C1)N(C)C(=O)C=CC1=CC=C(OCC#N)C=C1,,0.0,0.0
CC(C1=CC=C(F)C(F)=C1)N(C)C(=O)C=CC1=CC=C(OCC#N)C=C1,,0.0,0.0
CC(C1=CC=C(F)C(F)=C1)N(C)C(=O)C=CC1=CC=C(OCC#N)C=C1,,0.0,0.0
CC(C1=CC=C(F)C(F)=C1)N(C)C(=O)C=CC1=CC=C(OCC#N)C=C1,,0.0,0.0
CN1C(=O)C(C2=NC3=CC=CC=C3C(=O)N2)C(O)C2=CC=CC=C21,,0.0,0.0
CN1C(=O)C(C2=NC3=CC=CC=C3C(=O)N2)C(O)C2=CC=CC=C21,,0.0,0.0
CN1C(=O)C(C2=NC3=CC=CC=C3C(=O)N2)C(O)C2=CC=CC=C21,,0.0,0.0
CN1C(=O)C(C2=NC3=CC=CC=C3C(=O)N2)C(O)C2=CC=CC=C21,,0.0,0.0
CN1C(=O)C(C2=NC3=CC=CC=C3C(=O)N2)C(O)C2=CC=CC=C21,,0.0,0.0
CN1C(=O)C(C2=NC3=CC=CC=C3C(=O)N2)C(O)C2=CC=CC=C21,,0.0,0.0
CN1C(=O)C(C2=NC3=CC=CC=C3C(=O)N2)C(O)C2=CC=CC=C21,,0.0,0.0
CN1C(=O)C(C2=NC3=CC=CC=C3C(=O)N2)C(O)C2=CC=CC=C21,,0.0,0.0
CN1C(=O)C(C2=NC3=CC=CC=C3C(=O)N2)C(O)C2=CC=CC=C21,,0.0,0.0
CN1C(=O)C(C2=NC3=CC=CC=C3C(=O)N2)C(O)C2=CC=CC=C21,,0.0,0.0
CN1C(=O)C(C2=NC3=CC=CC=C3C(=O)N2)C(O)C2=CC=CC=C21,,0.0,0.0
CN1C(=O)C(C2=NC3=CC=CC=C3C(=O)N2)C(O)C2=CC=CC=C21,,0.0,0.0
CN1C(=O)C(C2=NC3=CC=CC=C3C(=O)N2)C(O)C2=CC=CC=C21,,0.0,0.0
CN1C(=O)C(C2=NC3=CC=CC=C3C(=O)N2)C(O)C2=CC=CC=C21,,0.0,0.0
CN1C(=O)C(C2=NC3=CC=CC=C3C(=O)N2)C(O)C2=CC=CC=C21,,0.0,0.0
CN1C(=O)C(C2=NC3=CC=CC=C3C(=O)N2)C(O)C2=CC=CC=C21,,0.0,0.0
CN1C(=O)C(C2=NC3=CC=CC=C3C(=O)N2)C(O)C2=CC=CC=C21,,0.0,0.0
CN1C(=O)C(C2=NC3=CC=CC=C3C(=O)N2)C(O)C2=CC=CC=C21,,0.0,0.0
CN1C(=O)C(C2=NC3=CC=CC=C3C(=O)N2)C(O)C2=CC=CC=C21,,0.0,0.0
CN1C(=O)C(C2=NC3=CC=CC=C3C(=O)N2)C(O)C2=CC=CC=C21,,0.0,0.0
CC(CC1=C(Cl)C=CC=C1Cl)NC(=O)CCC(=O)NC1CCCC1,,0.0,0.0
CC(CC1=C(Cl)C=CC=C1Cl)NC(=O)CCC(=O)NC1CCCC1,,0.0,0.0
CC(CC1=C(Cl)C=CC=C1Cl)NC(=O)CCC(=O)NC1CCCC1,,0.0,0.0
CC(CC1=C(Cl)C=CC=C1Cl)NC(=O)CCC(=O)NC1CCCC1,,0.0,0.0
CC(CC1=C(Cl)C=CC=C1Cl)NC(=O)CCC(=O)NC1CCCC1,,0.0,0.0
CC(CC1=C(Cl)C=CC=C1Cl)NC(=O)CCC(=O)NC1CCCC1,,0.0,0.0
CC(CC1=C(Cl)C=CC=C1Cl)NC(=O)CCC(=O)NC1CCCC1,,0.0,0.0
CC(CC1=C(Cl)C=CC=C1Cl)NC(=O)CCC(=O)NC1CCCC1,,0.0,0.0
CC(CC1=C(Cl)C=CC=C1Cl)NC(=O)CCC(=O)NC1CCCC1,,0.0,0.0
CC(CC1=C(Cl)C=CC=C1Cl)NC(=O)CCC(=O)NC1CCCC1,,0.0,0.0
CC(CC1=C(Cl)C=CC=C1Cl)NC(=O)CCC(=O)NC1CCCC1,,0.0,0.0
CC(CC1=C(Cl)C=CC=C1Cl)NC(=O)CCC(=O)NC1CCCC1,,0.0,0.0
CC(CC1=C(Cl)C=CC=C1Cl)NC(=O)CCC(=O)NC1CCCC1,,0.0,0.0
CC(CC1=C(Cl)C=CC=C1Cl)NC(=O)CCC(=O)NC1CCCC1,,0.0,0.0
CC(CC1=C(Cl)C=CC=C1Cl)NC(=O)CCC(=O)NC1CCCC1,,0.0,0.0
CC(CC1=C(Cl)C=CC=C1Cl)NC(=O)CCC(=O)NC1CCCC1,,0.0,0.0
CC(CC1=C(Cl)C=CC=C1Cl)NC(=O)CCC(=O)NC1CCCC1,,0.0,0.0
CC(CC1=C(Cl)C=CC=C1Cl)NC(=O)CCC(=O)NC1CCCC1,,0.0,0.0
CC(CC1=C(Cl)C=CC=C1Cl)NC(=O)CCC(=O)NC1CCCC1,,0.0,0.0
CC(CC1=C(Cl)C=CC=C1Cl)NC(=O)CCC(=O)NC1CCCC1,,0.0,0.0
CC(O)CN(C(=O)NC1=CC=CC(Cl)=C1SC(F)F)C(C)C,CCCCCCCCCCCC(OC1=NC=CC=C1)C,0.13432835820895522,0.4523960247988492
CC(O)CN(C(=O)NC1=CC=CC(Cl)=C1SC(F)F)C(C)C,,0.0,0.0
CC(O)CN(C(=O)NC1=CC=CC(Cl)=C1SC(F)F)C(C)C,CCCCCCCCCCCC(OC1=NC=CC=C1)C,0.13432835820895522,0.4523960247988492
CC(O)CN(C(=O)NC1=CC=CC(Cl)=C1SC(F)F)C(C)C,CCCCCCCCCCCC(OC1=NC=CC=C1)C,0.13432835820895522,0.4523960247988492
CC(O)CN(C(=O)NC1=CC=CC(Cl)=C1SC(F)F)C(C)C,CCCCCCCCCCCC(OC1=NC=CC=C1)C,0.13432835820895522,0.4523960247988492
CC(O)CN(C(=O)NC1=CC=CC(Cl)=C1SC(F)F)C(C)C,CCCCCCCCCCCC(OC1=NC=CC=C1)C,0.13432835820895522,0.4523960247988492
CC(O)CN(C(=O)NC1=CC=CC(Cl)=C1SC(F)F)C(C)C,CCCCCCCCCCCC(OC1=NC=CC=C1)C,0.13432835820895522,0.4523960247988492
CC(O)CN(C(=O)NC1=CC=CC(Cl)=C1SC(F)F)C(C)C,CCCCCCCCCCCC(OC1=NC=CC=C1)C,0.13432835820895522,0.4523960247988492
CC(O)CN(C(=O)NC1=CC=CC(Cl)=C1SC(F)F)C(C)C,CCCCCCCCCCCC(OC1=NC=CC=C1)C,0.13432835820895522,0.4523960247988492
CC(O)CN(C(=O)NC1=CC=CC(Cl)=C1SC(F)F)C(C)C,CCCCCCCCCCCC(OC1=NC=CC=C1)C,0.13432835820895522,0.4523960247988492
CC(O)CN(C(=O)NC1=CC=CC(Cl)=C1SC(F)F)C(C)C,CCCCCCCCCCCC(OC1=NC=CC=C1)C,0.13432835820895522,0.4523960247988492
CC(O)CN(C(=O)NC1=CC=CC(Cl)=C1SC(F)F)C(C)C,CCCCCCCCCCCC(OC1=NC=CC=C1)C,0.13432835820895522,0.4523960247988492
CC(O)CN(C(=O)NC1=CC=CC(Cl)=C1SC(F)F)C(C)C,CCCCCCCCCCCC(OC1=NC=CC=C1)C,0.13432835820895522,0.4523960247988492
CC(O)CN(C(=O)NC1=CC=CC(Cl)=C1SC(F)F)C(C)C,CCCCCCCCCCCC(OC1=NC=CC=C1)C,0.13432835820895522,0.4523960247988492
CC(O)CN(C(=O)NC1=CC=CC(Cl)=C1SC(F)F)C(C)C,CCCCCCCCCCCC(OC1=NC=CC=C1)C,0.13432835820895522,0.4523960247988492
CC(O)CN(C(=O)NC1=CC=CC(Cl)=C1SC(F)F)C(C)C,CCCCCCCCCCCC(OC1=NC=CC=C1)C,0.13432835820895522,0.4523960247988492
CC(O)CN(C(=O)NC1=CC=CC(Cl)=C1SC(F)F)C(C)C,CCCCCCCCCCCC(OC1=NC=CC=C1)C,0.13432835820895522,0.4523960247988492
CC(O)CN(C(=O)NC1=CC=CC(Cl)=C1SC(F)F)C(C)C,CCCCCCCCCCCC(OC1=NC=CC=C1)C,0.13432835820895522,0.4523960247988492
CC(O)CN(C(=O)NC1=CC=CC(Cl)=C1SC(F)F)C(C)C,CCCCCCCCCCCC(OC1=NC=CC=C1)C,0.13432835820895522,0.4523960247988492
CC(O)CN(C(=O)NC1=CC=CC(Cl)=C1SC(F)F)C(C)C,CCCCCCCCCCCC(OC1=NC=CC=C1)C,0.13432835820895522,0.4523960247988492
CN1C=CC(C(=O)N(CC2CCCO2)C2=NC3=CC=CC=C3S2)=N1,,0.0,0.0
CN1C=CC(C(=O)N(CC2CCCO2)C2=NC3=CC=CC=C3S2)=N1,,0.0,0.0
CN1C=CC(C(=O)N(CC2CCCO2)C2=NC3=CC=CC=C3S2)=N1,,0.0,0.0
CN1C=CC(C(=O)N(CC2CCCO2)C2=NC3=CC=CC=C3S2)=N1,,0.0,0.0
CN1C=CC(C(=O)N(CC2CCCO2)C2=NC3=CC=CC=C3S2)=N1,,0.0,0.0
CN1C=CC(C(=O)N(CC2CCCO2)C2=NC3=CC=CC=C3S2)=N1,,0.0,0.0
CN1C=CC(C(=O)N(CC2CCCO2)C2=NC3=CC=CC=C3S2)=N1,,0.0,0.0
CN1C=CC(C(=O)N(CC2CCCO2)C2=NC3=CC=CC=C3S2)=N1,,0.0,0.0
CN1C=CC(C(=O)N(CC2CCCO2)C2=NC3=CC=CC=C3S2)=N1,,0.0,0.0
CN1C=CC(C(=O)N(CC2CCCO2)C2=NC3=CC=CC=C3S2)=N1,,0.0,0.0
CN1C=CC(C(=O)N(CC2CCCO2)C2=NC3=CC=CC=C3S2)=N1,,0.0,0.0
CN1C=CC(C(=O)N(CC2CCCO2)C2=NC3=CC=CC=C3S2)=N1,,0.0,0.0
CN1C=CC(C(=O)N(CC2CCCO2)C2=NC3=CC=CC=C3S2)=N1,,0.0,0.0
CN1C=CC(C(=O)N(CC2CCCO2)C2=NC3=CC=CC=C3S2)=N1,,0.0,0.0
CN1C=CC(C(=O)N(CC2CCCO2)C2=NC3=CC=CC=C3S2)=N1,,0.0,0.0
CN1C=CC(C(=O)N(CC2CCCO2)C2=NC3=CC=CC=C3S2)=N1,,0.0,0.0
CN1C=CC(C(=O)N(CC2CCCO2)C2=NC3=CC=CC=C3S2)=N1,,0.0,0.0
CN1C=CC(C(=O)N(CC2CCCO2)C2=NC3=CC=CC=C3S2)=N1,,0.0,0.0
CN1C=CC(C(=O)N(CC2CCCO2)C2=NC3=CC=CC=C3S2)=N1,,0.0,0.0
CN1C=CC(C(=O)N(CC2CCCO2)C2=NC3=CC=CC=C3S2)=N1,,0.0,0.0
CC(C)C1=CC=CC=C1NC(=O)C[NH+](C(C)C)C1CCCCC1O,,0.0,0.0
CC(C)C1=CC=CC=C1NC(=O)C[NH+](C(C)C)C1CCCCC1O,,0.0,0.0
CC(C)C1=CC=CC=C1NC(=O)C[NH+](C(C)C)C1CCCCC1O,,0.0,0.0
CC(C)C1=CC=CC=C1NC(=O)C[NH+](C(C)C)C1CCCCC1O,,0.0,0.0
CC(C)C1=CC=CC=C1NC(=O)C[NH+](C(C)C)C1CCCCC1O,,0.0,0.0
CC(C)C1=CC=CC=C1NC(=O)C[NH+](C(C)C)C1CCCCC1O,,0.0,0.0
CC(C)C1=CC=CC=C1NC(=O)C[NH+](C(C)C)C1CCCCC1O,,0.0,0.0
CC(C)C1=CC=CC=C1NC(=O)C[NH+](C(C)C)C1CCCCC1O,,0.0,0.0
CC(C)C1=CC=CC=C1NC(=O)C[NH+](C(C)C)C1CCCCC1O,,0.0,0.0
CC(C)C1=CC=CC=C1NC(=O)C[NH+](C(C)C)C1CCCCC1O,,0.0,0.0
CC(C)C1=CC=CC=C1NC(=O)C[NH+](C(C)C)C1CCCCC1O,,0.0,0.0
CC(C)C1=CC=CC=C1NC(=O)C[NH+](C(C)C)C1CCCCC1O,,0.0,0.0
CC(C)C1=CC=CC=C1NC(=O)C[NH+](C(C)C)C1CCCCC1O,,0.0,0.0
CC(C)C1=CC=CC=C1NC(=O)C[NH+](C(C)C)C1CCCCC1O,,0.0,0.0
CC(C)C1=CC=CC=C1NC(=O)C[NH+](C(C)C)C1CCCCC1O,,0.0,0.0
CC(C)C1=CC=CC=C1NC(=O)C[NH+](C(C)C)C1CCCCC1O,,0.0,0.0
CC(C)C1=CC=CC=C1NC(=O)C[NH+](C(C)C)C1CCCCC1O,,0.0,0.0
CC(C)C1=CC=CC=C1NC(=O)C[NH+](C(C)C)C1CCCCC1O,,0.0,0.0
CC(C)C1=CC=CC=C1NC(=O)C[NH+](C(C)C)C1CCCCC1O,,0.0,0.0
CC(C)C1=CC=CC=C1NC(=O)C[NH+](C(C)C)C1CCCCC1O,,0.0,0.0
OCCOC1=CC=C(NCC2=CC=C(F)C=C2F)C(C(F)(F)F)=C1,,0.0,0.0
OCCOC1=CC=C(NCC2=CC=C(F)C=C2F)C(C(F)(F)F)=C1,,0.0,0.0
OCCOC1=CC=C(NCC2=CC=C(F)C=C2F)C(C(F)(F)F)=C1,,0.0,0.0
OCCOC1=CC=C(NCC2=CC=C(F)C=C2F)C(C(F)(F)F)=C1,,0.0,0.0
OCCOC1=CC=C(NCC2=CC=C(F)C=C2F)C(C(F)(F)F)=C1,,0.0,0.0
OCCOC1=CC=C(NCC2=CC=C(F)C=C2F)C(C(F)(F)F)=C1,,0.0,0.0
OCCOC1=CC=C(NCC2=CC=C(F)C=C2F)C(C(F)(F)F)=C1,,0.0,0.0
OCCOC1=CC=C(NCC2=CC=C(F)C=C2F)C(C(F)(F)F)=C1,CCCCCCCCCCCC(C)(CC1=C(C)C(OC(C)=O)=C(C)N=C1)C,0.10526315789473684,0.2721638669616973
OCCOC1=CC=C(NCC2=CC=C(F)C=C2F)C(C(F)(F)F)=C1,,0.0,0.0
OCCOC1=CC=C(NCC2=CC=C(F)C=C2F)C(C(F)(F)F)=C1,,0.0,0.0
OCCOC1=CC=C(NCC2=CC=C(F)C=C2F)C(C(F)(F)F)=C1,,0.0,0.0
OCCOC1=CC=C(NCC2=CC=C(F)C=C2F)C(C(F)(F)F)=C1,,0.0,0.0
OCCOC1=CC=C(NCC2=CC=C(F)C=C2F)C(C(F)(F)F)=C1,,0.0,0.0
OCCOC1=CC=C(NCC2=CC=C(F)C=C2F)C(C(F)(F)F)=C1,,0.0,0.0
OCCOC1=CC=C(NCC2=CC=C(F)C=C2F)C(C(F)(F)F)=C1,,0.0,0.0
OCCOC1=CC=C(NCC2=CC=C(F)C=C2F)C(C(F)(F)F)=C1,CCCCCCCCCC(C)(CC1=C(C)C(OC(C)=O)=C(C)N=C1)C,0.10526315789473684,0.34648454331069145
OCCOC1=CC=C(NCC2=CC=C(F)C=C2F)C(C(F)(F)F)=C1,,0.0,0.0
OCCOC1=CC=C(NCC2=CC=C(F)C=C2F)C(C(F)(F)F)=C1,,0.0,0.0
OCCOC1=CC=C(NCC2=CC=C(F)C=C2F)C(C(F)(F)F)=C1,,0.0,0.0
OCCOC1=CC=C(NCC2=CC=C(F)C=C2F)C(C(F)(F)F)=C1,,0.0,0.0
CC(C)CC1C(=N)NC(=O)N1CC1CC1,,0.0,0.0
CC(C)CC1C(=N)NC(=O)N1CC1CC1,,0.0,0.0
CC(C)CC1C(=N)NC(=O)N1CC1CC1,,0.0,0.0
CC(C)CC1C(=N)NC(=O)N1CC1CC1,,0.0,0.0
CC(C)CC1C(=N)NC(=O)N1CC1CC1,,0.0,0.0
CC(C)CC1C(=N)NC(=O)N1CC1CC1,,0.0,0.0
CC(C)CC1C(=N)NC(=O)N1CC1CC1,,0.0,0.0
CC(C)CC1C(=N)NC(=O)N1CC1CC1,,0.0,0.0
CC(C)CC1C(=N)NC(=O)N1CC1CC1,,0.0,0.0
CC(C)CC1C(=N)NC(=O)N1CC1CC1,,0.0,0.0
CC(C)CC1C(=N)NC(=O)N1CC1CC1,,0.0,0.0
CC(C)CC1C(=N)NC(=O)N1CC1CC1,,0.0,0.0
CC(C)CC1C(=N)NC(=O)N1CC1CC1,,0.0,0.0
CC(C)CC1C(=N)NC(=O)N1CC1CC1,,0.0,0.0
CC(C)CC1C(=N)NC(=O)N1CC1CC1,,0.0,0.0
CC(C)CC1C(=N)NC(=O)N1CC1CC1,,0.0,0.0
CC(C)CC1C(=N)NC(=O)N1CC1CC1,,0.0,0.0
CC(C)CC1C(=N)NC(=O)N1CC1CC1,,0.0,0.0
CC(C)CC1C(=N)NC(=O)N1CC1CC1,,0.0,0.0
CC(C)CC1C(=N)NC(=O)N1CC1CC1,,0.0,0.0
CCC1OC2=CC=C(NC(=O)OCC3=CC=CC=C3)C=C2CN(C(C)CC)C1=O,,0.0,0.0
CCC1OC2=CC=C(NC(=O)OCC3=CC=CC=C3)C=C2CN(C(C)CC)C1=O,,0.0,0.0
CCC1OC2=CC=C(NC(=O)OCC3=CC=CC=C3)C=C2CN(C(C)CC)C1=O,,0.0,0.0
CCC1OC2=CC=C(NC(=O)OCC3=CC=CC=C3)C=C2CN(C(C)CC)C1=O,,0.0,0.0
CCC1OC2=CC=C(NC(=O)OCC3=CC=CC=C3)C=C2CN(C(C)CC)C1=O,,0.0,0.0
CCC1OC2=CC=C(NC(=O)OCC3=CC=CC=C3)C=C2CN(C(C)CC)C1=O,,0.0,0.0
CCC1OC2=CC=C(NC(=O)OCC3=CC=CC=C3)C=C2CN(C(C)CC)C1=O,,0.0,0.0
CCC1OC2=CC=C(NC(=O)OCC3=CC=CC=C3)C=C2CN(C(C)CC)C1=O,,0.0,0.0
CCC1OC2=CC=C(NC(=O)OCC3=CC=CC=C3)C=C2CN(C(C)CC)C1=O,,0.0,0.0
CCC1OC2=CC=C(NC(=O)OCC3=CC=CC=C3)C=C2CN(C(C)CC)C1=O,,0.0,0.0
CCC1OC2=CC=C(NC(=O)OCC3=CC=CC=C3)C=C2CN(C(C)CC)C1=O,,0.0,0.0
CCC1OC2=CC=C(NC(=O)OCC3=CC=CC=C3)C=C2CN(C(C)CC)C1=O,,0.0,0.0
CCC1OC2=CC=C(NC(=O)OCC3=CC=CC=C3)C=C2CN(C(C)CC)C1=O,,0.0,0.0
CCC1OC2=CC=C(NC(=O)OCC3=CC=CC=C3)C=C2CN(C(C)CC)C1=O,,0.0,0.0
CCC1OC2=CC=C(NC(=O)OCC3=CC=CC=C3)C=C2CN(C(C)CC)C1=O,,0.0,0.0
CCC1OC2=CC=C(NC(=O)OCC3=CC=CC=C3)C=C2CN(C(C)CC)C1=O,,0.0,0.0
CCC1OC2=CC=C(NC(=O)OCC3=CC=CC=C3)C=C2CN(C(C)CC)C1=O,,0.0,0.0
CCC1OC2=CC=C(NC(=O)OCC3=CC=CC=C3)C=C2CN(C(C)CC)C1=O,,0.0,0.0
CCC1OC2=CC=C(NC(=O)OCC3=CC=CC=C3)C=C2CN(C(C)CC)C1=O,,0.0,0.0
CCC1OC2=CC=C(NC(=O)OCC3=CC=CC=C3)C=C2CN(C(C)CC)C1=O,,0.0,0.0
CN1C=C(C[NH+]2CCN(CCC(N)=O)CC2)C(C2=CC=CC(Cl)=C2)=N1,,0.0,0.0
CN1C=C(C[NH+]2CCN(CCC(N)=O)CC2)C(C2=CC=CC(Cl)=C2)=N1,,0.0,0.0
CN1C=C(C[NH+]2CCN(CCC(N)=O)CC2)C(C2=CC=CC(Cl)=C2)=N1,,0.0,0.0
CN1C=C(C[NH+]2CCN(CCC(N)=O)CC2)C(C2=CC=CC(Cl)=C2)=N1,,0.0,0.0
CN1C=C(C[NH+]2CCN(CCC(N)=O)CC2)C(C2=CC=CC(Cl)=C2)=N1,,0.0,0.0
CN1C=C(C[NH+]2CCN(CCC(N)=O)CC2)C(C2=CC=CC(Cl)=C2)=N1,,0.0,0.0
CN1C=C(C[NH+]2CCN(CCC(N)=O)CC2)C(C2=CC=CC(Cl)=C2)=N1,,0.0,0.0
CN1C=C(C[NH+]2CCN(CCC(N)=O)CC2)C(C2=CC=CC(Cl)=C2)=N1,,0.0,0.0
CN1C=C(C[NH+]2CCN(CCC(N)=O)CC2)C(C2=CC=CC(Cl)=C2)=N1,,0.0,0.0
CN1C=C(C[NH+]2CCN(CCC(N)=O)CC2)C(C2=CC=CC(Cl)=C2)=N1,,0.0,0.0
CN1C=C(C[NH+]2CCN(CCC(N)=O)CC2)C(C2=CC=CC(Cl)=C2)=N1,,0.0,0.0
CN1C=C(C[NH+]2CCN(CCC(N)=O)CC2)C(C2=CC=CC(Cl)=C2)=N1,,0.0,0.0
CN1C=C(C[NH+]2CCN(CCC(N)=O)CC2)C(C2=CC=CC(Cl)=C2)=N1,,0.0,0.0
CN1C=C(C[NH+]2CCN(CCC(N)=O)CC2)C(C2=CC=CC(Cl)=C2)=N1,,0.0,0.0
CN1C=C(C[NH+]2CCN(CCC(N)=O)CC2)C(C2=CC=CC(Cl)=C2)=N1,,0.0,0.0
CN1C=C(C[NH+]2CCN(CCC(N)=O)CC2)C(C2=CC=CC(Cl)=C2)=N1,,0.0,0.0
CN1C=C(C[NH+]2CCN(CCC(N)=O)CC2)C(C2=CC=CC(Cl)=C2)=N1,,0.0,0.0
CN1C=C(C[NH+]2CCN(CCC(N)=O)CC2)C(C2=CC=CC(Cl)=C2)=N1,,0.0,0.0
CN1C=C(C[NH+]2CCN(CCC(N)=O)CC2)C(C2=CC=CC(Cl)=C2)=N1,,0.0,0.0
CN1C=C(C[NH+]2CCN(CCC(N)=O)CC2)C(C2=CC=CC(Cl)=C2)=N1,,0.0,0.0
CC(=O)C1=CC=C(N2CCN(C(=O)C3NC4=CC(F)=CC=C4S(=O)(=O)N3)CC2)C=C1,,0.0,0.0
CC(=O)C1=CC=C(N2CCN(C(=O)C3NC4=CC(F)=CC=C4S(=O)(=O)N3)CC2)C=C1,,0.0,0.0
CC(=O)C1=CC=C(N2CCN(C(=O)C3NC4=CC(F)=CC=C4S(=O)(=O)N3)CC2)C=C1,,0.0,0.0
CC(=O)C1=CC=C(N2CCN(C(=O)C3NC4=CC(F)=CC=C4S(=O)(=O)N3)CC2)C=C1,CCCCCCCCCCCC(OC1=NC=CC=C1)=O,0.09333333333333334,0.4260075772364941
CC(=O)C1=CC=C(N2CCN(C(=O)C3NC4=CC(F)=CC=C4S(=O)(=O)N3)CC2)C=C1,C(C)(CCCCCCCCCCC(OC)=O)CC2=CC=C(C(C)(C)C)C=N2,0.09523809523809523,0.2867045462379988
CC(=O)C1=CC=C(N2CCN(C(=O)C3NC4=CC(F)=CC=C4S(=O)(=O)N3)CC2)C=C1,C(C)(CCCCCCCCCCC(OC)=O)CCCCCCCCCCCCCCCC,0.05555555555555555,0.0962809946200866
CC(=O)C1=CC=C(N2CCN(C(=O)C3NC4=CC(F)=CC=C4S(=O)(=O)N3)CC2)C=C1,,0.0,0.0
CC(=O)C1=CC=C(N2CCN(C(=O)C3NC4=CC(F)=CC=C4S(=O)(=O)N3)CC2)C=C1,C(C)(CCCCCCCCCCC(OC)=O)CC2=CC=C(C(C)(C)C)C=N2,0.09523809523809523,0.2867045462379988
CC(=O)C1=CC=C(N2CCN(C(=O)C3NC4=CC(F)=CC=C4S(=O)(=O)N3)CC2)C=C1,,0.0,0.0
CC(=O)C1=CC=C(N2CCN(C(=O)C3NC4=CC(F)=CC=C4S(=O)(=O)N3)CC2)C=C1,CCCCCCCCCCCC(OC1=NC=CC=C1)=O,0.09333333333333334,0.4260075772364941
CC(=O)C1=CC=C(N2CCN(C(=O)C3NC4=CC(F)=CC=C4S(=O)(=O)N3)CC2)C=C1,C(C)(CCCCCCCCCCC(OC)=O)CC2=CC=C(C(C)(C)C)C=N2,0.09523809523809523,0.2867045462379988
CC(=O)C1=CC=C(N2CCN(C(=O)C3NC4=CC(F)=CC=C4S(=O)(=O)N3)CC2)C=C1,CCCCCCCCCCCC(OC1=NC=CC=C1)=O,0.09333333333333334,0.4260075772364941
CC(=O)C1=CC=C(N2CCN(C(=O)C3NC4=CC(F)=CC=C4S(=O)(=O)N3)CC2)C=C1,C(C)(CCCCCCCCCCC(OC)=O)CCCCCCCCCCCCCCCC=C,0.05263157894736842,0.0685878812566139
CC(=O)C1=CC=C(N2CCN(C(=O)C3NC4=CC(F)=CC=C4S(=O)(=O)N3)CC2)C=C1,CCCCCCCCCCCC(OC1=NC=CC=C1)=O,0.09333333333333334,0.4260075772364941
CC(=O)C1=CC=C(N2CCN(C(=O)C3NC4=CC(F)=CC=C4S(=O)(=O)N3)CC2)C=C1,C(C)(CCCCCCCCCCC(OC)=O)CC2=CC=C(C(C)(C)C)C=N2,0.09523809523809523,0.2867045462379988
CC(=O)C1=CC=C(N2CCN(C(=O)C3NC4=CC(F)=CC=C4S(=O)(=O)N3)CC2)C=C1,,0.0,0.0
CC(=O)C1=CC=C(N2CCN(C(=O)C3NC4=CC(F)=CC=C4S(=O)(=O)N3)CC2)C=C1,,0.0,0.0
CC(=O)C1=CC=C(N2CCN(C(=O)C3NC4=CC(F)=CC=C4S(=O)(=O)N3)CC2)C=C1,CCCCCCCCCCCC(OC1=NC=CC=C1)=O,0.09333333333333334,0.4260075772364941
CC(=O)C1=CC=C(N2CCN(C(=O)C3NC4=CC(F)=CC=C4S(=O)(=O)N3)CC2)C=C1,,0.0,0.0
CC(=O)C1=CC=C(N2CCN(C(=O)C3NC4=CC(F)=CC=C4S(=O)(=O)N3)CC2)C=C1,CCCCCCCCCCCC(OC1=NC=CC=C1)=O,0.09333333333333334,0.4260075772364941
O=C([O-])C1=CC=C(CNC(=O)C2=CN=NS2)O1,,0.0,0.0
O=C([O-])C1=CC=C(CNC(=O)C2=CN=NS2)O1,,0.0,0.0
O=C([O-])C1=CC=C(CNC(=O)C2=CN=NS2)O1,,0.0,0.0
O=C([O-])C1=CC=C(CNC(=O)C2=CN=NS2)O1,,0.0,0.0
O=C([O-])C1=CC=C(CNC(=O)C2=CN=NS2)O1,,0.0,0.0
O=C([O-])C1=CC=C(CNC(=O)C2=CN=NS2)O1,,0.0,0.0
O=C([O-])C1=CC=C(CNC(=O)C2=CN=NS2)O1,,0.0,0.0
O=C([O-])C1=CC=C(CNC(=O)C2=CN=NS2)O1,,0.0,0.0
O=C([O-])C1=CC=C(CNC(=O)C2=CN=NS2)O1,,0.0,0.0
O=C([O-])C1=CC=C(CNC(=O)C2=CN=NS2)O1,,0.0,0.0
O=C([O-])C1=CC=C(CNC(=O)C2=CN=NS2)O1,,0.0,0.0
O=C([O-])C1=CC=C(CNC(=O)C2=CN=NS2)O1,,0.0,0.0
O=C([O-])C1=CC=C(CNC(=O)C2=CN=NS2)O1,,0.0,0.0
O=C([O-])C1=CC=C(CNC(=O)C2=CN=NS2)O1,,0.0,0.0
O=C([O-])C1=CC=C(CNC(=O)C2=CN=NS2)O1,,0.0,0.0
O=C([O-])C1=CC=C(CNC(=O)C2=CN=NS2)O1,,0.0,0.0
O=C([O-])C1=CC=C(CNC(=O)C2=CN=NS2)O1,,0.0,0.0
O=C([O-])C1=CC=C(CNC(=O)C2=CN=NS2)O1,,0.0,0.0
O=C([O-])C1=CC=C(CNC(=O)C2=CN=NS2)O1,,0.0,0.0
O=C([O-])C1=CC=C(CNC(=O)C2=CN=NS2)O1,,0.0,0.0
CC1=NN(CN2CCN(C(=O)C3=CC=CS3)CC2)C(=S)N1C1CC1,CCCCCCCCCCCC(OC1=NC=CC=C1)=O,0.136986301369863,0.4260075772364941
CC1=NN(CN2CCN(C(=O)C3=CC=CS3)CC2)C(=S)N1C1CC1,CCCCCCCCCCCC(OC1=NC=CC=C1)=O,0.136986301369863,0.4260075772364941
CC1=NN(CN2CCN(C(=O)C3=CC=CS3)CC2)C(=S)N1C1CC1,CCCCCCCCCCCC(OC1=NC=CC=C1)=O,0.136986301369863,0.4260075772364941
CC1=NN(CN2CCN(C(=O)C3=CC=CS3)CC2)C(=S)N1C1CC1,CCCCCCCCCCCC(OC1=NC=CC=C1)=O,0.136986301369863,0.4260075772364941
CC1=NN(CN2CCN(C(=O)C3=CC=CS3)CC2)C(=S)N1C1CC1,CCCCCCCCCCCC(OC1=NC=CC=C1)=O,0.136986301369863,0.4260075772364941
CC1=NN(CN2CCN(C(=O)C3=CC=CS3)CC2)C(=S)N1C1CC1,CCCCCCCCCCCC(OC1=NC=CC=C1)=O,0.136986301369863,0.4260075772364941
CC1=NN(CN2CCN(C(=O)C3=CC=CS3)CC2)C(=S)N1C1CC1,CCCCCCCCCCCC(OC1=NC=CC=C1)=O,0.136986301369863,0.4260075772364941
CC1=NN(CN2CCN(C(=O)C3=CC=CS3)CC2)C(=S)N1C1CC1,CCCCCCCCCCCC(OC1=NC=CC=C1)=O,0.136986301369863,0.4260075772364941
CC1=NN(CN2CCN(C(=O)C3=CC=CS3)CC2)C(=S)N1C1CC1,CCCCCCCCCCCC(OC1=NC=CC=C1)=O,0.136986301369863,0.4260075772364941
CC1=NN(CN2CCN(C(=O)C3=CC=CS3)CC2)C(=S)N1C1CC1,CCCCCCCCCCCC(OC1=NC=CC=C1)=O,0.136986301369863,0.4260075772364941
CC1=NN(CN2CCN(C(=O)C3=CC=CS3)CC2)C(=S)N1C1CC1,CCCCCCCCCCCC(OC1=NC=CC=C1)=O,0.136986301369863,0.4260075772364941
CC1=NN(CN2CCN(C(=O)C3=CC=CS3)CC2)C(=S)N1C1CC1,CCCCCCCCCCCC(OC1=NC=CC=C1)=O,0.136986301369863,0.4260075772364941
CC1=NN(CN2CCN(C(=O)C3=CC=CS3)CC2)C(=S)N1C1CC1,CCCCCCCCCCCC(OC1=NC=CC=C1)=O,0.136986301369863,0.4260075772364941
CC1=NN(CN2CCN(C(=O)C3=CC=CS3)CC2)C(=S)N1C1CC1,CCCCCCCCCCCC(OC1=NC=CC=C1)=O,0.136986301369863,0.4260075772364941
CC1=NN(CN2CCN(C(=O)C3=CC=CS3)CC2)C(=S)N1C1CC1,CCCCCCCCCCCC(OC1=NC=CC=C1)=O,0.136986301369863,0.4260075772364941
CC1=NN(CN2CCN(C(=O)C3=CC=CS3)CC2)C(=S)N1C1CC1,CCCCCCCCCCCC(OC1=NC=CC=C1)=O,0.136986301369863,0.4260075772364941
CC1=NN(CN2CCN(C(=O)C3=CC=CS3)CC2)C(=S)N1C1CC1,CCCCCCCCCCCC(OC1=NC=CC=C1)=O,0.136986301369863,0.4260075772364941
CC1=NN(CN2CCN(C(=O)C3=CC=CS3)CC2)C(=S)N1C1CC1,CCCCCCCCCCCC(OC1=NC=CC=C1)=O,0.136986301369863,0.4260075772364941
CC1=NN(CN2CCN(C(=O)C3=CC=CS3)CC2)C(=S)N1C1CC1,CCCCCCCCCCCC(OC1=NC=CC=C1)=O,0.136986301369863,0.4260075772364941
CC1=NN(CN2CCN(C(=O)C3=CC=CS3)CC2)C(=S)N1C1CC1,CCCCCCCCCCCC(OC1=NC=CC=C1)=O,0.136986301369863,0.4260075772364941
CC1CCCCN1C(=O)CC1=C(F)C=CC=C1F,,0.0,0.0
CC1CCCCN1C(=O)CC1=C(F)C=CC=C1F,,0.0,0.0
CC1CCCCN1C(=O)CC1=C(F)C=CC=C1F,,0.0,0.0
CC1CCCCN1C(=O)CC1=C(F)C=CC=C1F,,0.0,0.0
CC1CCCCN1C(=O)CC1=C(F)C=CC=C1F,,0.0,0.0
CC1CCCCN1C(=O)CC1=C(F)C=CC=C1F,,0.0,0.0
CC1CCCCN1C(=O)CC1=C(F)C=CC=C1F,,0.0,0.0
CC1CCCCN1C(=O)CC1=C(F)C=CC=C1F,,0.0,0.0
CC1CCCCN1C(=O)CC1=C(F)C=CC=C1F,,0.0,0.0
CC1CCCCN1C(=O)CC1=C(F)C=CC=C1F,,0.0,0.0
CC1CCCCN1C(=O)CC1=C(F)C=CC=C1F,,0.0,0.0
CC1CCCCN1C(=O)CC1=C(F)C=CC=C1F,,0.0,0.0
CC1CCCCN1C(=O)CC1=C(F)C=CC=C1F,,0.0,0.0
CC1CCCCN1C(=O)CC1=C(F)C=CC=C1F,,0.0,0.0
CC1CCCCN1C(=O)CC1=C(F)C=CC=C1F,,0.0,0.0
CC1CCCCN1C(=O)CC1=C(F)C=CC=C1F,,0.0,0.0
CC1CCCCN1C(=O)CC1=C(F)C=CC=C1F,,0.0,0.0
CC1CCCCN1C(=O)CC1=C(F)C=CC=C1F,,0.0,0.0
CC1CCCCN1C(=O)CC1=C(F)C=CC=C1F,,0.0,0.0
CC1CCCCN1C(=O)CC1=C(F)C=CC=C1F,,0.0,0.0
CC(OC1=CC=CC(Cl)=C1)C(=O)NC1=CC=C2C=CC=CC2=C1,CCCCCCCCCCCC(OC1=NC=CC=C1)=O,0.16129032258064516,0.4260075772364941
CC(OC1=CC=CC(Cl)=C1)C(=O)NC1=CC=C2C=CC=CC2=C1,CCCCCCCCCCCC(OC1=NC=CC=C1)=O,0.16129032258064516,0.4260075772364941
CC(OC1=CC=CC(Cl)=C1)C(=O)NC1=CC=C2C=CC=CC2=C1,,0.0,0.0
CC(OC1=CC=CC(Cl)=C1)C(=O)NC1=CC=C2C=CC=CC2=C1,,0.0,0.0
CC(OC1=CC=CC(Cl)=C1)C(=O)NC1=CC=C2C=CC=CC2=C1,CCCCCCCCCCCC(OC1=NC=CC=C1)=O,0.16129032258064516,0.4260075772364941
CC(OC1=CC=CC(Cl)=C1)C(=O)NC1=CC=C2C=CC=CC2=C1,CCCCCCCCCCCC(OC1=NC=CC=C1)=O,0.16129032258064516,0.4260075772364941
CC(OC1=CC=CC(Cl)=C1)C(=O)NC1=CC=C2C=CC=CC2=C1,CCCCCCCCCCCC(OC1=NC=CC=C1)=O,0.16129032258064516,0.4260075772364941
CC(OC1=CC=CC(Cl)=C1)C(=O)NC1=CC=C2C=CC=CC2=C1,,0.0,0.0
CC(OC1=CC=CC(Cl)=C1)C(=O)NC1=CC=C2C=CC=CC2=C1,CCCCCCCCCCCC(OC1=NC=CC=C1)=O,0.16129032258064516,0.4260075772364941
CC(OC1=CC=CC(Cl)=C1)C(=O)NC1=CC=C2C=CC=CC2=C1,CCCCCCCCCCCC(OC1=NC=CC=C1)=NS,0.12121212121212122,0.24888083454787804
CC(OC1=CC=CC(Cl)=C1)C(=O)NC1=CC=C2C=CC=CC2=C1,CCCCCCCCCCCC(OC1=NC=CC=C1)=O,0.16129032258064516,0.4260075772364941
CC(OC1=CC=CC(Cl)=C1)C(=O)NC1=CC=C2C=CC=CC2=C1,CCCCCCCCCCCC(OC1=NC=CC=C1)=O,0.16129032258064516,0.4260075772364941
CC(OC1=CC=CC(Cl)=C1)C(=O)NC1=CC=C2C=CC=CC2=C1,CCCCCCCCCCCC(OC1=NC=CC=C1)=O,0.16129032258064516,0.4260075772364941
CC(OC1=CC=CC(Cl)=C1)C(=O)NC1=CC=C2C=CC=CC2=C1,CCCCCCCCCCCC(OC1=NC=CC=C1)=O,0.16129032258064516,0.4260075772364941
CC(OC1=CC=CC(Cl)=C1)C(=O)NC1=CC=C2C=CC=CC2=C1,CCCCCCCCCCCC(OC1=NC=CC=C1)=O,0.16129032258064516,0.4260075772364941
CC(OC1=CC=CC(Cl)=C1)C(=O)NC1=CC=C2C=CC=CC2=C1,CCCCCCCCCCCC(OC1=NC=CC=C1)=O,0.16129032258064516,0.4260075772364941
CC(OC1=CC=CC(Cl)=C1)C(=O)NC1=CC=C2C=CC=CC2=C1,CCCCCCCCCCCC(OC1=NC=CC=C1)=O,0.16129032258064516,0.4260075772364941
CC(OC1=CC=CC(Cl)=C1)C(=O)NC1=CC=C2C=CC=CC2=C1,CCCCCCCCCCCC(OC1=NC=CC=C1)=O,0.16129032258064516,0.4260075772364941
CC(OC1=CC=CC(Cl)=C1)C(=O)NC1=CC=C2C=CC=CC2=C1,CCCCCCCCCCCC(OC1=NC=CC=C1)=O,0.16129032258064516,0.4260075772364941
CC(OC1=CC=CC(Cl)=C1)C(=O)NC1=CC=C2C=CC=CC2=C1,CCCCCCCCCCCC(OC1=NC=CC=C1)=O,0.16129032258064516,0.4260075772364941
CC1=CC(C)=C(S(=O)(=O)N2CCOC23CCN(C(=O)C2=CC=CC(F)=C2)CC3)C(C)=C1,,0.0,0.0
CC1=CC(C)=C(S(=O)(=O)N2CCOC23CCN(C(=O)C2=CC=CC(F)=C2)CC3)C(C)=C1,,0.0,0.0
CC1=CC(C)=C(S(=O)(=O)N2CCOC23CCN(C(=O)C2=CC=CC(F)=C2)CC3)C(C)=C1,,0.0,0.0
CC1=CC(C)=C(S(=O)(=O)N2CCOC23CCN(C(=O)C2=CC=CC(F)=C2)CC3)C(C)=C1,,0.0,0.0
CC1=CC(C)=C(S(=O)(=O)N2CCOC23CCN(C(=O)C2=CC=CC(F)=C2)CC3)C(C)=C1,,0.0,0.0
CC1=CC(C)=C(S(=O)(=O)N2CCOC23CCN(C(=O)C2=CC=CC(F)=C2)CC3)C(C)=C1,,0.0,0.0
CC1=CC(C)=C(S(=O)(=O)N2CCOC23CCN(C(=O)C2=CC=CC(F)=C2)CC3)C(C)=C1,,0.0,0.0
CC1=CC(C)=C(S(=O)(=O)N2CCOC23CCN(C(=O)C2=CC=CC(F)=C2)CC3)C(C)=C1,,0.0,0.0
CC1=CC(C)=C(S(=O)(=O)N2CCOC23CCN(C(=O)C2=CC=CC(F)=C2)CC3)C(C)=C1,,0.0,0.0
CC1=CC(C)=C(S(=O)(=O)N2CCOC23CCN(C(=O)C2=CC=CC(F)=C2)CC3)C(C)=C1,,0.0,0.0
CC1=CC(C)=C(S(=O)(=O)N2CCOC23CCN(C(=O)C2=CC=CC(F)=C2)CC3)C(C)=C1,,0.0,0.0
CC1=CC(C)=C(S(=O)(=O)N2CCOC23CCN(C(=O)C2=CC=CC(F)=C2)CC3)C(C)=C1,,0.0,0.0
CC1=CC(C)=C(S(=O)(=O)N2CCOC23CCN(C(=O)C2=CC=CC(F)=C2)CC3)C(C)=C1,,0.0,0.0
CC1=CC(C)=C(S(=O)(=O)N2CCOC23CCN(C(=O)C2=CC=CC(F)=C2)CC3)C(C)=C1,,0.0,0.0
CC1=CC(C)=C(S(=O)(=O)N2CCOC23CCN(C(=O)C2=CC=CC(F)=C2)CC3)C(C)=C1,C(CC1=C(OC(C)(C)OC2)C2=C(CO)C(CO)=N1)(C/C=C/C#CC(C)(C)OC3)C3,0.09183673469387756,0.755168111684389
CC1=CC(C)=C(S(=O)(=O)N2CCOC23CCN(C(=O)C2=CC=CC(F)=C2)CC3)C(C)=C1,,0.0,0.0
CC1=CC(C)=C(S(=O)(=O)N2CCOC23CCN(C(=O)C2=CC=CC(F)=C2)CC3)C(C)=C1,,0.0,0.0
CC1=CC(C)=C(S(=O)(=O)N2CCOC23CCN(C(=O)C2=CC=CC(F)=C2)CC3)C(C)=C1,,0.0,0.0
CC1=CC(C)=C(S(=O)(=O)N2CCOC23CCN(C(=O)C2=CC=CC(F)=C2)CC3)C(C)=C1,,0.0,0.0
CC1=CC(C)=C(S(=O)(=O)N2CCOC23CCN(C(=O)C2=CC=CC(F)=C2)CC3)C(C)=C1,,0.0,0.0
FC(F)N1C=CN=C1CN1CC[NH+](CCN2CCOCC2)CC1,,0.0,0.0
FC(F)N1C=CN=C1CN1CC[NH+](CCN2CCOCC2)CC1,,0.0,0.0
FC(F)N1C=CN=C1CN1CC[NH+](CCN2CCOCC2)CC1,,0.0,0.0
FC(F)N1C=CN=C1CN1CC[NH+](CCN2CCOCC2)CC1,,0.0,0.0
FC(F)N1C=CN=C1CN1CC[NH+](CCN2CCOCC2)CC1,,0.0,0.0
FC(F)N1C=CN=C1CN1CC[NH+](CCN2CCOCC2)CC1,,0.0,0.0
FC(F)N1C=CN=C1CN1CC[NH+](CCN2CCOCC2)CC1,,0.0,0.0
FC(F)N1C=CN=C1CN1CC[NH+](CCN2CCOCC2)CC1,,0.0,0.0
FC(F)N1C=CN=C1CN1CC[NH+](CCN2CCOCC2)CC1,,0.0,0.0
FC(F)N1C=CN=C1CN1CC[NH+](CCN2CCOCC2)CC1,,0.0,0.0
FC(F)N1C=CN=C1CN1CC[NH+](CCN2CCOCC2)CC1,,0.0,0.0
FC(F)N1C=CN=C1CN1CC[NH+](CCN2CCOCC2)CC1,,0.0,0.0
FC(F)N1C=CN=C1CN1CC[NH+](CCN2CCOCC2)CC1,,0.0,0.0
FC(F)N1C=CN=C1CN1CC[NH+](CCN2CCOCC2)CC1,,0.0,0.0
FC(F)N1C=CN=C1CN1CC[NH+](CCN2CCOCC2)CC1,,0.0,0.0
FC(F)N1C=CN=C1CN1CC[NH+](CCN2CCOCC2)CC1,,0.0,0.0
FC(F)N1C=CN=C1CN1CC[NH+](CCN2CCOCC2)CC1,CCCCCCCCCCCC(OCC(C)(CCOC(CCCCCCCCCCCCCCC)=O)CC2)C2=O,0.046511627906976744,0.0735091042307151
FC(F)N1C=CN=C1CN1CC[NH+](CCN2CCOCC2)CC1,,0.0,0.0
FC(F)N1C=CN=C1CN1CC[NH+](CCN2CCOCC2)CC1,,0.0,0.0
FC(F)N1C=CN=C1CN1CC[NH+](CCN2CCOCC2)CC1,,0.0,0.0
CCC(C)[NH+]1C(C(=O)[O-])CCC2CCCCC21,,0.0,0.0
CCC(C)[NH+]1C(C(=O)[O-])CCC2CCCCC21,,0.0,0.0
CCC(C)[NH+]1C(C(=O)[O-])CCC2CCCCC21,,0.0,0.0
CCC(C)[NH+]1C(C(=O)[O-])CCC2CCCCC21,,0.0,0.0
CCC(C)[NH+]1C(C(=O)[O-])CCC2CCCCC21,,0.0,0.0
CCC(C)[NH+]1C(C(=O)[O-])CCC2CCCCC21,C(C)(CCCCCCCCCCC(CCCCCCCCCCCC)=O)CC,0.18,0.15751355757160695
CCC(C)[NH+]1C(C(=O)[O-])CCC2CCCCC21,,0.0,0.0
CCC(C)[NH+]1C(C(=O)[O-])CCC2CCCCC21,,0.0,0.0
CCC(C)[NH+]1C(C(=O)[O-])CCC2CCCCC21,,0.0,0.0
CCC(C)[NH+]1C(C(=O)[O-])CCC2CCCCC21,,0.0,0.0
CCC(C)[NH+]1C(C(=O)[O-])CCC2CCCCC21,C(C)(CCCCCCCCCCC(CCCCCCCCCCCC)=O)CC,0.18,0.15751355757160695
CCC(C)[NH+]1C(C(=O)[O-])CCC2CCCCC21,,0.0,0.0
CCC(C)[NH+]1C(C(=O)[O-])CCC2CCCCC21,,0.0,0.0
CCC(C)[NH+]1C(C(=O)[O-])CCC2CCCCC21,CCCCCCCCCCCC(OC1=NC=CC=C1)C,0.08196721311475409,0.4523960247988492
CCC(C)[NH+]1C(C(=O)[O-])CCC2CCCCC21,CCCCCCCCCCCC(OC1=NC=CC=C1)C,0.08196721311475409,0.4523960247988492
CCC(C)[NH+]1C(C(=O)[O-])CCC2CCCCC21,CCCCCCCCCCCC(OC1=NC=CC=C1)C,0.08196721311475409,0.4523960247988492
CCC(C)[NH+]1C(C(=O)[O-])CCC2CCCCC21,CCCCCCCCCCCC(OC1=NC=CC=C1)C,0.08196721311475409,0.4523960247988492
CCC(C)[NH+]1C(C(=O)[O-])CCC2CCCCC21,,0.0,0.0
CCC(C)[NH+]1C(C(=O)[O-])CCC2CCCCC21,CCCCCCCCCCCC(OC1=NC=CC=C1)C,0.08196721311475409,0.4523960247988492
CCC(C)[NH+]1C(C(=O)[O-])CCC2CCCCC21,CCCCCCCCCCCC(OC1=NC=CC=C1)C,0.08196721311475409,0.4523960247988492
CCC(CC)C(CNC(=O)C1=CN=C2C(C)=CC=CN2C1=O)[NH+](C)C,,0.0,0.0
CCC(CC)C(CNC(=O)C1=CN=C2C(C)=CC=CN2C1=O)[NH+](C)C,,0.0,0.0
CCC(CC)C(CNC(=O)C1=CN=C2C(C)=CC=CN2C1=O)[NH+](C)C,,0.0,0.0
CCC(CC)C(CNC(=O)C1=CN=C2C(C)=CC=CN2C1=O)[NH+](C)C,CCCCCCCCCC(C)(CC1=C(C)C(OC(C)=O)=C(C)N=C1)C,0.1518987341772152,0.34648454331069145
CCC(CC)C(CNC(=O)C1=CN=C2C(C)=CC=CN2C1=O)[NH+](C)C,CCCCCCCCCCCCCCCC(C)(CC1=C(C)C(OC(C)=O)=C(C)N=C1)C,0.1518987341772152,0.18282383408538155
CCC(CC)C(CNC(=O)C1=CN=C2C(C)=CC=CN2C1=O)[NH+](C)C,,0.0,0.0
CCC(CC)C(CNC(=O)C1=CN=C2C(C)=CC=CN2C1=O)[NH+](C)C,,0.0,0.0
CCC(CC)C(CNC(=O)C1=CN=C2C(C)=CC=CN2C1=O)[NH+](C)C,CCCCCCCCCCCCCCCCCC(C)(CC1=C(C)C(OC(C)=O)=C(C)N=C1)C,0.1518987341772152,0.15264426487078303
CCC(CC)C(CNC(=O)C1=CN=C2C(C)=CC=CN2C1=O)[NH+](C)C,,0.0,0.0
CCC(CC)C(CNC(=O)C1=CN=C2C(C)=CC=CN2C1=O)[NH+](C)C,,0.0,0.0
CCC(CC)C(CNC(=O)C1=CN=C2C(C)=CC=CN2C1=O)[NH+](C)C,,0.0,0.0
CCC(CC)C(CNC(=O)C1=CN=C2C(C)=CC=CN2C1=O)[NH+](C)C,,0.0,0.0
CCC(CC)C(CNC(=O)C1=CN=C2C(C)=CC=CN2C1=O)[NH+](C)C,,0.0,0.0
CCC(CC)C(CNC(=O)C1=CN=C2C(C)=CC=CN2C1=O)[NH+](C)C,,0.0,0.0
CCC(CC)C(CNC(=O)C1=CN=C2C(C)=CC=CN2C1=O)[NH+](C)C,,0.0,0.0
CCC(CC)C(CNC(=O)C1=CN=C2C(C)=CC=CN2C1=O)[NH+](C)C,,0.0,0.0
CCC(CC)C(CNC(=O)C1=CN=C2C(C)=CC=CN2C1=O)[NH+](C)C,,0.0,0.0
CCC(CC)C(CNC(=O)C1=CN=C2C(C)=CC=CN2C1=O)[NH+](C)C,,0.0,0.0
CCC(CC)C(CNC(=O)C1=CN=C2C(C)=CC=CN2C1=O)[NH+](C)C,,0.0,0.0
CCC(CC)C(CNC(=O)C1=CN=C2C(C)=CC=CN2C1=O)[NH+](C)C,,0.0,0.0
CC1=CC=C(NC(=O)CSC2=NC3=NC=C(Cl)C=C3N2)C=C1C,C(CCO)(CCO)CCCCCCCCCCSC1=NN=C(O1)C2=CC=C(C(C)(C)C)C=N2,0.12790697674418605,0.20069412505516868
CC1=CC=C(NC(=O)CSC2=NC3=NC=C(Cl)C=C3N2)C=C1C,C(CCO)(CCO)CCCCCCCCCCSC1=NN=C(O1)C2=CC=C(C(C)(C)C)C=N2,0.12790697674418605,0.20069412505516868
CC1=CC=C(NC(=O)CSC2=NC3=NC=C(Cl)C=C3N2)C=C1C,C(CCO)(CCO)CCCCCCCCCCSC1=NN=C(O1)C2=CC=C(C(C)(C)C)C=N2,0.12790697674418605,0.20069412505516868
CC1=CC=C(NC(=O)CSC2=NC3=NC=C(Cl)C=C3N2)C=C1C,C(CCO)(CCO)CCCCCCCCCCSC1=NN=C(O1)C2=CC=C(C(C)(C)C)C=N2,0.12790697674418605,0.20069412505516868
CC1=CC=C(NC(=O)CSC2=NC3=NC=C(Cl)C=C3N2)C=C1C,C(CCO)(CCO)CCCCCCCCCCSC1=NN=C(O1)C2=CC=C(C(C)(C)C)C=N2,0.12790697674418605,0.20069412505516868
CC1=CC=C(NC(=O)CSC2=NC3=NC=C(Cl)C=C3N2)C=C1C,C(CCO)(CCO)CCCCCCCCCCSC1=NN=C(O1)C2=CC=C(C(C)(C)C)C=N2,0.12790697674418605,0.20069412505516868
CC1=CC=C(NC(=O)CSC2=NC3=NC=C(Cl)C=C3N2)C=C1C,C(CCO)(CCO)CCCCCCCCCCSC1=NN=C(O1)C2=CC=C(C(C)(C)C)C=N2,0.12790697674418605,0.20069412505516868
CC1=CC=C(NC(=O)CSC2=NC3=NC=C(Cl)C=C3N2)C=C1C,C(CCO)(CCO)CCCCCCCCCCSC1=NN=C(O1)C2=CC=C(C(C)(C)C)C=N2,0.12790697674418605,0.20069412505516868
CC1=CC=C(NC(=O)CSC2=NC3=NC=C(Cl)C=C3N2)C=C1C,C(CCO)(CCO)CCCCCCCCCCSC1=NN=C(O1)C2=CC=C(C(C)(C)C)C=N2,0.12790697674418605,0.20069412505516868
CC1=CC=C(NC(=O)CSC2=NC3=NC=C(Cl)C=C3N2)C=C1C,C(CCO)(CCO)CCCCCCCCCCSC1=NN=C(O1)C2=CC=C(C(C)(C)C)C=N2,0.12790697674418605,0.20069412505516868
CC1=CC=C(NC(=O)CSC2=NC3=NC=C(Cl)C=C3N2)C=C1C,C(CCO)(CCO)CCCCCCCCCCSC1=NN=C(O1)C2=CC=C(C(C)(C)C)C=N2,0.12790697674418605,0.20069412505516868
CC1=CC=C(NC(=O)CSC2=NC3=NC=C(Cl)C=C3N2)C=C1C,C(CCO)(CCO)CCCCCCCCCCSC1=NN=C(O1)C2=CC=C(C(C)(C)C)C=N2,0.12790697674418605,0.20069412505516868
CC1=CC=C(NC(=O)CSC2=NC3=NC=C(Cl)C=C3N2)C=C1C,C(CCO)(CCO)CCCCCCCCCCSC1=NN=C(O1)C2=CC=C(C(C)(C)C)C=N2,0.12790697674418605,0.20069412505516868
CC1=CC=C(NC(=O)CSC2=NC3=NC=C(Cl)C=C3N2)C=C1C,C(CCO)(CCO)CCCCCCCCCCSC1=NN=C(O1)C2=CC=C(C(C)(C)C)C=N2,0.12790697674418605,0.20069412505516868
CC1=CC=C(NC(=O)CSC2=NC3=NC=C(Cl)C=C3N2)C=C1C,C(CCO)(CCO)CCCCCCCCCCSC1=NN=C(O1)C2=CC=C(C(C)(C)C)C=N2,0.12790697674418605,0.20069412505516868
CC1=CC=C(NC(=O)CSC2=NC3=NC=C(Cl)C=C3N2)C=C1C,C(CCO)(CCO)CCCCCCCCCCSC1=NN=C(O1)C2=CC=C(C(C)(C)C)C=N2,0.12790697674418605,0.20069412505516868
CC1=CC=C(NC(=O)CSC2=NC3=NC=C(Cl)C=C3N2)C=C1C,C(CCO)(CCO)CCCCCCCCCCSC1=NN=C(O1)C2=CC=C(C(C)(C)C)C=N2,0.12790697674418605,0.20069412505516868
CC1=CC=C(NC(=O)CSC2=NC3=NC=C(Cl)C=C3N2)C=C1C,C(CCO)(CCO)CCCCCCCCCCSC1=NN=C(O1)C2=CC=C(C(C)(C)C)C=N2,0.12790697674418605,0.20069412505516868
CC1=CC=C(NC(=O)CSC2=NC3=NC=C(Cl)C=C3N2)C=C1C,C(CCO)(CCO)CCCCCCCCCCSC1=NN=C(O1)C2=CC=C(C(C)(C)C)C=N2,0.12790697674418605,0.20069412505516868
CC1=CC=C(NC(=O)CSC2=NC3=NC=C(Cl)C=C3N2)C=C1C,C(CCO)(CCO)CCCCCCCCCCSC1=NN=C(O1)C2=CC=C(C(C)(C)C)C=N2,0.12790697674418605,0.20069412505516868
CCCNC(=O)CN1CCN(C(=O)CC2=C(C)N(C3=CC=CC=C3)N=C2C)CC1,,0.0,0.0
CCCNC(=O)CN1CCN(C(=O)CC2=C(C)N(C3=CC=CC=C3)N=C2C)CC1,,0.0,0.0
CCCNC(=O)CN1CCN(C(=O)CC2=C(C)N(C3=CC=CC=C3)N=C2C)CC1,,0.0,0.0
CCCNC(=O)CN1CCN(C(=O)CC2=C(C)N(C3=CC=CC=C3)N=C2C)CC1,,0.0,0.0
CCCNC(=O)CN1CCN(C(=O)CC2=C(C)N(C3=CC=CC=C3)N=C2C)CC1,,0.0,0.0
CCCNC(=O)CN1CCN(C(=O)CC2=C(C)N(C3=CC=CC=C3)N=C2C)CC1,,0.0,0.0
CCCNC(=O)CN1CCN(C(=O)CC2=C(C)N(C3=CC=CC=C3)N=C2C)CC1,,0.0,0.0
CCCNC(=O)CN1CCN(C(=O)CC2=C(C)N(C3=CC=CC=C3)N=C2C)CC1,,0.0,0.0
CCCNC(=O)CN1CCN(C(=O)CC2=C(C)N(C3=CC=CC=C3)N=C2C)CC1,,0.0,0.0
CCCNC(=O)CN1CCN(C(=O)CC2=C(C)N(C3=CC=CC=C3)N=C2C)CC1,,0.0,0.0
CCCNC(=O)CN1CCN(C(=O)CC2=C(C)N(C3=CC=CC=C3)N=C2C)CC1,,0.0,0.0
CCCNC(=O)CN1CCN(C(=O)CC2=C(C)N(C3=CC=CC=C3)N=C2C)CC1,,0.0,0.0
CCCNC(=O)CN1CCN(C(=O)CC2=C(C)N(C3=CC=CC=C3)N=C2C)CC1,,0.0,0.0
CCCNC(=O)CN1CCN(C(=O)CC2=C(C)N(C3=CC=CC=C3)N=C2C)CC1,,0.0,0.0
CCCNC(=O)CN1CCN(C(=O)CC2=C(C)N(C3=CC=CC=C3)N=C2C)CC1,,0.0,0.0
CCCNC(=O)CN1CCN(C(=O)CC2=C(C)N(C3=CC=CC=C3)N=C2C)CC1,,0.0,0.0
CCCNC(=O)CN1CCN(C(=O)CC2=C(C)N(C3=CC=CC=C3)N=C2C)CC1,,0.0,0.0
CCCNC(=O)CN1CCN(C(=O)CC2=C(C)N(C3=CC=CC=C3)N=C2C)CC1,,0.0,0.0
CCCNC(=O)CN1CCN(C(=O)CC2=C(C)N(C3=CC=CC=C3)N=C2C)CC1,,0.0,0.0
CCCNC(=O)CN1CCN(C(=O)CC2=C(C)N(C3=CC=CC=C3)N=C2C)CC1,,0.0,0.0
O=C1C2=CC=CC=C2NC(C2=CC=C(F)C=C2)N1C1=CC=C(N2CCOCC2)C=C1,CCCCCCCCCCCC(OC1=NC=CC=C1)=O,0.08450704225352113,0.4260075772364941
O=C1C2=CC=CC=C2NC(C2=CC=C(F)C=C2)N1C1=CC=C(N2CCOCC2)C=C1,CCCCCCCCCCCC(OC1=NC=CC=C1)=O,0.08450704225352113,0.4260075772364941
O=C1C2=CC=CC=C2NC(C2=CC=C(F)C=C2)N1C1=CC=C(N2CCOCC2)C=C1,CCCCCCCCCCCC(OC1=NC=CC=C1)=O,0.08450704225352113,0.4260075772364941
O=C1C2=CC=CC=C2NC(C2=CC=C(F)C=C2)N1C1=CC=C(N2CCOCC2)C=C1,CCCCCCCCCCCC(OC1=NC=CC=C1)=O,0.08450704225352113,0.4260075772364941
O=C1C2=CC=CC=C2NC(C2=CC=C(F)C=C2)N1C1=CC=C(N2CCOCC2)C=C1,CCCCCCCCCCCC(OC1=NC=CC=C1)=O,0.08450704225352113,0.4260075772364941
O=C1C2=CC=CC=C2NC(C2=CC=C(F)C=C2)N1C1=CC=C(N2CCOCC2)C=C1,CCCCCCCCCCCC(OC1=NC=CC=C1)=O,0.08450704225352113,0.4260075772364941
O=C1C2=CC=CC=C2NC(C2=CC=C(F)C=C2)N1C1=CC=C(N2CCOCC2)C=C1,CCCCCCCCCCCC(OC1=NC=CC=C1)=O,0.08450704225352113,0.4260075772364941
O=C1C2=CC=CC=C2NC(C2=CC=C(F)C=C2)N1C1=CC=C(N2CCOCC2)C=C1,CCCCCCCCCCCC(OC1=NC=CC=C1)=O,0.08450704225352113,0.4260075772364941
O=C1C2=CC=CC=C2NC(C2=CC=C(F)C=C2)N1C1=CC=C(N2CCOCC2)C=C1,CCCCCCCCCCCC(OC1=NC=CC=C1)=O,0.08450704225352113,0.4260075772364941
O=C1C2=CC=CC=C2NC(C2=CC=C(F)C=C2)N1C1=CC=C(N2CCOCC2)C=C1,CCCCCCCCCCCC(OC1=NC=CC=C1)=O,0.08450704225352113,0.4260075772364941
O=C1C2=CC=CC=C2NC(C2=CC=C(F)C=C2)N1C1=CC=C(N2CCOCC2)C=C1,CCCCCCCCCCCC(OC1=NC=CC=C1)=O,0.08450704225352113,0.4260075772364941
O=C1C2=CC=CC=C2NC(C2=CC=C(F)C=C2)N1C1=CC=C(N2CCOCC2)C=C1,CCCCCCCCCCCC(OC1=NC=CC=C1)=O,0.08450704225352113,0.4260075772364941
O=C1C2=CC=CC=C2NC(C2=CC=C(F)C=C2)N1C1=CC=C(N2CCOCC2)C=C1,CCCCCCCCCCCC(OC1=NC=CC=C1)=O,0.08450704225352113,0.4260075772364941
O=C1C2=CC=CC=C2NC(C2=CC=C(F)C=C2)N1C1=CC=C(N2CCOCC2)C=C1,CCCCCCCCCCCC(OC1=NC=CC=C1)=O,0.08450704225352113,0.4260075772364941
O=C1C2=CC=CC=C2NC(C2=CC=C(F)C=C2)N1C1=CC=C(N2CCOCC2)C=C1,CCCCCCCCCCCC(OC1=NC=CC=C1)=O,0.08450704225352113,0.4260075772364941
O=C1C2=CC=CC=C2NC(C2=CC=C(F)C=C2)N1C1=CC=C(N2CCOCC2)C=C1,CCCCCCCCCCCC(OC1=NC=CC=C1)=O,0.08450704225352113,0.4260075772364941
O=C1C2=CC=CC=C2NC(C2=CC=C(F)C=C2)N1C1=CC=C(N2CCOCC2)C=C1,CCCCCCCCCCCC(OC1=NC=CC=C1)=O,0.08450704225352113,0.4260075772364941
O=C1C2=CC=CC=C2NC(C2=CC=C(F)C=C2)N1C1=CC=C(N2CCOCC2)C=C1,CCCCCCCCCCCC(OC1=NC=CC=C1)=O,0.08450704225352113,0.4260075772364941
O=C1C2=CC=CC=C2NC(C2=CC=C(F)C=C2)N1C1=CC=C(N2CCOCC2)C=C1,CCCCCCCCCCCC(OC1=NC=CC=C1)=O,0.08450704225352113,0.4260075772364941
O=C1C2=CC=CC=C2NC(C2=CC=C(F)C=C2)N1C1=CC=C(N2CCOCC2)C=C1,CCCCCCCCCCCC(OC1=NC=CC=C1)=O,0.08450704225352113,0.4260075772364941
COC1=CC=C2C=C(C[NH+]3CCCC(CN4C=CN=N4)C3)C=CC2=C1,,0.0,0.0
COC1=CC=C2C=C(C[NH+]3CCCC(CN4C=CN=N4)C3)C=CC2=C1,,0.0,0.0
COC1=CC=C2C=C(C[NH+]3CCCC(CN4C=CN=N4)C3)C=CC2=C1,,0.0,0.0
COC1=CC=C2C=C(C[NH+]3CCCC(CN4C=CN=N4)C3)C=CC2=C1,,0.0,0.0
COC1=CC=C2C=C(C[NH+]3CCCC(CN4C=CN=N4)C3)C=CC2=C1,,0.0,0.0
COC1=CC=C2C=C(C[NH+]3CCCC(CN4C=CN=N4)C3)C=CC2=C1,,0.0,0.0
COC1=CC=C2C=C(C[NH+]3CCCC(CN4C=CN=N4)C3)C=CC2=C1,,0.0,0.0
COC1=CC=C2C=C(C[NH+]3CCCC(CN4C=CN=N4)C3)C=CC2=C1,,0.0,0.0
COC1=CC=C2C=C(C[NH+]3CCCC(CN4C=CN=N4)C3)C=CC2=C1,,0.0,0.0
COC1=CC=C2C=C(C[NH+]3CCCC(CN4C=CN=N4)C3)C=CC2=C1,,0.0,0.0
COC1=CC=C2C=C(C[NH+]3CCCC(CN4C=CN=N4)C3)C=CC2=C1,,0.0,0.0
COC1=CC=C2C=C(C[NH+]3CCCC(CN4C=CN=N4)C3)C=CC2=C1,,0.0,0.0
COC1=CC=C2C=C(C[NH+]3CCCC(CN4C=CN=N4)C3)C=CC2=C1,,0.0,0.0
COC1=CC=C2C=C(C[NH+]3CCCC(CN4C=CN=N4)C3)C=CC2=C1,,0.0,0.0
COC1=CC=C2C=C(C[NH+]3CCCC(CN4C=CN=N4)C3)C=CC2=C1,,0.0,0.0
COC1=CC=C2C=C(C[NH+]3CCCC(CN4C=CN=N4)C3)C=CC2=C1,,0.0,0.0
COC1=CC=C2C=C(C[NH+]3CCCC(CN4C=CN=N4)C3)C=CC2=C1,,0.0,0.0
COC1=CC=C2C=C(C[NH+]3CCCC(CN4C=CN=N4)C3)C=CC2=C1,,0.0,0.0
COC1=CC=C2C=C(C[NH+]3CCCC(CN4C=CN=N4)C3)C=CC2=C1,,0.0,0.0
COC1=CC=C2C=C(C[NH+]3CCCC(CN4C=CN=N4)C3)C=CC2=C1,,0.0,0.0
NC(=O)C(NC(=O)C1=CN=C2C=CC=CC2=N1)C1=CC=CC=C1,,0.0,0.0
NC(=O)C(NC(=O)C1=CN=C2C=CC=CC2=N1)C1=CC=CC=C1,,0.0,0.0
NC(=O)C(NC(=O)C1=CN=C2C=CC=CC2=N1)C1=CC=CC=C1,,0.0,0.0
NC(=O)C(NC(=O)C1=CN=C2C=CC=CC2=N1)C1=CC=CC=C1,,0.0,0.0
NC(=O)C(NC(=O)C1=CN=C2C=CC=CC2=N1)C1=CC=CC=C1,,0.0,0.0
NC(=O)C(NC(=O)C1=CN=C2C=CC=CC2=N1)C1=CC=CC=C1,,0.0,0.0
NC(=O)C(NC(=O)C1=CN=C2C=CC=CC2=N1)C1=CC=CC=C1,,0.0,0.0
NC(=O)C(NC(=O)C1=CN=C2C=CC=CC2=N1)C1=CC=CC=C1,,0.0,0.0
NC(=O)C(NC(=O)C1=CN=C2C=CC=CC2=N1)C1=CC=CC=C1,,0.0,0.0
NC(=O)C(NC(=O)C1=CN=C2C=CC=CC2=N1)C1=CC=CC=C1,,0.0,0.0
NC(=O)C(NC(=O)C1=CN=C2C=CC=CC2=N1)C1=CC=CC=C1,,0.0,0.0
NC(=O)C(NC(=O)C1=CN=C2C=CC=CC2=N1)C1=CC=CC=C1,,0.0,0.0
NC(=O)C(NC(=O)C1=CN=C2C=CC=CC2=N1)C1=CC=CC=C1,,0.0,0.0
NC(=O)C(NC(=O)C1=CN=C2C=CC=CC2=N1)C1=CC=CC=C1,,0.0,0.0
NC(=O)C(NC(=O)C1=CN=C2C=CC=CC2=N1)C1=CC=CC=C1,,0.0,0.0
NC(=O)C(NC(=O)C1=CN=C2C=CC=CC2=N1)C1=CC=CC=C1,,0.0,0.0
NC(=O)C(NC(=O)C1=CN=C2C=CC=CC2=N1)C1=CC=CC=C1,,0.0,0.0
NC(=O)C(NC(=O)C1=CN=C2C=CC=CC2=N1)C1=CC=CC=C1,,0.0,0.0
NC(=O)C(NC(=O)C1=CN=C2C=CC=CC2=N1)C1=CC=CC=C1,,0.0,0.0
NC(=O)C(NC(=O)C1=CN=C2C=CC=CC2=N1)C1=CC=CC=C1,,0.0,0.0
CC1=CC=C(C(F)(F)F)C=C1C=CC(=O)[O-],,0.0,0.0
CC1=CC=C(C(F)(F)F)C=C1C=CC(=O)[O-],,0.0,0.0
CC1=CC=C(C(F)(F)F)C=C1C=CC(=O)[O-],,0.0,0.0
CC1=CC=C(C(F)(F)F)C=C1C=CC(=O)[O-],,0.0,0.0
CC1=CC=C(C(F)(F)F)C=C1C=CC(=O)[O-],,0.0,0.0
CC1=CC=C(C(F)(F)F)C=C1C=CC(=O)[O-],,0.0,0.0
CC1=CC=C(C(F)(F)F)C=C1C=CC(=O)[O-],,0.0,0.0
CC1=CC=C(C(F)(F)F)C=C1C=CC(=O)[O-],,0.0,0.0
CC1=CC=C(C(F)(F)F)C=C1C=CC(=O)[O-],,0.0,0.0
CC1=CC=C(C(F)(F)F)C=C1C=CC(=O)[O-],,0.0,0.0
CC1=CC=C(C(F)(F)F)C=C1C=CC(=O)[O-],,0.0,0.0
CC1=CC=C(C(F)(F)F)C=C1C=CC(=O)[O-],,0.0,0.0
CC1=CC=C(C(F)(F)F)C=C1C=CC(=O)[O-],,0.0,0.0
CC1=CC=C(C(F)(F)F)C=C1C=CC(=O)[O-],,0.0,0.0
CC1=CC=C(C(F)(F)F)C=C1C=CC(=O)[O-],,0.0,0.0
CC1=CC=C(C(F)(F)F)C=C1C=CC(=O)[O-],,0.0,0.0
CC1=CC=C(C(F)(F)F)C=C1C=CC(=O)[O-],,0.0,0.0
CC1=CC=C(C(F)(F)F)C=C1C=CC(=O)[O-],,0.0,0.0
CC1=CC=C(C(F)(F)F)C=C1C=CC(=O)[O-],,0.0,0.0
CC1=CC=C(C(F)(F)F)C=C1C=CC(=O)[O-],,0.0,0.0
CC1CC(N2CCN(C(=O)C3=CC=CS3)CC2)C(=O)O1,,0.0,0.0
CC1CC(N2CCN(C(=O)C3=CC=CS3)CC2)C(=O)O1,,0.0,0.0
CC1CC(N2CCN(C(=O)C3=CC=CS3)CC2)C(=O)O1,,0.0,0.0
CC1CC(N2CCN(C(=O)C3=CC=CS3)CC2)C(=O)O1,,0.0,0.0
CC1CC(N2CCN(C(=O)C3=CC=CS3)CC2)C(=O)O1,,0.0,0.0
CC1CC(N2CCN(C(=O)C3=CC=CS3)CC2)C(=O)O1,,0.0,0.0
CC1CC(N2CCN(C(=O)C3=CC=CS3)CC2)C(=O)O1,,0.0,0.0
CC1CC(N2CCN(C(=O)C3=CC=CS3)CC2)C(=O)O1,,0.0,0.0
CC1CC(N2CCN(C(=O)C3=CC=CS3)CC2)C(=O)O1,,0.0,0.0
CC1CC(N2CCN(C(=O)C3=CC=CS3)CC2)C(=O)O1,,0.0,0.0
CC1CC(N2CCN(C(=O)C3=CC=CS3)CC2)C(=O)O1,,0.0,0.0
CC1CC(N2CCN(C(=O)C3=CC=CS3)CC2)C(=O)O1,,0.0,0.0
CC1CC(N2CCN(C(=O)C3=CC=CS3)CC2)C(=O)O1,,0.0,0.0
CC1CC(N2CCN(C(=O)C3=CC=CS3)CC2)C(=O)O1,,0.0,0.0
CC1CC(N2CCN(C(=O)C3=CC=CS3)CC2)C(=O)O1,,0.0,0.0
CC1CC(N2CCN(C(=O)C3=CC=CS3)CC2)C(=O)O1,,0.0,0.0
CC1CC(N2CCN(C(=O)C3=CC=CS3)CC2)C(=O)O1,,0.0,0.0
CC1CC(N2CCN(C(=O)C3=CC=CS3)CC2)C(=O)O1,,0.0,0.0
CC1CC(N2CCN(C(=O)C3=CC=CS3)CC2)C(=O)O1,,0.0,0.0
CC1CC(N2CCN(C(=O)C3=CC=CS3)CC2)C(=O)O1,,0.0,0.0
CNS(=O)(=O)C1=CC=CC(C(C)[NH2+]CC(C)SC)=C1,CCCCCCCCCCCC(OC1=NC=CC=C1)C,0.12698412698412698,0.4523960247988492
CNS(=O)(=O)C1=CC=CC(C(C)[NH2+]CC(C)SC)=C1,,0.0,0.0
CNS(=O)(=O)C1=CC=CC(C(C)[NH2+]CC(C)SC)=C1,CCCCCCCCCCCC(OC1=NC=CC=C1)C,0.12698412698412698,0.4523960247988492
CNS(=O)(=O)C1=CC=CC(C(C)[NH2+]CC(C)SC)=C1,CCCCCCCCCCCC(OC1=NC=CC=C1)C,0.12698412698412698,0.4523960247988492
CNS(=O)(=O)C1=CC=CC(C(C)[NH2+]CC(C)SC)=C1,CCCCCCCCCCCC(OC1=NC=CC=C1)C,0.12698412698412698,0.4523960247988492
CNS(=O)(=O)C1=CC=CC(C(C)[NH2+]CC(C)SC)=C1,,0.0,0.0
CNS(=O)(=O)C1=CC=CC(C(C)[NH2+]CC(C)SC)=C1,CCCCCCCCCCCC(OC1=NC=CC=C1)C,0.12698412698412698,0.4523960247988492
CNS(=O)(=O)C1=CC=CC(C(C)[NH2+]CC(C)SC)=C1,,0.0,0.0
CNS(=O)(=O)C1=CC=CC(C(C)[NH2+]CC(C)SC)=C1,CCCCCCCCCCCC(OC1=NC=CC=C1)C,0.12698412698412698,0.4523960247988492
CNS(=O)(=O)C1=CC=CC(C(C)[NH2+]CC(C)SC)=C1,,0.0,0.0
CNS(=O)(=O)C1=CC=CC(C(C)[NH2+]CC(C)SC)=C1,CCCCCCCCCCCC(OC1=NC=CC=C1)C,0.12698412698412698,0.4523960247988492
CNS(=O)(=O)C1=CC=CC(C(C)[NH2+]CC(C)SC)=C1,CCCCCCCCCCCC(OC1=NC=CC=C1)C,0.12698412698412698,0.4523960247988492
CNS(=O)(=O)C1=CC=CC(C(C)[NH2+]CC(C)SC)=C1,,0.0,0.0
CNS(=O)(=O)C1=CC=CC(C(C)[NH2+]CC(C)SC)=C1,CCCCCCCCCCCC(OC1=NC=CC=C1)C,0.12698412698412698,0.4523960247988492
CNS(=O)(=O)C1=CC=CC(C(C)[NH2+]CC(C)SC)=C1,,0.0,0.0
CNS(=O)(=O)C1=CC=CC(C(C)[NH2+]CC(C)SC)=C1,CCCCCCCCCCCC(OC1=NC=CC=C1)C,0.12698412698412698,0.4523960247988492
CNS(=O)(=O)C1=CC=CC(C(C)[NH2+]CC(C)SC)=C1,CCCCCCCCCCCC(OC1=NC=CC=C1)=O,0.1076923076923077,0.4260075772364941
CNS(=O)(=O)C1=CC=CC(C(C)[NH2+]CC(C)SC)=C1,CCCCCCCCCCCC(OC1=NC=CC=C1)C,0.12698412698412698,0.4523960247988492
CNS(=O)(=O)C1=CC=CC(C(C)[NH2+]CC(C)SC)=C1,,0.0,0.0
CNS(=O)(=O)C1=CC=CC(C(C)[NH2+]CC(C)SC)=C1,CCCCCCCCCCCC(OC1=NC=CC=C1)C,0.12698412698412698,0.4523960247988492
COC1=CC=C(C2CN(C(=O)CN3N=C4C=CC=CC4=N3)CC2[NH+](C)C)C=C1,CCCCCCCCCCCC(OC1=NC=CC=C1)=O,0.17391304347826086,0.4260075772364941
COC1=CC=C(C2CN(C(=O)CN3N=C4C=CC=CC4=N3)CC2[NH+](C)C)C=C1,CCCCCCCCCCCC(OC1=NC=CC=C1)=O,0.17391304347826086,0.4260075772364941
COC1=CC=C(C2CN(C(=O)CN3N=C4C=CC=CC4=N3)CC2[NH+](C)C)C=C1,CCCCCCCCCCCC(OC1=NC=CC=C1)=O,0.17391304347826086,0.4260075772364941
COC1=CC=C(C2CN(C(=O)CN3N=C4C=CC=CC4=N3)CC2[NH+](C)C)C=C1,CCCCCCCCCCCC(OC1=NC=CC=C1)=O,0.17391304347826086,0.4260075772364941
COC1=CC=C(C2CN(C(=O)CN3N=C4C=CC=CC4=N3)CC2[NH+](C)C)C=C1,CCCCCCCCCCCC(OC1=NC=CC=C1)C,0.14285714285714285,0.4523960247988492
COC1=CC=C(C2CN(C(=O)CN3N=C4C=CC=CC4=N3)CC2[NH+](C)C)C=C1,CCCCCCCCCCCC(OC1=NC=CC=C1)=O,0.17391304347826086,0.4260075772364941
COC1=CC=C(C2CN(C(=O)CN3N=C4C=CC=CC4=N3)CC2[NH+](C)C)C=C1,CCCCCCCCCCCC(OC1=NC=CC=C1)C,0.14285714285714285,0.4523960247988492
COC1=CC=C(C2CN(C(=O)CN3N=C4C=CC=CC4=N3)CC2[NH+](C)C)C=C1,CCCCCCCCCCCC(OC1=NC=CC=C1)=O,0.17391304347826086,0.4260075772364941
COC1=CC=C(C2CN(C(=O)CN3N=C4C=CC=CC4=N3)CC2[NH+](C)C)C=C1,CCCCCCCCCCCC(OC1=NC=CC=C1)C,0.14285714285714285,0.4523960247988492
COC1=CC=C(C2CN(C(=O)CN3N=C4C=CC=CC4=N3)CC2[NH+](C)C)C=C1,CCCCCCCCCCCC(OC1=NC=CC=C1)C,0.14285714285714285,0.4523960247988492
COC1=CC=C(C2CN(C(=O)CN3N=C4C=CC=CC4=N3)CC2[NH+](C)C)C=C1,CCCCCCCCCCCC(OC1=NC=CC=C1)=O,0.17391304347826086,0.4260075772364941
COC1=CC=C(C2CN(C(=O)CN3N=C4C=CC=CC4=N3)CC2[NH+](C)C)C=C1,CCCCCCCCCCCC(OC1=NC=CC=C1)C,0.14285714285714285,0.4523960247988492
COC1=CC=C(C2CN(C(=O)CN3N=C4C=CC=CC4=N3)CC2[NH+](C)C)C=C1,CCCCCCCCCCCC(OC1=NC=CC=C1)=O,0.17391304347826086,0.4260075772364941
COC1=CC=C(C2CN(C(=O)CN3N=C4C=CC=CC4=N3)CC2[NH+](C)C)C=C1,CCCCCCCCCCCC(OC1=NC=CC=C1)=O,0.17391304347826086,0.4260075772364941
COC1=CC=C(C2CN(C(=O)CN3N=C4C=CC=CC4=N3)CC2[NH+](C)C)C=C1,CCCCCCCCCCCC(OC1=NC=CC=C1)C,0.14285714285714285,0.4523960247988492
COC1=CC=C(C2CN(C(=O)CN3N=C4C=CC=CC4=N3)CC2[NH+](C)C)C=C1,CCCCCCCCCCCC(OC1=NC=CC=C1)=O,0.17391304347826086,0.4260075772364941
COC1=CC=C(C2CN(C(=O)CN3N=C4C=CC=CC4=N3)CC2[NH+](C)C)C=C1,CCCCCCCCCCCC(OC1=NC=CC=C1)C,0.14285714285714285,0.4523960247988492
COC1=CC=C(C2CN(C(=O)CN3N=C4C=CC=CC4=N3)CC2[NH+](C)C)C=C1,CCCCCCCCCCCC(OC1=NC=CC=C1)C,0.14285714285714285,0.4523960247988492
COC1=CC=C(C2CN(C(=O)CN3N=C4C=CC=CC4=N3)CC2[NH+](C)C)C=C1,CCCCCCCCCCCC(OC1=NC=CC=C1)C,0.14285714285714285,0.4523960247988492
COC1=CC=C(C2CN(C(=O)CN3N=C4C=CC=CC4=N3)CC2[NH+](C)C)C=C1,CCCCCCCCCCCC(OC1=NC=CC=C1)=O,0.17391304347826086,0.4260075772364941
NC1=CC=C(OCC(=O)NC2=CC=CC3=CC=CC=C23)C=C1,,0.0,0.0
NC1=CC=C(OCC(=O)NC2=CC=CC3=CC=CC=C23)C=C1,,0.0,0.0
NC1=CC=C(OCC(=O)NC2=CC=CC3=CC=CC=C23)C=C1,,0.0,0.0
NC1=CC=C(OCC(=O)NC2=CC=CC3=CC=CC=C23)C=C1,,0.0,0.0
NC1=CC=C(OCC(=O)NC2=CC=CC3=CC=CC=C23)C=C1,,0.0,0.0
NC1=CC=C(OCC(=O)NC2=CC=CC3=CC=CC=C23)C=C1,,0.0,0.0
NC1=CC=C(OCC(=O)NC2=CC=CC3=CC=CC=C23)C=C1,,0.0,0.0
NC1=CC=C(OCC(=O)NC2=CC=CC3=CC=CC=C23)C=C1,,0.0,0.0
NC1=CC=C(OCC(=O)NC2=CC=CC3=CC=CC=C23)C=C1,,0.0,0.0
NC1=CC=C(OCC(=O)NC2=CC=CC3=CC=CC=C23)C=C1,,0.0,0.0
NC1=CC=C(OCC(=O)NC2=CC=CC3=CC=CC=C23)C=C1,,0.0,0.0
NC1=CC=C(OCC(=O)NC2=CC=CC3=CC=CC=C23)C=C1,,0.0,0.0
NC1=CC=C(OCC(=O)NC2=CC=CC3=CC=CC=C23)C=C1,,0.0,0.0
NC1=CC=C(OCC(=O)NC2=CC=CC3=CC=CC=C23)C=C1,,0.0,0.0
NC1=CC=C(OCC(=O)NC2=CC=CC3=CC=CC=C23)C=C1,,0.0,0.0
NC1=CC=C(OCC(=O)NC2=CC=CC3=CC=CC=C23)C=C1,CCCCCC(CCCCCCCCCCCCC(CCCCCCCCCCCCCCCCCCCCCCCCCCCCCCCCCCCCCCCCCCCCCCCCCCCCCCCCCCCCCCCCCCCCCCCCCCCCCCCCCCCCCCCCCCCCCCCC)=O)C=C(C),0.06557377049180328,0.04381454919916967
NC1=CC=C(OCC(=O)NC2=CC=CC3=CC=CC=C23)C=C1,,0.0,0.0
NC1=CC=C(OCC(=O)NC2=CC=CC3=CC=CC=C23)C=C1,,0.0,0.0
NC1=CC=C(OCC(=O)NC2=CC=CC3=CC=CC=C23)C=C1,,0.0,0.0
NC1=CC=C(OCC(=O)NC2=CC=CC3=CC=CC=C23)C=C1,,0.0,0.0
CC1=CC=C(C)C(OCC[NH+](C)C(C)C2=CC=C(S(N)(=O)=O)C=C2)=C1,C(CCO)(CCCO)CCCCCCCCCCCCCCCCSC1=NN=C(C1)C=CC=C,0.03571428571428571,0.1052613274769257
CC1=CC=C(C)C(OCC[NH+](C)C(C)C2=CC=C(S(N)(=O)=O)C=C2)=C1,C(CCO)(CCCO)CCCCCCCCCCCCCCCCSC1=NN=C(O1)C2=CC=C(C(C)(C)C)C=N2,0.07954545454545454,0.09518788965472637
CC1=CC=C(C)C(OCC[NH+](C)C(C)C2=CC=C(S(N)(=O)=O)C=C2)=C1,C(CCO)(CCCO)CCCCCCCCCCSC1=NN=C(C1)C=CC=C,0.03571428571428571,0.21904245778472486
CC1=CC=C(C)C(OCC[NH+](C)C(C)C2=CC=C(S(N)(=O)=O)C=C2)=C1,C(CCO)(CCCO)CCCCCCCCCCCCCCC,0.04838709677419355,0.2755211655582002
CC1=CC=C(C)C(OCC[NH+](C)C(C)C2=CC=C(S(N)(=O)=O)C=C2)=C1,C(CCO)(CCCO)CCCCCCCCCCSC1=NN=C(C1)C=CC=C,0.03571428571428571,0.21904245778472486
CC1=CC=C(C)C(OCC[NH+](C)C(C)C2=CC=C(S(N)(=O)=O)C=C2)=C1,C(CCO)(CCCO)CCCCCCCCCCSC1=NN=C(O1)C2=CC=C(C(C)(C)C)C=N2,0.07954545454545454,0.17482503336395672
CC1=CC=C(C)C(OCC[NH+](C)C(C)C2=CC=C(S(N)(=O)=O)C=C2)=C1,,0.0,0.0
CC1=CC=C(C)C(OCC[NH+](C)C(C)C2=CC=C(S(N)(=O)=O)C=C2)=C1,C(CCO)(CCCO)CCCCCCCCCCCCCCCCSC1=NN=C(C1)C=CC=C,0.03571428571428571,0.1052613274769257
CC1=CC=C(C)C(OCC[NH+](C)C(C)C2=CC=C(S(N)(=O)=O)C=C2)=C1,,0.0,0.0
CC1=CC=C(C)C(OCC[NH+](C)C(C)C2=CC=C(S(N)(=O)=O)C=C2)=C1,C(CCO)(CCO)CCCCCCCCCCCCCCC,0.05,0.31155344201459356
CC1=CC=C(C)C(OCC[NH+](C)C(C)C2=CC=C(S(N)(=O)=O)C=C2)=C1,C(CCO)(CCCO)CCCCCCCCCCCCCCCCSC1=NN=C(C1)C=CC=C,0.03571428571428571,0.1052613274769257
CC1=CC=C(C)C(OCC[NH+](C)C(C)C2=CC=C(S(N)(=O)=O)C=C2)=C1,,0.0,0.0
CC1=CC=C(C)C(OCC[NH+](C)C(C)C2=CC=C(S(N)(=O)=O)C=C2)=C1,C(CCO)(CCCO)CCCCCCCCCCCCCCC,0.04838709677419355,0.2755211655582002
CC1=CC=C(C)C(OCC[NH+](C)C(C)C2=CC=C(S(N)(=O)=O)C=C2)=C1,C(CCO)(CCCO)CCCCCCCCCCCCCCCCSC1=NN=C(C1)C=CC=C,0.03571428571428571,0.1052613274769257
CC1=CC=C(C)C(OCC[NH+](C)C(C)C2=CC=C(S(N)(=O)=O)C=C2)=C1,C(CCO)(CCCO)CCCCCCCCCCCCCCC,0.04838709677419355,0.2755211655582002
CC1=CC=C(C)C(OCC[NH+](C)C(C)C2=CC=C(S(N)(=O)=O)C=C2)=C1,,0.0,0.0
CC1=CC=C(C)C(OCC[NH+](C)C(C)C2=CC=C(S(N)(=O)=O)C=C2)=C1,,0.0,0.0
CC1=CC=C(C)C(OCC[NH+](C)C(C)C2=CC=C(S(N)(=O)=O)C=C2)=C1,,0.0,0.0
CC1=CC=C(C)C(OCC[NH+](C)C(C)C2=CC=C(S(N)(=O)=O)C=C2)=C1,C(CCO)(CCCO)CCCCCCCCCCCCCCCCSC1=NN=C(C1)C=CC=C,0.03571428571428571,0.1052613274769257
CC1=CC=C(C)C(OCC[NH+](C)C(C)C2=CC=C(S(N)(=O)=O)C=C2)=C1,C(CCO)(CCCO)CCCCCCCCCCCCSC1=NN=C(O1)C2=CC=C(C(C)(C)C)C=N2,0.07954545454545454,0.13748547830299254
COC1=CC2=C(C=C1OC)C1=NNC(=O)C=C1C2,,0.0,0.0
COC1=CC2=C(C=C1OC)C1=NNC(=O)C=C1C2,,0.0,0.0
COC1=CC2=C(C=C1OC)C1=NNC(=O)C=C1C2,,0.0,0.0
COC1=CC2=C(C=C1OC)C1=NNC(=O)C=C1C2,,0.0,0.0
COC1=CC2=C(C=C1OC)C1=NNC(=O)C=C1C2,,0.0,0.0
COC1=CC2=C(C=C1OC)C1=NNC(=O)C=C1C2,,0.0,0.0
COC1=CC2=C(C=C1OC)C1=NNC(=O)C=C1C2,,0.0,0.0
COC1=CC2=C(C=C1OC)C1=NNC(=O)C=C1C2,,0.0,0.0
COC1=CC2=C(C=C1OC)C1=NNC(=O)C=C1C2,,0.0,0.0
COC1=CC2=C(C=C1OC)C1=NNC(=O)C=C1C2,,0.0,0.0
COC1=CC2=C(C=C1OC)C1=NNC(=O)C=C1C2,,0.0,0.0
COC1=CC2=C(C=C1OC)C1=NNC(=O)C=C1C2,,0.0,0.0
COC1=CC2=C(C=C1OC)C1=NNC(=O)C=C1C2,,0.0,0.0
COC1=CC2=C(C=C1OC)C1=NNC(=O)C=C1C2,,0.0,0.0
COC1=CC2=C(C=C1OC)C1=NNC(=O)C=C1C2,,0.0,0.0
COC1=CC2=C(C=C1OC)C1=NNC(=O)C=C1C2,,0.0,0.0
COC1=CC2=C(C=C1OC)C1=NNC(=O)C=C1C2,,0.0,0.0
COC1=CC2=C(C=C1OC)C1=NNC(=O)C=C1C2,,0.0,0.0
COC1=CC2=C(C=C1OC)C1=NNC(=O)C=C1C2,,0.0,0.0
COC1=CC2=C(C=C1OC)C1=NNC(=O)C=C1C2,,0.0,0.0
CC[NH2+]C(CC1=CC=CC=C1Cl)C1C[NH+](C)CCN1C,,0.0,0.0
CC[NH2+]C(CC1=CC=CC=C1Cl)C1C[NH+](C)CCN1C,,0.0,0.0
CC[NH2+]C(CC1=CC=CC=C1Cl)C1C[NH+](C)CCN1C,,0.0,0.0
CC[NH2+]C(CC1=CC=CC=C1Cl)C1C[NH+](C)CCN1C,,0.0,0.0
CC[NH2+]C(CC1=CC=CC=C1Cl)C1C[NH+](C)CCN1C,,0.0,0.0
CC[NH2+]C(CC1=CC=CC=C1Cl)C1C[NH+](C)CCN1C,,0.0,0.0
CC[NH2+]C(CC1=CC=CC=C1Cl)C1C[NH+](C)CCN1C,,0.0,0.0
CC[NH2+]C(CC1=CC=CC=C1Cl)C1C[NH+](C)CCN1C,,0.0,0.0
CC[NH2+]C(CC1=CC=CC=C1Cl)C1C[NH+](C)CCN1C,,0.0,0.0
CC[NH2+]C(CC1=CC=CC=C1Cl)C1C[NH+](C)CCN1C,,0.0,0.0
CC[NH2+]C(CC1=CC=CC=C1Cl)C1C[NH+](C)CCN1C,,0.0,0.0
CC[NH2+]C(CC1=CC=CC=C1Cl)C1C[NH+](C)CCN1C,,0.0,0.0
CC[NH2+]C(CC1=CC=CC=C1Cl)C1C[NH+](C)CCN1C,,0.0,0.0
CC[NH2+]C(CC1=CC=CC=C1Cl)C1C[NH+](C)CCN1C,,0.0,0.0
CC[NH2+]C(CC1=CC=CC=C1Cl)C1C[NH+](C)CCN1C,,0.0,0.0
CC[NH2+]C(CC1=CC=CC=C1Cl)C1C[NH+](C)CCN1C,,0.0,0.0
CC[NH2+]C(CC1=CC=CC=C1Cl)C1C[NH+](C)CCN1C,,0.0,0.0
CC[NH2+]C(CC1=CC=CC=C1Cl)C1C[NH+](C)CCN1C,,0.0,0.0
CC[NH2+]C(CC1=CC=CC=C1Cl)C1C[NH+](C)CCN1C,,0.0,0.0
CC[NH2+]C(CC1=CC=CC=C1Cl)C1C[NH+](C)CCN1C,,0.0,0.0
CC(C)OC(=O)C1=CC=CC(C2=CC=C(C3[NH2+]C(C(=O)[O-])C(C)(C)S3)O2)=C1,C(CC1=C(OC(C)(C)OC2)C2=C(CO)C(CO)=N1)(C/C=C/C#CC(C)(C)C)CC3=CC=CC4=CC=CC=C43,0.13333333333333333,0.3479060997562587
CC(C)OC(=O)C1=CC=CC(C2=CC=C(C3[NH2+]C(C(=O)[O-])C(C)(C)S3)O2)=C1,C(CC1=C(OC(C)(C)OC2)C2=C(CO)C(CO)=N1)(C/C=C/C#CC(C)(C)C)CC3=CC=CC4=CC=CC=C43,0.13333333333333333,0.3479060997562587
CC(C)OC(=O)C1=CC=CC(C2=CC=C(C3[NH2+]C(C(=O)[O-])C(C)(C)S3)O2)=C1,C(CC1=C(OC(C)(C)OC2)C2=C(CO)C(CO)=N1)(C/C=C/C#CC(C)(C)C)CC3=CC=CC4=CC=CC=C43,0.13333333333333333,0.3479060997562587
CC(C)OC(=O)C1=CC=CC(C2=CC=C(C3[NH2+]C(C(=O)[O-])C(C)(C)S3)O2)=C1,C(CC1=C(OC(C)(C)OC2)C2=C(CO)C(CO)=N1)(C/C=C/C#CC(C)(C)C)CC3=CC=CC4=CC=CC=C43,0.13333333333333333,0.3479060997562587
CC(C)OC(=O)C1=CC=CC(C2=CC=C(C3[NH2+]C(C(=O)[O-])C(C)(C)S3)O2)=C1,C(CC1=C(OC(C)(C)OC2)C2=C(CO)C(CO)=N1)(C/C=C/C#CC(C)(C)C)CC3=CC=CC4=CC=CC=C43,0.13333333333333333,0.3479060997562587
CC(C)OC(=O)C1=CC=CC(C2=CC=C(C3[NH2+]C(C(=O)[O-])C(C)(C)S3)O2)=C1,C(CC1=C(OC(C)(C)OC2)C2=C(CO)C(CO)=N1)(C/C=C/C#CC(C)(C)C)CC3=CC=CC4=CC=CC=C43,0.13333333333333333,0.3479060997562587
CC(C)OC(=O)C1=CC=CC(C2=CC=C(C3[NH2+]C(C(=O)[O-])C(C)(C)S3)O2)=C1,C(CC1=C(OC(C)(C)OC2)C2=C(CO)C(CO)=N1)(C/C=C/C#CC(C)(C)C)CC3=CC=CC4=CC=CC=C43,0.13333333333333333,0.3479060997562587
CC(C)OC(=O)C1=CC=CC(C2=CC=C(C3[NH2+]C(C(=O)[O-])C(C)(C)S3)O2)=C1,C(CC1=C(OC(C)(C)OC2)C2=C(CO)C(CO)=N1)(C/C=C/C#CC(C)(C)C)CC3=CC=CC4=CC=CC=C43,0.13333333333333333,0.3479060997562587
CC(C)OC(=O)C1=CC=CC(C2=CC=C(C3[NH2+]C(C(=O)[O-])C(C)(C)S3)O2)=C1,C(CC1=C(OC(C)(C)OC2)C2=C(CO)C(CO)=N1)(C/C=C/C#CC(C)(C)C)CC3=CC=CC4=CC=CC=C43,0.13333333333333333,0.3479060997562587
CC(C)OC(=O)C1=CC=CC(C2=CC=C(C3[NH2+]C(C(=O)[O-])C(C)(C)S3)O2)=C1,C(CC1=C(OC(C)(C)OC2)C2=C(CO)C(CO)=N1)(C/C=C/C#CC(C)(C)C)CC3=CC=CC4=CC=CC=C43,0.13333333333333333,0.3479060997562587
CC(C)OC(=O)C1=CC=CC(C2=CC=C(C3[NH2+]C(C(=O)[O-])C(C)(C)S3)O2)=C1,C(CC1=C(OC(C)(C)OC2)C2=C(CO)C(CO)=N1)(C/C=C/C#CC(C)(C)C)CC3=CC=CC4=CC=CC=C43,0.13333333333333333,0.3479060997562587
CC(C)OC(=O)C1=CC=CC(C2=CC=C(C3[NH2+]C(C(=O)[O-])C(C)(C)S3)O2)=C1,C(CC1=C(OC(C)(C)OC2)C2=C(CO)C(CO)=N1)(C/C=C/C#CC(C)(C)C)CC3=CC=CC4=CC=CC=C43,0.13333333333333333,0.3479060997562587
CC(C)OC(=O)C1=CC=CC(C2=CC=C(C3[NH2+]C(C(=O)[O-])C(C)(C)S3)O2)=C1,C(CC1=C(OC(C)(C)OC2)C2=C(CO)C(CO)=N1)(C/C=C/C#CC(C)(C)C)CC3=CC=CC4=CC=CC=C43,0.13333333333333333,0.3479060997562587
CC(C)OC(=O)C1=CC=CC(C2=CC=C(C3[NH2+]C(C(=O)[O-])C(C)(C)S3)O2)=C1,,0.0,0.0
CC(C)OC(=O)C1=CC=CC(C2=CC=C(C3[NH2+]C(C(=O)[O-])C(C)(C)S3)O2)=C1,C(CC1=C(OC(C)(C)OC2)C2=C(CO)C(CO)=N1)(C/C=C/C#CC(C)(C)C)CC3=CC=CC4=CC=CC=C43,0.13333333333333333,0.3479060997562587
CC(C)OC(=O)C1=CC=CC(C2=CC=C(C3[NH2+]C(C(=O)[O-])C(C)(C)S3)O2)=C1,C(CC1=C(OC(C)(C)OC2)C2=C(CO)C(CO)=N1)(C/C=C/C#CC(C)(C)C)CC3=CC=CC4=CC=CC=C43,0.13333333333333333,0.3479060997562587
CC(C)OC(=O)C1=CC=CC(C2=CC=C(C3[NH2+]C(C(=O)[O-])C(C)(C)S3)O2)=C1,,0.0,0.0
CC(C)OC(=O)C1=CC=CC(C2=CC=C(C3[NH2+]C(C(=O)[O-])C(C)(C)S3)O2)=C1,C(CC1=C(OC(C)(C)OC2)C2=C(CO)C(CO)=N1)(C/C=C/C#CC(C)(C)C)CC3=CC=CC4=CC=CC=C43,0.13333333333333333,0.3479060997562587
CC(C)OC(=O)C1=CC=CC(C2=CC=C(C3[NH2+]C(C(=O)[O-])C(C)(C)S3)O2)=C1,C(CC1=C(OC(C)(C)OC2)C2=C(CO)C(CO)=N1)(C/C=C/C#CC(C)(C)C)CC3=CC=CC4=CC=CC=C43,0.13333333333333333,0.3479060997562587
CC(C)OC(=O)C1=CC=CC(C2=CC=C(C3[NH2+]C(C(=O)[O-])C(C)(C)S3)O2)=C1,C(CC1=C(OC(C)(C)OC2)C2=C(CO)C(CO)=N1)(C/C=C/C#CC(C)(C)C)CC3=CC=CC4=CC=CC=C43,0.13333333333333333,0.3479060997562587
COC1=CC(N2N=NC(C(=O)NC3=CC=C(C)C=C3)=C2N)=CC=C1Cl,,0.0,0.0
COC1=CC(N2N=NC(C(=O)NC3=CC=C(C)C=C3)=C2N)=CC=C1Cl,,0.0,0.0
COC1=CC(N2N=NC(C(=O)NC3=CC=C(C)C=C3)=C2N)=CC=C1Cl,,0.0,0.0
COC1=CC(N2N=NC(C(=O)NC3=CC=C(C)C=C3)=C2N)=CC=C1Cl,,0.0,0.0
COC1=CC(N2N=NC(C(=O)NC3=CC=C(C)C=C3)=C2N)=CC=C1Cl,,0.0,0.0
COC1=CC(N2N=NC(C(=O)NC3=CC=C(C)C=C3)=C2N)=CC=C1Cl,,0.0,0.0
COC1=CC(N2N=NC(C(=O)NC3=CC=C(C)C=C3)=C2N)=CC=C1Cl,,0.0,0.0
COC1=CC(N2N=NC(C(=O)NC3=CC=C(C)C=C3)=C2N)=CC=C1Cl,,0.0,0.0
COC1=CC(N2N=NC(C(=O)NC3=CC=C(C)C=C3)=C2N)=CC=C1Cl,,0.0,0.0
COC1=CC(N2N=NC(C(=O)NC3=CC=C(C)C=C3)=C2N)=CC=C1Cl,,0.0,0.0
COC1=CC(N2N=NC(C(=O)NC3=CC=C(C)C=C3)=C2N)=CC=C1Cl,,0.0,0.0
COC1=CC(N2N=NC(C(=O)NC3=CC=C(C)C=C3)=C2N)=CC=C1Cl,,0.0,0.0
COC1=CC(N2N=NC(C(=O)NC3=CC=C(C)C=C3)=C2N)=CC=C1Cl,,0.0,0.0
COC1=CC(N2N=NC(C(=O)NC3=CC=C(C)C=C3)=C2N)=CC=C1Cl,,0.0,0.0
COC1=CC(N2N=NC(C(=O)NC3=CC=C(C)C=C3)=C2N)=CC=C1Cl,,0.0,0.0
COC1=CC(N2N=NC(C(=O)NC3=CC=C(C)C=C3)=C2N)=CC=C1Cl,,0.0,0.0
COC1=CC(N2N=NC(C(=O)NC3=CC=C(C)C=C3)=C2N)=CC=C1Cl,,0.0,0.0
COC1=CC(N2N=NC(C(=O)NC3=CC=C(C)C=C3)=C2N)=CC=C1Cl,,0.0,0.0
COC1=CC(N2N=NC(C(=O)NC3=CC=C(C)C=C3)=C2N)=CC=C1Cl,,0.0,0.0
COC1=CC(N2N=NC(C(=O)NC3=CC=C(C)C=C3)=C2N)=CC=C1Cl,,0.0,0.0
CCN(CCO)C(=O)NC1CC(=O)N(C(C)(C)C)C1,CCCCCCCCCCCC(OC1=NC=CC=C1)=O,0.10606060606060606,0.4260075772364941
CCN(CCO)C(=O)NC1CC(=O)N(C(C)(C)C)C1,CCCCCCCCCCCC(OC1=NC=CC=C1)=O,0.10606060606060606,0.4260075772364941
CCN(CCO)C(=O)NC1CC(=O)N(C(C)(C)C)C1,CCCCCCCCCCCC(OC1=NC=CC=C1)=O,0.10606060606060606,0.4260075772364941
CCN(CCO)C(=O)NC1CC(=O)N(C(C)(C)C)C1,CCCCCCCCCCCC(OC1=NC=CC=C1)=O,0.10606060606060606,0.4260075772364941
CCN(CCO)C(=O)NC1CC(=O)N(C(C)(C)C)C1,CCCCCCCCCCCC(OC1=NC=CC=C1)=O,0.10606060606060606,0.4260075772364941
CCN(CCO)C(=O)NC1CC(=O)N(C(C)(C)C)C1,CCCCCCCCCCCC(OC1=NC=CC=C1)=O,0.10606060606060606,0.4260075772364941
CCN(CCO)C(=O)NC1CC(=O)N(C(C)(C)C)C1,C(C)(CCCCCCCCCCC(OC)=O)CC2=CC=C(C(C)(C)C)C=N2,0.136986301369863,0.2867045462379988
CCN(CCO)C(=O)NC1CC(=O)N(C(C)(C)C)C1,CCCCCCCCCCCC(OC1=NC=CC=C1)=O,0.10606060606060606,0.4260075772364941
CCN(CCO)C(=O)NC1CC(=O)N(C(C)(C)C)C1,CCCCCCCCCCCC(OC1=NC=CC=C1)=O,0.10606060606060606,0.4260075772364941
CCN(CCO)C(=O)NC1CC(=O)N(C(C)(C)C)C1,CCCCCCCCCCCC(OC1=NC=CC=C1)=O,0.10606060606060606,0.4260075772364941
CCN(CCO)C(=O)NC1CC(=O)N(C(C)(C)C)C1,CCCCCCCCCCCC(OC1=NC=CC=C1)=O,0.10606060606060606,0.4260075772364941
CCN(CCO)C(=O)NC1CC(=O)N(C(C)(C)C)C1,C(C)(CCCCCCCCCCC(OC)=O)CC2=CC=C(C(C)(C)C)C=N2,0.136986301369863,0.2867045462379988
CCN(CCO)C(=O)NC1CC(=O)N(C(C)(C)C)C1,CCCCCCCCCCCC(OC1=NC=CC=C1)=O,0.10606060606060606,0.4260075772364941
CCN(CCO)C(=O)NC1CC(=O)N(C(C)(C)C)C1,CCCCCCCCCCCC(OC1=NC=CC=C1)=O,0.10606060606060606,0.4260075772364941
CCN(CCO)C(=O)NC1CC(=O)N(C(C)(C)C)C1,,0.0,0.0
CCN(CCO)C(=O)NC1CC(=O)N(C(C)(C)C)C1,CCCCCCCCCCCC(OC1=NC=CC=C1)=O,0.10606060606060606,0.4260075772364941
CCN(CCO)C(=O)NC1CC(=O)N(C(C)(C)C)C1,CCCCCCCCCCCC(OC1=NC=CC=C1)=O,0.10606060606060606,0.4260075772364941
CCN(CCO)C(=O)NC1CC(=O)N(C(C)(C)C)C1,CCCCCCCCCCCC(OC1=NC=CC=C1)=O,0.10606060606060606,0.4260075772364941
CCN(CCO)C(=O)NC1CC(=O)N(C(C)(C)C)C1,CCCCCCCCCCCC(OC1=NC=CC=C1)=O,0.10606060606060606,0.4260075772364941
CCN(CCO)C(=O)NC1CC(=O)N(C(C)(C)C)C1,CCCCCCCCCCCC(OC1=NC=CC=C1)=O,0.10606060606060606,0.4260075772364941
CCS(=O)(=O)CCSC1=NN=NN1C1=CC=CC=C1OC,,0.0,0.0
CCS(=O)(=O)CCSC1=NN=NN1C1=CC=CC=C1OC,,0.0,0.0
CCS(=O)(=O)CCSC1=NN=NN1C1=CC=CC=C1OC,,0.0,0.0
CCS(=O)(=O)CCSC1=NN=NN1C1=CC=CC=C1OC,,0.0,0.0
CCS(=O)(=O)CCSC1=NN=NN1C1=CC=CC=C1OC,,0.0,0.0
CCS(=O)(=O)CCSC1=NN=NN1C1=CC=CC=C1OC,CCCCCCCCCCC(OC1=NC=CC=C1)=O,0.16923076923076924,0.4600379261906965
CCS(=O)(=O)CCSC1=NN=NN1C1=CC=CC=C1OC,,0.0,0.0
CCS(=O)(=O)CCSC1=NN=NN1C1=CC=CC=C1OC,CCCCCCCCCCC1=C(O1)C2=CC=C(C)C=C2,0.09375,0.46019801294064716
CCS(=O)(=O)CCSC1=NN=NN1C1=CC=CC=C1OC,,0.0,0.0
CCS(=O)(=O)CCSC1=NN=NN1C1=CC=CC=C1OC,,0.0,0.0
CCS(=O)(=O)CCSC1=NN=NN1C1=CC=CC=C1OC,,0.0,0.0
CCS(=O)(=O)CCSC1=NN=NN1C1=CC=CC=C1OC,CCCCCCCCCCC(OC1=NC=CC=C1)=O,0.16923076923076924,0.4600379261906965
CCS(=O)(=O)CCSC1=NN=NN1C1=CC=CC=C1OC,,0.0,0.0
CCS(=O)(=O)CCSC1=NN=NN1C1=CC=CC=C1OC,,0.0,0.0
CCS(=O)(=O)CCSC1=NN=NN1C1=CC=CC=C1OC,,0.0,0.0
CCS(=O)(=O)CCSC1=NN=NN1C1=CC=CC=C1OC,,0.0,0.0
CCS(=O)(=O)CCSC1=NN=NN1C1=CC=CC=C1OC,,0.0,0.0
CCS(=O)(=O)CCSC1=NN=NN1C1=CC=CC=C1OC,CCCCCCCCCCCC(OC1=NC=CC=C1)=O,0.16923076923076924,0.4260075772364941
CCS(=O)(=O)CCSC1=NN=NN1C1=CC=CC=C1OC,,0.0,0.0
CCS(=O)(=O)CCSC1=NN=NN1C1=CC=CC=C1OC,CCCCCCCCCCC(OC1=NC=CC=C1)=O,0.16923076923076924,0.4600379261906965
CC(CCCO)NC(=O)CC1CCS(=O)(=O)C1,,0.0,0.0
CC(CCCO)NC(=O)CC1CCS(=O)(=O)C1,,0.0,0.0
CC(CCCO)NC(=O)CC1CCS(=O)(=O)C1,,0.0,0.0
CC(CCCO)NC(=O)CC1CCS(=O)(=O)C1,,0.0,0.0
CC(CCCO)NC(=O)CC1CCS(=O)(=O)C1,,0.0,0.0
CC(CCCO)NC(=O)CC1CCS(=O)(=O)C1,,0.0,0.0
CC(CCCO)NC(=O)CC1CCS(=O)(=O)C1,,0.0,0.0
CC(CCCO)NC(=O)CC1CCS(=O)(=O)C1,,0.0,0.0
CC(CCCO)NC(=O)CC1CCS(=O)(=O)C1,,0.0,0.0
CC(CCCO)NC(=O)CC1CCS(=O)(=O)C1,,0.0,0.0
CC(CCCO)NC(=O)CC1CCS(=O)(=O)C1,,0.0,0.0
CC(CCCO)NC(=O)CC1CCS(=O)(=O)C1,,0.0,0.0
CC(CCCO)NC(=O)CC1CCS(=O)(=O)C1,,0.0,0.0
CC(CCCO)NC(=O)CC1CCS(=O)(=O)C1,,0.0,0.0
CC(CCCO)NC(=O)CC1CCS(=O)(=O)C1,,0.0,0.0
CC(CCCO)NC(=O)CC1CCS(=O)(=O)C1,,0.0,0.0
CC(CCCO)NC(=O)CC1CCS(=O)(=O)C1,,0.0,0.0
CC(CCCO)NC(=O)CC1CCS(=O)(=O)C1,,0.0,0.0
CC(CCCO)NC(=O)CC1CCS(=O)(=O)C1,,0.0,0.0
CC(CCCO)NC(=O)CC1CCS(=O)(=O)C1,,0.0,0.0
CC1=CC=C(C[NH+](C)C(C)C(=O)NCCC2=CC=C3OCCOC3=C2)O1,,0.0,0.0
CC1=CC=C(C[NH+](C)C(C)C(=O)NCCC2=CC=C3OCCOC3=C2)O1,C(CC1=C(OC(CCC)OC2)C2=C(OC(C)(C)OC2)C2=C(CO)C(CO)=NC)=C(C(C)(C)CO)C=C1,0.08411214953271028,0.454490702573379
CC1=CC=C(C[NH+](C)C(C)C(=O)NCCC2=CC=C3OCCOC3=C2)O1,,0.0,0.0
CC1=CC=C(C[NH+](C)C(C)C(=O)NCCC2=CC=C3OCCOC3=C2)O1,,0.0,0.0
CC1=CC=C(C[NH+](C)C(C)C(=O)NCCC2=CC=C3OCCOC3=C2)O1,,0.0,0.0
CC1=CC=C(C[NH+](C)C(C)C(=O)NCCC2=CC=C3OCCOC3=C2)O1,,0.0,0.0
CC1=CC=C(C[NH+](C)C(C)C(=O)NCCC2=CC=C3OCCOC3=C2)O1,,0.0,0.0
CC1=CC=C(C[NH+](C)C(C)C(=O)NCCC2=CC=C3OCCOC3=C2)O1,,0.0,0.0
CC1=CC=C(C[NH+](C)C(C)C(=O)NCCC2=CC=C3OCCOC3=C2)O1,,0.0,0.0
CC1=CC=C(C[NH+](C)C(C)C(=O)NCCC2=CC=C3OCCOC3=C2)O1,,0.0,0.0
CC1=CC=C(C[NH+](C)C(C)C(=O)NCCC2=CC=C3OCCOC3=C2)O1,,0.0,0.0
CC1=CC=C(C[NH+](C)C(C)C(=O)NCCC2=CC=C3OCCOC3=C2)O1,,0.0,0.0
CC1=CC=C(C[NH+](C)C(C)C(=O)NCCC2=CC=C3OCCOC3=C2)O1,,0.0,0.0
CC1=CC=C(C[NH+](C)C(C)C(=O)NCCC2=CC=C3OCCOC3=C2)O1,,0.0,0.0
CC1=CC=C(C[NH+](C)C(C)C(=O)NCCC2=CC=C3OCCOC3=C2)O1,,0.0,0.0
CC1=CC=C(C[NH+](C)C(C)C(=O)NCCC2=CC=C3OCCOC3=C2)O1,,0.0,0.0
CC1=CC=C(C[NH+](C)C(C)C(=O)NCCC2=CC=C3OCCOC3=C2)O1,,0.0,0.0
CC1=CC=C(C[NH+](C)C(C)C(=O)NCCC2=CC=C3OCCOC3=C2)O1,,0.0,0.0
CC1=CC=C(C[NH+](C)C(C)C(=O)NCCC2=CC=C3OCCOC3=C2)O1,,0.0,0.0
CC1=CC=C(C[NH+](C)C(C)C(=O)NCCC2=CC=C3OCCOC3=C2)O1,,0.0,0.0
COC1=CC(Br)=CC=C1C([NH3+])C(=O)[O-],CCCCCCCCCCCCCCCCCCCCCCCCCCCCCCCCCCCCCCCCCCCCCCCCCCCCCCCCCCCCCCCCCCCCCCCCCCCCCCCCCCCCCCCCCCCCCCCCCCCCCCCCCCCCCCCCCCCCCCCCCCCCCCC,0.02564102564102564,0.05326173681819871
COC1=CC(Br)=CC=C1C([NH3+])C(=O)[O-],CCCCCCCCCCCCCCCCCCCCCCCCCCCCCCCCCCCCCCCCCCCCCCCCCCCCCCCCCCCCCCCCCCCCCCCCCCCCCCCCCCCCCCCCCCCCCCCCCCCCCCCCCCCCCCCCCCCCCCCCCCCCCCC,0.02564102564102564,0.05326173681819871
COC1=CC(Br)=CC=C1C([NH3+])C(=O)[O-],CCCCCCCCCCCCCCCCCCCCCCCCCCCCCCCCCCCCCCCCCCCCCCCCCCCCCCCCCCCCCCCCCCCCCCCCCCCCCCCCCCCCCCCCCCCCCCCCCCCCCCCCCCCCCCCCCCCCCCCCCCCCCCC,0.02564102564102564,0.05326173681819871
COC1=CC(Br)=CC=C1C([NH3+])C(=O)[O-],CCCCCCCCCCCCCCCCCCCCCCCCCCCCCCCCCCCCCCCCCCCCCCCCCCCCCCCCCCCCCCCCCCCCCCCCCCCCCCCCCCCCCCCCCCCCCCCCCCCCCCCCCCCCCCCCCCCCCCCCCCCCCCC,0.02564102564102564,0.05326173681819871
COC1=CC(Br)=CC=C1C([NH3+])C(=O)[O-],CCCCCCCCCCCCCCCCCCCCCCCCCCCCCCCCCCCCCCCCCCCCCCCCCCCCCCCCCCCCCCCCCCCCCCCCCCCCCCCCCCCCCCCCCCCCCCCCCCCCCCCCCCCCCCCCCCCCCCCCCCCCCCC,0.02564102564102564,0.05326173681819871
COC1=CC(Br)=CC=C1C([NH3+])C(=O)[O-],CCCCCCCCCCCCCCCCCCCCCCCCCCCCCCCCCCCCCCCCCCCCCCCCCCCCCCCCCCCCCCCCCCCCCCCCCCCCCCCCCCCCCCCCCCCCCCCCCCCCCCCCCCCCCCCCCCCCCCCCCCCCCCC,0.02564102564102564,0.05326173681819871
COC1=CC(Br)=CC=C1C([NH3+])C(=O)[O-],CCCCCCCCCCCCCCCCCCCCCCCCCCCCCCCCCCCCCCCCCCCCCCCCCCCCCCCCCCCCCCCCCCCCCCCCCCCCCCCCCCCCCCCCCCCCCCCCCCCCCCCCCCCCCCCCCCCCCCCCCCCCCCC,0.02564102564102564,0.05326173681819871
COC1=CC(Br)=CC=C1C([NH3+])C(=O)[O-],CCCCCCCCCCCCCCCCCCCCCCCCCCCCCCCCCCCCCCCCCCCCCCCCCCCCCCCCCCCCCCCCCCCCCCCCCCCCCCCCCCCCCCCCCCCCCCCCCCCCCCCCCCCCCCCCCCCCCCCCCCCCCCC,0.02564102564102564,0.05326173681819871
COC1=CC(Br)=CC=C1C([NH3+])C(=O)[O-],CCCCCCCCCCCCCCCCCCCCCCCCCCCCCCCCCCCCCCCCCCCCCCCCCCCCCCCCCCCCCCCCCCCCCCCCCCCCCCCCCCCCCCCCCCCCCCCCCCCCCCCCCCCCCCCCCCCCCCCCCCCCCCC,0.02564102564102564,0.05326173681819871
COC1=CC(Br)=CC=C1C([NH3+])C(=O)[O-],CCCCCCCCCCCCCCCCCCCCCCCCCCCCCCCCCCCCCCCCCCCCCCCCCCCCCCCCCCCCCCCCCCCCCCCCCCCCCCCCCCCCCCCCCCCCCCCCCCCCCCCCCCCCCCCCCCCCCCCCCCCCCCC,0.02564102564102564,0.05326173681819871
COC1=CC(Br)=CC=C1C([NH3+])C(=O)[O-],CCCCCCCCCCCCCCCCCCCCCCCCCCCCCCCCCCCCCCCCCCCCCCCCCCCCCCCCCCCCCCCCCCCCCCCCCCCCCCCCCCCCCCCCCCCCCCCCCCCCCCCCCCCCCCCCCCCCCCCCCCCCCCC,0.02564102564102564,0.05326173681819871
COC1=CC(Br)=CC=C1C([NH3+])C(=O)[O-],CCCCCCCCCCCCCCCCCCCCCCCCCCCCCCCCCCCCCCCCCCCCCCCCCCCCCCCCCCCCCCCCCCCCCCCCCCCCCCCCCCCCCCCCCCCCCCCCCCCCCCCCCCCCCCCCCCCCCCCCCCCCCCC,0.02564102564102564,0.05326173681819871
COC1=CC(Br)=CC=C1C([NH3+])C(=O)[O-],CCCCCCCCCCCCCCCCCCCCCCCCCCCCCCCCCCCCCCCCCCCCCCCCCCCCCCCCCCCCCCCCCCCCCCCCCCCCCCCCCCCCCCCCCCCCCCCCCCCCCCCCCCCCCCCCCCCCCCCCCCCCCCC,0.02564102564102564,0.05326173681819871
COC1=CC(Br)=CC=C1C([NH3+])C(=O)[O-],CCCCCCCCCCCCCCCCCCCCCCCCCCCCCCCCCCCCCCCCCCCCCCCCCCCCCCCCCCCCCCCCCCCCCCCCCCCCCCCCCCCCCCCCCCCCCCCCCCCCCCCCCCCCCCCCCCCCCCCCCCCCCCC,0.02564102564102564,0.05326173681819871
COC1=CC(Br)=CC=C1C([NH3+])C(=O)[O-],CCCCCCCCCCCCCCCCCCCCCCCCCCCCCCCCCCCCCCCCCCCCCCCCCCCCCCCCCCCCCCCCCCCCCCCCCCCCCCCCCCCCCCCCCCCCCCCCCCCCCCCCCCCCCCCCCCCCCCCCCCCCCCC,0.02564102564102564,0.05326173681819871
COC1=CC(Br)=CC=C1C([NH3+])C(=O)[O-],CCCCCCCCCCCCCCCCCCCCCCCCCCCCCCCCCCCCCCCCCCCCCCCCCCCCCCCCCCCCCCCCCCCCCCCCCCCCCCCCCCCCCCCCCCCCCCCCCCCCCCCCCCCCCCCCCCCCCCCCCCCCCCC,0.02564102564102564,0.05326173681819871
COC1=CC(Br)=CC=C1C([NH3+])C(=O)[O-],CCCCCCCCCCCCCCCCCCCCCCCCCCCCCCCCCCCCCCCCCCCCCCCCCCCCCCCCCCCCCCCCCCCCCCCCCCCCCCCCCCCCCCCCCCCCCCCCCCCCCCCCCCCCCCCCCCCCCCCCCCCCCCC,0.02564102564102564,0.05326173681819871
COC1=CC(Br)=CC=C1C([NH3+])C(=O)[O-],CCCCCCCCCCCCCCCCCCCCCCCCCCCCCCCCCCCCCCCCCCCCCCCCCCCCCCCCCCCCCCCCCCCCCCCCCCCCCCCCCCCCCCCCCCCCCCCCCCCCCCCCCCCCCCCCCCCCCCCCCCCCCCC,0.02564102564102564,0.05326173681819871
COC1=CC(Br)=CC=C1C([NH3+])C(=O)[O-],CCCCCCCCCCCCCCCCCCCCCCCCCCCCCCCCCCCCCCCCCCCCCCCCCCCCCCCCCCCCCCCCCCCCCCCCCCCCCCCCCCCCCCCCCCCCCCCCCCCCCCCCCCCCCCCCCCCCCCCCCCCCCCC,0.02564102564102564,0.05326173681819871
COC1=CC(Br)=CC=C1C([NH3+])C(=O)[O-],CCCCCCCCCCCCCCCCCCCCCCCCCCCCCCCCCCCCCCCCCCCCCCCCCCCCCCCCCCCCCCCCCCCCCCCCCCCCCCCCCCCCCCCCCCCCCCCCCCCCCCCCCCCCCCCCCCCCCCCCCCCCCCC,0.02564102564102564,0.05326173681819871
CS(=O)(=O)N1CC(C(N)=O)OC2=CC=CC=C21,CCCCCCCCCCCC(OC1=NC=CC=C1)C,0.11864406779661017,0.4523960247988492
CS(=O)(=O)N1CC(C(N)=O)OC2=CC=CC=C21,CCCCCCCCCCCC(OC1=NC=CC=C1)=O,0.15517241379310345,0.4260075772364941
CS(=O)(=O)N1CC(C(N)=O)OC2=CC=CC=C21,CCCCCCCCCCCC(OC1=NC=CC=C1)=O,0.15517241379310345,0.4260075772364941
CS(=O)(=O)N1CC(C(N)=O)OC2=CC=CC=C21,CCCCCCCCCCCC(OC1=NC=CC=C1)=O,0.15517241379310345,0.4260075772364941
CS(=O)(=O)N1CC(C(N)=O)OC2=CC=CC=C21,CCCCCCCCCCCC(OC1=NC=CC=C1)=O,0.15517241379310345,0.4260075772364941
CS(=O)(=O)N1CC(C(N)=O)OC2=CC=CC=C21,CCCCCCCCCCCC(OC1=NC=CC=C1)=O,0.15517241379310345,0.4260075772364941
CS(=O)(=O)N1CC(C(N)=O)OC2=CC=CC=C21,CCCCCCCCCCCC(OC1=NC=CC=C1)=O,0.15517241379310345,0.4260075772364941
CS(=O)(=O)N1CC(C(N)=O)OC2=CC=CC=C21,CCCCCCCCCCCC(OC1=NC=CC=C1)=O,0.15517241379310345,0.4260075772364941
CS(=O)(=O)N1CC(C(N)=O)OC2=CC=CC=C21,CCCCCCCCCCCC(OC1=NC=CC=C1)=O,0.15517241379310345,0.4260075772364941
CS(=O)(=O)N1CC(C(N)=O)OC2=CC=CC=C21,CCCCCCCCCCCC(OC1=NC=CC=C1)=O,0.15517241379310345,0.4260075772364941
CS(=O)(=O)N1CC(C(N)=O)OC2=CC=CC=C21,CCCCCCCCCCCC(OC1=NC=CC=C1)=O,0.15517241379310345,0.4260075772364941
CS(=O)(=O)N1CC(C(N)=O)OC2=CC=CC=C21,CCCCCCCCCCCC(OC1=NC=CC=C1)=O,0.15517241379310345,0.4260075772364941
CS(=O)(=O)N1CC(C(N)=O)OC2=CC=CC=C21,CCCCCCCCCCCC(OC1=NC=CC=C1)C,0.11864406779661017,0.4523960247988492
CS(=O)(=O)N1CC(C(N)=O)OC2=CC=CC=C21,CCCCCCCCCCCC(OC1=NC=CC=C1)=O,0.15517241379310345,0.4260075772364941
CS(=O)(=O)N1CC(C(N)=O)OC2=CC=CC=C21,CCCCCCCCCCCC(OC1=NC=CC=C1)=O,0.15517241379310345,0.4260075772364941
CS(=O)(=O)N1CC(C(N)=O)OC2=CC=CC=C21,CCCCCCCCCCCC(OC1=NC=CC=C1)=O,0.15517241379310345,0.4260075772364941
CS(=O)(=O)N1CC(C(N)=O)OC2=CC=CC=C21,CCCCCCCCCCCC(OC1=NC=CC=C1)=O,0.15517241379310345,0.4260075772364941
CS(=O)(=O)N1CC(C(N)=O)OC2=CC=CC=C21,CCCCCCCCCCCC(OC1=NC=CC=C1)=O,0.15517241379310345,0.4260075772364941
CS(=O)(=O)N1CC(C(N)=O)OC2=CC=CC=C21,CCCCCCCCCCCC(OC1=NC=CC=C1)=O,0.15517241379310345,0.4260075772364941
CS(=O)(=O)N1CC(C(N)=O)OC2=CC=CC=C21,CCCCCCCCCCCC(OC1=NC=CC=C1)=O,0.15517241379310345,0.4260075772364941
COC1=CC=C(S(=O)(=O)N(CC(=O)N2CC[NH2+]CC2)C(C)C)C=C1,CCCCCCCCCCCC(OC1=NC=CC=C1)=O,0.13432835820895522,0.4260075772364941
COC1=CC=C(S(=O)(=O)N(CC(=O)N2CC[NH2+]CC2)C(C)C)C=C1,CCCCCCCCCCCC(OC1=NC=CC=C1)=O,0.13432835820895522,0.4260075772364941
COC1=CC=C(S(=O)(=O)N(CC(=O)N2CC[NH2+]CC2)C(C)C)C=C1,CCCCCCCCCCCC(OC1=NC=CC=C1)=O,0.13432835820895522,0.4260075772364941
COC1=CC=C(S(=O)(=O)N(CC(=O)N2CC[NH2+]CC2)C(C)C)C=C1,CCCCCCCCCCCC(OC1=NC=CC=C1)=O,0.13432835820895522,0.4260075772364941
COC1=CC=C(S(=O)(=O)N(CC(=O)N2CC[NH2+]CC2)C(C)C)C=C1,CCCCCCCCCCCC(OC1=NC=CC=C1)=O,0.13432835820895522,0.4260075772364941
COC1=CC=C(S(=O)(=O)N(CC(=O)N2CC[NH2+]CC2)C(C)C)C=C1,CCCCCCCCCCCC(OC1=NC=CC=C1)=O,0.13432835820895522,0.4260075772364941
COC1=CC=C(S(=O)(=O)N(CC(=O)N2CC[NH2+]CC2)C(C)C)C=C1,CCCCCCCCCCCC(OC1=NC=CC=C1)=O,0.13432835820895522,0.4260075772364941
COC1=CC=C(S(=O)(=O)N(CC(=O)N2CC[NH2+]CC2)C(C)C)C=C1,CCCCCCCCCCCC(OC1=NC=CC=C1)=O,0.13432835820895522,0.4260075772364941
COC1=CC=C(S(=O)(=O)N(CC(=O)N2CC[NH2+]CC2)C(C)C)C=C1,CCCCCCCCCCCC(OC1=NC=CC=C1)=O,0.13432835820895522,0.4260075772364941
COC1=CC=C(S(=O)(=O)N(CC(=O)N2CC[NH2+]CC2)C(C)C)C=C1,CCCCCCCCCCCC(OC1=NC=CC=C1)=O,0.13432835820895522,0.4260075772364941
COC1=CC=C(S(=O)(=O)N(CC(=O)N2CC[NH2+]CC2)C(C)C)C=C1,CCCCCCCCCCCC(OC1=NC=CC=C1)=O,0.13432835820895522,0.4260075772364941
COC1=CC=C(S(=O)(=O)N(CC(=O)N2CC[NH2+]CC2)C(C)C)C=C1,CCCCCCCCCCCC(OC1=NC=CC=C1)=O,0.13432835820895522,0.4260075772364941
COC1=CC=C(S(=O)(=O)N(CC(=O)N2CC[NH2+]CC2)C(C)C)C=C1,CCCCCCCCCCCC(OC1=NC=CC=C1)=O,0.13432835820895522,0.4260075772364941
COC1=CC=C(S(=O)(=O)N(CC(=O)N2CC[NH2+]CC2)C(C)C)C=C1,CCCCCCCCCCCC(OC1=NC=CC=C1)=O,0.13432835820895522,0.4260075772364941
COC1=CC=C(S(=O)(=O)N(CC(=O)N2CC[NH2+]CC2)C(C)C)C=C1,CCCCCCCCCCCC(OC1=NC=CC=C1)=O,0.13432835820895522,0.4260075772364941
COC1=CC=C(S(=O)(=O)N(CC(=O)N2CC[NH2+]CC2)C(C)C)C=C1,CCCCCCCCCCCC(OC1=NC=CC=C1)=O,0.13432835820895522,0.4260075772364941
COC1=CC=C(S(=O)(=O)N(CC(=O)N2CC[NH2+]CC2)C(C)C)C=C1,CCCCCCCCCCCC(OC1=NC=CC=C1)=O,0.13432835820895522,0.4260075772364941
COC1=CC=C(S(=O)(=O)N(CC(=O)N2CC[NH2+]CC2)C(C)C)C=C1,CCCCCCCCCCCC(OC1=NC=CC=C1)=O,0.13432835820895522,0.4260075772364941
COC1=CC=C(S(=O)(=O)N(CC(=O)N2CC[NH2+]CC2)C(C)C)C=C1,CCCCCCCCCCCC(OC1=NC=CC=C1)=O,0.13432835820895522,0.4260075772364941
COC1=CC=C(S(=O)(=O)N(CC(=O)N2CC[NH2+]CC2)C(C)C)C=C1,CCCCCCCCCCCC(OC1=NC=CC=C1)=O,0.13432835820895522,0.4260075772364941
CC1=CC=C(C(O)CNC(=O)C(=O)NC2=CC=C(C)C(F)=C2)O1,,0.0,0.0
CC1=CC=C(C(O)CNC(=O)C(=O)NC2=CC=C(C)C(F)=C2)O1,,0.0,0.0
CC1=CC=C(C(O)CNC(=O)C(=O)NC2=CC=C(C)C(F)=C2)O1,,0.0,0.0
CC1=CC=C(C(O)CNC(=O)C(=O)NC2=CC=C(C)C(F)=C2)O1,,0.0,0.0
CC1=CC=C(C(O)CNC(=O)C(=O)NC2=CC=C(C)C(F)=C2)O1,,0.0,0.0
CC1=CC=C(C(O)CNC(=O)C(=O)NC2=CC=C(C)C(F)=C2)O1,,0.0,0.0
CC1=CC=C(C(O)CNC(=O)C(=O)NC2=CC=C(C)C(F)=C2)O1,,0.0,0.0
CC1=CC=C(C(O)CNC(=O)C(=O)NC2=CC=C(C)C(F)=C2)O1,,0.0,0.0
CC1=CC=C(C(O)CNC(=O)C(=O)NC2=CC=C(C)C(F)=C2)O1,,0.0,0.0
CC1=CC=C(C(O)CNC(=O)C(=O)NC2=CC=C(C)C(F)=C2)O1,,0.0,0.0
CC1=CC=C(C(O)CNC(=O)C(=O)NC2=CC=C(C)C(F)=C2)O1,,0.0,0.0
CC1=CC=C(C(O)CNC(=O)C(=O)NC2=CC=C(C)C(F)=C2)O1,,0.0,0.0
CC1=CC=C(C(O)CNC(=O)C(=O)NC2=CC=C(C)C(F)=C2)O1,,0.0,0.0
CC1=CC=C(C(O)CNC(=O)C(=O)NC2=CC=C(C)C(F)=C2)O1,,0.0,0.0
CC1=CC=C(C(O)CNC(=O)C(=O)NC2=CC=C(C)C(F)=C2)O1,,0.0,0.0
CC1=CC=C(C(O)CNC(=O)C(=O)NC2=CC=C(C)C(F)=C2)O1,,0.0,0.0
CC1=CC=C(C(O)CNC(=O)C(=O)NC2=CC=C(C)C(F)=C2)O1,,0.0,0.0
CC1=CC=C(C(O)CNC(=O)C(=O)NC2=CC=C(C)C(F)=C2)O1,,0.0,0.0
CC1=CC=C(C(O)CNC(=O)C(=O)NC2=CC=C(C)C(F)=C2)O1,,0.0,0.0
CC1=CC=C(C(O)CNC(=O)C(=O)NC2=CC=C(C)C(F)=C2)O1,,0.0,0.0
COC1=CC=C(CNC(=O)C2=CC(=O)C3=CC=C(Br)C=C3O2)C=C1,,0.0,0.0
COC1=CC=C(CNC(=O)C2=CC(=O)C3=CC=C(Br)C=C3O2)C=C1,,0.0,0.0
COC1=CC=C(CNC(=O)C2=CC(=O)C3=CC=C(Br)C=C3O2)C=C1,,0.0,0.0
COC1=CC=C(CNC(=O)C2=CC(=O)C3=CC=C(Br)C=C3O2)C=C1,,0.0,0.0
COC1=CC=C(CNC(=O)C2=CC(=O)C3=CC=C(Br)C=C3O2)C=C1,,0.0,0.0
COC1=CC=C(CNC(=O)C2=CC(=O)C3=CC=C(Br)C=C3O2)C=C1,,0.0,0.0
COC1=CC=C(CNC(=O)C2=CC(=O)C3=CC=C(Br)C=C3O2)C=C1,,0.0,0.0
COC1=CC=C(CNC(=O)C2=CC(=O)C3=CC=C(Br)C=C3O2)C=C1,,0.0,0.0
COC1=CC=C(CNC(=O)C2=CC(=O)C3=CC=C(Br)C=C3O2)C=C1,,0.0,0.0
COC1=CC=C(CNC(=O)C2=CC(=O)C3=CC=C(Br)C=C3O2)C=C1,,0.0,0.0
COC1=CC=C(CNC(=O)C2=CC(=O)C3=CC=C(Br)C=C3O2)C=C1,,0.0,0.0
COC1=CC=C(CNC(=O)C2=CC(=O)C3=CC=C(Br)C=C3O2)C=C1,,0.0,0.0
COC1=CC=C(CNC(=O)C2=CC(=O)C3=CC=C(Br)C=C3O2)C=C1,,0.0,0.0
COC1=CC=C(CNC(=O)C2=CC(=O)C3=CC=C(Br)C=C3O2)C=C1,,0.0,0.0
COC1=CC=C(CNC(=O)C2=CC(=O)C3=CC=C(Br)C=C3O2)C=C1,,0.0,0.0
COC1=CC=C(CNC(=O)C2=CC(=O)C3=CC=C(Br)C=C3O2)C=C1,,0.0,0.0
COC1=CC=C(CNC(=O)C2=CC(=O)C3=CC=C(Br)C=C3O2)C=C1,CCCCCCCCCCCC(OC1=NC=CC=C1)=O,0.14705882352941177,0.4260075772364941
COC1=CC=C(CNC(=O)C2=CC(=O)C3=CC=C(Br)C=C3O2)C=C1,,0.0,0.0
COC1=CC=C(CNC(=O)C2=CC(=O)C3=CC=C(Br)C=C3O2)C=C1,,0.0,0.0
COC1=CC=C(CNC(=O)C2=CC(=O)C3=CC=C(Br)C=C3O2)C=C1,,0.0,0.0
CC1(C)C(NC(=O)CCNC(=O)C23CC4CC(CC(C4)C2)C3)C2CCOC21,CC1=C2C(COC(C)(C)O2)=C(C(CC3=C(COC(C)(C)O4)C4=C(C)N=C3)(C)C)C=N1,0.07792207792207792,0.714208444238621
CC1(C)C(NC(=O)CCNC(=O)C23CC4CC(CC(C4)C2)C3)C2CCOC21,CC1=C2C(COC(C)(C)O2)=C(C(CC3=C(COC(C)(C)O4)C4=C(C)N=C3)(C)C)C=N1,0.07792207792207792,0.714208444238621
CC1(C)C(NC(=O)CCNC(=O)C23CC4CC(CC(C4)C2)C3)C2CCOC21,CC1=C2C(COC(C)(C)O2)=C(C(CC3=C(COC(C)(C)O4)C4=C(C)N=C3)(C)C)C=N1,0.07792207792207792,0.714208444238621
CC1(C)C(NC(=O)CCNC(=O)C23CC4CC(CC(C4)C2)C3)C2CCOC21,CC1=C2C(COC(C)(C)O2)=C(C(CC3=C(COC(C)(C)O4)C4=C(C)N=C3)(C)C)C=N1,0.07792207792207792,0.714208444238621
CC1(C)C(NC(=O)CCNC(=O)C23CC4CC(CC(C4)C2)C3)C2CCOC21,CC1=C2C(COC(C)(C)O2)=C(C(CC3=C(COC(C)(C)O4)C4=C(C)N=C3)(C)C)C=N1,0.07792207792207792,0.714208444238621
CC1(C)C(NC(=O)CCNC(=O)C23CC4CC(CC(C4)C2)C3)C2CCOC21,CCCCCCCCCCCCCCCCCCCCCCCC(C)(CC1=C(C)C(OC(C)=O)=C(C)N=C1)C,0.06172839506172839,0.09087799732826495
CC1(C)C(NC(=O)CCNC(=O)C23CC4CC(CC(C4)C2)C3)C2CCOC21,CC1=C2C(COC(C)(C)O2)=C(C(CC3=C(COC(C)(C)O4)C4=C(C)N=C3)(C)C)C=N1,0.07792207792207792,0.714208444238621
CC1(C)C(NC(=O)CCNC(=O)C23CC4CC(CC(C4)C2)C3)C2CCOC21,CC1=C2C(COC(C)(C)O2)=C(C(CC3=C(COC(C)(C)O4)C4=C(C)N=C3)(C)C)C=N1,0.07792207792207792,0.714208444238621
CC1(C)C(NC(=O)CCNC(=O)C23CC4CC(CC(C4)C2)C3)C2CCOC21,CCCCCCCCCCCCCCCCCCCCCCCC(C)(CC1=C(C)C(OC(C)=O)=C(C)N=C1)C,0.06172839506172839,0.09087799732826495
CC1(C)C(NC(=O)CCNC(=O)C23CC4CC(CC(C4)C2)C3)C2CCOC21,CC1=C2C(COC(C)(C)O2)=C(C(CC3=C(COC(C)(C)O4)C4=C(C)N=C3)(C)C)C=N1,0.07792207792207792,0.714208444238621
CC1(C)C(NC(=O)CCNC(=O)C23CC4CC(CC(C4)C2)C3)C2CCOC21,CC1=C2C(COC(C)(C)O2)=C(C(CC3=C(COC(C)(C)O4)C4=C(C)N=C3)(C)C)C=N1,0.07792207792207792,0.714208444238621
CC1(C)C(NC(=O)CCNC(=O)C23CC4CC(CC(C4)C2)C3)C2CCOC21,CC1=C2C(COC(C)(C)O2)=C(C(CC3=C(COC(C)(C)O4)C4=C(C)N=C3)(C)C)C=N1,0.07792207792207792,0.714208444238621
CC1(C)C(NC(=O)CCNC(=O)C23CC4CC(CC(C4)C2)C3)C2CCOC21,CC1=C2C(COC(C)(C)O2)=C(C(CC3=C(COC(C)(C)O4)C4=C(C)N=C3)(C)C)C=N1,0.07792207792207792,0.714208444238621
CC1(C)C(NC(=O)CCNC(=O)C23CC4CC(CC(C4)C2)C3)C2CCOC21,CC1=C2C(COC(C)(C)O2)=C(C(CC3=C(COC(C)(C)O4)C4=C(C)N=C3)(C)C)C=N1,0.07792207792207792,0.714208444238621
CC1(C)C(NC(=O)CCNC(=O)C23CC4CC(CC(C4)C2)C3)C2CCOC21,CCCCCCCCCCCCCCCCCCCCCCCC(C)(CC1=C(C)C(OC(C)=O)=C(C)N=C1)C,0.06172839506172839,0.09087799732826495
CC1(C)C(NC(=O)CCNC(=O)C23CC4CC(CC(C4)C2)C3)C2CCOC21,CC1=C2C(COC(C)(C)O2)=C(C(CC3=C(COC(C)(C)O4)C4=C(C)N=C3)(C)C)C=N1,0.07792207792207792,0.714208444238621
CC1(C)C(NC(=O)CCNC(=O)C23CC4CC(CC(C4)C2)C3)C2CCOC21,CC1=C2C(COC(C)(C)O2)=C(C(CC3=C(COC(C)(C)O4)C4=C(C)N=C3)(C)C)C=N1,0.07792207792207792,0.714208444238621
CC1(C)C(NC(=O)CCNC(=O)C23CC4CC(CC(C4)C2)C3)C2CCOC21,CC1=C2C(COC(CCCCCCCCCCC)O2)=C(C(CC3=C(COC(C)(C)O4)C4=C(C)N=C3)(C)C)C=N1,0.08695652173913043,0.2385738012077454
CC1(C)C(NC(=O)CCNC(=O)C23CC4CC(CC(C4)C2)C3)C2CCOC21,CC1=C2C(COC(C)(C)O2)=C(C(CC3=C(COC(C)(C)O4)C4=C(C)N=C3)(C)C)C=N1,0.07792207792207792,0.714208444238621
CC1(C)C(NC(=O)CCNC(=O)C23CC4CC(CC(C4)C2)C3)C2CCOC21,CC1=C2C(COC(C)(C)O2)=C(C(CC3=C(COC(C)(C)O4)C4=C(C)N=C3)(C)C)C=N1,0.07792207792207792,0.714208444238621
COC1=CC=C(C2=NN3C(=N2)NC(=O)C3CC(=O)NC2=CC=CC=C2)C=C1,,0.0,0.0
COC1=CC=C(C2=NN3C(=N2)NC(=O)C3CC(=O)NC2=CC=CC=C2)C=C1,,0.0,0.0
COC1=CC=C(C2=NN3C(=N2)NC(=O)C3CC(=O)NC2=CC=CC=C2)C=C1,CCCCCCCCCCCC(OC1=NC=CC=C1)=O,0.1643835616438356,0.4260075772364941
COC1=CC=C(C2=NN3C(=N2)NC(=O)C3CC(=O)NC2=CC=CC=C2)C=C1,,0.0,0.0
COC1=CC=C(C2=NN3C(=N2)NC(=O)C3CC(=O)NC2=CC=CC=C2)C=C1,CCCCCCCCCCCC(OC1=NC=CC=C1)=O,0.1643835616438356,0.4260075772364941
COC1=CC=C(C2=NN3C(=N2)NC(=O)C3CC(=O)NC2=CC=CC=C2)C=C1,CCCCCCCCCCCC(OC1=NC=CC=C1)=O,0.1643835616438356,0.4260075772364941
COC1=CC=C(C2=NN3C(=N2)NC(=O)C3CC(=O)NC2=CC=CC=C2)C=C1,CCCCCCCCCCCC(OC1=NC=CC=C1)=O,0.1643835616438356,0.4260075772364941
COC1=CC=C(C2=NN3C(=N2)NC(=O)C3CC(=O)NC2=CC=CC=C2)C=C1,CCCCCCCCCCCC(OC1=NC=CC=C1)=O,0.1643835616438356,0.4260075772364941
COC1=CC=C(C2=NN3C(=N2)NC(=O)C3CC(=O)NC2=CC=CC=C2)C=C1,CCCCCCCCCCCC(OC1=NC=CC=C1)=O,0.1643835616438356,0.4260075772364941
COC1=CC=C(C2=NN3C(=N2)NC(=O)C3CC(=O)NC2=CC=CC=C2)C=C1,CCCCCCCCCCCC(OC1=NC=CC=C1)=O,0.1643835616438356,0.4260075772364941
COC1=CC=C(C2=NN3C(=N2)NC(=O)C3CC(=O)NC2=CC=CC=C2)C=C1,,0.0,0.0
COC1=CC=C(C2=NN3C(=N2)NC(=O)C3CC(=O)NC2=CC=CC=C2)C=C1,,0.0,0.0
COC1=CC=C(C2=NN3C(=N2)NC(=O)C3CC(=O)NC2=CC=CC=C2)C=C1,CCCCCCCCCCCC(OC1=NC=CC=C1)=O,0.1643835616438356,0.4260075772364941
COC1=CC=C(C2=NN3C(=N2)NC(=O)C3CC(=O)NC2=CC=CC=C2)C=C1,,0.0,0.0
COC1=CC=C(C2=NN3C(=N2)NC(=O)C3CC(=O)NC2=CC=CC=C2)C=C1,CCCCCCCCCCCC(OC1=NC=CC=C1)=O,0.1643835616438356,0.4260075772364941
COC1=CC=C(C2=NN3C(=N2)NC(=O)C3CC(=O)NC2=CC=CC=C2)C=C1,CCCCCCCCCCCC(OC1=NC=CC=C1)=O,0.1643835616438356,0.4260075772364941
COC1=CC=C(C2=NN3C(=N2)NC(=O)C3CC(=O)NC2=CC=CC=C2)C=C1,CCCCCCCCCCCC(OC1=NC=CC=C1)=O,0.1643835616438356,0.4260075772364941
COC1=CC=C(C2=NN3C(=N2)NC(=O)C3CC(=O)NC2=CC=CC=C2)C=C1,CCCCCCCCCCCC(OC1=NC=CC=C1)=O,0.1643835616438356,0.4260075772364941
COC1=CC=C(C2=NN3C(=N2)NC(=O)C3CC(=O)NC2=CC=CC=C2)C=C1,CCCCCCCCCCCC(OC1=NC=CC=C1)=O,0.1643835616438356,0.4260075772364941
COC1=CC=C(C2=NN3C(=N2)NC(=O)C3CC(=O)NC2=CC=CC=C2)C=C1,,0.0,0.0
CCN(CC)S(=O)(=O)C1=CC=C(F)C(C(=O)NC2=CC=C(C(C)=O)C=C2)=C1,,0.0,0.0
CCN(CC)S(=O)(=O)C1=CC=C(F)C(C(=O)NC2=CC=C(C(C)=O)C=C2)=C1,CCCCCCCCCCCC(OC1=NC=CC=C1)=O,0.1323529411764706,0.4260075772364941
CCN(CC)S(=O)(=O)C1=CC=C(F)C(C(=O)NC2=CC=C(C(C)=O)C=C2)=C1,CCCCCCCCCCCC(OC1=NC=CC=C1)=O,0.1323529411764706,0.4260075772364941
CCN(CC)S(=O)(=O)C1=CC=C(F)C(C(=O)NC2=CC=C(C(C)=O)C=C2)=C1,,0.0,0.0
CCN(CC)S(=O)(=O)C1=CC=C(F)C(C(=O)NC2=CC=C(C(C)=O)C=C2)=C1,CCCCCCCCCCCC(OC1=NC=CC=C1)=O,0.1323529411764706,0.4260075772364941
CCN(CC)S(=O)(=O)C1=CC=C(F)C(C(=O)NC2=CC=C(C(C)=O)C=C2)=C1,,0.0,0.0
CCN(CC)S(=O)(=O)C1=CC=C(F)C(C(=O)NC2=CC=C(C(C)=O)C=C2)=C1,CCCCCCCCCCCC(OC1=NC=CC=C1)=O,0.1323529411764706,0.4260075772364941
CCN(CC)S(=O)(=O)C1=CC=C(F)C(C(=O)NC2=CC=C(C(C)=O)C=C2)=C1,CCCCCCCCCCCC(OC1=NC=CC=C1)=O,0.1323529411764706,0.4260075772364941
CCN(CC)S(=O)(=O)C1=CC=C(F)C(C(=O)NC2=CC=C(C(C)=O)C=C2)=C1,CCCCCCCCCCCC(OC1=NC=CC=C1)=O,0.1323529411764706,0.4260075772364941
CCN(CC)S(=O)(=O)C1=CC=C(F)C(C(=O)NC2=CC=C(C(C)=O)C=C2)=C1,CCCCCCCCCCCC(OC1=NC=CC=C1)=O,0.1323529411764706,0.4260075772364941
CCN(CC)S(=O)(=O)C1=CC=C(F)C(C(=O)NC2=CC=C(C(C)=O)C=C2)=C1,CCCCCCCCCCCC(OC1=NC=CC=C1)=O,0.1323529411764706,0.4260075772364941
CCN(CC)S(=O)(=O)C1=CC=C(F)C(C(=O)NC2=CC=C(C(C)=O)C=C2)=C1,CCCCCCCCCCCC(OC1=NC=CC=C1)=O,0.1323529411764706,0.4260075772364941
CCN(CC)S(=O)(=O)C1=CC=C(F)C(C(=O)NC2=CC=C(C(C)=O)C=C2)=C1,CCCCCCCCCCCC(OC1=NC=CC=C1)=O,0.1323529411764706,0.4260075772364941
CCN(CC)S(=O)(=O)C1=CC=C(F)C(C(=O)NC2=CC=C(C(C)=O)C=C2)=C1,CCCCCCCCCCCC(OC1=NC=CC=C1)=O,0.1323529411764706,0.4260075772364941
CCN(CC)S(=O)(=O)C1=CC=C(F)C(C(=O)NC2=CC=C(C(C)=O)C=C2)=C1,CCCCCCCCCCCC(OC1=NC=CC=C1)=O,0.1323529411764706,0.4260075772364941
CCN(CC)S(=O)(=O)C1=CC=C(F)C(C(=O)NC2=CC=C(C(C)=O)C=C2)=C1,CCCCCCCCCCCC(OC1=NC=CC=C1)=O,0.1323529411764706,0.4260075772364941
CCN(CC)S(=O)(=O)C1=CC=C(F)C(C(=O)NC2=CC=C(C(C)=O)C=C2)=C1,CCCCCCCCCCCC(O)(CCCCCCCCCCC(OC)=O)CCN,0.11940298507462686,0.13513925188263196
CCN(CC)S(=O)(=O)C1=CC=C(F)C(C(=O)NC2=CC=C(C(C)=O)C=C2)=C1,CCCCCCCCCCCC(OC1=NC=CC=C1)=O,0.1323529411764706,0.4260075772364941
CCN(CC)S(=O)(=O)C1=CC=C(F)C(C(=O)NC2=CC=C(C(C)=O)C=C2)=C1,CCCCCCCCCCCC(OC1=NC=CC=C1)=O,0.1323529411764706,0.4260075772364941
CCN(CC)S(=O)(=O)C1=CC=C(F)C(C(=O)NC2=CC=C(C(C)=O)C=C2)=C1,,0.0,0.0
CC(=O)NCCC(=O)N1CCCC(C)C1,,0.0,0.0
CC(=O)NCCC(=O)N1CCCC(C)C1,,0.0,0.0
CC(=O)NCCC(=O)N1CCCC(C)C1,,0.0,0.0
CC(=O)NCCC(=O)N1CCCC(C)C1,,0.0,0.0
CC(=O)NCCC(=O)N1CCCC(C)C1,,0.0,0.0
CC(=O)NCCC(=O)N1CCCC(C)C1,,0.0,0.0
CC(=O)NCCC(=O)N1CCCC(C)C1,,0.0,0.0
CC(=O)NCCC(=O)N1CCCC(C)C1,,0.0,0.0
CC(=O)NCCC(=O)N1CCCC(C)C1,,0.0,0.0
CC(=O)NCCC(=O)N1CCCC(C)C1,,0.0,0.0
CC(=O)NCCC(=O)N1CCCC(C)C1,,0.0,0.0
CC(=O)NCCC(=O)N1CCCC(C)C1,,0.0,0.0
CC(=O)NCCC(=O)N1CCCC(C)C1,,0.0,0.0
CC(=O)NCCC(=O)N1CCCC(C)C1,,0.0,0.0
CC(=O)NCCC(=O)N1CCCC(C)C1,,0.0,0.0
CC(=O)NCCC(=O)N1CCCC(C)C1,,0.0,0.0
CC(=O)NCCC(=O)N1CCCC(C)C1,,0.0,0.0
CC(=O)NCCC(=O)N1CCCC(C)C1,,0.0,0.0
CC(=O)NCCC(=O)N1CCCC(C)C1,,0.0,0.0
CC(=O)NCCC(=O)N1CCCC(C)C1,,0.0,0.0
CSC(C)CNC(=O)C(=O)NC1=NN(C2=CC=CC=C2Cl)C=C1C,,0.0,0.0
CSC(C)CNC(=O)C(=O)NC1=NN(C2=CC=CC=C2Cl)C=C1C,,0.0,0.0
CSC(C)CNC(=O)C(=O)NC1=NN(C2=CC=CC=C2Cl)C=C1C,,0.0,0.0
CSC(C)CNC(=O)C(=O)NC1=NN(C2=CC=CC=C2Cl)C=C1C,C(CCCCCCCCCCCC)(C)CC1=CC=CC=C1,0.13636363636363635,0.33723701211958035
CSC(C)CNC(=O)C(=O)NC1=NN(C2=CC=CC=C2Cl)C=C1C,,0.0,0.0
CSC(C)CNC(=O)C(=O)NC1=NN(C2=CC=CC=C2Cl)C=C1C,,0.0,0.0
CSC(C)CNC(=O)C(=O)NC1=NN(C2=CC=CC=C2Cl)C=C1C,,0.0,0.0
CSC(C)CNC(=O)C(=O)NC1=NN(C2=CC=CC=C2Cl)C=C1C,,0.0,0.0
CSC(C)CNC(=O)C(=O)NC1=NN(C2=CC=CC=C2Cl)C=C1C,,0.0,0.0
CSC(C)CNC(=O)C(=O)NC1=NN(C2=CC=CC=C2Cl)C=C1C,,0.0,0.0
CSC(C)CNC(=O)C(=O)NC1=NN(C2=CC=CC=C2Cl)C=C1C,,0.0,0.0
CSC(C)CNC(=O)C(=O)NC1=NN(C2=CC=CC=C2Cl)C=C1C,C(C)(CCCCCCCCCCCCC(OC)=O)CC2=CC=C(C(C)(C)C)C=N2,0.15,0.22591747754881072
CSC(C)CNC(=O)C(=O)NC1=NN(C2=CC=CC=C2Cl)C=C1C,,0.0,0.0
CSC(C)CNC(=O)C(=O)NC1=NN(C2=CC=CC=C2Cl)C=C1C,,0.0,0.0
CSC(C)CNC(=O)C(=O)NC1=NN(C2=CC=CC=C2Cl)C=C1C,,0.0,0.0
CSC(C)CNC(=O)C(=O)NC1=NN(C2=CC=CC=C2Cl)C=C1C,,0.0,0.0
CSC(C)CNC(=O)C(=O)NC1=NN(C2=CC=CC=C2Cl)C=C1C,,0.0,0.0
CSC(C)CNC(=O)C(=O)NC1=NN(C2=CC=CC=C2Cl)C=C1C,,0.0,0.0
CSC(C)CNC(=O)C(=O)NC1=NN(C2=CC=CC=C2Cl)C=C1C,,0.0,0.0
CSC(C)CNC(=O)C(=O)NC1=NN(C2=CC=CC=C2Cl)C=C1C,,0.0,0.0
CC(C)(C)OC(=O)N1CCC(S(=O)C2=CC=CC(Cl)=C2Cl)C1,,0.0,0.0
CC(C)(C)OC(=O)N1CCC(S(=O)C2=CC=CC(Cl)=C2Cl)C1,,0.0,0.0
CC(C)(C)OC(=O)N1CCC(S(=O)C2=CC=CC(Cl)=C2Cl)C1,,0.0,0.0
CC(C)(C)OC(=O)N1CCC(S(=O)C2=CC=CC(Cl)=C2Cl)C1,,0.0,0.0
CC(C)(C)OC(=O)N1CCC(S(=O)C2=CC=CC(Cl)=C2Cl)C1,,0.0,0.0
CC(C)(C)OC(=O)N1CCC(S(=O)C2=CC=CC(Cl)=C2Cl)C1,,0.0,0.0
CC(C)(C)OC(=O)N1CCC(S(=O)C2=CC=CC(Cl)=C2Cl)C1,,0.0,0.0
CC(C)(C)OC(=O)N1CCC(S(=O)C2=CC=CC(Cl)=C2Cl)C1,,0.0,0.0
CC(C)(C)OC(=O)N1CCC(S(=O)C2=CC=CC(Cl)=C2Cl)C1,,0.0,0.0
CC(C)(C)OC(=O)N1CCC(S(=O)C2=CC=CC(Cl)=C2Cl)C1,,0.0,0.0
CC(C)(C)OC(=O)N1CCC(S(=O)C2=CC=CC(Cl)=C2Cl)C1,,0.0,0.0
CC(C)(C)OC(=O)N1CCC(S(=O)C2=CC=CC(Cl)=C2Cl)C1,,0.0,0.0
CC(C)(C)OC(=O)N1CCC(S(=O)C2=CC=CC(Cl)=C2Cl)C1,,0.0,0.0
CC(C)(C)OC(=O)N1CCC(S(=O)C2=CC=CC(Cl)=C2Cl)C1,,0.0,0.0
CC(C)(C)OC(=O)N1CCC(S(=O)C2=CC=CC(Cl)=C2Cl)C1,,0.0,0.0
CC(C)(C)OC(=O)N1CCC(S(=O)C2=CC=CC(Cl)=C2Cl)C1,,0.0,0.0
CC(C)(C)OC(=O)N1CCC(S(=O)C2=CC=CC(Cl)=C2Cl)C1,,0.0,0.0
CC(C)(C)OC(=O)N1CCC(S(=O)C2=CC=CC(Cl)=C2Cl)C1,,0.0,0.0
CC(C)(C)OC(=O)N1CCC(S(=O)C2=CC=CC(Cl)=C2Cl)C1,,0.0,0.0
CC(C)(C)OC(=O)N1CCC(S(=O)C2=CC=CC(Cl)=C2Cl)C1,,0.0,0.0
CCC(C)C(NC(=O)N1CCCCC1)C(=O)[O-],,0.0,0.0
CCC(C)C(NC(=O)N1CCCCC1)C(=O)[O-],,0.0,0.0
CCC(C)C(NC(=O)N1CCCCC1)C(=O)[O-],,0.0,0.0
CCC(C)C(NC(=O)N1CCCCC1)C(=O)[O-],,0.0,0.0
CCC(C)C(NC(=O)N1CCCCC1)C(=O)[O-],,0.0,0.0
CCC(C)C(NC(=O)N1CCCCC1)C(=O)[O-],,0.0,0.0
CCC(C)C(NC(=O)N1CCCCC1)C(=O)[O-],,0.0,0.0
CCC(C)C(NC(=O)N1CCCCC1)C(=O)[O-],,0.0,0.0
CCC(C)C(NC(=O)N1CCCCC1)C(=O)[O-],,0.0,0.0
CCC(C)C(NC(=O)N1CCCCC1)C(=O)[O-],,0.0,0.0
CCC(C)C(NC(=O)N1CCCCC1)C(=O)[O-],,0.0,0.0
CCC(C)C(NC(=O)N1CCCCC1)C(=O)[O-],,0.0,0.0
CCC(C)C(NC(=O)N1CCCCC1)C(=O)[O-],,0.0,0.0
CCC(C)C(NC(=O)N1CCCCC1)C(=O)[O-],,0.0,0.0
CCC(C)C(NC(=O)N1CCCCC1)C(=O)[O-],,0.0,0.0
CCC(C)C(NC(=O)N1CCCCC1)C(=O)[O-],,0.0,0.0
CCC(C)C(NC(=O)N1CCCCC1)C(=O)[O-],,0.0,0.0
CCC(C)C(NC(=O)N1CCCCC1)C(=O)[O-],,0.0,0.0
CCC(C)C(NC(=O)N1CCCCC1)C(=O)[O-],,0.0,0.0
CCC(C)C(NC(=O)N1CCCCC1)C(=O)[O-],,0.0,0.0
CCC(C1=CC=CC=C1)S(=O)CC1=CC=C(C(F)(F)F)C=C1,,0.0,0.0
CCC(C1=CC=CC=C1)S(=O)CC1=CC=C(C(F)(F)F)C=C1,,0.0,0.0
CCC(C1=CC=CC=C1)S(=O)CC1=CC=C(C(F)(F)F)C=C1,,0.0,0.0
CCC(C1=CC=CC=C1)S(=O)CC1=CC=C(C(F)(F)F)C=C1,,0.0,0.0
CCC(C1=CC=CC=C1)S(=O)CC1=CC=C(C(F)(F)F)C=C1,,0.0,0.0
CCC(C1=CC=CC=C1)S(=O)CC1=CC=C(C(F)(F)F)C=C1,,0.0,0.0
CCC(C1=CC=CC=C1)S(=O)CC1=CC=C(C(F)(F)F)C=C1,,0.0,0.0
CCC(C1=CC=CC=C1)S(=O)CC1=CC=C(C(F)(F)F)C=C1,C=C(C)C(C)(C)CCCCCCCCCCCCCCCCCCCCCCCCCCCCCCCCCCCCCCCCCCCCCCCCCCCCCCCCCCCCCCCCCCCCCCCCCCCCCCCCCCCCCCCCCCCCCCCCCCCCCCCCCCCCCCCCCC,0.07692307692307693,0.04205692250303793
CCC(C1=CC=CC=C1)S(=O)CC1=CC=C(C(F)(F)F)C=C1,,0.0,0.0
CCC(C1=CC=CC=C1)S(=O)CC1=CC=C(C(F)(F)F)C=C1,,0.0,0.0
CCC(C1=CC=CC=C1)S(=O)CC1=CC=C(C(F)(F)F)C=C1,,0.0,0.0
CCC(C1=CC=CC=C1)S(=O)CC1=CC=C(C(F)(F)F)C=C1,,0.0,0.0
CCC(C1=CC=CC=C1)S(=O)CC1=CC=C(C(F)(F)F)C=C1,,0.0,0.0
CCC(C1=CC=CC=C1)S(=O)CC1=CC=C(C(F)(F)F)C=C1,,0.0,0.0
CCC(C1=CC=CC=C1)S(=O)CC1=CC=C(C(F)(F)F)C=C1,,0.0,0.0
CCC(C1=CC=CC=C1)S(=O)CC1=CC=C(C(F)(F)F)C=C1,,0.0,0.0
CCC(C1=CC=CC=C1)S(=O)CC1=CC=C(C(F)(F)F)C=C1,,0.0,0.0
CCC(C1=CC=CC=C1)S(=O)CC1=CC=C(C(F)(F)F)C=C1,,0.0,0.0
CCC(C1=CC=CC=C1)S(=O)CC1=CC=C(C(F)(F)F)C=C1,,0.0,0.0
CCC(C1=CC=CC=C1)S(=O)CC1=CC=C(C(F)(F)F)C=C1,,0.0,0.0
N#CC1=CN(CC2CCCCC2O)C(=O)N=C1[O-],CCCCCCCCCCCCCCCCCCCCCCCCCCCCCCCCCCCCCCCCCCCCCCCCCCCCCCCCCCCCCCCCCCCCCCCCCCCCCCCCCCCCCCCCCCCCCCCCCCCCCCCCCCCCCCCCCCCCCCCCCCCCCCC,0.02127659574468085,0.05326173681819871
N#CC1=CN(CC2CCCCC2O)C(=O)N=C1[O-],CCCCCCCCCCCCCCCCCCCCCCCCCCCCCCCCCCCCCCCCCCCCCCCCCCCCCCCCCCCCCCCCCCCCCCCCCCCCCCCCCCCCCCCCCCCCCCCCCCCCCCCCCCCCCCCCCCCCCCCCCCCCCCC,0.02127659574468085,0.05326173681819871
N#CC1=CN(CC2CCCCC2O)C(=O)N=C1[O-],CCCCCCCCCCCCCCCCCCCCCCCCCCCCCCCCCCCCCCCCCCCCCCCCCCCCCCCCCCCCCCCCCCCCCCCCCCCCCCCCCCCCCCCCCCCCCCCCCCCCCCCCCCCCCCCCCCCCCCCCCCCCCCC,0.02127659574468085,0.05326173681819871
N#CC1=CN(CC2CCCCC2O)C(=O)N=C1[O-],CCCCCCCCCCCCCCCCCCCCCCCCCCCCCCCCCCCCCCCCCCCCCCCCCCCCCCCCCCCCCCCCCCCCCCCCCCCCCCCCCCCCCCCCCCCCCCCCCCCCCCCCCCCCCCCCCCCCCCCCCCCCCCC,0.02127659574468085,0.05326173681819871
N#CC1=CN(CC2CCCCC2O)C(=O)N=C1[O-],CCCCCCCCCCCCCCCCCCCCCCCCCCCCCCCCCCCCCCCCCCCCCCCCCCCCCCCCCCCCCCCCCCCCCCCCCCCCCCCCCCCCCCCCCCCCCCCCCCCCCCCCCCCCCCCCCCCCCCCCCCCCCCC,0.02127659574468085,0.05326173681819871
N#CC1=CN(CC2CCCCC2O)C(=O)N=C1[O-],CCCCCCCCCCCCCCCCCCCCCCCCCCCCCCCCCCCCCCCCCCCCCCCCCCCCCCCCCCCCCCCCCCCCCCCCCCCCCCCCCCCCCCCCCCCCCCCCCCCCCCCCCCCCCCCCCCCCCCCCCCCCCCC,0.02127659574468085,0.05326173681819871
N#CC1=CN(CC2CCCCC2O)C(=O)N=C1[O-],CCCCCCCCCCCCCCCCCCCCCCCCCCCCCCCCCCCCCCCCCCCCCCCCCCCCCCCCCCCCCCCCCCCCCCCCCCCCCCCCCCCCCCCCCCCCCCCCCCCCCCCCCCCCCCCCCCCCCCCCCCCCCCC,0.02127659574468085,0.05326173681819871
N#CC1=CN(CC2CCCCC2O)C(=O)N=C1[O-],CCCCCCCCCCCCCCCCCCCCCCCCCCCCCCCCCCCCCCCCCCCCCCCCCCCCCCCCCCCCCCCCCCCCCCCCCCCCCCCCCCCCCCCCCCCCCCCCCCCCCCCCCCCCCCCCCCCCCCCCCCCCCCC,0.02127659574468085,0.05326173681819871
N#CC1=CN(CC2CCCCC2O)C(=O)N=C1[O-],CCCCCCCCCCCCCCCCCCCCCCCCCCCCCCCCCCCCCCCCCCCCCCCCCCCCCCCCCCCCCCCCCCCCCCCCCCCCCCCCCCCCCCCCCCCCCCCCCCCCCCCCCCCCCCCCCCCCCCCCCCCCCCC,0.02127659574468085,0.05326173681819871
N#CC1=CN(CC2CCCCC2O)C(=O)N=C1[O-],CCCCCCCCCCCCCCCCCCCCCCCCCCCCCCCCCCCCCCCCCCCCCCCCCCCCCCCCCCCCCCCCCCCCCCCCCCCCCCCCCCCCCCCCCCCCCCCCCCCCCCCCCCCCCCCCCCCCCCCCCCCCCCC,0.02127659574468085,0.05326173681819871
N#CC1=CN(CC2CCCCC2O)C(=O)N=C1[O-],CCCCCCCCCCCCCCCCCCCCCCCCCCCCCCCCCCCCCCCCCCCCCCCCCCCCCCCCCCCCCCCCCCCCCCCCCCCCCCCCCCCCCCCCCCCCCCCCCCCCCCCCCCCCCCCCCCCCCCCCCCCCCCC,0.02127659574468085,0.05326173681819871
N#CC1=CN(CC2CCCCC2O)C(=O)N=C1[O-],CCCCCCCCCCCCCCCCCCCCCCCCCCCCCCCCCCCCCCCCCCCCCCCCCCCCCCCCCCCCCCCCCCCCCCCCCCCCCCCCCCCCCCCCCCCCCCCCCCCCCCCCCCCCCCCCCCCCCCCCCCCCCCC,0.02127659574468085,0.05326173681819871
N#CC1=CN(CC2CCCCC2O)C(=O)N=C1[O-],CCCCCCCCCCCCCCCCCCCCCCCCCCCCCCCCCCCCCCCCCCCCCCCCCCCCCCCCCCCCCCCCCCCCCCCCCCCCCCCCCCCCCCCCCCCCCCCCCCCCCCCCCCCCCCCCCCCCCCCCCCCCCCC,0.02127659574468085,0.05326173681819871
N#CC1=CN(CC2CCCCC2O)C(=O)N=C1[O-],CCCCCCCCCCCCCCCCCCCCCCCCCCCCCCCCCCCCCCCCCCCCCCCCCCCCCCCCCCCCCCCCCCCCCCCCCCCCCCCCCCCCCCCCCCCCCCCCCCCCCCCCCCCCCCCCCCCCCCCCCCCCCCC,0.02127659574468085,0.05326173681819871
N#CC1=CN(CC2CCCCC2O)C(=O)N=C1[O-],CCCCCCCCCCCCCCCCCCCCCCCCCCCCCCCCCCCCCCCCCCCCCCCCCCCCCCCCCCCCCCCCCCCCCCCCCCCCCCCCCCCCCCCCCCCCCCCCCCCCCCCCCCCCCCCCCCCCCCCCCCCCCCC,0.02127659574468085,0.05326173681819871
N#CC1=CN(CC2CCCCC2O)C(=O)N=C1[O-],CCCCCCCCCCCCCCCCCCCCCCCCCCCCCCCCCCCCCCCCCCCCCCCCCCCCCCCCCCCCCCCCCCCCCCCCCCCCCCCCCCCCCCCCCCCCCCCCCCCCCCCCCCCCCCCCCCCCCCCCCCCCCCC,0.02127659574468085,0.05326173681819871
N#CC1=CN(CC2CCCCC2O)C(=O)N=C1[O-],CCCCCCCCCCCCCCCCCCCCCCCCCCCCCCCCCCCCCCCCCCCCCCCCCCCCCCCCCCCCCCCCCCCCCCCCCCCCCCCCCCCCCCCCCCCCCCCCCCCCCCCCCCCCCCCCCCCCCCCCCCCCCCC,0.02127659574468085,0.05326173681819871
N#CC1=CN(CC2CCCCC2O)C(=O)N=C1[O-],CCCCCCCCCCCCCCCCCCCCCCCCCCCCCCCCCCCCCCCCCCCCCCCCCCCCCCCCCCCCCCCCCCCCCCCCCCCCCCCCCCCCCCCCCCCCCCCCCCCCCCCCCCCCCCCCCCCCCCCCCCCCCCC,0.02127659574468085,0.05326173681819871
N#CC1=CN(CC2CCCCC2O)C(=O)N=C1[O-],CCCCCCCCCCCCCCCCCCCCCCCCCCCCCCCCCCCCCCCCCCCCCCCCCCCCCCCCCCCCCCCCCCCCCCCCCCCCCCCCCCCCCCCCCCCCCCCCCCCCCCCCCCCCCCCCCCCCCCCCCCCCCCC,0.02127659574468085,0.05326173681819871
N#CC1=CN(CC2CCCCC2O)C(=O)N=C1[O-],CCCCCCCCCCCCCCCCCCCCCCCCCCCCCCCCCCCCCCCCCCCCCCCCCCCCCCCCCCCCCCCCCCCCCCCCCCCCCCCCCCCCCCCCCCCCCCCCCCCCCCCCCCCCCCCCCCCCCCCCCCCCCCC,0.02127659574468085,0.05326173681819871
O=C(NCC1(O)CCOC1)NC1=CC=CC(C2=CC=C3OCCC3=C2)=C1,,0.0,0.0
O=C(NCC1(O)CCOC1)NC1=CC=CC(C2=CC=C3OCCC3=C2)=C1,,0.0,0.0
O=C(NCC1(O)CCOC1)NC1=CC=CC(C2=CC=C3OCCC3=C2)=C1,,0.0,0.0
O=C(NCC1(O)CCOC1)NC1=CC=CC(C2=CC=C3OCCC3=C2)=C1,CCCCCCCCCCCC(CC1=NC=CC=C1)=O,0.10666666666666667,0.49583604694437183
O=C(NCC1(O)CCOC1)NC1=CC=CC(C2=CC=C3OCCC3=C2)=C1,,0.0,0.0
O=C(NCC1(O)CCOC1)NC1=CC=CC(C2=CC=C3OCCC3=C2)=C1,,0.0,0.0
O=C(NCC1(O)CCOC1)NC1=CC=CC(C2=CC=C3OCCC3=C2)=C1,,0.0,0.0
O=C(NCC1(O)CCOC1)NC1=CC=CC(C2=CC=C3OCCC3=C2)=C1,C(CCCCCCCCCCCC(CC)=O)CC2=CC=C(C(C)(C)C)C=N2,0.0875,0.29646499503298607
O=C(NCC1(O)CCOC1)NC1=CC=CC(C2=CC=C3OCCC3=C2)=C1,C(CCCCCCCCCCCCCCCCCCSC1=NC=CC=C1)=O,0.07894736842105263,0.12802414595900788
O=C(NCC1(O)CCOC1)NC1=CC=CC(C2=CC=C3OCCC3=C2)=C1,,0.0,0.0
O=C(NCC1(O)CCOC1)NC1=CC=CC(C2=CC=C3OCCC3=C2)=C1,CCCCCCCCCCCCCCCC(OC1=NC=CC=C1)=O,0.10526315789473684,0.2726509578833852
O=C(NCC1(O)CCOC1)NC1=CC=CC(C2=CC=C3OCCC3=C2)=C1,,0.0,0.0
O=C(NCC1(O)CCOC1)NC1=CC=CC(C2=CC=C3OCCC3=C2)=C1,,0.0,0.0
O=C(NCC1(O)CCOC1)NC1=CC=CC(C2=CC=C3OCCC3=C2)=C1,,0.0,0.0
O=C(NCC1(O)CCOC1)NC1=CC=CC(C2=CC=C3OCCC3=C2)=C1,,0.0,0.0
O=C(NCC1(O)CCOC1)NC1=CC=CC(C2=CC=C3OCCC3=C2)=C1,CCCCCCCCCCCC(OC1=NC=CC=C1)=O,0.10526315789473684,0.4260075772364941
O=C(NCC1(O)CCOC1)NC1=CC=CC(C2=CC=C3OCCC3=C2)=C1,,0.0,0.0
O=C(NCC1(O)CCOC1)NC1=CC=CC(C2=CC=C3OCCC3=C2)=C1,,0.0,0.0
O=C(NCC1(O)CCOC1)NC1=CC=CC(C2=CC=C3OCCC3=C2)=C1,CCCCCCCCCCCC(OC1=NC=CC=C1)=O,0.10526315789473684,0.4260075772364941
O=C(NCC1(O)CCOC1)NC1=CC=CC(C2=CC=C3OCCC3=C2)=C1,,0.0,0.0
CCC1=NOC(CN(C)C(=O)NC(CS(C)(=O)=O)C2=CC=CC=C2)=N1,CC1=C2C(COC(C)(C)O2)=C(C(CC3=C(COC(C)(C)O4)C4=C(C)C=C3)(C)C)C=N1,0.08139534883720931,0.6665686744352711
CCC1=NOC(CN(C)C(=O)NC(CS(C)(=O)=O)C2=CC=CC=C2)=N1,CC1=C2C(COC(C)(C)O2)=C(C(CC3=C(COC(C)(C)O4)C4=C(C)C=C3)(C)C)C=N1,0.08139534883720931,0.6665686744352711
CCC1=NOC(CN(C)C(=O)NC(CS(C)(=O)=O)C2=CC=CC=C2)=N1,,0.0,0.0
CCC1=NOC(CN(C)C(=O)NC(CS(C)(=O)=O)C2=CC=CC=C2)=N1,,0.0,0.0
CCC1=NOC(CN(C)C(=O)NC(CS(C)(=O)=O)C2=CC=CC=C2)=N1,CC1=C2C(COC(C)(C)O2)=C(C(CC3=C(COC(C)(C)O4)C4=C(C)C=C3)(C)C)C=N1,0.08139534883720931,0.6665686744352711
CCC1=NOC(CN(C)C(=O)NC(CS(C)(=O)=O)C2=CC=CC=C2)=N1,CC1=C2C(COC(CCC)O2)=C(C(CC3=C(COC(C)(C)O4)C4=C(C)C=C3)(C)C)C=N1,0.08247422680412371,0.5969261691547286
CCC1=NOC(CN(C)C(=O)NC(CS(C)(=O)=O)C2=CC=CC=C2)=N1,CC1=C2C(COC(C)(C)O2)=C(C(CC3=C(COC(C)(C)O4)C4=C(C)C=C3)(C)C)C=N1,0.08139534883720931,0.6665686744352711
CCC1=NOC(CN(C)C(=O)NC(CS(C)(=O)=O)C2=CC=CC=C2)=N1,CC1=C2C(COC(C)(C)O2)=C(C(CC3=C(COC(C)(C)O4)C4=C(C)C=C3)(C)C)C=N1,0.08139534883720931,0.6665686744352711
CCC1=NOC(CN(C)C(=O)NC(CS(C)(=O)=O)C2=CC=CC=C2)=N1,CC1=C2C(COC(C)(C)O2)=C(C(CC3=C(COC(C)(C)O4)C4=C(C)C=C3)(C)C)C=N1,0.08139534883720931,0.6665686744352711
CCC1=NOC(CN(C)C(=O)NC(CS(C)(=O)=O)C2=CC=CC=C2)=N1,,0.0,0.0
CCC1=NOC(CN(C)C(=O)NC(CS(C)(=O)=O)C2=CC=CC=C2)=N1,CC1=C2C(COC(C)(C)O2)=C(C(CC3=C(COC(C)(C)O4)C4=C(C)C=C3)(C)C)C=N1,0.08139534883720931,0.6665686744352711
CCC1=NOC(CN(C)C(=O)NC(CS(C)(=O)=O)C2=CC=CC=C2)=N1,CC1=C2C(COC(C)(C)O2)=C(C(CC3=C(COC(C)(C)O4)C4=C(C)C=C3)(C)C)C=N1,0.08139534883720931,0.6665686744352711
CCC1=NOC(CN(C)C(=O)NC(CS(C)(=O)=O)C2=CC=CC=C2)=N1,CC1=C2C(COC(C)(C)O2)=C(C(CC3=C(COC(C)(C)O4)C4=C(C)N=C3)(C)C)C=N1,0.07317073170731707,0.714208444238621
CCC1=NOC(CN(C)C(=O)NC(CS(C)(=O)=O)C2=CC=CC=C2)=N1,CC1=C2C(COC(C)(C)O2)=C(C(CC3=C(COC(C)(C)O4)C4=C(C)N=C3)(C)C)C=N1,0.07317073170731707,0.714208444238621
CCC1=NOC(CN(C)C(=O)NC(CS(C)(=O)=O)C2=CC=CC=C2)=N1,,0.0,0.0
CCC1=NOC(CN(C)C(=O)NC(CS(C)(=O)=O)C2=CC=CC=C2)=N1,CC1=C2C(COC(C)(C)O2)=C(C(CC3=C(COC(C)(C)O4)C4=C(C)C=C3)(C)C)C=N1,0.08139534883720931,0.6665686744352711
CCC1=NOC(CN(C)C(=O)NC(CS(C)(=O)=O)C2=CC=CC=C2)=N1,CC1=C2C(COC(C)(C)O2)=C(C(CC3=C(COC(C)(C)O4)C4=C(C)C=C3)(C)C)C=N1,0.08139534883720931,0.6665686744352711
CCC1=NOC(CN(C)C(=O)NC(CS(C)(=O)=O)C2=CC=CC=C2)=N1,CC1=C2C(COC(C)(C)O2)=C(C(CC3=C(COC(C)(C)O4)C4=C(C)C=C3)(C)C)C=N1,0.08139534883720931,0.6665686744352711
CCC1=NOC(CN(C)C(=O)NC(CS(C)(=O)=O)C2=CC=CC=C2)=N1,,0.0,0.0
CCC1=NOC(CN(C)C(=O)NC(CS(C)(=O)=O)C2=CC=CC=C2)=N1,CC1=C2C(COC(C)(C)O2)=C(C(CC3=C(COC(C)(C)O4)C4=C(C)C=C3)(C)C)C=N1,0.08139534883720931,0.6665686744352711
COC1=CC=CC(C(CNC(=O)C2=NN(C3=CC=CC=C3)C(=O)CC2)[NH+]2CCCC2)=C1,,0.0,0.0
COC1=CC=CC(C(CNC(=O)C2=NN(C3=CC=CC=C3)C(=O)CC2)[NH+]2CCCC2)=C1,,0.0,0.0
COC1=CC=CC(C(CNC(=O)C2=NN(C3=CC=CC=C3)C(=O)CC2)[NH+]2CCCC2)=C1,,0.0,0.0
COC1=CC=CC(C(CNC(=O)C2=NN(C3=CC=CC=C3)C(=O)CC2)[NH+]2CCCC2)=C1,,0.0,0.0
COC1=CC=CC(C(CNC(=O)C2=NN(C3=CC=CC=C3)C(=O)CC2)[NH+]2CCCC2)=C1,,0.0,0.0
COC1=CC=CC(C(CNC(=O)C2=NN(C3=CC=CC=C3)C(=O)CC2)[NH+]2CCCC2)=C1,,0.0,0.0
COC1=CC=CC(C(CNC(=O)C2=NN(C3=CC=CC=C3)C(=O)CC2)[NH+]2CCCC2)=C1,,0.0,0.0
COC1=CC=CC(C(CNC(=O)C2=NN(C3=CC=CC=C3)C(=O)CC2)[NH+]2CCCC2)=C1,,0.0,0.0
COC1=CC=CC(C(CNC(=O)C2=NN(C3=CC=CC=C3)C(=O)CC2)[NH+]2CCCC2)=C1,,0.0,0.0
COC1=CC=CC(C(CNC(=O)C2=NN(C3=CC=CC=C3)C(=O)CC2)[NH+]2CCCC2)=C1,,0.0,0.0
COC1=CC=CC(C(CNC(=O)C2=NN(C3=CC=CC=C3)C(=O)CC2)[NH+]2CCCC2)=C1,,0.0,0.0
COC1=CC=CC(C(CNC(=O)C2=NN(C3=CC=CC=C3)C(=O)CC2)[NH+]2CCCC2)=C1,,0.0,0.0
COC1=CC=CC(C(CNC(=O)C2=NN(C3=CC=CC=C3)C(=O)CC2)[NH+]2CCCC2)=C1,,0.0,0.0
COC1=CC=CC(C(CNC(=O)C2=NN(C3=CC=CC=C3)C(=O)CC2)[NH+]2CCCC2)=C1,,0.0,0.0
COC1=CC=CC(C(CNC(=O)C2=NN(C3=CC=CC=C3)C(=O)CC2)[NH+]2CCCC2)=C1,,0.0,0.0
COC1=CC=CC(C(CNC(=O)C2=NN(C3=CC=CC=C3)C(=O)CC2)[NH+]2CCCC2)=C1,,0.0,0.0
COC1=CC=CC(C(CNC(=O)C2=NN(C3=CC=CC=C3)C(=O)CC2)[NH+]2CCCC2)=C1,,0.0,0.0
COC1=CC=CC(C(CNC(=O)C2=NN(C3=CC=CC=C3)C(=O)CC2)[NH+]2CCCC2)=C1,,0.0,0.0
COC1=CC=CC(C(CNC(=O)C2=NN(C3=CC=CC=C3)C(=O)CC2)[NH+]2CCCC2)=C1,,0.0,0.0
COC1=CC=CC(C(CNC(=O)C2=NN(C3=CC=CC=C3)C(=O)CC2)[NH+]2CCCC2)=C1,,0.0,0.0
COC1=CC=CC=C1N(C)CC(=O)NCC(=O)NC1=CC=C(F)C(F)=C1,C(CCO)(CCO)CCCCCCCCCCSC1=NN=C(O1)C2=CC=C(C(C)(C)C)C=N2,0.07865168539325842,0.20069412505516868
COC1=CC=CC=C1N(C)CC(=O)NCC(=O)NC1=CC=C(F)C(F)=C1,C(CCO)(CCO)CCCCCCCCCCSC1=NN=C(O1)C2=CC=C(C(C)(C)C)C=N2,0.07865168539325842,0.20069412505516868
COC1=CC=CC=C1N(C)CC(=O)NCC(=O)NC1=CC=C(F)C(F)=C1,C(CCO)(CCO)CCCCCCCCCCSC1=NN=C(O1)C2=CC=C(C(C)(C)C)C=N2,0.07865168539325842,0.20069412505516868
COC1=CC=CC=C1N(C)CC(=O)NCC(=O)NC1=CC=C(F)C(F)=C1,C(CCO)(CCO)CCCCCCCCCCSC1=NN=C(O1)C2=CC=C(C(C)(C)C)C=N2,0.07865168539325842,0.20069412505516868
COC1=CC=CC=C1N(C)CC(=O)NCC(=O)NC1=CC=C(F)C(F)=C1,C(CCO)(CCO)CCCCCCCCCCSC1=NN=C(O1)C2=CC=C(C(C)(C)C)C=N2,0.07865168539325842,0.20069412505516868
COC1=CC=CC=C1N(C)CC(=O)NCC(=O)NC1=CC=C(F)C(F)=C1,C(CCO)(CCO)CCCCCCCCCCSC1=NN=C(O1)C2=CC=C(C(C)(C)C)C=N2,0.07865168539325842,0.20069412505516868
COC1=CC=CC=C1N(C)CC(=O)NCC(=O)NC1=CC=C(F)C(F)=C1,C(CCO)(CCO)CCCCCCCCCCSC1=NN=C(O1)C2=CC=C(C(C)(C)C)C=N2,0.07865168539325842,0.20069412505516868
COC1=CC=CC=C1N(C)CC(=O)NCC(=O)NC1=CC=C(F)C(F)=C1,C(CCO)(CCO)CCCCCCCCCCSC1=NN=C(O1)C2=CC=C(C(C)(C)C)C=N2,0.07865168539325842,0.20069412505516868
COC1=CC=CC=C1N(C)CC(=O)NCC(=O)NC1=CC=C(F)C(F)=C1,C(CCO)(CCO)CCCCCCCCCCSC1=NN=C(O1)C2=CC=C(C(C)(C)C)C=N2,0.07865168539325842,0.20069412505516868
COC1=CC=CC=C1N(C)CC(=O)NCC(=O)NC1=CC=C(F)C(F)=C1,C(CCO)(CCO)CCCCCCCCCCSC1=NN=C(O1)C2=CC=C(C(C)(C)C)C=N2,0.07865168539325842,0.20069412505516868
COC1=CC=CC=C1N(C)CC(=O)NCC(=O)NC1=CC=C(F)C(F)=C1,C(CCO)(CCO)CCCCCCCCCCSC1=NN=C(O1)C2=CC=C(C(C)(C)C)C=N2,0.07865168539325842,0.20069412505516868
COC1=CC=CC=C1N(C)CC(=O)NCC(=O)NC1=CC=C(F)C(F)=C1,C(CCO)(CCO)CCCCCCCCCCSC1=NN=C(O1)C2=CC=C(C(C)(C)C)C=N2,0.07865168539325842,0.20069412505516868
COC1=CC=CC=C1N(C)CC(=O)NCC(=O)NC1=CC=C(F)C(F)=C1,C(CCO)(CCO)CCCCCCCCCCSC1=NN=C(O1)C2=CC=C(C(C)(C)C)C=N2,0.07865168539325842,0.20069412505516868
COC1=CC=CC=C1N(C)CC(=O)NCC(=O)NC1=CC=C(F)C(F)=C1,C(CCO)(CCO)CCCCCCCCCCSC1=NN=C(O1)C2=CC=C(C(C)(C)C)C=N2,0.07865168539325842,0.20069412505516868
COC1=CC=CC=C1N(C)CC(=O)NCC(=O)NC1=CC=C(F)C(F)=C1,C(CCO)(CCO)CCCCCCCCCCSC1=NN=C(O1)C2=CC=C(C(C)(C)C)C=N2,0.07865168539325842,0.20069412505516868
COC1=CC=CC=C1N(C)CC(=O)NCC(=O)NC1=CC=C(F)C(F)=C1,C(CCO)(CCO)CCCCCCCCCCSC1=NN=C(O1)C2=CC=C(C(C)(C)C)C=N2,0.07865168539325842,0.20069412505516868
COC1=CC=CC=C1N(C)CC(=O)NCC(=O)NC1=CC=C(F)C(F)=C1,C(CCO)(CCO)CCCCCCCCCCSC1=NN=C(O1)C2=CC=C(C(C)(C)C)C=N2,0.07865168539325842,0.20069412505516868
COC1=CC=CC=C1N(C)CC(=O)NCC(=O)NC1=CC=C(F)C(F)=C1,C(CCO)(CCO)CCCCCCCCCCSC1=NN=C(O1)C2=CC=C(C(C)(C)C)C=N2,0.07865168539325842,0.20069412505516868
COC1=CC=CC=C1N(C)CC(=O)NCC(=O)NC1=CC=C(F)C(F)=C1,C(CCO)(CCO)CCCCCCCCCCSC1=NN=C(O1)C2=CC=C(C(C)(C)C)C=N2,0.07865168539325842,0.20069412505516868
COC1=CC=CC=C1N(C)CC(=O)NCC(=O)NC1=CC=C(F)C(F)=C1,C(CCO)(CCO)CCCCCCCCCCSC1=NN=C(O1)C2=CC=C(C(C)(C)C)C=N2,0.07865168539325842,0.20069412505516868
CC1=CC=C(NC(=O)C(=O)N2CCC([NH+]3CCCC3)C2)C=C1C(=O)N(C)C,CC1=C2C(COC(CCCCC)O2)=C(C(CC3=C(COC(C)(C)O4)C4=C(C)N=C3)(C)C)C=N1,0.06060606060606061,0.4729635084227723
CC1=CC=C(NC(=O)C(=O)N2CCC([NH+]3CCCC3)C2)C=C1C(=O)N(C)C,,0.0,0.0
CC1=CC=C(NC(=O)C(=O)N2CCC([NH+]3CCCC3)C2)C=C1C(=O)N(C)C,CC1=C2C(COC(CCCCC)O2)=C(C(CC3=C(COC(C)(C)O4)C4=C(C)N=C3)(C)C)C=N1,0.06060606060606061,0.4729635084227723
CC1=CC=C(NC(=O)C(=O)N2CCC([NH+]3CCCC3)C2)C=C1C(=O)N(C)C,CC1=C2C(COC(CCCCC)O2)=C(C(CC3=C(COC(C)(C)O4)C4=C(C)N=C3)(C)C)C=N1,0.06060606060606061,0.4729635084227723
CC1=CC=C(NC(=O)C(=O)N2CCC([NH+]3CCCC3)C2)C=C1C(=O)N(C)C,CC1=C2C(COC(CCCCC)O2)=C(C(CC3=C(COC(C)(C)O4)C4=C(C)N=C3)(C)C)C=N1,0.06060606060606061,0.4729635084227723
CC1=CC=C(NC(=O)C(=O)N2CCC([NH+]3CCCC3)C2)C=C1C(=O)N(C)C,CC1=C2C(COC(CCCCC)O2)=C(C(CC3=C(COC(C)(C)O4)C4=C(C)N=C3)(C)C)C=N1,0.06060606060606061,0.4729635084227723
CC1=CC=C(NC(=O)C(=O)N2CCC([NH+]3CCCC3)C2)C=C1C(=O)N(C)C,CC1=C2C(COC(CCCCC)O2)=C(C(CC3=C(COC(C)(C)O4)C4=C(C)N=C3)(C)C)C=N1,0.06060606060606061,0.4729635084227723
CC1=CC=C(NC(=O)C(=O)N2CCC([NH+]3CCCC3)C2)C=C1C(=O)N(C)C,CC1=C2C(COC(CCCCC)O2)=C(C(CC3=C(COC(C)(C)O4)C4=C(C)N=C3)(C)C)C=N1,0.06060606060606061,0.4729635084227723
CC1=CC=C(NC(=O)C(=O)N2CCC([NH+]3CCCC3)C2)C=C1C(=O)N(C)C,CC1=C2C(COC(CCCCC)O2)=C(C(CC3=C(COC(C)(C)O4)C4=C(C)N=C3)(C)C)C=N1,0.06060606060606061,0.4729635084227723
CC1=CC=C(NC(=O)C(=O)N2CCC([NH+]3CCCC3)C2)C=C1C(=O)N(C)C,CC1=C2C(COC(CCCCC)O2)=C(C(CC3=C(COC(C)(C)O4)C4=C(C)N=C3)(C)C)C=N1,0.06060606060606061,0.4729635084227723
CC1=CC=C(NC(=O)C(=O)N2CCC([NH+]3CCCC3)C2)C=C1C(=O)N(C)C,CC1=C2C(COC(CCCCC)O2)=C(C(CC3=C(COC(C)(C)O4)C4=C(C)N=C3)(C)C)C=N1,0.06060606060606061,0.4729635084227723
CC1=CC=C(NC(=O)C(=O)N2CCC([NH+]3CCCC3)C2)C=C1C(=O)N(C)C,CC1=C2C(COC(CCCCC)O2)=C(C(CC3=C(COC(C)(C)O4)C4=C(C)N=C3)(C)C)C=N1,0.06060606060606061,0.4729635084227723
CC1=CC=C(NC(=O)C(=O)N2CCC([NH+]3CCCC3)C2)C=C1C(=O)N(C)C,,0.0,0.0
CC1=CC=C(NC(=O)C(=O)N2CCC([NH+]3CCCC3)C2)C=C1C(=O)N(C)C,CC1=C2C(COC(CCCCC)O2)=C(C(CC3=C(COC(C)(C)O4)C4=C(C)N=C3)(C)C)C=N1,0.06060606060606061,0.4729635084227723
CC1=CC=C(NC(=O)C(=O)N2CCC([NH+]3CCCC3)C2)C=C1C(=O)N(C)C,CC1=C2C(COC(CCCCC)O2)=C(C(CC3=C(COC(C)(C)O4)C4=C(C)N=C3)(C)C)C=N1,0.06060606060606061,0.4729635084227723
CC1=CC=C(NC(=O)C(=O)N2CCC([NH+]3CCCC3)C2)C=C1C(=O)N(C)C,,0.0,0.0
CC1=CC=C(NC(=O)C(=O)N2CCC([NH+]3CCCC3)C2)C=C1C(=O)N(C)C,CC1=C2C(COC(CCCCC)O2)=C(C(CC3=C(COC(C)(C)O4)C4=C(C)N=C3)(C)C)C=N1,0.06060606060606061,0.4729635084227723
CC1=CC=C(NC(=O)C(=O)N2CCC([NH+]3CCCC3)C2)C=C1C(=O)N(C)C,CC1=C2C(COC(CCCCC)O2)=C(C(CC3=C(COC(C)(C)O4)C4=C(C)N=C3)(C)C)C=N1,0.06060606060606061,0.4729635084227723
CC1=CC=C(NC(=O)C(=O)N2CCC([NH+]3CCCC3)C2)C=C1C(=O)N(C)C,CC1=C2C(COC(CCCCC)O2)=C(C(CC3=C(COC(C)(C)O4)C4=C(C)N=C3)(C)C)C=N1,0.06060606060606061,0.4729635084227723
CC1=CC=C(NC(=O)C(=O)N2CCC([NH+]3CCCC3)C2)C=C1C(=O)N(C)C,CC1=C2C(COC(CCCCC)O2)=C(C(CC3=C(COC(C)(C)O4)C4=C(C)N=C3)(C)C)C=N1,0.06060606060606061,0.4729635084227723
CCC1=CC=C(C(CNC(=O)N2CCCC2C2=CC=C3OCCOC3=C2)[NH+](C)C)C=C1,,0.0,0.0
CCC1=CC=C(C(CNC(=O)N2CCCC2C2=CC=C3OCCOC3=C2)[NH+](C)C)C=C1,,0.0,0.0
CCC1=CC=C(C(CNC(=O)N2CCCC2C2=CC=C3OCCOC3=C2)[NH+](C)C)C=C1,,0.0,0.0
CCC1=CC=C(C(CNC(=O)N2CCCC2C2=CC=C3OCCOC3=C2)[NH+](C)C)C=C1,C(C)(CCCCCCCCCCCCCCCCCCC(OC)=O)CC2=CC=C(C(C)(C)C)C=N2,0.12222222222222222,0.12786799828948073
CCC1=CC=C(C(CNC(=O)N2CCCC2C2=CC=C3OCCOC3=C2)[NH+](C)C)C=C1,C(C)(CCCCCCCCCCCCCCCCCCCCCCCCCCCCC(OC)=O)CC2=CC=C(C(C)(C)C)C=N2,0.12222222222222222,0.06070314840081793
CCC1=CC=C(C(CNC(=O)N2CCCC2C2=CC=C3OCCOC3=C2)[NH+](C)C)C=C1,C(C)(CCCCCCCCCCCCCCCCCCCCC(OC)=O)CC2=CC=C(C(C)(C)C)C=N2,0.12222222222222222,0.10740671331668106
CCC1=CC=C(C(CNC(=O)N2CCCC2C2=CC=C3OCCOC3=C2)[NH+](C)C)C=C1,,0.0,0.0
CCC1=CC=C(C(CNC(=O)N2CCCC2C2=CC=C3OCCOC3=C2)[NH+](C)C)C=C1,,0.0,0.0
CCC1=CC=C(C(CNC(=O)N2CCCC2C2=CC=C3OCCOC3=C2)[NH+](C)C)C=C1,,0.0,0.0
CCC1=CC=C(C(CNC(=O)N2CCCC2C2=CC=C3OCCOC3=C2)[NH+](C)C)C=C1,C(C)(CCCCCCCCCCCCCCCCCCCCC(OC)=O)CC2=CC=C(C(C)(C)C)C=N2,0.12222222222222222,0.10740671331668106
CCC1=CC=C(C(CNC(=O)N2CCCC2C2=CC=C3OCCOC3=C2)[NH+](C)C)C=C1,,0.0,0.0
CCC1=CC=C(C(CNC(=O)N2CCCC2C2=CC=C3OCCOC3=C2)[NH+](C)C)C=C1,C(C)(CCCCCCCCCCCCCCCCCCCCC(OC)=O)CC2=CC=C(C(C)(C)C)C=N2,0.12222222222222222,0.10740671331668106
CCC1=CC=C(C(CNC(=O)N2CCCC2C2=CC=C3OCCOC3=C2)[NH+](C)C)C=C1,,0.0,0.0
CCC1=CC=C(C(CNC(=O)N2CCCC2C2=CC=C3OCCOC3=C2)[NH+](C)C)C=C1,,0.0,0.0
CCC1=CC=C(C(CNC(=O)N2CCCC2C2=CC=C3OCCOC3=C2)[NH+](C)C)C=C1,C(C)(CCCCCCCCCCCCCCCCCCCCC(OC)=O)CC2=CC=C(C(C)(C)C)C=N2,0.12222222222222222,0.10740671331668106
CCC1=CC=C(C(CNC(=O)N2CCCC2C2=CC=C3OCCOC3=C2)[NH+](C)C)C=C1,C(C)(CCCCCCCCCCCCCCCCCCC(OC)=O)CC2=CC=C(C(C)(C)C)C=N2,0.12222222222222222,0.12786799828948073
CCC1=CC=C(C(CNC(=O)N2CCCC2C2=CC=C3OCCOC3=C2)[NH+](C)C)C=C1,C(C)(CCCCCCCCCCCCCCCCCCCCC(OC)=O)CC2=CC=C(C(C)(C)C)C=N2,0.12222222222222222,0.10740671331668106
CCC1=CC=C(C(CNC(=O)N2CCCC2C2=CC=C3OCCOC3=C2)[NH+](C)C)C=C1,C(C)(CCCCCCCCCCCCCCCCCCC(OC)=O)CC2=CC=C(C(C)(C)C)C=N2,0.12222222222222222,0.12786799828948073
CCC1=CC=C(C(CNC(=O)N2CCCC2C2=CC=C3OCCOC3=C2)[NH+](C)C)C=C1,,0.0,0.0
CCC1=CC=C(C(CNC(=O)N2CCCC2C2=CC=C3OCCOC3=C2)[NH+](C)C)C=C1,C(C)(CCCCCCCCCCCCCCCCCCCCC(OC)=O)CC2=CC=C(C(C)(C)C)C=N2,0.12222222222222222,0.10740671331668106
CN1C(=O)C2=C3C(=CC(S(=O)(=O)N4CCOCC4)=CC3=CC=C2)C1=O,,0.0,0.0
CN1C(=O)C2=C3C(=CC(S(=O)(=O)N4CCOCC4)=CC3=CC=C2)C1=O,,0.0,0.0
CN1C(=O)C2=C3C(=CC(S(=O)(=O)N4CCOCC4)=CC3=CC=C2)C1=O,,0.0,0.0
CN1C(=O)C2=C3C(=CC(S(=O)(=O)N4CCOCC4)=CC3=CC=C2)C1=O,,0.0,0.0
CN1C(=O)C2=C3C(=CC(S(=O)(=O)N4CCOCC4)=CC3=CC=C2)C1=O,,0.0,0.0
CN1C(=O)C2=C3C(=CC(S(=O)(=O)N4CCOCC4)=CC3=CC=C2)C1=O,,0.0,0.0
CN1C(=O)C2=C3C(=CC(S(=O)(=O)N4CCOCC4)=CC3=CC=C2)C1=O,,0.0,0.0
CN1C(=O)C2=C3C(=CC(S(=O)(=O)N4CCOCC4)=CC3=CC=C2)C1=O,,0.0,0.0
CN1C(=O)C2=C3C(=CC(S(=O)(=O)N4CCOCC4)=CC3=CC=C2)C1=O,,0.0,0.0
CN1C(=O)C2=C3C(=CC(S(=O)(=O)N4CCOCC4)=CC3=CC=C2)C1=O,,0.0,0.0
CN1C(=O)C2=C3C(=CC(S(=O)(=O)N4CCOCC4)=CC3=CC=C2)C1=O,,0.0,0.0
CN1C(=O)C2=C3C(=CC(S(=O)(=O)N4CCOCC4)=CC3=CC=C2)C1=O,,0.0,0.0
CN1C(=O)C2=C3C(=CC(S(=O)(=O)N4CCOCC4)=CC3=CC=C2)C1=O,,0.0,0.0
CN1C(=O)C2=C3C(=CC(S(=O)(=O)N4CCOCC4)=CC3=CC=C2)C1=O,,0.0,0.0
CN1C(=O)C2=C3C(=CC(S(=O)(=O)N4CCOCC4)=CC3=CC=C2)C1=O,,0.0,0.0
CN1C(=O)C2=C3C(=CC(S(=O)(=O)N4CCOCC4)=CC3=CC=C2)C1=O,,0.0,0.0
CN1C(=O)C2=C3C(=CC(S(=O)(=O)N4CCOCC4)=CC3=CC=C2)C1=O,,0.0,0.0
CN1C(=O)C2=C3C(=CC(S(=O)(=O)N4CCOCC4)=CC3=CC=C2)C1=O,,0.0,0.0
CN1C(=O)C2=C3C(=CC(S(=O)(=O)N4CCOCC4)=CC3=CC=C2)C1=O,CCCCCC(CCCCCC(C)(CCCCCCCCCCCCCCCCCCCCCCCC)CCC1C(C)CCCCCCCCCCCCCCCCCCCCCC)CCC1CC,0.023255813953488372,0.05331288117791589
CN1C(=O)C2=C3C(=CC(S(=O)(=O)N4CCOCC4)=CC3=CC=C2)C1=O,,0.0,0.0
NC(=O)CN1CCN(C2CC(=O)N(CCC3=CC=CC=C3)C2=O)CC1,,0.0,0.0
NC(=O)CN1CCN(C2CC(=O)N(CCC3=CC=CC=C3)C2=O)CC1,,0.0,0.0
NC(=O)CN1CCN(C2CC(=O)N(CCC3=CC=CC=C3)C2=O)CC1,,0.0,0.0
NC(=O)CN1CCN(C2CC(=O)N(CCC3=CC=CC=C3)C2=O)CC1,,0.0,0.0
NC(=O)CN1CCN(C2CC(=O)N(CCC3=CC=CC=C3)C2=O)CC1,,0.0,0.0
NC(=O)CN1CCN(C2CC(=O)N(CCC3=CC=CC=C3)C2=O)CC1,,0.0,0.0
NC(=O)CN1CCN(C2CC(=O)N(CCC3=CC=CC=C3)C2=O)CC1,,0.0,0.0
NC(=O)CN1CCN(C2CC(=O)N(CCC3=CC=CC=C3)C2=O)CC1,,0.0,0.0
NC(=O)CN1CCN(C2CC(=O)N(CCC3=CC=CC=C3)C2=O)CC1,,0.0,0.0
NC(=O)CN1CCN(C2CC(=O)N(CCC3=CC=CC=C3)C2=O)CC1,,0.0,0.0
NC(=O)CN1CCN(C2CC(=O)N(CCC3=CC=CC=C3)C2=O)CC1,,0.0,0.0
NC(=O)CN1CCN(C2CC(=O)N(CCC3=CC=CC=C3)C2=O)CC1,,0.0,0.0
NC(=O)CN1CCN(C2CC(=O)N(CCC3=CC=CC=C3)C2=O)CC1,,0.0,0.0
NC(=O)CN1CCN(C2CC(=O)N(CCC3=CC=CC=C3)C2=O)CC1,,0.0,0.0
NC(=O)CN1CCN(C2CC(=O)N(CCC3=CC=CC=C3)C2=O)CC1,,0.0,0.0
NC(=O)CN1CCN(C2CC(=O)N(CCC3=CC=CC=C3)C2=O)CC1,,0.0,0.0
NC(=O)CN1CCN(C2CC(=O)N(CCC3=CC=CC=C3)C2=O)CC1,,0.0,0.0
NC(=O)CN1CCN(C2CC(=O)N(CCC3=CC=CC=C3)C2=O)CC1,,0.0,0.0
NC(=O)CN1CCN(C2CC(=O)N(CCC3=CC=CC=C3)C2=O)CC1,,0.0,0.0
NC(=O)CN1CCN(C2CC(=O)N(CCC3=CC=CC=C3)C2=O)CC1,,0.0,0.0
CC(C[NH+]1CCCCC1)NC(=O)C1=NNC(C2CC2)=N1,CC1=C2C(COC(C)(C)O2)=C(C(CC3=C(COC(C)(C)O4)C4=C(C)N=C3)(C)C)C=N1,0.06578947368421052,0.714208444238621
CC(C[NH+]1CCCCC1)NC(=O)C1=NNC(C2CC2)=N1,,0.0,0.0
CC(C[NH+]1CCCCC1)NC(=O)C1=NNC(C2CC2)=N1,CCCCCCCCCCCCCCCC(C)(CCCCCCCCCCCC)C,0.03571428571428571,0.1282369935269304
CC(C[NH+]1CCCCC1)NC(=O)C1=NNC(C2CC2)=N1,,0.0,0.0
CC(C[NH+]1CCCCC1)NC(=O)C1=NNC(C2CC2)=N1,CC1=C2C(COC(C)(C)O2)=C(C(CC3=C(COC(C)(C)O4)C4=C(C)N=C3)(C)C)C=N1,0.06578947368421052,0.714208444238621
CC(C[NH+]1CCCCC1)NC(=O)C1=NNC(C2CC2)=N1,,0.0,0.0
CC(C[NH+]1CCCCC1)NC(=O)C1=NNC(C2CC2)=N1,CC1=C2C(COC(C)(C)O2)=C(C(CC3=C(COC(C)(C)O4)C4=C(C)N=C3)(C)C)C=N1,0.06578947368421052,0.714208444238621
CC(C[NH+]1CCCCC1)NC(=O)C1=NNC(C2CC2)=N1,,0.0,0.0
CC(C[NH+]1CCCCC1)NC(=O)C1=NNC(C2CC2)=N1,CC1=C2C(COC(C)(C)O2)=C(C(CC3=C(COC(C)(C)O4)C4=C(C)N=C3)(C)C)C=N1,0.06578947368421052,0.714208444238621
CC(C[NH+]1CCCCC1)NC(=O)C1=NNC(C2CC2)=N1,CC1=C2C(COC(C)(C)O2)=C(C(CC3=C(COC(C)(C)O4)C4=C(C)N=C3)(C)C)C=N1,0.06578947368421052,0.714208444238621
CC(C[NH+]1CCCCC1)NC(=O)C1=NNC(C2CC2)=N1,,0.0,0.0
CC(C[NH+]1CCCCC1)NC(=O)C1=NNC(C2CC2)=N1,CC1=C2C(COC(C)(C)O2)=C(C(CC3=C(COC(C)(C)O4)C4=C(C)N=C3)(C)C)C=N1,0.06578947368421052,0.714208444238621
CC(C[NH+]1CCCCC1)NC(=O)C1=NNC(C2CC2)=N1,,0.0,0.0
CC(C[NH+]1CCCCC1)NC(=O)C1=NNC(C2CC2)=N1,,0.0,0.0
CC(C[NH+]1CCCCC1)NC(=O)C1=NNC(C2CC2)=N1,,0.0,0.0
CC(C[NH+]1CCCCC1)NC(=O)C1=NNC(C2CC2)=N1,CC1=C2C(COC(C)(C)O2)=C(C(CC3=C(COC(C)(C)O4)C4=C(C)N=C3)(C)C)C=N1,0.06578947368421052,0.714208444238621
CC(C[NH+]1CCCCC1)NC(=O)C1=NNC(C2CC2)=N1,,0.0,0.0
CC(C[NH+]1CCCCC1)NC(=O)C1=NNC(C2CC2)=N1,CC1=C2C(COC(C)(C)O2)=C(C(CC3=C(COC(C)(C)O4)C4=C(C)N=C3)(C)C)C=N1,0.06578947368421052,0.714208444238621
CC(C[NH+]1CCCCC1)NC(=O)C1=NNC(C2CC2)=N1,,0.0,0.0
CC(C[NH+]1CCCCC1)NC(=O)C1=NNC(C2CC2)=N1,,0.0,0.0
COC(=O)NC1=CC=C(NC2=NN=C(C3=CC=CC=C3)S2)C=C1,C(CC1=C(OC(C(CCCCCCCCC)C)OC2)C2=C(COC(C(CCCCCCCCC)C)OC3)C3=N1)(C/C=C/C#CC(C)(C)C)CC4=CC=CC5=CC=CC=C54,0.06666666666666667,0.06665806622780766
COC(=O)NC1=CC=C(NC2=NN=C(C3=CC=CC=C3)S2)C=C1,C(C)(CCCCCCCCCCC(OC)=O)CC2=CC=C(C(C)(C)C)C=N2,0.15942028985507245,0.2867045462379988
COC(=O)NC1=CC=C(NC2=NN=C(C3=CC=CC=C3)S2)C=C1,,0.0,0.0
COC(=O)NC1=CC=C(NC2=NN=C(C3=CC=CC=C3)S2)C=C1,C(CC1=C(OC(C(CCCCCCCCC)C)OC2)C2=C(COC(C(CCCCCCCCC)C)OC3)C3=N1)(C/C=C/C#CC(C)(C)C)CC4=CC=CC5=CC=CC=C54,0.06666666666666667,0.06665806622780766
COC(=O)NC1=CC=C(NC2=NN=C(C3=CC=CC=C3)S2)C=C1,C(C)(CCCCCCCCCCC(OC)=O)CC2=CC=C(C(C)(C)C)C=N2,0.15942028985507245,0.2867045462379988
COC(=O)NC1=CC=C(NC2=NN=C(C3=CC=CC=C3)S2)C=C1,C(CC1=C(OC(C)(C)OC(C)(C)OC2)C2=C(CO)C(CO)=N1)(C/C=C/C#CC(C)(C)C)CC4=CC=CC5=CC=CC=C54,0.09278350515463918,0.28310357316688206
COC(=O)NC1=CC=C(NC2=NN=C(C3=CC=CC=C3)S2)C=C1,C(CC1=C(OC(C)(C)OC(C)(C)OC2)C2=C(CO)C(CO)=N1)(C/C=C/C#CC(C)(C)C)CC4=CC=CC5=CC=CC=C54,0.09278350515463918,0.28310357316688206
COC(=O)NC1=CC=C(NC2=NN=C(C3=CC=CC=C3)S2)C=C1,,0.0,0.0
COC(=O)NC1=CC=C(NC2=NN=C(C3=CC=CC=C3)S2)C=C1,C(C)(CCCCCCCCCCC(OC)=O)CC2=CC=C(C(C)(C)C)C=N2,0.15942028985507245,0.2867045462379988
COC(=O)NC1=CC=C(NC2=NN=C(C3=CC=CC=C3)S2)C=C1,C(CC1=C(OC(C)(C)OC(C)(C)OC2)C2=C(CO)C(CO)=N1)(C/C=C/C#CC(C)(C)C)CC4=CC=CC5=CC=CC=C54,0.09278350515463918,0.28310357316688206
COC(=O)NC1=CC=C(NC2=NN=C(C3=CC=CC=C3)S2)C=C1,C(C)(CCCCCCCCCCC(OC)=O)CC2=CC=C(C(C)(C)C)C=N2,0.15942028985507245,0.2867045462379988
COC(=O)NC1=CC=C(NC2=NN=C(C3=CC=CC=C3)S2)C=C1,,0.0,0.0
COC(=O)NC1=CC=C(NC2=NN=C(C3=CC=CC=C3)S2)C=C1,C(C)(CCCCCCCCCCC(OC)=O)CC2=CC=C(C(C)(C)C)C=N2,0.15942028985507245,0.2867045462379988
COC(=O)NC1=CC=C(NC2=NN=C(C3=CC=CC=C3)S2)C=C1,C(C)(CCCCCCCCCCC(OC)=O)CC2=CC=C(C(C)(C)C)C=N2,0.15942028985507245,0.2867045462379988
COC(=O)NC1=CC=C(NC2=NN=C(C3=CC=CC=C3)S2)C=C1,C(C)(CCCCCCCCCCC(OC)=O)CC2=CC=C(C(C)(C)C)C=N2,0.15942028985507245,0.2867045462379988
COC(=O)NC1=CC=C(NC2=NN=C(C3=CC=CC=C3)S2)C=C1,C(CC1=C(OC(C)(C)OC(C)(C)OC2)C2=C(CO)C(CO)=N1)(C/C=C/C#CC(C)(C)C)CC3=CC=CC4=CC=CC=C43,0.09278350515463918,0.28310357316688206
COC(=O)NC1=CC=C(NC2=NN=C(C3=CC=CC=C3)S2)C=C1,C(CC1=C(OC(C)(C)OC(C)(C)OC2)C2=C(CO)C(CO)=N1)(C/C=C/C#CC(C)(C)C)CC4=CC=CC5=CC=CC=C54,0.09278350515463918,0.28310357316688206
COC(=O)NC1=CC=C(NC2=NN=C(C3=CC=CC=C3)S2)C=C1,C(C)(CCCCCCCCCCC(OC)=O)CC2=CC=C(C(C)(C)C)C=N2,0.15942028985507245,0.2867045462379988
COC(=O)NC1=CC=C(NC2=NN=C(C3=CC=CC=C3)S2)C=C1,C(CC1=C(OC(C)(C)OC(C)(C)OC2)C2=C(CO)C(CO)=N1)(C/C=C/C#CC(C)(C)C)CC4=CC=CC5=CC=CC=C54,0.09278350515463918,0.28310357316688206
COC(=O)NC1=CC=C(NC2=NN=C(C3=CC=CC=C3)S2)C=C1,C(CC1=C(OC(C)(C)OC2)C2=C(CO)C(CO)=N1)(C/C=C/C#CC(C)(C)C)CC4=CC=CC5=CC=CC=C54,0.0967741935483871,0.3479060997562587
O=C([O-])C1=CC=C(C2=C(F)C=CC=C2F)C=N1,CC1=C2C(COC(C)(C)O2)=C(C(CC3=C(COC(C)(C)O4)C4=C(C)N=C3)(C)C)C=N1,0.07936507936507936,0.714208444238621
O=C([O-])C1=CC=C(C2=C(F)C=CC=C2F)C=N1,,0.0,0.0
O=C([O-])C1=CC=C(C2=C(F)C=CC=C2F)C=N1,CC1=C2C(COC(C)(C)O2)=C(C(CC3=C(COC(C)(C)O4)C4=C(C)N=C3)(C)C)C=N1,0.07936507936507936,0.714208444238621
O=C([O-])C1=CC=C(C2=C(F)C=CC=C2F)C=N1,CC1=C2C(COC(C)(C)O2)=C(C(CC3=C(COC(C)(C)O4)C4=C(C)N=C3)(C)C)C=N1,0.07936507936507936,0.714208444238621
O=C([O-])C1=CC=C(C2=C(F)C=CC=C2F)C=N1,CC1=C2C(COC(C)(C)O2)=C(C(CC3=C(COC(C)(C)O4)C4=C(C)N=C3)(C)C)C=N1,0.07936507936507936,0.714208444238621
O=C([O-])C1=CC=C(C2=C(F)C=CC=C2F)C=N1,CC1=C2C(COC(C)(C)O2)=C(C(CC3=C(COC(C)(C)O4)C4=C(C)N=C3)(C)C)C=N1,0.07936507936507936,0.714208444238621
O=C([O-])C1=CC=C(C2=C(F)C=CC=C2F)C=N1,CC1=C2C(COC(C)(C)O2)=C(C(CC3=C(COC(C)(C)O4)C4=C(C)N=C3)(C)C)C=N1,0.07936507936507936,0.714208444238621
O=C([O-])C1=CC=C(C2=C(F)C=CC=C2F)C=N1,,0.0,0.0
O=C([O-])C1=CC=C(C2=C(F)C=CC=C2F)C=N1,CC1=C2C(COC(C)(C)O2)=C(C(CC3=C(COC(C)(C)O4)C4=C(C)N=C3)(C)C)C=N1,0.07936507936507936,0.714208444238621
O=C([O-])C1=CC=C(C2=C(F)C=CC=C2F)C=N1,CC1=C2C(COC(C)(C)O2)=C(C(CC3=C(COC(C)(C)O4)C4=C(C)N=C3)(C)C)C=N1,0.07936507936507936,0.714208444238621
O=C([O-])C1=CC=C(C2=C(F)C=CC=C2F)C=N1,CC1=C2C(COC(C)(C)O2)=C(C(CC3=C(COC(C)(C)O4)C4=C(C)N=C3)(C)C)C=N1,0.07936507936507936,0.714208444238621
O=C([O-])C1=CC=C(C2=C(F)C=CC=C2F)C=N1,CC1=C2C(COC(C)(C)O2)=C(C(CC3=C(COC(C)(C)O4)C4=C(C)N=C3)(C)C)C=N1,0.07936507936507936,0.714208444238621
O=C([O-])C1=CC=C(C2=C(F)C=CC=C2F)C=N1,CC1=C2C(COC(C)(C)O2)=C(C(CC3=C(COC(C)(C)O4)C4=C(C)N=C3)(C)C)C=N1,0.07936507936507936,0.714208444238621
O=C([O-])C1=CC=C(C2=C(F)C=CC=C2F)C=N1,CC1=C2C(COC(CCCCCCCC)O2)=C(C(CC3=C(COC(C)(C)O4)C4=C(C)N=C3)(C)C)C=N1,0.0625,0.3230008769501578
O=C([O-])C1=CC=C(C2=C(F)C=CC=C2F)C=N1,CC1=C2C(COC(C)(C)O2)=C(C(CC3=C(COC(C)(C)O4)C4=C(C)N=C3)(C)C)C=N1,0.07936507936507936,0.714208444238621
O=C([O-])C1=CC=C(C2=C(F)C=CC=C2F)C=N1,CC1=C2C(COC(C)(C)O2)=C(C(CC3=C(COC(C)(C)O4)C4=C(C)N=C3)(C)C)C=N1,0.07936507936507936,0.714208444238621
O=C([O-])C1=CC=C(C2=C(F)C=CC=C2F)C=N1,CC1=C2C(COC(C)(C)O2)=C(C(CC3=C(COC(C)(C)O4)C4=C(C)N=C3)(C)C)C=N1,0.07936507936507936,0.714208444238621
O=C([O-])C1=CC=C(C2=C(F)C=CC=C2F)C=N1,CC1=C2C(COC(C)(C)O2)=C(C(CC3=C(COC(C)(C)O4)C4=C(C)N=C3)(C)C)C=N1,0.07936507936507936,0.714208444238621
O=C([O-])C1=CC=C(C2=C(F)C=CC=C2F)C=N1,CC1=C2C(COC(C)(C)O2)=C(C(CC3=C(COC(C)(C)O4)C4=C(C)N=C3)(C)C)C=N1,0.07936507936507936,0.714208444238621
O=C([O-])C1=CC=C(C2=C(F)C=CC=C2F)C=N1,CC1=C2C(COC(C)(C)O2)=C(C(CC3=C(COC(C)(C)O4)C4=C(C)N=C3)(C)C)C=N1,0.07936507936507936,0.714208444238621
CCOC(=O)C(CC)C1=NC(C2CCCC(C)C2)=NO1,CC1=NC=C(C(C)(C)CCCNC(CCCCCCCCCCCCCCC)=O)C2=C1OC(CCC)OC2,0.14942528735632185,0.16101225897517618
CCOC(=O)C(CC)C1=NC(C2CCCC(C)C2)=NO1,CC1=C2C(COC(C)(C)O2)=C(C(CC3=C(COC(C)(C)O4)C4=C(C)N=C3)(C)C)C=N1,0.09333333333333334,0.714208444238621
CCOC(=O)C(CC)C1=NC(C2CCCC(C)C2)=NO1,CC1=C2C(COC(C)(C)O2)=C(C(CC3=C(COC(C)(C)O4)C4=C(C)N=C3)(C)C)C=N1,0.09333333333333334,0.714208444238621
CCOC(=O)C(CC)C1=NC(C2CCCC(C)C2)=NO1,CC1=C2C(COC(C)(C)O2)=C(C(CC3=C(COC(C)(C)O4)C4=C(C)N=C3)(C)C)C=N1,0.09333333333333334,0.714208444238621
CCOC(=O)C(CC)C1=NC(C2CCCC(C)C2)=NO1,CC1=C2C(COC(C)(C)O2)=C(C(CC3=C(COC(C)(C)O4)C4=C(C)N=C3)(C)C)C=N1,0.09333333333333334,0.714208444238621
CCOC(=O)C(CC)C1=NC(C2CCCC(C)C2)=NO1,CC1=C2C(COC(C)(C)O2)=C(C(CC3=C(COC(C)(C)O4)C4=C(C)N=C3)(C)C)C=N1,0.09333333333333334,0.714208444238621
CCOC(=O)C(CC)C1=NC(C2CCCC(C)C2)=NO1,CC1=C2C(COC(C)(C)O2)=C(C(CC3=C(COC(C)(C)O4)C4=C(C)N=C3)(C)C)C=N1,0.09333333333333334,0.714208444238621
CCOC(=O)C(CC)C1=NC(C2CCCC(C)C2)=NO1,CC1=C2C(COC(C)(C)O2)=C(C(CC3=C(COC(C)(C)O4)C4=C(C)N=C3)(C)C)C=N1,0.09333333333333334,0.714208444238621
CCOC(=O)C(CC)C1=NC(C2CCCC(C)C2)=NO1,CC1=C2C(COC(C)(C)O2)=C(C(CC3=C(COC(C)(C)O4)C4=C(C)N=C3)(C)C)C=N1,0.09333333333333334,0.714208444238621
CCOC(=O)C(CC)C1=NC(C2CCCC(C)C2)=NO1,CC1=C2C(COC(C)(C)O2)=C(C(CC3=C(COC(C)(C)O4)C4=C(C)N=C3)(C)C)C=N1,0.09333333333333334,0.714208444238621
CCOC(=O)C(CC)C1=NC(C2CCCC(C)C2)=NO1,CC1=C2C(COC(C)(C)O2)=C(C(CC3=C(COC(C)(C)O4)C4=C(C)N=C3)(C)C)C=N1,0.09333333333333334,0.714208444238621
CCOC(=O)C(CC)C1=NC(C2CCCC(C)C2)=NO1,CC1=C2C(COC(C)(C)O2)=C(C(CC3=C(COC(C)(C)O4)C4=C(C)N=C3)(C)C)C=N1,0.09333333333333334,0.714208444238621
CCOC(=O)C(CC)C1=NC(C2CCCC(C)C2)=NO1,CC1=C2C(COC(C)(C)O2)=C(C(CC3=C(COC(C)(C)O4)C4=C(C)N=C3)(C)C)C=N1,0.09333333333333334,0.714208444238621
CCOC(=O)C(CC)C1=NC(C2CCCC(C)C2)=NO1,CC1=NC=C(C(C)(C)CCNC(CCCCCCCCCCCCCCC)=O)C2=C1OC(CCC)OC2,0.1511627906976744,0.17607325471498544
CCOC(=O)C(CC)C1=NC(C2CCCC(C)C2)=NO1,CC1=C2C(COC(C)(C)O2)=C(C(CC3=C(COC(C)(C)O4)C4=C(C)N=C3)(C)C)C=N1,0.09333333333333334,0.714208444238621
CCOC(=O)C(CC)C1=NC(C2CCCC(C)C2)=NO1,CC1=C2C(COC(C)(C)O2)=C(C(CC3=C(COC(C)(C)O4)C4=C(C)N=C3)(C)C)C=N1,0.09333333333333334,0.714208444238621
CCOC(=O)C(CC)C1=NC(C2CCCC(C)C2)=NO1,CC1=C2C(COC(C)(C)O2)=C(C(CC3=C(COC(C)(C)O4)C4=C(C)N=C3)(C)C)C=N1,0.09333333333333334,0.714208444238621
CCOC(=O)C(CC)C1=NC(C2CCCC(C)C2)=NO1,CC1=C2C(COC(C)(C)O2)=C(C(CC3=C(COC(C)(C)O4)C4=C(C)N=C3)(C)C)C=N1,0.09333333333333334,0.714208444238621
CCOC(=O)C(CC)C1=NC(C2CCCC(C)C2)=NO1,CC1=NC=C(C(C)(C)CCCNC(CCCCCCCCCCCCCCCCC)=O)C2=C1OC(CCC)OC2,0.14942528735632185,0.1357746781222451
CCOC(=O)C(CC)C1=NC(C2CCCC(C)C2)=NO1,CC1=C2C(COC(C)(C)O2)=C(C(CC3=C(COC(C)(C)O4)C4=C(C)N=C3)(C)C)C=N1,0.09333333333333334,0.714208444238621
CC1=CC=CC=C1C1CC(C)N(C(=O)C(C)SC2=CC=CC=N2)C1,,0.0,0.0
CC1=CC=CC=C1C1CC(C)N(C(=O)C(C)SC2=CC=CC=N2)C1,,0.0,0.0
CC1=CC=CC=C1C1CC(C)N(C(=O)C(C)SC2=CC=CC=N2)C1,,0.0,0.0
CC1=CC=CC=C1C1CC(C)N(C(=O)C(C)SC2=CC=CC=N2)C1,,0.0,0.0
CC1=CC=CC=C1C1CC(C)N(C(=O)C(C)SC2=CC=CC=N2)C1,,0.0,0.0
CC1=CC=CC=C1C1CC(C)N(C(=O)C(C)SC2=CC=CC=N2)C1,,0.0,0.0
CC1=CC=CC=C1C1CC(C)N(C(=O)C(C)SC2=CC=CC=N2)C1,,0.0,0.0
CC1=CC=CC=C1C1CC(C)N(C(=O)C(C)SC2=CC=CC=N2)C1,,0.0,0.0
CC1=CC=CC=C1C1CC(C)N(C(=O)C(C)SC2=CC=CC=N2)C1,,0.0,0.0
CC1=CC=CC=C1C1CC(C)N(C(=O)C(C)SC2=CC=CC=N2)C1,,0.0,0.0
CC1=CC=CC=C1C1CC(C)N(C(=O)C(C)SC2=CC=CC=N2)C1,,0.0,0.0
CC1=CC=CC=C1C1CC(C)N(C(=O)C(C)SC2=CC=CC=N2)C1,,0.0,0.0
CC1=CC=CC=C1C1CC(C)N(C(=O)C(C)SC2=CC=CC=N2)C1,,0.0,0.0
CC1=CC=CC=C1C1CC(C)N(C(=O)C(C)SC2=CC=CC=N2)C1,,0.0,0.0
CC1=CC=CC=C1C1CC(C)N(C(=O)C(C)SC2=CC=CC=N2)C1,,0.0,0.0
CC1=CC=CC=C1C1CC(C)N(C(=O)C(C)SC2=CC=CC=N2)C1,,0.0,0.0
CC1=CC=CC=C1C1CC(C)N(C(=O)C(C)SC2=CC=CC=N2)C1,,0.0,0.0
CC1=CC=CC=C1C1CC(C)N(C(=O)C(C)SC2=CC=CC=N2)C1,,0.0,0.0
CC1=CC=CC=C1C1CC(C)N(C(=O)C(C)SC2=CC=CC=N2)C1,,0.0,0.0
CC1=CC=CC=C1C1CC(C)N(C(=O)C(C)SC2=CC=CC=N2)C1,,0.0,0.0
CC(C)[NH+]1CCN(CC2=CC=NC=C2)CC1CCO,CC1=C2C(COC(C(C)CCCCCCCCCCC)O2)=C(C(C)(C)CCCCCCCCCCCCCCCCCC)C=N1,0.1282051282051282,0.082803108243447
CC(C)[NH+]1CCN(CC2=CC=NC=C2)CC1CCO,,0.0,0.0
CC(C)[NH+]1CCN(CC2=CC=NC=C2)CC1CCO,,0.0,0.0
CC(C)[NH+]1CCN(CC2=CC=NC=C2)CC1CCO,,0.0,0.0
CC(C)[NH+]1CCN(CC2=CC=NC=C2)CC1CCO,CC1=C2C(COC(C)(C)O2)=C(C(CC3=C(COC(C)(C)O4)C4=C(C)N=C3)(C)C)C=N1,0.0821917808219178,0.714208444238621
CC(C)[NH+]1CCN(CC2=CC=NC=C2)CC1CCO,,0.0,0.0
CC(C)[NH+]1CCN(CC2=CC=NC=C2)CC1CCO,,0.0,0.0
CC(C)[NH+]1CCN(CC2=CC=NC=C2)CC1CCO,CC1=C2C(COC(C)(C)O2)=C(C(CC3=C(COC(C)(C)O4)C4=C(C)N=C3)(C)C)C=N1,0.0821917808219178,0.714208444238621
CC(C)[NH+]1CCN(CC2=CC=NC=C2)CC1CCO,CC1=C2C(COC(C)(C)O2)=C(C(CC3=C(COC(C)(C)O4)C4=C(C)N=C3)(C)C)C=N1,0.0821917808219178,0.714208444238621
CC(C)[NH+]1CCN(CC2=CC=NC=C2)CC1CCO,,0.0,0.0
CC(C)[NH+]1CCN(CC2=CC=NC=C2)CC1CCO,,0.0,0.0
CC(C)[NH+]1CCN(CC2=CC=NC=C2)CC1CCO,CC1=C2C(COC(C)(C)O2)=C(C(CC3=C(COC(C)(C)O4)C4=C(C)N=C3)(C)C)C=N1,0.0821917808219178,0.714208444238621
CC(C)[NH+]1CCN(CC2=CC=NC=C2)CC1CCO,,0.0,0.0
CC(C)[NH+]1CCN(CC2=CC=NC=C2)CC1CCO,CC1=C2C(COC(CCCCCCCC)O2)=C(C(C)(C)CCCCCCCCCCCCCCCCCC)C=N1,0.10526315789473684,0.11200953986300904
CC(C)[NH+]1CCN(CC2=CC=NC=C2)CC1CCO,,0.0,0.0
CC(C)[NH+]1CCN(CC2=CC=NC=C2)CC1CCO,CC1=C2C(COC(C(C)CCCCCCCCCCC)O2)=C(C(C)(C)CCCCCCCCCCCCCCCCCC)C=N1,0.1282051282051282,0.082803108243447
CC(C)[NH+]1CCN(CC2=CC=NC=C2)CC1CCO,CC1=C2C(COC(C(C)CCCCCCCCCCC)O2)=C(C(C)(C)CCCCCCCCCCCCCCCCCC)C=N1,0.1282051282051282,0.082803108243447
CC(C)[NH+]1CCN(CC2=CC=NC=C2)CC1CCO,,0.0,0.0
CC(C)[NH+]1CCN(CC2=CC=NC=C2)CC1CCO,CC1=C2C(COC(C)(C)O2)=C(C(CC3=C(COC(C)(C)O4)C4=C(C)N=C3)(C)C)C=N1,0.0821917808219178,0.714208444238621
CC(C)[NH+]1CCN(CC2=CC=NC=C2)CC1CCO,,0.0,0.0
CCOCC1=CC=C(NC(=O)C2=NN3C(C)=CC(C)=NC3=N2)C=C1,CCCCCCCCCC(C)(CC1=C(C)C(OC(C)=O)=C(C)N=C1)C,0.14473684210526316,0.34648454331069145
CCOCC1=CC=C(NC(=O)C2=NN3C(C)=CC(C)=NC3=N2)C=C1,CCCCCCCCCC(C)(CC1=C(C)C(OC(C)=O)=C(C)N=C1)C,0.14473684210526316,0.34648454331069145
CCOCC1=CC=C(NC(=O)C2=NN3C(C)=CC(C)=NC3=N2)C=C1,CCCCCCCCCC(C)(CC1=C(C)C(OC(C)=O)=C(C)N=C1)C,0.14473684210526316,0.34648454331069145
CCOCC1=CC=C(NC(=O)C2=NN3C(C)=CC(C)=NC3=N2)C=C1,,0.0,0.0
CCOCC1=CC=C(NC(=O)C2=NN3C(C)=CC(C)=NC3=N2)C=C1,,0.0,0.0
CCOCC1=CC=C(NC(=O)C2=NN3C(C)=CC(C)=NC3=N2)C=C1,CCCCCCCCCC(C)(CC1=C(C)C(OC(C)=O)=C(C)N=C1)C,0.14473684210526316,0.34648454331069145
CCOCC1=CC=C(NC(=O)C2=NN3C(C)=CC(C)=NC3=N2)C=C1,CCCCCCCCCC(C)(CC1=C(C)C(OC(C)=O)=C(C)N=C1)C,0.14473684210526316,0.34648454331069145
CCOCC1=CC=C(NC(=O)C2=NN3C(C)=CC(C)=NC3=N2)C=C1,CCCCCCCCCC(C)(CC1=C(C)C(OC(C)=O)=C(C)N=C1)C,0.14473684210526316,0.34648454331069145
CCOCC1=CC=C(NC(=O)C2=NN3C(C)=CC(C)=NC3=N2)C=C1,CCCCCCCCCC(C)(CC1=C(C)C(OC(C)=O)=C(C)N=C1)C,0.14473684210526316,0.34648454331069145
CCOCC1=CC=C(NC(=O)C2=NN3C(C)=CC(C)=NC3=N2)C=C1,,0.0,0.0
CCOCC1=CC=C(NC(=O)C2=NN3C(C)=CC(C)=NC3=N2)C=C1,CCCCCCCCCC(C)(CC1=C(C)C(OC(C)=O)=C(C)N=C1)C,0.14473684210526316,0.34648454331069145
CCOCC1=CC=C(NC(=O)C2=NN3C(C)=CC(C)=NC3=N2)C=C1,CCCCCCCCCC(C)(CC1=C(C)C(OC(C)=O)=C(C)N=C1)C,0.14473684210526316,0.34648454331069145
CCOCC1=CC=C(NC(=O)C2=NN3C(C)=CC(C)=NC3=N2)C=C1,,0.0,0.0
CCOCC1=CC=C(NC(=O)C2=NN3C(C)=CC(C)=NC3=N2)C=C1,CCCCCCCCCC(C)(CC1=C(C)C(OC(C)=O)=C(C)N=C1)C,0.14473684210526316,0.34648454331069145
CCOCC1=CC=C(NC(=O)C2=NN3C(C)=CC(C)=NC3=N2)C=C1,CCCCCCCCCC(C)(CC1=C(C)C(OC(C)=O)=C(C)N=C1)C,0.14473684210526316,0.34648454331069145
CCOCC1=CC=C(NC(=O)C2=NN3C(C)=CC(C)=NC3=N2)C=C1,CCCCCCCCCC(C)(CC1=C(C)C(OC(C)=O)=C(C)N=C1)C,0.14473684210526316,0.34648454331069145
CCOCC1=CC=C(NC(=O)C2=NN3C(C)=CC(C)=NC3=N2)C=C1,CCCCCCCCCC(C)(CC1=C(C)C(OC(C)=O)=C(C)N=C1)C,0.14473684210526316,0.34648454331069145
CCOCC1=CC=C(NC(=O)C2=NN3C(C)=CC(C)=NC3=N2)C=C1,CCCCCCCCCC(C)(CC1=C(C)C(OC(C)=O)=C(C)N=C1)C,0.14473684210526316,0.34648454331069145
CCOCC1=CC=C(NC(=O)C2=NN3C(C)=CC(C)=NC3=N2)C=C1,CCCCCCCCCC(C)(CC1=C(C)C(OC(C)=O)=C(C)N=C1)C,0.14473684210526316,0.34648454331069145
CCOCC1=CC=C(NC(=O)C2=NN3C(C)=CC(C)=NC3=N2)C=C1,,0.0,0.0
COC1=CC=C(C(=O)NC2CCCCC2O)C=C1O,CC1=C2C(COC(C)(C)O2)=C(C(CC3=C(COC(C)(C)O4)C4=C(C)N=C3)(C)C)C=N1,0.06944444444444445,0.714208444238621
COC1=CC=C(C(=O)NC2CCCCC2O)C=C1O,CC1=C2C(COC(C)(C)O2)=C(C(CC3=C(COC(C)(C)O4)C4=C(C)N=C3)(C)C)C=N1,0.06944444444444445,0.714208444238621
COC1=CC=C(C(=O)NC2CCCCC2O)C=C1O,CC1=C2C(COC(C)(C)O2)=C(C(CC3=C(COC(C)(C)O4)C4=C(C)N=C3)(C)C)C=N1,0.06944444444444445,0.714208444238621
COC1=CC=C(C(=O)NC2CCCCC2O)C=C1O,CC1=C2C(COC(CCCCCCC)O2)=C(C(CC3=C(COC(C)(C)O4)C4=C(C)N=C3)(C)C)C=N1,0.06818181818181818,0.3640994903232384
COC1=CC=C(C(=O)NC2CCCCC2O)C=C1O,CC1=C2C(COC(C)(C)O2)=C(C(CC3=C(COC(C)(C)O4)C4=C(C)N=C3)(C)C)C=N1,0.06944444444444445,0.714208444238621
COC1=CC=C(C(=O)NC2CCCCC2O)C=C1O,CC1=C2C(COC(C)(C)O2)=C(C(CC3=C(COC(C)(C)O4)C4=C(C)N=C3)(C)C)C=N1,0.06944444444444445,0.714208444238621
COC1=CC=C(C(=O)NC2CCCCC2O)C=C1O,CC1=C2C(COC(C)(C)O2)=C(C(CC3=C(COC(C)(C)O4)C4=C(C)N=C3)(C)C)C=N1,0.06944444444444445,0.714208444238621
COC1=CC=C(C(=O)NC2CCCCC2O)C=C1O,CC1=C2C(COC(C)(C)O2)=C(C(CC3=C(COC(C)(C)O4)C4=C(C)N=C3)(C)C)C=N1,0.06944444444444445,0.714208444238621
COC1=CC=C(C(=O)NC2CCCCC2O)C=C1O,CC1=C2C(COC(C)(C)O2)=C(C(CC3=C(COC(C)(C)O4)C4=C(C)N=C3)(C)C)C=N1,0.06944444444444445,0.714208444238621
COC1=CC=C(C(=O)NC2CCCCC2O)C=C1O,CC1=C2C(COC(CCCC)O2)=C(C(C)(C)CCCCCCCCCCCCCCCCCC)C=N1,0.06493506493506493,0.15692149817781226
COC1=CC=C(C(=O)NC2CCCCC2O)C=C1O,CC1=C2C(COC(C)(C)O2)=C(C(CC3=C(COC(C)(C)O4)C4=C(C)N=C3)(C)C)C=N1,0.06944444444444445,0.714208444238621
COC1=CC=C(C(=O)NC2CCCCC2O)C=C1O,CC1=C2C(COC(C)(C)O2)=C(C(CC3=C(COC(C)(C)O4)C4=C(C)N=C3)(C)C)C=N1,0.06944444444444445,0.714208444238621
COC1=CC=C(C(=O)NC2CCCCC2O)C=C1O,CC1=C2C(COC(CCCC)O2)=C(C(CC3=C(COC(C)(C)O4)C4=C(C)N=C3)(C)C)C=N1,0.06976744186046512,0.5754594165575513
COC1=CC=C(C(=O)NC2CCCCC2O)C=C1O,CC1=C2C(COC(C)(C)O2)=C(C(CC3=C(COC(C)(C)O4)C4=C(C)N=C3)(C)C)C=N1,0.06944444444444445,0.714208444238621
COC1=CC=C(C(=O)NC2CCCCC2O)C=C1O,CC1=C2C(COC(C)(C)O2)=C(C(CC3=C(COC(C)(C)O4)C4=C(C)N=C3)(C)C)C=N1,0.06944444444444445,0.714208444238621
COC1=CC=C(C(=O)NC2CCCCC2O)C=C1O,CC1=C2C(COC(C)(C)O2)=C(C(CC3=C(COC(C)(C)O4)C4=C(C)N=C3)(C)C)C=N1,0.06944444444444445,0.714208444238621
COC1=CC=C(C(=O)NC2CCCCC2O)C=C1O,CC1=C2C(COC(C)(C)O2)=C(C(CC3=C(COC(C)(C)O4)C4=C(C)N=C3)(C)C)C=N1,0.06944444444444445,0.714208444238621
COC1=CC=C(C(=O)NC2CCCCC2O)C=C1O,CC1=C2C(COC(C)(C)O2)=C(C(CC3=C(COC(C)(C)O4)C4=C(C)N=C3)(C)C)C=N1,0.06944444444444445,0.714208444238621
COC1=CC=C(C(=O)NC2CCCCC2O)C=C1O,CC1=C2C(COC(C)(C)O2)=C(C(CC3=C(COC(C)(C)O4)C4=C(C)N=C3)(C)C)C=N1,0.06944444444444445,0.714208444238621
COC1=CC=C(C(=O)NC2CCCCC2O)C=C1O,CC1=C2C(COC(C)(C)O2)=C(C(CC3=C(COC(C)(C)O4)C4=C(C)N=C3)(C)C)C=N1,0.06944444444444445,0.714208444238621
C[NH+](CCC1=CC=CC=C1)CC1=CC=CC=C1C1=NC([O-])=CC(C(F)(F)F)=N1,,0.0,0.0
C[NH+](CCC1=CC=CC=C1)CC1=CC=CC=C1C1=NC([O-])=CC(C(F)(F)F)=N1,,0.0,0.0
C[NH+](CCC1=CC=CC=C1)CC1=CC=CC=C1C1=NC([O-])=CC(C(F)(F)F)=N1,,0.0,0.0
C[NH+](CCC1=CC=CC=C1)CC1=CC=CC=C1C1=NC([O-])=CC(C(F)(F)F)=N1,,0.0,0.0
C[NH+](CCC1=CC=CC=C1)CC1=CC=CC=C1C1=NC([O-])=CC(C(F)(F)F)=N1,,0.0,0.0
C[NH+](CCC1=CC=CC=C1)CC1=CC=CC=C1C1=NC([O-])=CC(C(F)(F)F)=N1,,0.0,0.0
C[NH+](CCC1=CC=CC=C1)CC1=CC=CC=C1C1=NC([O-])=CC(C(F)(F)F)=N1,,0.0,0.0
C[NH+](CCC1=CC=CC=C1)CC1=CC=CC=C1C1=NC([O-])=CC(C(F)(F)F)=N1,,0.0,0.0
C[NH+](CCC1=CC=CC=C1)CC1=CC=CC=C1C1=NC([O-])=CC(C(F)(F)F)=N1,,0.0,0.0
C[NH+](CCC1=CC=CC=C1)CC1=CC=CC=C1C1=NC([O-])=CC(C(F)(F)F)=N1,,0.0,0.0
C[NH+](CCC1=CC=CC=C1)CC1=CC=CC=C1C1=NC([O-])=CC(C(F)(F)F)=N1,,0.0,0.0
C[NH+](CCC1=CC=CC=C1)CC1=CC=CC=C1C1=NC([O-])=CC(C(F)(F)F)=N1,,0.0,0.0
C[NH+](CCC1=CC=CC=C1)CC1=CC=CC=C1C1=NC([O-])=CC(C(F)(F)F)=N1,,0.0,0.0
C[NH+](CCC1=CC=CC=C1)CC1=CC=CC=C1C1=NC([O-])=CC(C(F)(F)F)=N1,,0.0,0.0
C[NH+](CCC1=CC=CC=C1)CC1=CC=CC=C1C1=NC([O-])=CC(C(F)(F)F)=N1,,0.0,0.0
C[NH+](CCC1=CC=CC=C1)CC1=CC=CC=C1C1=NC([O-])=CC(C(F)(F)F)=N1,,0.0,0.0
C[NH+](CCC1=CC=CC=C1)CC1=CC=CC=C1C1=NC([O-])=CC(C(F)(F)F)=N1,,0.0,0.0
C[NH+](CCC1=CC=CC=C1)CC1=CC=CC=C1C1=NC([O-])=CC(C(F)(F)F)=N1,,0.0,0.0
C[NH+](CCC1=CC=CC=C1)CC1=CC=CC=C1C1=NC([O-])=CC(C(F)(F)F)=N1,,0.0,0.0
C[NH+](CCC1=CC=CC=C1)CC1=CC=CC=C1C1=NC([O-])=CC(C(F)(F)F)=N1,,0.0,0.0
CC1=CC=C(NCC2=CC=CC(C(=O)NCC3=CC=CO3)=C2)C(F)=C1,C(CCO)(CCO)CCCCCCCCCCSC1=NN=C(O1)C2=CC=C(C(C)(C)C)C=N2,0.07692307692307693,0.20069412505516868
CC1=CC=C(NCC2=CC=CC(C(=O)NCC3=CC=CO3)=C2)C(F)=C1,C(CCO)(CCO)CCCCCCCCCCSC1=NN=C(O1)C2=CC=C(C(C)(C)C)C=N2,0.07692307692307693,0.20069412505516868
CC1=CC=C(NCC2=CC=CC(C(=O)NCC3=CC=CO3)=C2)C(F)=C1,C(CCO)(CCO)CCCCCCCCCCSC1=NN=C(O1)C2=CC=C(C(C)(C)C)C=N2,0.07692307692307693,0.20069412505516868
CC1=CC=C(NCC2=CC=CC(C(=O)NCC3=CC=CO3)=C2)C(F)=C1,C(CCO)(CCO)CCCCCCCCCCSC1=NN=C(O1)C2=CC=C(C(C)(C)C)C=N2,0.07692307692307693,0.20069412505516868
CC1=CC=C(NCC2=CC=CC(C(=O)NCC3=CC=CO3)=C2)C(F)=C1,C(CCO)(CCO)CCCCCCCCCCSC1=NN=C(O1)C2=CC=C(C(C)(C)C)C=N2,0.07692307692307693,0.20069412505516868
CC1=CC=C(NCC2=CC=CC(C(=O)NCC3=CC=CO3)=C2)C(F)=C1,C(CCO)(CCO)CCCCCCCCCCSC1=NN=C(O1)C2=CC=C(C(C)(C)C)C=N2,0.07692307692307693,0.20069412505516868
CC1=CC=C(NCC2=CC=CC(C(=O)NCC3=CC=CO3)=C2)C(F)=C1,C(CCO)(CCO)CCCCCCCCCCSC1=NN=C(O1)C2=CC=C(C(C)(C)C)C=N2,0.07692307692307693,0.20069412505516868
CC1=CC=C(NCC2=CC=CC(C(=O)NCC3=CC=CO3)=C2)C(F)=C1,C(CCO)(CCO)CCCCCCCCCCSC1=NN=C(O1)C2=CC=C(C(C)(C)C)C=N2,0.07692307692307693,0.20069412505516868
CC1=CC=C(NCC2=CC=CC(C(=O)NCC3=CC=CO3)=C2)C(F)=C1,C(CCO)(CCO)CCCCCCCCCCSC1=NN=C(O1)C2=CC=C(C(C)(C)C)C=N2,0.07692307692307693,0.20069412505516868
CC1=CC=C(NCC2=CC=CC(C(=O)NCC3=CC=CO3)=C2)C(F)=C1,C(CCO)(CCO)CCCCCCCCCCSC1=NN=C(O1)C2=CC=C(C(C)(C)C)C=N2,0.07692307692307693,0.20069412505516868
CC1=CC=C(NCC2=CC=CC(C(=O)NCC3=CC=CO3)=C2)C(F)=C1,C(CCO)(CCO)CCCCCCCCCCSC1=NN=C(O1)C2=CC=C(C(C)(C)C)C=N2,0.07692307692307693,0.20069412505516868
CC1=CC=C(NCC2=CC=CC(C(=O)NCC3=CC=CO3)=C2)C(F)=C1,C(CCO)(CCO)CCCCCCCCCCSC1=NN=C(O1)C2=CC=C(C(C)(C)C)C=N2,0.07692307692307693,0.20069412505516868
CC1=CC=C(NCC2=CC=CC(C(=O)NCC3=CC=CO3)=C2)C(F)=C1,C(CCO)(CCO)CCCCCCCCCCSC1=NN=C(O1)C2=CC=C(C(C)(C)C)C=N2,0.07692307692307693,0.20069412505516868
CC1=CC=C(NCC2=CC=CC(C(=O)NCC3=CC=CO3)=C2)C(F)=C1,C(CCO)(CCO)CCCCCCCCCCSC1=NN=C(O1)C2=CC=C(C(C)(C)C)C=N2,0.07692307692307693,0.20069412505516868
CC1=CC=C(NCC2=CC=CC(C(=O)NCC3=CC=CO3)=C2)C(F)=C1,C(CCO)(CCO)CCCCCCCCCCSC1=NN=C(O1)C2=CC=C(C(C)(C)C)C=N2,0.07692307692307693,0.20069412505516868
CC1=CC=C(NCC2=CC=CC(C(=O)NCC3=CC=CO3)=C2)C(F)=C1,C(CCO)(CCO)CCCCCCCCCCSC1=NN=C(O1)C2=CC=C(C(C)(C)C)C=N2,0.07692307692307693,0.20069412505516868
CC1=CC=C(NCC2=CC=CC(C(=O)NCC3=CC=CO3)=C2)C(F)=C1,C(CCO)(CCO)CCCCCCCCCCSC1=NN=C(O1)C2=CC=C(C(C)(C)C)C=C2,0.08045977011494253,0.18861237054625968
CC1=CC=C(NCC2=CC=CC(C(=O)NCC3=CC=CO3)=C2)C(F)=C1,C(CCO)(CCCO)CCCCCCCCCCSC1=NN=C(O1)C2=CC=C(C(C)(C)C)C=N2,0.07526881720430108,0.17482503336395672
CC1=CC=C(NCC2=CC=CC(C(=O)NCC3=CC=CO3)=C2)C(F)=C1,,0.0,0.0
CC1=CC=C(NCC2=CC=CC(C(=O)NCC3=CC=CO3)=C2)C(F)=C1,C(CCO)(CCO)CCCCCCCCCCSC1=NN=C(O1)C2=CC=C(C(C)(C)C)C=N2,0.07692307692307693,0.20069412505516868
CCSC1=NN=C(NC)S1,CC1=C2C(COC(C)(C)O2)=C(C(CC3=C(COC(C)(C)O4)C4=C(C)N=C3)(C)C)C=N1,0.06896551724137931,0.714208444238621
CCSC1=NN=C(NC)S1,CC1=C2C(COC(C)(C)O2)=C(C(CC3=C(COC(C)(C)O4)C4=C(C)N=C3)(C)C)C=N1,0.06896551724137931,0.714208444238621
CCSC1=NN=C(NC)S1,CC1=C2C(COC(C)(C)O2)=C(C(CC3=C(COC(C)(C)O4)C4=C(C)N=C3)(C)C)C=N1,0.06896551724137931,0.714208444238621
CCSC1=NN=C(NC)S1,CC1=C2C(COC(C)(C)O2)=C(C(CC3=C(COC(C)(C)O4)C4=C(C)N=C3)(C)C)C=N1,0.06896551724137931,0.714208444238621
CCSC1=NN=C(NC)S1,CC1=C2C(COC(C)(C)O2)=C(C(CC3=C(COC(C)(C)O4)C4=C(C)N=C3)(C)C)C=N1,0.06896551724137931,0.714208444238621
CCSC1=NN=C(NC)S1,CC1=C2C(COC(C)(C)O2)=C(C(CC3=C(COC(C)(C)O4)C4=C(C)N=C3)(C)C)C=N1,0.06896551724137931,0.714208444238621
CCSC1=NN=C(NC)S1,CC1=C2C(COC(C)(C)O2)=C(C(CC3=C(COC(C)(C)O4)C4=C(C)N=C3)(C)C)C=N1,0.06896551724137931,0.714208444238621
CCSC1=NN=C(NC)S1,CC1=C2C(COC(C)(C)O2)=C(C(CC3=C(COC(C)(C)O4)C4=C(C)N=C3)(C)C)C=N1,0.06896551724137931,0.714208444238621
CCSC1=NN=C(NC)S1,CC1=C2C(COC(C)(C)O2)=C(C(CC3=C(COC(C)(C)O4)C4=C(C)N=C3)(C)C)C=N1,0.06896551724137931,0.714208444238621
CCSC1=NN=C(NC)S1,CC1=C2C(COC(C)(C)O2)=C(C(CC3=C(COC(C)(C)O4)C4=C(C)N=C3)(C)C)C=N1,0.06896551724137931,0.714208444238621
CCSC1=NN=C(NC)S1,CC1=C2C(COC(C)(C)O2)=C(C(CC3=C(COC(C)(C)O4)C4=C(C)N=C3)(C)C)C=N1,0.06896551724137931,0.714208444238621
CCSC1=NN=C(NC)S1,CC1=C2C(COC(C)(C)O2)=C(C(CC3=C(COC(C)(C)O4)C4=C(C)N=C3)(C)C)C=N1,0.06896551724137931,0.714208444238621
CCSC1=NN=C(NC)S1,CC1=C2C(COC(C)(C)O2)=C(C(CC3=C(COC(C)(C)O4)C4=C(C)N=C3)(C)C)C=N1,0.06896551724137931,0.714208444238621
CCSC1=NN=C(NC)S1,CC1=C2C(COC(C)(C)O2)=C(C(CC3=C(COC(C)(C)O4)C4=C(C)N=C3)(C)C)C=N1,0.06896551724137931,0.714208444238621
CCSC1=NN=C(NC)S1,CC1=C2C(COC(C)(C)O2)=C(C(CC3=C(COC(C)(C)O4)C4=C(C)N=C3)(C)C)C=N1,0.06896551724137931,0.714208444238621
CCSC1=NN=C(NC)S1,CC1=C2C(COC(C)(C)O2)=C(C(CC3=C(COC(C)(C)O4)C4=C(C)N=C3)(C)C)C=N1,0.06896551724137931,0.714208444238621
CCSC1=NN=C(NC)S1,CC1=C2C(COC(C)(C)O2)=C(C(CC3=C(COC(C)(C)O4)C4=C(C)N=C3)(C)C)C=N1,0.06896551724137931,0.714208444238621
CCSC1=NN=C(NC)S1,CC1=C2C(COC(C)(C)O2)=C(C(CC3=C(COC(C)(C)O4)C4=C(C)N=C3)(C)C)C=N1,0.06896551724137931,0.714208444238621
CCSC1=NN=C(NC)S1,CC1=C2C(COC(C)(C)O2)=C(C(CC3=C(COC(C)(C)O4)C4=C(C)N=C3)(C)C)C=N1,0.06896551724137931,0.714208444238621
CCSC1=NN=C(NC)S1,CC1=C2C(COC(C)(C)O2)=C(C(CC3=C(COC(C)(C)O4)C4=C(C)N=C3)(C)C)C=N1,0.06896551724137931,0.714208444238621
O=C(NC(=S)NCC1=CC=CO1)C1CC1,,0.0,0.0
O=C(NC(=S)NCC1=CC=CO1)C1CC1,,0.0,0.0
O=C(NC(=S)NCC1=CC=CO1)C1CC1,,0.0,0.0
O=C(NC(=S)NCC1=CC=CO1)C1CC1,,0.0,0.0
O=C(NC(=S)NCC1=CC=CO1)C1CC1,,0.0,0.0
O=C(NC(=S)NCC1=CC=CO1)C1CC1,,0.0,0.0
O=C(NC(=S)NCC1=CC=CO1)C1CC1,,0.0,0.0
O=C(NC(=S)NCC1=CC=CO1)C1CC1,,0.0,0.0
O=C(NC(=S)NCC1=CC=CO1)C1CC1,,0.0,0.0
O=C(NC(=S)NCC1=CC=CO1)C1CC1,,0.0,0.0
O=C(NC(=S)NCC1=CC=CO1)C1CC1,,0.0,0.0
O=C(NC(=S)NCC1=CC=CO1)C1CC1,,0.0,0.0
O=C(NC(=S)NCC1=CC=CO1)C1CC1,,0.0,0.0
O=C(NC(=S)NCC1=CC=CO1)C1CC1,,0.0,0.0
O=C(NC(=S)NCC1=CC=CO1)C1CC1,,0.0,0.0
O=C(NC(=S)NCC1=CC=CO1)C1CC1,,0.0,0.0
O=C(NC(=S)NCC1=CC=CO1)C1CC1,,0.0,0.0
O=C(NC(=S)NCC1=CC=CO1)C1CC1,,0.0,0.0
O=C(NC(=S)NCC1=CC=CO1)C1CC1,,0.0,0.0
O=C(NC(=S)NCC1=CC=CO1)C1CC1,,0.0,0.0
O=CC1=CN(C2CCS(=O)(=O)C2)N=C1C1=COC=C1,,0.0,0.0
O=CC1=CN(C2CCS(=O)(=O)C2)N=C1C1=COC=C1,,0.0,0.0
O=CC1=CN(C2CCS(=O)(=O)C2)N=C1C1=COC=C1,,0.0,0.0
O=CC1=CN(C2CCS(=O)(=O)C2)N=C1C1=COC=C1,,0.0,0.0
O=CC1=CN(C2CCS(=O)(=O)C2)N=C1C1=COC=C1,,0.0,0.0
O=CC1=CN(C2CCS(=O)(=O)C2)N=C1C1=COC=C1,,0.0,0.0
O=CC1=CN(C2CCS(=O)(=O)C2)N=C1C1=COC=C1,,0.0,0.0
O=CC1=CN(C2CCS(=O)(=O)C2)N=C1C1=COC=C1,,0.0,0.0
O=CC1=CN(C2CCS(=O)(=O)C2)N=C1C1=COC=C1,,0.0,0.0
O=CC1=CN(C2CCS(=O)(=O)C2)N=C1C1=COC=C1,,0.0,0.0
O=CC1=CN(C2CCS(=O)(=O)C2)N=C1C1=COC=C1,,0.0,0.0
O=CC1=CN(C2CCS(=O)(=O)C2)N=C1C1=COC=C1,,0.0,0.0
O=CC1=CN(C2CCS(=O)(=O)C2)N=C1C1=COC=C1,,0.0,0.0
O=CC1=CN(C2CCS(=O)(=O)C2)N=C1C1=COC=C1,,0.0,0.0
O=CC1=CN(C2CCS(=O)(=O)C2)N=C1C1=COC=C1,,0.0,0.0
O=CC1=CN(C2CCS(=O)(=O)C2)N=C1C1=COC=C1,,0.0,0.0
O=CC1=CN(C2CCS(=O)(=O)C2)N=C1C1=COC=C1,,0.0,0.0
O=CC1=CN(C2CCS(=O)(=O)C2)N=C1C1=COC=C1,,0.0,0.0
O=CC1=CN(C2CCS(=O)(=O)C2)N=C1C1=COC=C1,,0.0,0.0
O=CC1=CN(C2CCS(=O)(=O)C2)N=C1C1=COC=C1,,0.0,0.0
CC1CCN(S(=O)(=O)C2=CC=C(C(=O)N3CCCC3C(=O)[O-])C=C2)CC1,,0.0,0.0
CC1CCN(S(=O)(=O)C2=CC=C(C(=O)N3CCCC3C(=O)[O-])C=C2)CC1,,0.0,0.0
CC1CCN(S(=O)(=O)C2=CC=C(C(=O)N3CCCC3C(=O)[O-])C=C2)CC1,,0.0,0.0
CC1CCN(S(=O)(=O)C2=CC=C(C(=O)N3CCCC3C(=O)[O-])C=C2)CC1,,0.0,0.0
CC1CCN(S(=O)(=O)C2=CC=C(C(=O)N3CCCC3C(=O)[O-])C=C2)CC1,,0.0,0.0
CC1CCN(S(=O)(=O)C2=CC=C(C(=O)N3CCCC3C(=O)[O-])C=C2)CC1,,0.0,0.0
CC1CCN(S(=O)(=O)C2=CC=C(C(=O)N3CCCC3C(=O)[O-])C=C2)CC1,,0.0,0.0
CC1CCN(S(=O)(=O)C2=CC=C(C(=O)N3CCCC3C(=O)[O-])C=C2)CC1,,0.0,0.0
CC1CCN(S(=O)(=O)C2=CC=C(C(=O)N3CCCC3C(=O)[O-])C=C2)CC1,,0.0,0.0
CC1CCN(S(=O)(=O)C2=CC=C(C(=O)N3CCCC3C(=O)[O-])C=C2)CC1,,0.0,0.0
CC1CCN(S(=O)(=O)C2=CC=C(C(=O)N3CCCC3C(=O)[O-])C=C2)CC1,,0.0,0.0
CC1CCN(S(=O)(=O)C2=CC=C(C(=O)N3CCCC3C(=O)[O-])C=C2)CC1,,0.0,0.0
CC1CCN(S(=O)(=O)C2=CC=C(C(=O)N3CCCC3C(=O)[O-])C=C2)CC1,,0.0,0.0
CC1CCN(S(=O)(=O)C2=CC=C(C(=O)N3CCCC3C(=O)[O-])C=C2)CC1,,0.0,0.0
CC1CCN(S(=O)(=O)C2=CC=C(C(=O)N3CCCC3C(=O)[O-])C=C2)CC1,,0.0,0.0
CC1CCN(S(=O)(=O)C2=CC=C(C(=O)N3CCCC3C(=O)[O-])C=C2)CC1,,0.0,0.0
CC1CCN(S(=O)(=O)C2=CC=C(C(=O)N3CCCC3C(=O)[O-])C=C2)CC1,,0.0,0.0
CC1CCN(S(=O)(=O)C2=CC=C(C(=O)N3CCCC3C(=O)[O-])C=C2)CC1,,0.0,0.0
CC1CCN(S(=O)(=O)C2=CC=C(C(=O)N3CCCC3C(=O)[O-])C=C2)CC1,,0.0,0.0
CC1CCN(S(=O)(=O)C2=CC=C(C(=O)N3CCCC3C(=O)[O-])C=C2)CC1,,0.0,0.0
CSC1=NN2C(=N1)N=C1CCCC(=O)C1C2C1=C(C)C=CS1,CC1=C2C(COC(C)(C)O2)=C(C(CC3=C(COC(C)(C)O4)C4=C(C)N=C3)(C)C)C=N1,0.075,0.714208444238621
CSC1=NN2C(=N1)N=C1CCCC(=O)C1C2C1=C(C)C=CS1,CC1=C2C(COC(C)(C)O2)=C(C(CC3=C(COC(C)(C)O4)C4=C(C)N=C3)(C)C)C=N1,0.075,0.714208444238621
CSC1=NN2C(=N1)N=C1CCCC(=O)C1C2C1=C(C)C=CS1,,0.0,0.0
CSC1=NN2C(=N1)N=C1CCCC(=O)C1C2C1=C(C)C=CS1,CC1=C2C(COC(C)(C)O2)=C(C(CC3=C(COC(C)(C)O4)C4=C(C)N=C3)(C)C)C=N1,0.075,0.714208444238621
CSC1=NN2C(=N1)N=C1CCCC(=O)C1C2C1=C(C)C=CS1,CC1=C2C(COC(C)(C)O2)=C(C(CC3=C(COC(C)(C)O4)C4=C(C)N=C3)(C)C)C=N1,0.075,0.714208444238621
CSC1=NN2C(=N1)N=C1CCCC(=O)C1C2C1=C(C)C=CS1,CC1=C2C(COC(C)(C)O2)=C(C(CC3=C(COC(C)(C)O4)C4=C(C)N=C3)(C)C)C=N1,0.075,0.714208444238621
CSC1=NN2C(=N1)N=C1CCCC(=O)C1C2C1=C(C)C=CS1,,0.0,0.0
CSC1=NN2C(=N1)N=C1CCCC(=O)C1C2C1=C(C)C=CS1,CC1=C2C(COC(C)(C)O2)=C(C(CC3=C(COC(C)(C)O4)C4=C(C)N=C3)(C)C)C=N1,0.075,0.714208444238621
CSC1=NN2C(=N1)N=C1CCCC(=O)C1C2C1=C(C)C=CS1,CC1=C2C(COC(C)(C)O2)=C(C(CC3=C(COC(C)(C)O4)C4=C(C)N=C3)(C)C)C=N1,0.075,0.714208444238621
CSC1=NN2C(=N1)N=C1CCCC(=O)C1C2C1=C(C)C=CS1,CC1=C2C(COC(C)(C)O2)=C(C(CC3=C(COC(C)(C)O4)C4=C(C)N=C3)(C)C)C=N1,0.075,0.714208444238621
CSC1=NN2C(=N1)N=C1CCCC(=O)C1C2C1=C(C)C=CS1,CC1=C2C(COC(C)(C)O2)=C(C(CC3=C(COC(C)(C)O4)C4=C(C)N=C3)(C)C)C=N1,0.075,0.714208444238621
CSC1=NN2C(=N1)N=C1CCCC(=O)C1C2C1=C(C)C=CS1,CC1=C2C(COC(C)(C)O2)=C(C(CC3=C(COC(C)(C)O4)C4=C(C)N=C3)(C)C)C=N1,0.075,0.714208444238621
CSC1=NN2C(=N1)N=C1CCCC(=O)C1C2C1=C(C)C=CS1,CC1=C2C(COC(C)(C)O2)=C(C(CC3=C(COC(C)(C)O4)C4=C(C)N=C3)(C)C)C=N1,0.075,0.714208444238621
CSC1=NN2C(=N1)N=C1CCCC(=O)C1C2C1=C(C)C=CS1,CC1=C2C(COC(C)(C)O2)=C(C(CC3=C(COC(C)(C)O4)C4=C(C)N=C3)(C)C)C=N1,0.075,0.714208444238621
CSC1=NN2C(=N1)N=C1CCCC(=O)C1C2C1=C(C)C=CS1,CC1=C2C(COC(C)(C)O2)=C(C(CC3=C(COC(C)(C)O4)C4=C(C)N=C3)(C)C)C=N1,0.075,0.714208444238621
CSC1=NN2C(=N1)N=C1CCCC(=O)C1C2C1=C(C)C=CS1,CC1=C2C(COC(C)(C)O2)=C(C(CC3=C(COC(C)(C)O4)C4=C(C)N=C3)(C)C)C=N1,0.075,0.714208444238621
CSC1=NN2C(=N1)N=C1CCCC(=O)C1C2C1=C(C)C=CS1,,0.0,0.0
CSC1=NN2C(=N1)N=C1CCCC(=O)C1C2C1=C(C)C=CS1,CC1=C2C(COC(C)(C)O2)=C(C(CC3=C(COC(C)(C)O4)C4=C(C)N=C3)(C)C)C=N1,0.075,0.714208444238621
CSC1=NN2C(=N1)N=C1CCCC(=O)C1C2C1=C(C)C=CS1,CC1=C2C(COC(C)(C)O2)=C(C(CC3=C(COC(C)(C)O4)C4=C(C)N=C3)(C)C)C=N1,0.075,0.714208444238621
CSC1=NN2C(=N1)N=C1CCCC(=O)C1C2C1=C(C)C=CS1,,0.0,0.0
O=C(C1=CC=C(Cl)C=C1)N1CCC(CN2C=NC3=CC=CC=C32)CC1,CCCCCCCCCCCC(OC1=NC=CC=C1)=O,0.16417910447761194,0.4260075772364941
O=C(C1=CC=C(Cl)C=C1)N1CCC(CN2C=NC3=CC=CC=C32)CC1,CCCCCCCCCCCC(OC1=NC=CC=C1)=O,0.16417910447761194,0.4260075772364941
O=C(C1=CC=C(Cl)C=C1)N1CCC(CN2C=NC3=CC=CC=C32)CC1,CCCCCCCCCCCC(OC1=NC=CC=C1)=O,0.16417910447761194,0.4260075772364941
O=C(C1=CC=C(Cl)C=C1)N1CCC(CN2C=NC3=CC=CC=C32)CC1,CCCCCCCCCCCC(OC1=NC=CC=C1)=O,0.16417910447761194,0.4260075772364941
O=C(C1=CC=C(Cl)C=C1)N1CCC(CN2C=NC3=CC=CC=C32)CC1,CCCCCCCCCCCC(OC1=NC=CC=C1)=O,0.16417910447761194,0.4260075772364941
O=C(C1=CC=C(Cl)C=C1)N1CCC(CN2C=NC3=CC=CC=C32)CC1,,0.0,0.0
O=C(C1=CC=C(Cl)C=C1)N1CCC(CN2C=NC3=CC=CC=C32)CC1,CCCCCCCCCCCC(OC1=NC=CC=C1)=O,0.16417910447761194,0.4260075772364941
O=C(C1=CC=C(Cl)C=C1)N1CCC(CN2C=NC3=CC=CC=C32)CC1,CCCCCCCCCCCC(OC1=NC=CC=C1)=O,0.16417910447761194,0.4260075772364941
O=C(C1=CC=C(Cl)C=C1)N1CCC(CN2C=NC3=CC=CC=C32)CC1,CCCCCCCCCCCC(OC1=NC=CC=C1)=O,0.16417910447761194,0.4260075772364941
O=C(C1=CC=C(Cl)C=C1)N1CCC(CN2C=NC3=CC=CC=C32)CC1,CCCCCCCCCCCC(OC1=NC=CC=C1)=O,0.16417910447761194,0.4260075772364941
O=C(C1=CC=C(Cl)C=C1)N1CCC(CN2C=NC3=CC=CC=C32)CC1,CCCCCCCCCCCC(OC1=NC=CC=C1)=O,0.16417910447761194,0.4260075772364941
O=C(C1=CC=C(Cl)C=C1)N1CCC(CN2C=NC3=CC=CC=C32)CC1,CCCCCCCCCCCC(OC1=NC=CC=C1)=O,0.16417910447761194,0.4260075772364941
O=C(C1=CC=C(Cl)C=C1)N1CCC(CN2C=NC3=CC=CC=C32)CC1,CCCCCCCCCCCC(OC1=NC=CC=C1)=O,0.16417910447761194,0.4260075772364941
O=C(C1=CC=C(Cl)C=C1)N1CCC(CN2C=NC3=CC=CC=C32)CC1,CCCCCCCCCCCC(OC1=NC=CC=C1)=O,0.16417910447761194,0.4260075772364941
O=C(C1=CC=C(Cl)C=C1)N1CCC(CN2C=NC3=CC=CC=C32)CC1,CCCCCCCCCCCC(OC1=NC=CC=C1)=O,0.16417910447761194,0.4260075772364941
O=C(C1=CC=C(Cl)C=C1)N1CCC(CN2C=NC3=CC=CC=C32)CC1,CCCCCCCCCCCC(OC1=NC=CC=C1)=O,0.16417910447761194,0.4260075772364941
O=C(C1=CC=C(Cl)C=C1)N1CCC(CN2C=NC3=CC=CC=C32)CC1,CCCCCCCCCCC(OC1=NC=CC=C1)=O,0.16417910447761194,0.4600379261906965
O=C(C1=CC=C(Cl)C=C1)N1CCC(CN2C=NC3=CC=CC=C32)CC1,CCCCCCCCCCCC(OC1=NC=CC=C1)=O,0.16417910447761194,0.4260075772364941
O=C(C1=CC=C(Cl)C=C1)N1CCC(CN2C=NC3=CC=CC=C32)CC1,,0.0,0.0
O=C(C1=CC=C(Cl)C=C1)N1CCC(CN2C=NC3=CC=CC=C32)CC1,CCCCCCCCCCCC(OC1=NC=CC=C1)=O,0.16417910447761194,0.4260075772364941
CN(CC1=NC2=C(C=NN2C)C(=O)N1)CC1=CC=CO1,,0.0,0.0
CN(CC1=NC2=C(C=NN2C)C(=O)N1)CC1=CC=CO1,,0.0,0.0
CN(CC1=NC2=C(C=NN2C)C(=O)N1)CC1=CC=CO1,,0.0,0.0
CN(CC1=NC2=C(C=NN2C)C(=O)N1)CC1=CC=CO1,,0.0,0.0
CN(CC1=NC2=C(C=NN2C)C(=O)N1)CC1=CC=CO1,CCCCCCCCCCCC(OC1=NC=CC=C1)=O,0.11428571428571428,0.4260075772364941
CN(CC1=NC2=C(C=NN2C)C(=O)N1)CC1=CC=CO1,,0.0,0.0
CN(CC1=NC2=C(C=NN2C)C(=O)N1)CC1=CC=CO1,CCCCCCCCCCCC(OC1=NC=CC=C1)=O,0.11428571428571428,0.4260075772364941
CN(CC1=NC2=C(C=NN2C)C(=O)N1)CC1=CC=CO1,,0.0,0.0
CN(CC1=NC2=C(C=NN2C)C(=O)N1)CC1=CC=CO1,,0.0,0.0
CN(CC1=NC2=C(C=NN2C)C(=O)N1)CC1=CC=CO1,,0.0,0.0
CN(CC1=NC2=C(C=NN2C)C(=O)N1)CC1=CC=CO1,,0.0,0.0
CN(CC1=NC2=C(C=NN2C)C(=O)N1)CC1=CC=CO1,CCCCCCCCCCCC(OC1=NC=CC=C1)=O,0.11428571428571428,0.4260075772364941
CN(CC1=NC2=C(C=NN2C)C(=O)N1)CC1=CC=CO1,CCCCCCCCCCCC(OC1=NC=CC=C1)=O,0.11428571428571428,0.4260075772364941
CN(CC1=NC2=C(C=NN2C)C(=O)N1)CC1=CC=CO1,CCCCCCCCCCCC(OC1=NC=CC=C1)=O,0.11428571428571428,0.4260075772364941
CN(CC1=NC2=C(C=NN2C)C(=O)N1)CC1=CC=CO1,,0.0,0.0
CN(CC1=NC2=C(C=NN2C)C(=O)N1)CC1=CC=CO1,CCCCCCCCCCCC(OC1=NC=CC=C1)=O,0.11428571428571428,0.4260075772364941
CN(CC1=NC2=C(C=NN2C)C(=O)N1)CC1=CC=CO1,CCCCCCCCCCCC(OC1=NC=CC=C1)=O,0.11428571428571428,0.4260075772364941
CN(CC1=NC2=C(C=NN2C)C(=O)N1)CC1=CC=CO1,,0.0,0.0
CN(CC1=NC2=C(C=NN2C)C(=O)N1)CC1=CC=CO1,CCCCCCCCCCCC(OC1=NC=CC=C1)=O,0.11428571428571428,0.4260075772364941
CN(CC1=NC2=C(C=NN2C)C(=O)N1)CC1=CC=CO1,CCCCCCCCCCCC(OC1=NC=CC=C1)=O,0.11428571428571428,0.4260075772364941
CC1CCC2=NC3=CC=CC=C3C(C(=O)OCC(=O)NC3CCS(=O)(=O)C3)=C2C1,,0.0,0.0
CC1CCC2=NC3=CC=CC=C3C(C(=O)OCC(=O)NC3CCS(=O)(=O)C3)=C2C1,CCCCCCCCCC(C)(CC1=C(C)C(OC(C)=O)=C(C)N=C1)C,0.0989010989010989,0.34648454331069145
CC1CCC2=NC3=CC=CC=C3C(C(=O)OCC(=O)NC3CCS(=O)(=O)C3)=C2C1,,0.0,0.0
CC1CCC2=NC3=CC=CC=C3C(C(=O)OCC(=O)NC3CCS(=O)(=O)C3)=C2C1,CCCCCCCCCC(C)(CC1=C(C)C(OC(C)=O)=C(C)N=C1)C,0.0989010989010989,0.34648454331069145
CC1CCC2=NC3=CC=CC=C3C(C(=O)OCC(=O)NC3CCS(=O)(=O)C3)=C2C1,CCCCCCCCCC(C)(CC1=C(C)C(OC(C)=O)=C(C)N=C1)C,0.0989010989010989,0.34648454331069145
CC1CCC2=NC3=CC=CC=C3C(C(=O)OCC(=O)NC3CCS(=O)(=O)C3)=C2C1,,0.0,0.0
CC1CCC2=NC3=CC=CC=C3C(C(=O)OCC(=O)NC3CCS(=O)(=O)C3)=C2C1,CCCCCCCCCC(C)(CC1=C(C)C(OC(C)=O)=C(C)N=C1)C,0.0989010989010989,0.34648454331069145
CC1CCC2=NC3=CC=CC=C3C(C(=O)OCC(=O)NC3CCS(=O)(=O)C3)=C2C1,CCCCCCCCCC(C)(CC1=C(C)C(OC(C)=O)=C(C)N=C1)C,0.0989010989010989,0.34648454331069145
CC1CCC2=NC3=CC=CC=C3C(C(=O)OCC(=O)NC3CCS(=O)(=O)C3)=C2C1,C(CCO)(CCCCCCCCCCC(OC)=O)CCCCCCCCCCCC,0.08536585365853659,0.12447011902810967
CC1CCC2=NC3=CC=CC=C3C(C(=O)OCC(=O)NC3CCS(=O)(=O)C3)=C2C1,,0.0,0.0
CC1CCC2=NC3=CC=CC=C3C(C(=O)OCC(=O)NC3CCS(=O)(=O)C3)=C2C1,C(CCO)(CCCCCCCCCCC(OC)=O)CCCCCCCCCCCC,0.08536585365853659,0.12447011902810967
CC1CCC2=NC3=CC=CC=C3C(C(=O)OCC(=O)NC3CCS(=O)(=O)C3)=C2C1,,0.0,0.0
CC1CCC2=NC3=CC=CC=C3C(C(=O)OCC(=O)NC3CCS(=O)(=O)C3)=C2C1,CCCCCCCCCC(C)(CC1=C(C)C(OC(C)=O)=C(C)N=C1)C,0.0989010989010989,0.34648454331069145
CC1CCC2=NC3=CC=CC=C3C(C(=O)OCC(=O)NC3CCS(=O)(=O)C3)=C2C1,,0.0,0.0
CC1CCC2=NC3=CC=CC=C3C(C(=O)OCC(=O)NC3CCS(=O)(=O)C3)=C2C1,CCCCCCCCCC(C)(CC1=C(C)C(OC(C)=O)=C(C)N=C1)C,0.0989010989010989,0.34648454331069145
CC1CCC2=NC3=CC=CC=C3C(C(=O)OCC(=O)NC3CCS(=O)(=O)C3)=C2C1,,0.0,0.0
CC1CCC2=NC3=CC=CC=C3C(C(=O)OCC(=O)NC3CCS(=O)(=O)C3)=C2C1,,0.0,0.0
CC1CCC2=NC3=CC=CC=C3C(C(=O)OCC(=O)NC3CCS(=O)(=O)C3)=C2C1,,0.0,0.0
CC1CCC2=NC3=CC=CC=C3C(C(=O)OCC(=O)NC3CCS(=O)(=O)C3)=C2C1,,0.0,0.0
CC1CCC2=NC3=CC=CC=C3C(C(=O)OCC(=O)NC3CCS(=O)(=O)C3)=C2C1,CCCCCCCCCC(C)(CC1=C(C)C(OC(C)=O)=C(C)N=C1)C,0.0989010989010989,0.34648454331069145
CC1=CC=C(S(=O)(=O)N2CCN(C(=O)C3CCCCC3C(=O)[O-])CC2)C=C1C,C(C)(CCCCCCCCCCC(OC)=O)CC2=CC=C(C(C)(C)C)C=N2,0.10256410256410256,0.2867045462379988
CC1=CC=C(S(=O)(=O)N2CCN(C(=O)C3CCCCC3C(=O)[O-])CC2)C=C1C,C(C)(CCCCCCCCCCC(OC)=O)CC2=CC=C(C(C)(C)C)C=N2,0.10256410256410256,0.2867045462379988
CC1=CC=C(S(=O)(=O)N2CCN(C(=O)C3CCCCC3C(=O)[O-])CC2)C=C1C,C(C)(CCCCCCCCCCC(OC)=O)CC2=CC=C(C(C)(C)C)C=N2,0.10256410256410256,0.2867045462379988
CC1=CC=C(S(=O)(=O)N2CCN(C(=O)C3CCCCC3C(=O)[O-])CC2)C=C1C,C(C)(CCCCCCCCCCC(OC)=O)CC2=CC=C(C(C)(C)C)C=N2,0.10256410256410256,0.2867045462379988
CC1=CC=C(S(=O)(=O)N2CCN(C(=O)C3CCCCC3C(=O)[O-])CC2)C=C1C,C(C)(CCCCCCCCCCC(OC)=O)CC2=CC=C(C(C)(C)C)C=N2,0.10256410256410256,0.2867045462379988
CC1=CC=C(S(=O)(=O)N2CCN(C(=O)C3CCCCC3C(=O)[O-])CC2)C=C1C,C(C)(CCCCCCCCCCC(OC)=O)CC2=CC=C(C(C)(C)C)C=N2,0.10256410256410256,0.2867045462379988
CC1=CC=C(S(=O)(=O)N2CCN(C(=O)C3CCCCC3C(=O)[O-])CC2)C=C1C,C(C)(CCCCCCCCCCC(OC)=O)CC2=CC=C(C(C)(C)C)C=N2,0.10256410256410256,0.2867045462379988
CC1=CC=C(S(=O)(=O)N2CCN(C(=O)C3CCCCC3C(=O)[O-])CC2)C=C1C,C(C)(CCCCCCCCCCC(OC)=O)CC2=CC=C(C(C)(C)C)C=N2,0.10256410256410256,0.2867045462379988
CC1=CC=C(S(=O)(=O)N2CCN(C(=O)C3CCCCC3C(=O)[O-])CC2)C=C1C,C(C)(CCCCCCCCCCC(OC)=O)CC2=CC=C(C(C)(C)C)C=N2,0.10256410256410256,0.2867045462379988
CC1=CC=C(S(=O)(=O)N2CCN(C(=O)C3CCCCC3C(=O)[O-])CC2)C=C1C,C(C)(CCCCCCCCCCC(OC)=O)CC2=CC=C(C(C)(C)C)C=N2,0.10256410256410256,0.2867045462379988
CC1=CC=C(S(=O)(=O)N2CCN(C(=O)C3CCCCC3C(=O)[O-])CC2)C=C1C,C(C)(CCCCCCCCCCC(OC)=O)CC2=CC=C(C(C)(C)C)C=N2,0.10256410256410256,0.2867045462379988
CC1=CC=C(S(=O)(=O)N2CCN(C(=O)C3CCCCC3C(=O)[O-])CC2)C=C1C,C(C)(CCCCCCCCCCC(OC)=O)CC2=CC=C(C(C)(C)C)C=N2,0.10256410256410256,0.2867045462379988
CC1=CC=C(S(=O)(=O)N2CCN(C(=O)C3CCCCC3C(=O)[O-])CC2)C=C1C,C(C)(CCCCCCCCCCC(OC)=O)CC2=CC=C(C(C)(C)C)C=N2,0.10256410256410256,0.2867045462379988
CC1=CC=C(S(=O)(=O)N2CCN(C(=O)C3CCCCC3C(=O)[O-])CC2)C=C1C,C(C)(CCCCCCCCCCC(OC)=O)CC2=CC=C(C(C)(C)C)C=N2,0.10256410256410256,0.2867045462379988
CC1=CC=C(S(=O)(=O)N2CCN(C(=O)C3CCCCC3C(=O)[O-])CC2)C=C1C,C(C)(CCCCCCCCCCC(OC)=O)CC2=CC=C(C(C)(C)C)C=N2,0.10256410256410256,0.2867045462379988
CC1=CC=C(S(=O)(=O)N2CCN(C(=O)C3CCCCC3C(=O)[O-])CC2)C=C1C,C(C)(CCCCCCCCCCC(OC)=O)CC2=CC=C(C(C)(C)C)C=N2,0.10256410256410256,0.2867045462379988
CC1=CC=C(S(=O)(=O)N2CCN(C(=O)C3CCCCC3C(=O)[O-])CC2)C=C1C,C(C)(CCCCCCCCCCC(OC)=O)CC2=CC=C(C(C)(C)C)C=N2,0.10256410256410256,0.2867045462379988
CC1=CC=C(S(=O)(=O)N2CCN(C(=O)C3CCCCC3C(=O)[O-])CC2)C=C1C,C(C)(CCCCCCCCCCC(OC)=O)CC2=CC=C(C(C)(C)C)C=N2,0.10256410256410256,0.2867045462379988
CC1=CC=C(S(=O)(=O)N2CCN(C(=O)C3CCCCC3C(=O)[O-])CC2)C=C1C,C(C)(CCCCCCCCCCC(OC)=O)CC2=CC=C(C(C)(C)C)C=N2,0.10256410256410256,0.2867045462379988
CC1=CC=C(S(=O)(=O)N2CCN(C(=O)C3CCCCC3C(=O)[O-])CC2)C=C1C,C(C)(CCCCCCCCCCC(OC)=O)CC2=CC=C(C(C)(C)C)C=N2,0.10256410256410256,0.2867045462379988
COC1=CC=C(C=NN2CCN(CC3=CC=CC=C3)CC2)C=C1,,0.0,0.0
COC1=CC=C(C=NN2CCN(CC3=CC=CC=C3)CC2)C=C1,,0.0,0.0
COC1=CC=C(C=NN2CCN(CC3=CC=CC=C3)CC2)C=C1,,0.0,0.0
COC1=CC=C(C=NN2CCN(CC3=CC=CC=C3)CC2)C=C1,,0.0,0.0
COC1=CC=C(C=NN2CCN(CC3=CC=CC=C3)CC2)C=C1,,0.0,0.0
COC1=CC=C(C=NN2CCN(CC3=CC=CC=C3)CC2)C=C1,,0.0,0.0
COC1=CC=C(C=NN2CCN(CC3=CC=CC=C3)CC2)C=C1,,0.0,0.0
COC1=CC=C(C=NN2CCN(CC3=CC=CC=C3)CC2)C=C1,,0.0,0.0
COC1=CC=C(C=NN2CCN(CC3=CC=CC=C3)CC2)C=C1,,0.0,0.0
COC1=CC=C(C=NN2CCN(CC3=CC=CC=C3)CC2)C=C1,,0.0,0.0
COC1=CC=C(C=NN2CCN(CC3=CC=CC=C3)CC2)C=C1,,0.0,0.0
COC1=CC=C(C=NN2CCN(CC3=CC=CC=C3)CC2)C=C1,,0.0,0.0
COC1=CC=C(C=NN2CCN(CC3=CC=CC=C3)CC2)C=C1,,0.0,0.0
COC1=CC=C(C=NN2CCN(CC3=CC=CC=C3)CC2)C=C1,,0.0,0.0
COC1=CC=C(C=NN2CCN(CC3=CC=CC=C3)CC2)C=C1,,0.0,0.0
COC1=CC=C(C=NN2CCN(CC3=CC=CC=C3)CC2)C=C1,,0.0,0.0
COC1=CC=C(C=NN2CCN(CC3=CC=CC=C3)CC2)C=C1,,0.0,0.0
COC1=CC=C(C=NN2CCN(CC3=CC=CC=C3)CC2)C=C1,,0.0,0.0
COC1=CC=C(C=NN2CCN(CC3=CC=CC=C3)CC2)C=C1,,0.0,0.0
COC1=CC=C(C=NN2CCN(CC3=CC=CC=C3)CC2)C=C1,,0.0,0.0
O=C(NCCC1=NC=CN1CC1=CC=CC=C1)NC1CCCC1CO,,0.0,0.0
O=C(NCCC1=NC=CN1CC1=CC=CC=C1)NC1CCCC1CO,,0.0,0.0
O=C(NCCC1=NC=CN1CC1=CC=CC=C1)NC1CCCC1CO,,0.0,0.0
O=C(NCCC1=NC=CN1CC1=CC=CC=C1)NC1CCCC1CO,,0.0,0.0
O=C(NCCC1=NC=CN1CC1=CC=CC=C1)NC1CCCC1CO,,0.0,0.0
O=C(NCCC1=NC=CN1CC1=CC=CC=C1)NC1CCCC1CO,,0.0,0.0
O=C(NCCC1=NC=CN1CC1=CC=CC=C1)NC1CCCC1CO,,0.0,0.0
O=C(NCCC1=NC=CN1CC1=CC=CC=C1)NC1CCCC1CO,,0.0,0.0
O=C(NCCC1=NC=CN1CC1=CC=CC=C1)NC1CCCC1CO,,0.0,0.0
O=C(NCCC1=NC=CN1CC1=CC=CC=C1)NC1CCCC1CO,,0.0,0.0
O=C(NCCC1=NC=CN1CC1=CC=CC=C1)NC1CCCC1CO,,0.0,0.0
O=C(NCCC1=NC=CN1CC1=CC=CC=C1)NC1CCCC1CO,,0.0,0.0
O=C(NCCC1=NC=CN1CC1=CC=CC=C1)NC1CCCC1CO,,0.0,0.0
O=C(NCCC1=NC=CN1CC1=CC=CC=C1)NC1CCCC1CO,,0.0,0.0
O=C(NCCC1=NC=CN1CC1=CC=CC=C1)NC1CCCC1CO,CC1(C)OC2=C(C(C)(C)CCCCCCCC)N=C(CO)C(CO)=C2CO1,0.07954545454545454,0.5746101068415118
O=C(NCCC1=NC=CN1CC1=CC=CC=C1)NC1CCCC1CO,,0.0,0.0
O=C(NCCC1=NC=CN1CC1=CC=CC=C1)NC1CCCC1CO,,0.0,0.0
O=C(NCCC1=NC=CN1CC1=CC=CC=C1)NC1CCCC1CO,CC1(C)OC2=C(C(C)(C)CCCCCCCC)N=C(CO)C(CO)=C2CO1,0.07954545454545454,0.5746101068415118
O=C(NCCC1=NC=CN1CC1=CC=CC=C1)NC1CCCC1CO,,0.0,0.0
O=C(NCCC1=NC=CN1CC1=CC=CC=C1)NC1CCCC1CO,CC1(C)OC2=C(C(C)(C)CCCCCCCC)N=C(CO)C(CO)=C2CO1,0.07954545454545454,0.5746101068415118
CN1C=C(C(N)=O)C(NC(=O)C2=CC=C3SC=CC3=C2)=N1,,0.0,0.0
CN1C=C(C(N)=O)C(NC(=O)C2=CC=C3SC=CC3=C2)=N1,,0.0,0.0
CN1C=C(C(N)=O)C(NC(=O)C2=CC=C3SC=CC3=C2)=N1,,0.0,0.0
CN1C=C(C(N)=O)C(NC(=O)C2=CC=C3SC=CC3=C2)=N1,,0.0,0.0
CN1C=C(C(N)=O)C(NC(=O)C2=CC=C3SC=CC3=C2)=N1,,0.0,0.0
CN1C=C(C(N)=O)C(NC(=O)C2=CC=C3SC=CC3=C2)=N1,,0.0,0.0
CN1C=C(C(N)=O)C(NC(=O)C2=CC=C3SC=CC3=C2)=N1,,0.0,0.0
CN1C=C(C(N)=O)C(NC(=O)C2=CC=C3SC=CC3=C2)=N1,,0.0,0.0
CN1C=C(C(N)=O)C(NC(=O)C2=CC=C3SC=CC3=C2)=N1,,0.0,0.0
CN1C=C(C(N)=O)C(NC(=O)C2=CC=C3SC=CC3=C2)=N1,,0.0,0.0
CN1C=C(C(N)=O)C(NC(=O)C2=CC=C3SC=CC3=C2)=N1,,0.0,0.0
CN1C=C(C(N)=O)C(NC(=O)C2=CC=C3SC=CC3=C2)=N1,,0.0,0.0
CN1C=C(C(N)=O)C(NC(=O)C2=CC=C3SC=CC3=C2)=N1,,0.0,0.0
CN1C=C(C(N)=O)C(NC(=O)C2=CC=C3SC=CC3=C2)=N1,,0.0,0.0
CN1C=C(C(N)=O)C(NC(=O)C2=CC=C3SC=CC3=C2)=N1,,0.0,0.0
CN1C=C(C(N)=O)C(NC(=O)C2=CC=C3SC=CC3=C2)=N1,,0.0,0.0
CN1C=C(C(N)=O)C(NC(=O)C2=CC=C3SC=CC3=C2)=N1,,0.0,0.0
CN1C=C(C(N)=O)C(NC(=O)C2=CC=C3SC=CC3=C2)=N1,,0.0,0.0
CN1C=C(C(N)=O)C(NC(=O)C2=CC=C3SC=CC3=C2)=N1,,0.0,0.0
CN1C=C(C(N)=O)C(NC(=O)C2=CC=C3SC=CC3=C2)=N1,,0.0,0.0
O=C(NCC1=NC=CC2=CC=CC=C12)C1=CC=CNC1=O,,0.0,0.0
O=C(NCC1=NC=CC2=CC=CC=C12)C1=CC=CNC1=O,,0.0,0.0
O=C(NCC1=NC=CC2=CC=CC=C12)C1=CC=CNC1=O,,0.0,0.0
O=C(NCC1=NC=CC2=CC=CC=C12)C1=CC=CNC1=O,,0.0,0.0
O=C(NCC1=NC=CC2=CC=CC=C12)C1=CC=CNC1=O,,0.0,0.0
O=C(NCC1=NC=CC2=CC=CC=C12)C1=CC=CNC1=O,,0.0,0.0
O=C(NCC1=NC=CC2=CC=CC=C12)C1=CC=CNC1=O,,0.0,0.0
O=C(NCC1=NC=CC2=CC=CC=C12)C1=CC=CNC1=O,,0.0,0.0
O=C(NCC1=NC=CC2=CC=CC=C12)C1=CC=CNC1=O,,0.0,0.0
O=C(NCC1=NC=CC2=CC=CC=C12)C1=CC=CNC1=O,,0.0,0.0
O=C(NCC1=NC=CC2=CC=CC=C12)C1=CC=CNC1=O,,0.0,0.0
O=C(NCC1=NC=CC2=CC=CC=C12)C1=CC=CNC1=O,,0.0,0.0
O=C(NCC1=NC=CC2=CC=CC=C12)C1=CC=CNC1=O,,0.0,0.0
O=C(NCC1=NC=CC2=CC=CC=C12)C1=CC=CNC1=O,,0.0,0.0
O=C(NCC1=NC=CC2=CC=CC=C12)C1=CC=CNC1=O,,0.0,0.0
O=C(NCC1=NC=CC2=CC=CC=C12)C1=CC=CNC1=O,,0.0,0.0
O=C(NCC1=NC=CC2=CC=CC=C12)C1=CC=CNC1=O,,0.0,0.0
O=C(NCC1=NC=CC2=CC=CC=C12)C1=CC=CNC1=O,,0.0,0.0
O=C(NCC1=NC=CC2=CC=CC=C12)C1=CC=CNC1=O,,0.0,0.0
O=C(NCC1=NC=CC2=CC=CC=C12)C1=CC=CNC1=O,,0.0,0.0
CC(C)C1=CC=C(N(C(=O)C2=CC=C(Br)C=C2)C2C=CS(=O)(=O)C2)C=C1,,0.0,0.0
CC(C)C1=CC=C(N(C(=O)C2=CC=C(Br)C=C2)C2C=CS(=O)(=O)C2)C=C1,C(CC1=C(OC(C)(C)OC2)C2=C(CO)C(CO)=N1)(C/C=C/C#CC(C)(C)C)CC3=CC=CC4=CC=CC=C43,0.08080808080808081,0.3479060997562587
CC(C)C1=CC=C(N(C(=O)C2=CC=C(Br)C=C2)C2C=CS(=O)(=O)C2)C=C1,,0.0,0.0
CC(C)C1=CC=C(N(C(=O)C2=CC=C(Br)C=C2)C2C=CS(=O)(=O)C2)C=C1,C(CC1=C(OC(C)(C)OC2)C2=C(CO)C(CO)=N1)(C/C=C/C#CC(C)(C)C)CC3=CC=CC4=CC=CC=C43,0.08080808080808081,0.3479060997562587
CC(C)C1=CC=C(N(C(=O)C2=CC=C(Br)C=C2)C2C=CS(=O)(=O)C2)C=C1,C(CC1=C(OC(C)(C)OC2)C2=C(CO)C(CO)=N1)(C/C=C/C#CC(C)(C)C)CC3=CC=CC4=CC=CC=C43,0.08080808080808081,0.3479060997562587
CC(C)C1=CC=C(N(C(=O)C2=CC=C(Br)C=C2)C2C=CS(=O)(=O)C2)C=C1,C(CC1=C(OC(C)(C)OC2)C2=C(CO)C(CO)=N1)(C/C=C/C#CC(C)(C)C)CC3=CC=CC4=CC=CC=C43,0.08080808080808081,0.3479060997562587
CC(C)C1=CC=C(N(C(=O)C2=CC=C(Br)C=C2)C2C=CS(=O)(=O)C2)C=C1,C(CC1=C(OC(C)(C)OC2)C2=C(CO)C(CO)=N1)(C/C=C/C#CC(C)(C)C)CC3=CC=CC4=CC=CC=C43,0.08080808080808081,0.3479060997562587
CC(C)C1=CC=C(N(C(=O)C2=CC=C(Br)C=C2)C2C=CS(=O)(=O)C2)C=C1,C(CC1=C(OC(C)(C)OC2)C2=C(CO)C(CO)=N1)(C/C=C/C#CC(C)(C)C)CC3=CC=CC4=CC=CC=C43,0.08080808080808081,0.3479060997562587
CC(C)C1=CC=C(N(C(=O)C2=CC=C(Br)C=C2)C2C=CS(=O)(=O)C2)C=C1,C(CC1=C(OC(C)(C)OC2)C2=C(CO)C(CO)=N1)(C/C=C/C#CC(C)(C)C)CC3=CC=CC4=CC=CC=C43,0.08080808080808081,0.3479060997562587
CC(C)C1=CC=C(N(C(=O)C2=CC=C(Br)C=C2)C2C=CS(=O)(=O)C2)C=C1,,0.0,0.0
CC(C)C1=CC=C(N(C(=O)C2=CC=C(Br)C=C2)C2C=CS(=O)(=O)C2)C=C1,C(CC1=C(OC(C)(C)OC2)C2=C(CO)C(CO)=N1)(C/C=C/C#CC(C)(C)C)CC3=CC=CC4=CC=CC=C43,0.08080808080808081,0.3479060997562587
CC(C)C1=CC=C(N(C(=O)C2=CC=C(Br)C=C2)C2C=CS(=O)(=O)C2)C=C1,,0.0,0.0
CC(C)C1=CC=C(N(C(=O)C2=CC=C(Br)C=C2)C2C=CS(=O)(=O)C2)C=C1,C(CC1=C(OC(C)(C)OC2)C2=C(CO)C(CO)=N1)(C/C=C/C#CC(C)(C)C)CC3=CC=CC4=CC=CC=C43,0.08080808080808081,0.3479060997562587
CC(C)C1=CC=C(N(C(=O)C2=CC=C(Br)C=C2)C2C=CS(=O)(=O)C2)C=C1,,0.0,0.0
CC(C)C1=CC=C(N(C(=O)C2=CC=C(Br)C=C2)C2C=CS(=O)(=O)C2)C=C1,,0.0,0.0
CC(C)C1=CC=C(N(C(=O)C2=CC=C(Br)C=C2)C2C=CS(=O)(=O)C2)C=C1,C(CC1=C(OC(C)(C)OC2)C2=C(CO)C(CO)=N1)(C/C=C/C#CC(C)(C)C)CC3=CC=CC4=CC=CC=C43,0.08080808080808081,0.3479060997562587
CC(C)C1=CC=C(N(C(=O)C2=CC=C(Br)C=C2)C2C=CS(=O)(=O)C2)C=C1,C(CC1=C(OC(C)(C)OC2)C2=C(CO)C(CO)=N1)(C/C=C/C#CC(C)(C)C)CC3=CC=CC4=CC=CC=C43,0.08080808080808081,0.3479060997562587
CC(C)C1=CC=C(N(C(=O)C2=CC=C(Br)C=C2)C2C=CS(=O)(=O)C2)C=C1,C(CC1=C(OC(C)(C)OC2)C2=C(CO)C(CO)=N1)(C/C=C/C#CC(C)(C)C)CC3=CC=CC4=CC=CC=C43,0.08080808080808081,0.3479060997562587
CC(C)C1=CC=C(N(C(=O)C2=CC=C(Br)C=C2)C2C=CS(=O)(=O)C2)C=C1,C(CC1=C(OC(C)(C)OC2)C2=C(CO)C(CO)=N1)(C/C=C/C#CC(C)(C)C)CC3=CC=CC4=CC=CC=C43,0.08080808080808081,0.3479060997562587
CC(C)C1=CC=C(N(C(=O)C2=CC=C(Br)C=C2)C2C=CS(=O)(=O)C2)C=C1,C(CC1=C(OC(C)(C)OC2)C2=C(CO)C(CO)=N1)(C/C=C/C#CC(C)(C)C)CC3=CC=CC4=CC=CC=C43,0.08080808080808081,0.3479060997562587
COC1=CC=C(NC(=O)C2=CC=C(N3C(=O)CCS3(=O)=O)C=C2Cl)C=C1OC,CCCCCCCCCCCC(OC1=NC=CC=C1)=O,0.10526315789473684,0.4260075772364941
COC1=CC=C(NC(=O)C2=CC=C(N3C(=O)CCS3(=O)=O)C=C2Cl)C=C1OC,CCCCCCCCCCCC(OC1=NC=CC=C1)=O,0.10526315789473684,0.4260075772364941
COC1=CC=C(NC(=O)C2=CC=C(N3C(=O)CCS3(=O)=O)C=C2Cl)C=C1OC,CCCCCCCCCCCC(OC1=NC=CC=C1)=O,0.10526315789473684,0.4260075772364941
COC1=CC=C(NC(=O)C2=CC=C(N3C(=O)CCS3(=O)=O)C=C2Cl)C=C1OC,CCCCCCCCCCCC(OC1=NC=CC=C1)=O,0.10526315789473684,0.4260075772364941
COC1=CC=C(NC(=O)C2=CC=C(N3C(=O)CCS3(=O)=O)C=C2Cl)C=C1OC,CCCCCCCCCCCC(OC1=NC=CC=C1)=O,0.10526315789473684,0.4260075772364941
COC1=CC=C(NC(=O)C2=CC=C(N3C(=O)CCS3(=O)=O)C=C2Cl)C=C1OC,CCCCCCCCCCCC(OC1=NC=CC=C1)=O,0.10526315789473684,0.4260075772364941
COC1=CC=C(NC(=O)C2=CC=C(N3C(=O)CCS3(=O)=O)C=C2Cl)C=C1OC,CCCCCCCCCCCC(OC1=NC=CC=C1)=O,0.10526315789473684,0.4260075772364941
COC1=CC=C(NC(=O)C2=CC=C(N3C(=O)CCS3(=O)=O)C=C2Cl)C=C1OC,CCCCCCCCCCCC(OC1=NC=CC=C1)=O,0.10526315789473684,0.4260075772364941
COC1=CC=C(NC(=O)C2=CC=C(N3C(=O)CCS3(=O)=O)C=C2Cl)C=C1OC,CCCCCCCCCCCC(OC1=NC=CC=C1)=O,0.10526315789473684,0.4260075772364941
COC1=CC=C(NC(=O)C2=CC=C(N3C(=O)CCS3(=O)=O)C=C2Cl)C=C1OC,,0.0,0.0
COC1=CC=C(NC(=O)C2=CC=C(N3C(=O)CCS3(=O)=O)C=C2Cl)C=C1OC,CCCCCCCCCCCC(OC1=NC=CC=C1)=O,0.10526315789473684,0.4260075772364941
COC1=CC=C(NC(=O)C2=CC=C(N3C(=O)CCS3(=O)=O)C=C2Cl)C=C1OC,CCCCCCCCCCCC(OC1=NC=CC=C1)=O,0.10526315789473684,0.4260075772364941
COC1=CC=C(NC(=O)C2=CC=C(N3C(=O)CCS3(=O)=O)C=C2Cl)C=C1OC,,0.0,0.0
COC1=CC=C(NC(=O)C2=CC=C(N3C(=O)CCS3(=O)=O)C=C2Cl)C=C1OC,CCCCCCCCCCCC(OC1=NC=CC=C1)=O,0.10526315789473684,0.4260075772364941
COC1=CC=C(NC(=O)C2=CC=C(N3C(=O)CCS3(=O)=O)C=C2Cl)C=C1OC,CCCCCCCCCCCC(OC1=NC=CC=C1)=O,0.10526315789473684,0.4260075772364941
COC1=CC=C(NC(=O)C2=CC=C(N3C(=O)CCS3(=O)=O)C=C2Cl)C=C1OC,CCCCCCCCCCCC(OC1=NC=CC=C1)=O,0.10526315789473684,0.4260075772364941
COC1=CC=C(NC(=O)C2=CC=C(N3C(=O)CCS3(=O)=O)C=C2Cl)C=C1OC,CCCCCCCCCCCC(OC1=NC=CC=C1)=O,0.10526315789473684,0.4260075772364941
COC1=CC=C(NC(=O)C2=CC=C(N3C(=O)CCS3(=O)=O)C=C2Cl)C=C1OC,CCCCCCCCCCCC(OC1=NC=CC=C1)=O,0.10526315789473684,0.4260075772364941
COC1=CC=C(NC(=O)C2=CC=C(N3C(=O)CCS3(=O)=O)C=C2Cl)C=C1OC,CCCCCCCCCCCC(OC1=NC=CC=C1)=O,0.10526315789473684,0.4260075772364941
COC1=CC=C(NC(=O)C2=CC=C(N3C(=O)CCS3(=O)=O)C=C2Cl)C=C1OC,CCCCCCCCCCCC(OC1=NC=CC=C1)=O,0.10526315789473684,0.4260075772364941
COCCOC1=CC=CC(C[NH+]2CCC2(C)C)=C1,,0.0,0.0
COCCOC1=CC=CC(C[NH+]2CCC2(C)C)=C1,,0.0,0.0
COCCOC1=CC=CC(C[NH+]2CCC2(C)C)=C1,,0.0,0.0
COCCOC1=CC=CC(C[NH+]2CCC2(C)C)=C1,,0.0,0.0
COCCOC1=CC=CC(C[NH+]2CCC2(C)C)=C1,,0.0,0.0
COCCOC1=CC=CC(C[NH+]2CCC2(C)C)=C1,,0.0,0.0
COCCOC1=CC=CC(C[NH+]2CCC2(C)C)=C1,,0.0,0.0
COCCOC1=CC=CC(C[NH+]2CCC2(C)C)=C1,,0.0,0.0
COCCOC1=CC=CC(C[NH+]2CCC2(C)C)=C1,,0.0,0.0
COCCOC1=CC=CC(C[NH+]2CCC2(C)C)=C1,,0.0,0.0
COCCOC1=CC=CC(C[NH+]2CCC2(C)C)=C1,,0.0,0.0
COCCOC1=CC=CC(C[NH+]2CCC2(C)C)=C1,,0.0,0.0
COCCOC1=CC=CC(C[NH+]2CCC2(C)C)=C1,,0.0,0.0
COCCOC1=CC=CC(C[NH+]2CCC2(C)C)=C1,,0.0,0.0
COCCOC1=CC=CC(C[NH+]2CCC2(C)C)=C1,,0.0,0.0
COCCOC1=CC=CC(C[NH+]2CCC2(C)C)=C1,CCCCCCCCCCCCCC(C)(CC1=C(C)C(OC(C)=O)=C(C)N=C1)C,0.09722222222222222,0.22060217483200334
COCCOC1=CC=CC(C[NH+]2CCC2(C)C)=C1,,0.0,0.0
COCCOC1=CC=CC(C[NH+]2CCC2(C)C)=C1,,0.0,0.0
COCCOC1=CC=CC(C[NH+]2CCC2(C)C)=C1,,0.0,0.0
COCCOC1=CC=CC(C[NH+]2CCC2(C)C)=C1,,0.0,0.0
CC1=CC(C(O)CC2=CC=C(Br)S2)=C2C=CC=CC2=N1,,0.0,0.0
CC1=CC(C(O)CC2=CC=C(Br)S2)=C2C=CC=CC2=N1,,0.0,0.0
CC1=CC(C(O)CC2=CC=C(Br)S2)=C2C=CC=CC2=N1,,0.0,0.0
CC1=CC(C(O)CC2=CC=C(Br)S2)=C2C=CC=CC2=N1,,0.0,0.0
CC1=CC(C(O)CC2=CC=C(Br)S2)=C2C=CC=CC2=N1,,0.0,0.0
CC1=CC(C(O)CC2=CC=C(Br)S2)=C2C=CC=CC2=N1,,0.0,0.0
CC1=CC(C(O)CC2=CC=C(Br)S2)=C2C=CC=CC2=N1,,0.0,0.0
CC1=CC(C(O)CC2=CC=C(Br)S2)=C2C=CC=CC2=N1,,0.0,0.0
CC1=CC(C(O)CC2=CC=C(Br)S2)=C2C=CC=CC2=N1,,0.0,0.0
CC1=CC(C(O)CC2=CC=C(Br)S2)=C2C=CC=CC2=N1,,0.0,0.0
CC1=CC(C(O)CC2=CC=C(Br)S2)=C2C=CC=CC2=N1,,0.0,0.0
CC1=CC(C(O)CC2=CC=C(Br)S2)=C2C=CC=CC2=N1,,0.0,0.0
CC1=CC(C(O)CC2=CC=C(Br)S2)=C2C=CC=CC2=N1,,0.0,0.0
CC1=CC(C(O)CC2=CC=C(Br)S2)=C2C=CC=CC2=N1,,0.0,0.0
CC1=CC(C(O)CC2=CC=C(Br)S2)=C2C=CC=CC2=N1,,0.0,0.0
CC1=CC(C(O)CC2=CC=C(Br)S2)=C2C=CC=CC2=N1,,0.0,0.0
CC1=CC(C(O)CC2=CC=C(Br)S2)=C2C=CC=CC2=N1,,0.0,0.0
CC1=CC(C(O)CC2=CC=C(Br)S2)=C2C=CC=CC2=N1,,0.0,0.0
CC1=CC(C(O)CC2=CC=C(Br)S2)=C2C=CC=CC2=N1,,0.0,0.0
CC1=CC(C(O)CC2=CC=C(Br)S2)=C2C=CC=CC2=N1,,0.0,0.0
CC1=CC=C(CCNC(=O)C2=CC(C)=C3C(=O)NC([O-])=NC3=N2)C=C1,C(CCO)(CCO)CCCCCCCCCCSC1=NN=C(O1)C2=CC=C(C(C)(C)C)C=N2,0.0898876404494382,0.20069412505516868
CC1=CC=C(CCNC(=O)C2=CC(C)=C3C(=O)NC([O-])=NC3=N2)C=C1,C(CCO)(CCO)CCCCCCCCCCSC1=NN=C(O1)C2=CC=C(C(C)(C)C)C=N2,0.0898876404494382,0.20069412505516868
CC1=CC=C(CCNC(=O)C2=CC(C)=C3C(=O)NC([O-])=NC3=N2)C=C1,C(CCO)(CCO)CCCCCCCCCCSC1=NN=C(O1)C2=CC=C(C(C)(C)C)C=N2,0.0898876404494382,0.20069412505516868
CC1=CC=C(CCNC(=O)C2=CC(C)=C3C(=O)NC([O-])=NC3=N2)C=C1,C(CCO)(CCO)CCCCCCCCCCSC1=NN=C(O1)C2=CC=C(C(C)(C)C)C=N2,0.0898876404494382,0.20069412505516868
CC1=CC=C(CCNC(=O)C2=CC(C)=C3C(=O)NC([O-])=NC3=N2)C=C1,C(CCO)(CCO)CCCCCCCCCCSC1=NN=C(O1)C2=CC=C(C(C)(C)C)C=N2,0.0898876404494382,0.20069412505516868
CC1=CC=C(CCNC(=O)C2=CC(C)=C3C(=O)NC([O-])=NC3=N2)C=C1,C(CCO)(CCO)CCCCCCCCCCSC1=NN=C(O1)C2=CC=C(C(C)(C)C)C=N2,0.0898876404494382,0.20069412505516868
CC1=CC=C(CCNC(=O)C2=CC(C)=C3C(=O)NC([O-])=NC3=N2)C=C1,C(CCO)(CCO)CCCCCCCCCCSC1=NN=C(O1)C2=CC=C(C(C)(C)C)C=N2,0.0898876404494382,0.20069412505516868
CC1=CC=C(CCNC(=O)C2=CC(C)=C3C(=O)NC([O-])=NC3=N2)C=C1,C(CCO)(CCO)CCCCCCCCCCSC1=NN=C(O1)C2=CC=C(C(C)(C)C)C=N2,0.0898876404494382,0.20069412505516868
CC1=CC=C(CCNC(=O)C2=CC(C)=C3C(=O)NC([O-])=NC3=N2)C=C1,C(CCO)(CCO)CCCCCCCCCCSC1=NN=C(O1)C2=CC=C(C(C)(C)C)C=N2,0.0898876404494382,0.20069412505516868
CC1=CC=C(CCNC(=O)C2=CC(C)=C3C(=O)NC([O-])=NC3=N2)C=C1,C(CCO)(CCO)CCCCCCCCCCSC1=NN=C(O1)C2=CC=C(C(C)(C)C)C=N2,0.0898876404494382,0.20069412505516868
CC1=CC=C(CCNC(=O)C2=CC(C)=C3C(=O)NC([O-])=NC3=N2)C=C1,C(CCO)(CCO)CCCCCCCCCCSC1=NN=C(O1)C2=CC=C(C(C)(C)C)C=N2,0.0898876404494382,0.20069412505516868
CC1=CC=C(CCNC(=O)C2=CC(C)=C3C(=O)NC([O-])=NC3=N2)C=C1,C(CCO)(CCO)CCCCCCCCCCSC1=NN=C(O1)C2=CC=C(C(C)(C)C)C=N2,0.0898876404494382,0.20069412505516868
CC1=CC=C(CCNC(=O)C2=CC(C)=C3C(=O)NC([O-])=NC3=N2)C=C1,C(CCO)(CCO)CCCCCCCCCCSC1=NN=C(O1)C2=CC=C(C(C)(C)C)C=N2,0.0898876404494382,0.20069412505516868
CC1=CC=C(CCNC(=O)C2=CC(C)=C3C(=O)NC([O-])=NC3=N2)C=C1,C(CCO)(CCO)CCCCCCCCCCSC1=NN=C(O1)C2=CC=C(C(C)(C)C)C=N2,0.0898876404494382,0.20069412505516868
CC1=CC=C(CCNC(=O)C2=CC(C)=C3C(=O)NC([O-])=NC3=N2)C=C1,C(CCO)(CCO)CCCCCCCCCCSC1=NN=C(O1)C2=CC=C(C(C)(C)C)C=N2,0.0898876404494382,0.20069412505516868
CC1=CC=C(CCNC(=O)C2=CC(C)=C3C(=O)NC([O-])=NC3=N2)C=C1,C(CCO)(CCO)CCCCCCCCCCSC1=NN=C(O1)C2=CC=C(C(C)(C)C)C=N2,0.0898876404494382,0.20069412505516868
CC1=CC=C(CCNC(=O)C2=CC(C)=C3C(=O)NC([O-])=NC3=N2)C=C1,C(CCO)(CCO)CCCCCCCCCCSC1=NN=C(O1)C2=CC=C(C(C)(C)C)C=N2,0.0898876404494382,0.20069412505516868
CC1=CC=C(CCNC(=O)C2=CC(C)=C3C(=O)NC([O-])=NC3=N2)C=C1,C(CCO)(CCO)CCCCCCCCCCSC1=NN=C(O1)C2=CC=C(C(C)(C)C)C=N2,0.0898876404494382,0.20069412505516868
CC1=CC=C(CCNC(=O)C2=CC(C)=C3C(=O)NC([O-])=NC3=N2)C=C1,C(CCO)(CCO)CCCCCCCCCCSC1=NN=C(O1)C2=CC=C(C(C)(C)C)C=N2,0.0898876404494382,0.20069412505516868
CC1=CC=C(CCNC(=O)C2=CC(C)=C3C(=O)NC([O-])=NC3=N2)C=C1,C(CCO)(CCO)CCCCCCCCCCSC1=NN=C(O1)C2=CC=C(C(C)(C)C)C=N2,0.0898876404494382,0.20069412505516868
CC1=CC=C(N2C=CN=C2SCC(=O)N(CC(N)=O)C(C)C)C=C1C,C(CCCCCCCCCCCCCCCCCC1=NC=CC=C1)=O,0.11428571428571428,0.2103422485342019
CC1=CC=C(N2C=CN=C2SCC(=O)N(CC(N)=O)C(C)C)C=C1C,,0.0,0.0
CC1=CC=C(N2C=CN=C2SCC(=O)N(CC(N)=O)C(C)C)C=C1C,C(CCCCCCCCCCCCCCCCCC1=NC=CC=C1)=O,0.11428571428571428,0.2103422485342019
CC1=CC=C(N2C=CN=C2SCC(=O)N(CC(N)=O)C(C)C)C=C1C,C(CCCCCCCCCCCCCCCCCC1=NC=CC=C1)=O,0.11428571428571428,0.2103422485342019
CC1=CC=C(N2C=CN=C2SCC(=O)N(CC(N)=O)C(C)C)C=C1C,,0.0,0.0
CC1=CC=C(N2C=CN=C2SCC(=O)N(CC(N)=O)C(C)C)C=C1C,,0.0,0.0
CC1=CC=C(N2C=CN=C2SCC(=O)N(CC(N)=O)C(C)C)C=C1C,C(CCCCCCCCCCCCCCCCCCNC(CCCCCCCCCCCCCCCCCCS)(C)C)=O,0.05263157894736842,0.04068149889165836
CC1=CC=C(N2C=CN=C2SCC(=O)N(CC(N)=O)C(C)C)C=C1C,C(CCCCCCCCCCCCCCCCCC1=NC=CC=C1)=O,0.11428571428571428,0.2103422485342019
CC1=CC=C(N2C=CN=C2SCC(=O)N(CC(N)=O)C(C)C)C=C1C,,0.0,0.0
CC1=CC=C(N2C=CN=C2SCC(=O)N(CC(N)=O)C(C)C)C=C1C,,0.0,0.0
CC1=CC=C(N2C=CN=C2SCC(=O)N(CC(N)=O)C(C)C)C=C1C,,0.0,0.0
CC1=CC=C(N2C=CN=C2SCC(=O)N(CC(N)=O)C(C)C)C=C1C,,0.0,0.0
CC1=CC=C(N2C=CN=C2SCC(=O)N(CC(N)=O)C(C)C)C=C1C,,0.0,0.0
CC1=CC=C(N2C=CN=C2SCC(=O)N(CC(N)=O)C(C)C)C=C1C,,0.0,0.0
CC1=CC=C(N2C=CN=C2SCC(=O)N(CC(N)=O)C(C)C)C=C1C,,0.0,0.0
CC1=CC=C(N2C=CN=C2SCC(=O)N(CC(N)=O)C(C)C)C=C1C,,0.0,0.0
CC1=CC=C(N2C=CN=C2SCC(=O)N(CC(N)=O)C(C)C)C=C1C,,0.0,0.0
CC1=CC=C(N2C=CN=C2SCC(=O)N(CC(N)=O)C(C)C)C=C1C,,0.0,0.0
CC1=CC=C(N2C=CN=C2SCC(=O)N(CC(N)=O)C(C)C)C=C1C,,0.0,0.0
CC1=CC=C(N2C=CN=C2SCC(=O)N(CC(N)=O)C(C)C)C=C1C,C(CCCCCCCCCCCC(OC)=O)CC2=CC=C(C(C)(C)C)C=N2,0.12987012987012986,0.26573699541100976
[NH3+]C1CCCC([NH+]2CCC(C3=CC=CC=C3)C2)C1,,0.0,0.0
[NH3+]C1CCCC([NH+]2CCC(C3=CC=CC=C3)C2)C1,,0.0,0.0
[NH3+]C1CCCC([NH+]2CCC(C3=CC=CC=C3)C2)C1,,0.0,0.0
[NH3+]C1CCCC([NH+]2CCC(C3=CC=CC=C3)C2)C1,,0.0,0.0
[NH3+]C1CCCC([NH+]2CCC(C3=CC=CC=C3)C2)C1,,0.0,0.0
[NH3+]C1CCCC([NH+]2CCC(C3=CC=CC=C3)C2)C1,,0.0,0.0
[NH3+]C1CCCC([NH+]2CCC(C3=CC=CC=C3)C2)C1,,0.0,0.0
[NH3+]C1CCCC([NH+]2CCC(C3=CC=CC=C3)C2)C1,,0.0,0.0
[NH3+]C1CCCC([NH+]2CCC(C3=CC=CC=C3)C2)C1,,0.0,0.0
[NH3+]C1CCCC([NH+]2CCC(C3=CC=CC=C3)C2)C1,,0.0,0.0
[NH3+]C1CCCC([NH+]2CCC(C3=CC=CC=C3)C2)C1,,0.0,0.0
[NH3+]C1CCCC([NH+]2CCC(C3=CC=CC=C3)C2)C1,,0.0,0.0
[NH3+]C1CCCC([NH+]2CCC(C3=CC=CC=C3)C2)C1,,0.0,0.0
[NH3+]C1CCCC([NH+]2CCC(C3=CC=CC=C3)C2)C1,,0.0,0.0
[NH3+]C1CCCC([NH+]2CCC(C3=CC=CC=C3)C2)C1,,0.0,0.0
[NH3+]C1CCCC([NH+]2CCC(C3=CC=CC=C3)C2)C1,,0.0,0.0
[NH3+]C1CCCC([NH+]2CCC(C3=CC=CC=C3)C2)C1,OCC(CCCCCCCCCCCCCCCCCCCCCCCCCCCCCCCCCCCCCCCC(C)(C)CCCCCCCCCCCCCCCCCCCCC(C)(C)CCCC(C)C2)C2,0.06779661016949153,0.2774875822461002
[NH3+]C1CCCC([NH+]2CCC(C3=CC=CC=C3)C2)C1,,0.0,0.0
[NH3+]C1CCCC([NH+]2CCC(C3=CC=CC=C3)C2)C1,,0.0,0.0
[NH3+]C1CCCC([NH+]2CCC(C3=CC=CC=C3)C2)C1,,0.0,0.0
COC1=CC=C(OCCCC(=O)NC2CCOC3=CC=CC=C32)C=C1,,0.0,0.0
COC1=CC=C(OCCCC(=O)NC2CCOC3=CC=CC=C32)C=C1,,0.0,0.0
COC1=CC=C(OCCCC(=O)NC2CCOC3=CC=CC=C32)C=C1,C(CCO)(CCO)CCCCCCCCCCSC1=NN=C(O1)C2=CC=C(C(C)(C)C)C=N2,0.10465116279069768,0.20069412505516868
COC1=CC=C(OCCCC(=O)NC2CCOC3=CC=CC=C32)C=C1,,0.0,0.0
COC1=CC=C(OCCCC(=O)NC2CCOC3=CC=CC=C32)C=C1,,0.0,0.0
COC1=CC=C(OCCCC(=O)NC2CCOC3=CC=CC=C32)C=C1,,0.0,0.0
COC1=CC=C(OCCCC(=O)NC2CCOC3=CC=CC=C32)C=C1,,0.0,0.0
COC1=CC=C(OCCCC(=O)NC2CCOC3=CC=CC=C32)C=C1,,0.0,0.0
COC1=CC=C(OCCCC(=O)NC2CCOC3=CC=CC=C32)C=C1,,0.0,0.0
COC1=CC=C(OCCCC(=O)NC2CCOC3=CC=CC=C32)C=C1,,0.0,0.0
COC1=CC=C(OCCCC(=O)NC2CCOC3=CC=CC=C32)C=C1,,0.0,0.0
COC1=CC=C(OCCCC(=O)NC2CCOC3=CC=CC=C32)C=C1,,0.0,0.0
COC1=CC=C(OCCCC(=O)NC2CCOC3=CC=CC=C32)C=C1,,0.0,0.0
COC1=CC=C(OCCCC(=O)NC2CCOC3=CC=CC=C32)C=C1,,0.0,0.0
COC1=CC=C(OCCCC(=O)NC2CCOC3=CC=CC=C32)C=C1,,0.0,0.0
COC1=CC=C(OCCCC(=O)NC2CCOC3=CC=CC=C32)C=C1,,0.0,0.0
COC1=CC=C(OCCCC(=O)NC2CCOC3=CC=CC=C32)C=C1,,0.0,0.0
COC1=CC=C(OCCCC(=O)NC2CCOC3=CC=CC=C32)C=C1,,0.0,0.0
COC1=CC=C(OCCCC(=O)NC2CCOC3=CC=CC=C32)C=C1,,0.0,0.0
COC1=CC=C(OCCCC(=O)NC2CCOC3=CC=CC=C32)C=C1,,0.0,0.0
CC1=C(C(=O)NCC2=NC(C3=CC=CC=C3)=NN2)OC=C1,,0.0,0.0
CC1=C(C(=O)NCC2=NC(C3=CC=CC=C3)=NN2)OC=C1,,0.0,0.0
CC1=C(C(=O)NCC2=NC(C3=CC=CC=C3)=NN2)OC=C1,CCCCCCCCCCCC(OC1=NC=CC=C1)=O,0.16666666666666666,0.4260075772364941
CC1=C(C(=O)NCC2=NC(C3=CC=CC=C3)=NN2)OC=C1,,0.0,0.0
CC1=C(C(=O)NCC2=NC(C3=CC=CC=C3)=NN2)OC=C1,,0.0,0.0
CC1=C(C(=O)NCC2=NC(C3=CC=CC=C3)=NN2)OC=C1,,0.0,0.0
CC1=C(C(=O)NCC2=NC(C3=CC=CC=C3)=NN2)OC=C1,,0.0,0.0
CC1=C(C(=O)NCC2=NC(C3=CC=CC=C3)=NN2)OC=C1,,0.0,0.0
CC1=C(C(=O)NCC2=NC(C3=CC=CC=C3)=NN2)OC=C1,CCCCCCCCCCCC(OC1=NC=CC=C1)=O,0.16666666666666666,0.4260075772364941
CC1=C(C(=O)NCC2=NC(C3=CC=CC=C3)=NN2)OC=C1,,0.0,0.0
CC1=C(C(=O)NCC2=NC(C3=CC=CC=C3)=NN2)OC=C1,,0.0,0.0
CC1=C(C(=O)NCC2=NC(C3=CC=CC=C3)=NN2)OC=C1,,0.0,0.0
CC1=C(C(=O)NCC2=NC(C3=CC=CC=C3)=NN2)OC=C1,CCCCCCCCCCCC(OC1=NC=CC=C1)=O,0.16666666666666666,0.4260075772364941
CC1=C(C(=O)NCC2=NC(C3=CC=CC=C3)=NN2)OC=C1,,0.0,0.0
CC1=C(C(=O)NCC2=NC(C3=CC=CC=C3)=NN2)OC=C1,,0.0,0.0
CC1=C(C(=O)NCC2=NC(C3=CC=CC=C3)=NN2)OC=C1,,0.0,0.0
CC1=C(C(=O)NCC2=NC(C3=CC=CC=C3)=NN2)OC=C1,,0.0,0.0
CC1=C(C(=O)NCC2=NC(C3=CC=CC=C3)=NN2)OC=C1,,0.0,0.0
CC1=C(C(=O)NCC2=NC(C3=CC=CC=C3)=NN2)OC=C1,CCCCCCCCCCCC(OC1=NC=CC=C1)=O,0.16666666666666666,0.4260075772364941
CC1=C(C(=O)NCC2=NC(C3=CC=CC=C3)=NN2)OC=C1,,0.0,0.0
CC1=CC(C(=O)NC2=CC=C(C#N)C=C2)=C2C=CC=CC2=N1,CC1=C2C(COC(CCCC)O2)=C(C(C)(C)CCCCCCCCCCCCCCCCCC)C=N1,0.06329113924050633,0.15692149817781226
CC1=CC(C(=O)NC2=CC=C(C#N)C=C2)=C2C=CC=CC2=N1,,0.0,0.0
CC1=CC(C(=O)NC2=CC=C(C#N)C=C2)=C2C=CC=CC2=N1,CC1=C2C(COC(C)(C)O2)=C(C(CC3=C(COC(C)(C)O4)C4=C(C)N=C3)(C)C)C=N1,0.06756756756756757,0.714208444238621
CC1=CC(C(=O)NC2=CC=C(C#N)C=C2)=C2C=CC=CC2=N1,,0.0,0.0
CC1=CC(C(=O)NC2=CC=C(C#N)C=C2)=C2C=CC=CC2=N1,CC1=C2C(COC(C)(C)O2)=C(C(C)(C)CCCCCCCCCCCCCCCCCC)C=N1,0.06493506493506493,0.19869889680126435
CC1=CC(C(=O)NC2=CC=C(C#N)C=C2)=C2C=CC=CC2=N1,CC1=C2C(COC(C)(C)O2)=C(C(C)(C)CCCCCCCCCCCCCCCCCC)C=N1,0.06493506493506493,0.19869889680126435
CC1=CC(C(=O)NC2=CC=C(C#N)C=C2)=C2C=CC=CC2=N1,CC1=C2C(COC(C)(C)O2)=C(C(C)(C)CCCCCCCCCCCCCCCCCC)C=N1,0.06493506493506493,0.19869889680126435
CC1=CC(C(=O)NC2=CC=C(C#N)C=C2)=C2C=CC=CC2=N1,CC1=C2C(COC(C)(C)O2)=C(C(CC3=C(COC(C)(C)O4)C4=C(C)N=C3)(C)C)C=N1,0.06756756756756757,0.714208444238621
CC1=CC(C(=O)NC2=CC=C(C#N)C=C2)=C2C=CC=CC2=N1,,0.0,0.0
CC1=CC(C(=O)NC2=CC=C(C#N)C=C2)=C2C=CC=CC2=N1,,0.0,0.0
CC1=CC(C(=O)NC2=CC=C(C#N)C=C2)=C2C=CC=CC2=N1,,0.0,0.0
CC1=CC(C(=O)NC2=CC=C(C#N)C=C2)=C2C=CC=CC2=N1,CC1=C2C(COC(C)(C)O2)=C(C(C)(C)CCCCCCCCCCCCCCCCCC)C=N1,0.06493506493506493,0.19869889680126435
CC1=CC(C(=O)NC2=CC=C(C#N)C=C2)=C2C=CC=CC2=N1,CC1=C2C(COC(C)(C)O2)=C(C(C)(C)CCCCCCCCCCCCCCCCCC)C=N1,0.06493506493506493,0.19869889680126435
CC1=CC(C(=O)NC2=CC=C(C#N)C=C2)=C2C=CC=CC2=N1,CC1=C2C(COC(C)(C)O2)=C(C(C)(C)CCCCCCCCCCCCCCCCCC)C=N1,0.06493506493506493,0.19869889680126435
CC1=CC(C(=O)NC2=CC=C(C#N)C=C2)=C2C=CC=CC2=N1,CC1=C2C(COC(C)(C)O2)=C(C(C)(C)CCCCCCCCCCCCCCCCCC)C=N1,0.06493506493506493,0.19869889680126435
CC1=CC(C(=O)NC2=CC=C(C#N)C=C2)=C2C=CC=CC2=N1,CC1=C2C(COC(C)(C)O2)=C(C(C)(C)CCCCCCCCCCCCCCCCCC)C=N1,0.06493506493506493,0.19869889680126435
CC1=CC(C(=O)NC2=CC=C(C#N)C=C2)=C2C=CC=CC2=N1,CC1=C2C(COC(C)(C)O2)=C(C(C)(C)CCCCCCCCCCCCCCCCCC)C=N1,0.06493506493506493,0.19869889680126435
CC1=CC(C(=O)NC2=CC=C(C#N)C=C2)=C2C=CC=CC2=N1,,0.0,0.0
CC1=CC(C(=O)NC2=CC=C(C#N)C=C2)=C2C=CC=CC2=N1,CC1=C2C(COC(CCCC)O2)=C(C(C)(C)CCCCCCCCCCCCCCCCCC)C=N1,0.06329113924050633,0.15692149817781226
CC1=CC(C(=O)NC2=CC=C(C#N)C=C2)=C2C=CC=CC2=N1,CC1=C2C(COC(C)(C)O2)=C(C(C)(C)CCCCCCCCCCCCCCCCCC)C=N1,0.06493506493506493,0.19869889680126435
CC(=CC1=CC=C2OCCC2=C1)C[NH3+],,0.0,0.0
CC(=CC1=CC=C2OCCC2=C1)C[NH3+],,0.0,0.0
CC(=CC1=CC=C2OCCC2=C1)C[NH3+],,0.0,0.0
CC(=CC1=CC=C2OCCC2=C1)C[NH3+],,0.0,0.0
CC(=CC1=CC=C2OCCC2=C1)C[NH3+],,0.0,0.0
CC(=CC1=CC=C2OCCC2=C1)C[NH3+],,0.0,0.0
CC(=CC1=CC=C2OCCC2=C1)C[NH3+],,0.0,0.0
CC(=CC1=CC=C2OCCC2=C1)C[NH3+],,0.0,0.0
CC(=CC1=CC=C2OCCC2=C1)C[NH3+],,0.0,0.0
CC(=CC1=CC=C2OCCC2=C1)C[NH3+],,0.0,0.0
CC(=CC1=CC=C2OCCC2=C1)C[NH3+],,0.0,0.0
CC(=CC1=CC=C2OCCC2=C1)C[NH3+],,0.0,0.0
CC(=CC1=CC=C2OCCC2=C1)C[NH3+],,0.0,0.0
CC(=CC1=CC=C2OCCC2=C1)C[NH3+],,0.0,0.0
CC(=CC1=CC=C2OCCC2=C1)C[NH3+],,0.0,0.0
CC(=CC1=CC=C2OCCC2=C1)C[NH3+],,0.0,0.0
CC(=CC1=CC=C2OCCC2=C1)C[NH3+],,0.0,0.0
CC(=CC1=CC=C2OCCC2=C1)C[NH3+],,0.0,0.0
CC(=CC1=CC=C2OCCC2=C1)C[NH3+],,0.0,0.0
CC(=CC1=CC=C2OCCC2=C1)C[NH3+],,0.0,0.0
CCC(Cl)C(C)C1=CC=C2OCCCOC2=C1,C(C)(C)CCCCCCCCCCCCCC,0.11627906976744186,0.3128922261769072
CCC(Cl)C(C)C1=CC=C2OCCCOC2=C1,,0.0,0.0
CCC(Cl)C(C)C1=CC=C2OCCCOC2=C1,,0.0,0.0
CCC(Cl)C(C)C1=CC=C2OCCCOC2=C1,C(C)(C)CCCCCCCCCCCCCC,0.11627906976744186,0.3128922261769072
CCC(Cl)C(C)C1=CC=C2OCCCOC2=C1,,0.0,0.0
CCC(Cl)C(C)C1=CC=C2OCCCOC2=C1,,0.0,0.0
CCC(Cl)C(C)C1=CC=C2OCCCOC2=C1,,0.0,0.0
CCC(Cl)C(C)C1=CC=C2OCCCOC2=C1,,0.0,0.0
CCC(Cl)C(C)C1=CC=C2OCCCOC2=C1,C(C)(CCCCCCCCCCC(OC)=O)CCCCCCCCCCCCCCC,0.09090909090909091,0.10459049577479547
CCC(Cl)C(C)C1=CC=C2OCCCOC2=C1,,0.0,0.0
CCC(Cl)C(C)C1=CC=C2OCCCOC2=C1,C(C)(CCCCCCCCCCC(OC)=O)CCCCCCCCCCCCCCCCCC,0.09090909090909091,0.08214342051932347
CCC(Cl)C(C)C1=CC=C2OCCCOC2=C1,,0.0,0.0
CCC(Cl)C(C)C1=CC=C2OCCCOC2=C1,C(CCCCCCCCCCCCCCC)(CCCCCCCCCCCCCCCC)C,0.11627906976744186,0.09648912827629387
CCC(Cl)C(C)C1=CC=C2OCCCOC2=C1,C(C)(CCCCCCCCCCC(OC)=O)CCCCCCCCCCCCCCCCCC,0.09090909090909091,0.08214342051932347
CCC(Cl)C(C)C1=CC=C2OCCCOC2=C1,,0.0,0.0
CCC(Cl)C(C)C1=CC=C2OCCCOC2=C1,,0.0,0.0
CCC(Cl)C(C)C1=CC=C2OCCCOC2=C1,C(C)(CCCCCCCCCCC(OC)=O)CCCCCCCCCCCCCCC,0.09090909090909091,0.10459049577479547
CCC(Cl)C(C)C1=CC=C2OCCCOC2=C1,,0.0,0.0
CCC(Cl)C(C)C1=CC=C2OCCCOC2=C1,,0.0,0.0
CCC(Cl)C(C)C1=CC=C2OCCCOC2=C1,C(C)(CCCCCCCCCCC(OC)=O)CCCCCCCCCCCCCCC,0.09090909090909091,0.10459049577479547
CC1=NOC(CCCC(=O)N2CCN(CC3=CC=NC=C3)CC2)=N1,CC1=C2C(COC(C)(C)O2)=C(C(CC3=C(COC(C)(C)O4)C4=C(C)N=C3)(C)C)C=N1,0.1038961038961039,0.714208444238621
CC1=NOC(CCCC(=O)N2CCN(CC3=CC=NC=C3)CC2)=N1,CC1=C2C(COC(C)(C)O2)=C(C(CC3=C(COC(C)(C)O4)C4=C(C)N=C3)(C)C)C=N1,0.1038961038961039,0.714208444238621
CC1=NOC(CCCC(=O)N2CCN(CC3=CC=NC=C3)CC2)=N1,,0.0,0.0
CC1=NOC(CCCC(=O)N2CCN(CC3=CC=NC=C3)CC2)=N1,,0.0,0.0
CC1=NOC(CCCC(=O)N2CCN(CC3=CC=NC=C3)CC2)=N1,,0.0,0.0
CC1=NOC(CCCC(=O)N2CCN(CC3=CC=NC=C3)CC2)=N1,CC1=C2C(COC(C)(C)O2)=C(C(CC3=C(COC(C)(C)O4)C4=C(C)N=C3)(C)C)C=N1,0.1038961038961039,0.714208444238621
CC1=NOC(CCCC(=O)N2CCN(CC3=CC=NC=C3)CC2)=N1,CC1=C2C(COC(C)(C)O2)=C(C(CC3=C(COC(C)(C)O4)C4=C(C)N=C3)(C)C)C=N1,0.1038961038961039,0.714208444238621
CC1=NOC(CCCC(=O)N2CCN(CC3=CC=NC=C3)CC2)=N1,,0.0,0.0
CC1=NOC(CCCC(=O)N2CCN(CC3=CC=NC=C3)CC2)=N1,CC1=C2C(COC(CCCCC)O2)=C(C(CC3=C(COC(C)(C)O4)C4=C(C)N=C3)(C)C)C=N1,0.09782608695652174,0.4729635084227723
CC1=NOC(CCCC(=O)N2CCN(CC3=CC=NC=C3)CC2)=N1,CC1=C2C(COC(C)(C)O2)=C(C(CC3=C(COC(C)(C)O4)C4=C(C)N=C3)(C)C)C=N1,0.1038961038961039,0.714208444238621
CC1=NOC(CCCC(=O)N2CCN(CC3=CC=NC=C3)CC2)=N1,,0.0,0.0
CC1=NOC(CCCC(=O)N2CCN(CC3=CC=NC=C3)CC2)=N1,CC1=C2C(COC(C)(C)O2)=C(C(CC3=C(COC(C)(C)O4)C4=C(C)N=C3)(C)C)C=N1,0.1038961038961039,0.714208444238621
CC1=NOC(CCCC(=O)N2CCN(CC3=CC=NC=C3)CC2)=N1,CC1=C2C(COC(C)(C)O2)=C(C(CC3=C(COC(C)(C)O4)C4=C(C)N=C3)(C)C)C=N1,0.1038961038961039,0.714208444238621
CC1=NOC(CCCC(=O)N2CCN(CC3=CC=NC=C3)CC2)=N1,,0.0,0.0
CC1=NOC(CCCC(=O)N2CCN(CC3=CC=NC=C3)CC2)=N1,CC1=C2C(COC(CCCCC)O2)=C(C(CC3=C(COC(C)(C)O4)C4=C(C)N=C3)(C)C)C=N1,0.09782608695652174,0.4729635084227723
CC1=NOC(CCCC(=O)N2CCN(CC3=CC=NC=C3)CC2)=N1,CC1=C2C(COC(C)(C)O2)=C(C(CC3=C(COC(C)(C)O4)C4=C(C)N=C3)(C)C)C=N1,0.1038961038961039,0.714208444238621
CC1=NOC(CCCC(=O)N2CCN(CC3=CC=NC=C3)CC2)=N1,CC1=C2C(COC(C)(C)O2)=C(C(CC3=C(COC(C)(C)O4)C4=C(C)N=C3)(C)C)C=N1,0.1038961038961039,0.714208444238621
CC1=NOC(CCCC(=O)N2CCN(CC3=CC=NC=C3)CC2)=N1,CC1=C2C(COC(C)(C)O2)=C(C(CC3=C(COC(C)(C)O4)C4=C(C)N=C3)(C)C)C=N1,0.1038961038961039,0.714208444238621
CC1=NOC(CCCC(=O)N2CCN(CC3=CC=NC=C3)CC2)=N1,CC1=C2C(COC(C)(C)O2)=C(C(CC3=C(COC(C)(C)O4)C4=C(C)N=C3)(C)C)C=N1,0.1038961038961039,0.714208444238621
CC1=NOC(CCCC(=O)N2CCN(CC3=CC=NC=C3)CC2)=N1,CC1=C2C(COC(C)(C)O2)=C(C(CC3=C(COC(C)(C)O4)C4=C(C)N=C3)(C)C)C=N1,0.1038961038961039,0.714208444238621
CC(C(=O)NC1=NC=CC=C1OCCCC#N)C1=CC=CS1,,0.0,0.0
CC(C(=O)NC1=NC=CC=C1OCCCC#N)C1=CC=CS1,,0.0,0.0
CC(C(=O)NC1=NC=CC=C1OCCCC#N)C1=CC=CS1,,0.0,0.0
CC(C(=O)NC1=NC=CC=C1OCCCC#N)C1=CC=CS1,,0.0,0.0
CC(C(=O)NC1=NC=CC=C1OCCCC#N)C1=CC=CS1,,0.0,0.0
CC(C(=O)NC1=NC=CC=C1OCCCC#N)C1=CC=CS1,,0.0,0.0
CC(C(=O)NC1=NC=CC=C1OCCCC#N)C1=CC=CS1,,0.0,0.0
CC(C(=O)NC1=NC=CC=C1OCCCC#N)C1=CC=CS1,,0.0,0.0
CC(C(=O)NC1=NC=CC=C1OCCCC#N)C1=CC=CS1,,0.0,0.0
CC(C(=O)NC1=NC=CC=C1OCCCC#N)C1=CC=CS1,,0.0,0.0
CC(C(=O)NC1=NC=CC=C1OCCCC#N)C1=CC=CS1,,0.0,0.0
CC(C(=O)NC1=NC=CC=C1OCCCC#N)C1=CC=CS1,,0.0,0.0
CC(C(=O)NC1=NC=CC=C1OCCCC#N)C1=CC=CS1,,0.0,0.0
CC(C(=O)NC1=NC=CC=C1OCCCC#N)C1=CC=CS1,,0.0,0.0
CC(C(=O)NC1=NC=CC=C1OCCCC#N)C1=CC=CS1,,0.0,0.0
CC(C(=O)NC1=NC=CC=C1OCCCC#N)C1=CC=CS1,,0.0,0.0
CC(C(=O)NC1=NC=CC=C1OCCCC#N)C1=CC=CS1,,0.0,0.0
CC(C(=O)NC1=NC=CC=C1OCCCC#N)C1=CC=CS1,,0.0,0.0
CC(C(=O)NC1=NC=CC=C1OCCCC#N)C1=CC=CS1,,0.0,0.0
CC(C(=O)NC1=NC=CC=C1OCCCC#N)C1=CC=CS1,,0.0,0.0
CCCC(COC)NC1=CC=C(C#N)C(N)=C1,CC1=C2C(COC(C)(C)O2)=C(C(CC3=C(COC(C)(C)O4)C4=C(C)N=C3)(C)C)C=N1,0.08450704225352113,0.714208444238621
CCCC(COC)NC1=CC=C(C#N)C(N)=C1,CC1=C2C(COC(C)(C)O2)=C(C(CC3=C(COC(C)(C)O4)C4=C(C)N=C3)(C)C)C=N1,0.08450704225352113,0.714208444238621
CCCC(COC)NC1=CC=C(C#N)C(N)=C1,CC1=C2C(COC(CCC)O2)=C(C(CC3=C(COC(C)(C)O4)C4=C(C)N=C3)(C)C)C=N1,0.1111111111111111,0.6469640220350343
CCCC(COC)NC1=CC=C(C#N)C(N)=C1,CC1=C2C(COC(C)(C)O2)=C(C(CC3=C(COC(C)(C)O4)C4=C(C)N=C3)(C)C)C=N1,0.08450704225352113,0.714208444238621
CCCC(COC)NC1=CC=C(C#N)C(N)=C1,CC1=C2C(COC(C)(C)O2)=C(C(CC3=C(COC(C)(C)O4)C4=C(C)N=C3)(C)C)C=N1,0.08450704225352113,0.714208444238621
CCCC(COC)NC1=CC=C(C#N)C(N)=C1,CC1=C2C(COC(C)(C)O2)=C(C(CC3=C(COC(C)(C)O4)C4=C(C)N=C3)(C)C)C=N1,0.08450704225352113,0.714208444238621
CCCC(COC)NC1=CC=C(C#N)C(N)=C1,CC1=C2C(COC(C)(C)O2)=C(C(CC3=C(COC(C)(C)O4)C4=C(C)N=C3)(C)C)C=N1,0.08450704225352113,0.714208444238621
CCCC(COC)NC1=CC=C(C#N)C(N)=C1,CC1=C2C(COC(C)(C)O2)=C(C(CC3=C(COC(C)(C)O4)C4=C(C)N=C3)(C)C)C=N1,0.08450704225352113,0.714208444238621
CCCC(COC)NC1=CC=C(C#N)C(N)=C1,CC1=C2C(COC(C)(C)O2)=C(C(CC3=C(COC(C)(C)O4)C4=C(C)N=C3)(C)C)C=N1,0.08450704225352113,0.714208444238621
CCCC(COC)NC1=CC=C(C#N)C(N)=C1,CC1=C2C(COC(C)(C)O2)=C(C(CC3=C(COC(C)(C)O4)C4=C(C)N=C3)(C)C)C=N1,0.08450704225352113,0.714208444238621
CCCC(COC)NC1=CC=C(C#N)C(N)=C1,CC1=C2C(COC(C)(C)O2)=C(C(CC3=C(COC(C)(C)O4)C4=C(C)N=C3)(C)C)C=N1,0.08450704225352113,0.714208444238621
CCCC(COC)NC1=CC=C(C#N)C(N)=C1,CC1=C2C(COC(C)(C)O2)=C(C(CC3=C(COC(C)(C)O4)C4=C(C)N=C3)(C)C)C=N1,0.08450704225352113,0.714208444238621
CCCC(COC)NC1=CC=C(C#N)C(N)=C1,CC1=C2C(COC(C)(C)O2)=C(C(CC3=C(COC(C)(C)O4)C4=C(C)N=C3)(C)C)C=N1,0.08450704225352113,0.714208444238621
CCCC(COC)NC1=CC=C(C#N)C(N)=C1,CC1=C2C(COC(C)(C)O2)=C(C(CC3=C(COC(C)(C)O4)C4=C(C)N=C3)(C)C)C=N1,0.08450704225352113,0.714208444238621
CCCC(COC)NC1=CC=C(C#N)C(N)=C1,CC1=C2C(COC(C)(C)O2)=C(C(CC3=C(COC(C)(C)O4)C4=C(C)N=C3)(C)C)C=N1,0.08450704225352113,0.714208444238621
CCCC(COC)NC1=CC=C(C#N)C(N)=C1,CC1=C2C(COC(C)(C)O2)=C(C(CC3=C(COC(C)(C)O4)C4=C(C)N=C3)(C)C)C=N1,0.08450704225352113,0.714208444238621
CCCC(COC)NC1=CC=C(C#N)C(N)=C1,CC1=C2C(COC(C)(C)O2)=C(C(CC3=C(COC(C)(C)O4)C4=C(C)N=C3)(C)C)C=N1,0.08450704225352113,0.714208444238621
CCCC(COC)NC1=CC=C(C#N)C(N)=C1,CC1=C2C(COC(C)(C)O2)=C(C(CC3=C(COC(C)(C)O4)C4=C(C)N=C3)(C)C)C=N1,0.08450704225352113,0.714208444238621
CCCC(COC)NC1=CC=C(C#N)C(N)=C1,CC1=C2C(COC(C)(C)O2)=C(C(CC3=C(COC(C)(C)O4)C4=C(C)N=C3)(C)C)C=N1,0.08450704225352113,0.714208444238621
CCCC(COC)NC1=CC=C(C#N)C(N)=C1,CC1=C2C(COC(C)(C)O2)=C(C(CC3=C(COC(C)(C)O4)C4=C(C)N=C3)(C)C)C=N1,0.08450704225352113,0.714208444238621
NC(=O)CCSCCOC1=CC=C(Cl)C=C1,,0.0,0.0
NC(=O)CCSCCOC1=CC=C(Cl)C=C1,,0.0,0.0
NC(=O)CCSCCOC1=CC=C(Cl)C=C1,,0.0,0.0
NC(=O)CCSCCOC1=CC=C(Cl)C=C1,,0.0,0.0
NC(=O)CCSCCOC1=CC=C(Cl)C=C1,,0.0,0.0
NC(=O)CCSCCOC1=CC=C(Cl)C=C1,,0.0,0.0
NC(=O)CCSCCOC1=CC=C(Cl)C=C1,,0.0,0.0
NC(=O)CCSCCOC1=CC=C(Cl)C=C1,,0.0,0.0
NC(=O)CCSCCOC1=CC=C(Cl)C=C1,,0.0,0.0
NC(=O)CCSCCOC1=CC=C(Cl)C=C1,,0.0,0.0
NC(=O)CCSCCOC1=CC=C(Cl)C=C1,,0.0,0.0
NC(=O)CCSCCOC1=CC=C(Cl)C=C1,,0.0,0.0
NC(=O)CCSCCOC1=CC=C(Cl)C=C1,,0.0,0.0
NC(=O)CCSCCOC1=CC=C(Cl)C=C1,,0.0,0.0
NC(=O)CCSCCOC1=CC=C(Cl)C=C1,,0.0,0.0
NC(=O)CCSCCOC1=CC=C(Cl)C=C1,,0.0,0.0
NC(=O)CCSCCOC1=CC=C(Cl)C=C1,,0.0,0.0
NC(=O)CCSCCOC1=CC=C(Cl)C=C1,,0.0,0.0
NC(=O)CCSCCOC1=CC=C(Cl)C=C1,,0.0,0.0
NC(=O)CCSCCOC1=CC=C(Cl)C=C1,,0.0,0.0
CC1=NN(C)C2=C1SC(NCC(C1=CC=NC=C1)N1CCOCC1)=N2,,0.0,0.0
CC1=NN(C)C2=C1SC(NCC(C1=CC=NC=C1)N1CCOCC1)=N2,CC1=C2C(COC(CCCCC)O2)=C(C(CC3=C(COC(C)(C)O4)C4=C(C)N=C3)(C)C)C=N1,0.09473684210526316,0.4729635084227723
CC1=NN(C)C2=C1SC(NCC(C1=CC=NC=C1)N1CCOCC1)=N2,CC1=C2C(COC(C)(C)O2)=C(C(CC3=C(COC(C)(C)O4)C4=C(C)N=C3)(C)C)C=N1,0.11392405063291139,0.714208444238621
CC1=NN(C)C2=C1SC(NCC(C1=CC=NC=C1)N1CCOCC1)=N2,CC1=C2C(COC(CCCCCCCCCCC)O2)=C(C(CC3=C(COC(C)(C)O4)C4=C(C)N=C3)(C)C)C=N1,0.09375,0.2385738012077454
CC1=NN(C)C2=C1SC(NCC(C1=CC=NC=C1)N1CCOCC1)=N2,CC1=C2C(COC(C)(C)O2)=C(C(CC3=C(COC(C)(C)O4)C4=C(C)N=C3)(C)C)C=N1,0.11392405063291139,0.714208444238621
CC1=NN(C)C2=C1SC(NCC(C1=CC=NC=C1)N1CCOCC1)=N2,CC1=C2C(COC(C)(C)O2)=C(C(CC3=C(COC(C)(C)O4)C4=C(C)N=C3)(C)C)C=N1,0.11392405063291139,0.714208444238621
CC1=NN(C)C2=C1SC(NCC(C1=CC=NC=C1)N1CCOCC1)=N2,CC1=C2C(COC(C)(C)O2)=C(C(CC3=C(COC(C)(C)O4)C4=C(C)N=C3)(C)C)C=N1,0.11392405063291139,0.714208444238621
CC1=NN(C)C2=C1SC(NCC(C1=CC=NC=C1)N1CCOCC1)=N2,CC1=C2C(COC(C)(C)O2)=C(C(CC3=C(COC(C)(C)O4)C4=C(C)N=C3)(C)C)C=N1,0.11392405063291139,0.714208444238621
CC1=NN(C)C2=C1SC(NCC(C1=CC=NC=C1)N1CCOCC1)=N2,,0.0,0.0
CC1=NN(C)C2=C1SC(NCC(C1=CC=NC=C1)N1CCOCC1)=N2,,0.0,0.0
CC1=NN(C)C2=C1SC(NCC(C1=CC=NC=C1)N1CCOCC1)=N2,CC1=C2C(COC(C(C)CCCCCCCCC)O2)=C(C(CC3=C(COC(C)(C)O4)C4=C(C)N=C3)(C)C)C=N1,0.10101010101010101,0.25345714109403655
CC1=NN(C)C2=C1SC(NCC(C1=CC=NC=C1)N1CCOCC1)=N2,CC1=C2C(COC(C)(C)O2)=C(C(CC3=C(COC(C)(C)O4)C4=C(C)N=C3)(C)C)C=N1,0.11392405063291139,0.714208444238621
CC1=NN(C)C2=C1SC(NCC(C1=CC=NC=C1)N1CCOCC1)=N2,CC1=C2C(COC(C)(C)O2)=C(C(CC3=C(COC(C)(C)O4)C4=C(C)N=C3)(C)C)C=N1,0.11392405063291139,0.714208444238621
CC1=NN(C)C2=C1SC(NCC(C1=CC=NC=C1)N1CCOCC1)=N2,CC1=C2C(COC(C)(C)O2)=C(C(CC3=C(COC(C)(C)O4)C4=C(C)N=C3)(C)C)C=N1,0.11392405063291139,0.714208444238621
CC1=NN(C)C2=C1SC(NCC(C1=CC=NC=C1)N1CCOCC1)=N2,CC1=C2C(COC(CCCCC)O2)=C(C(CC3=C(COC(C)(C)O4)C4=C(C)N=C3)(C)C)C=N1,0.09473684210526316,0.4729635084227723
CC1=NN(C)C2=C1SC(NCC(C1=CC=NC=C1)N1CCOCC1)=N2,CC1=C2C(COC(C)(C)O2)=C(C(CC3=C(COC(C)(C)O4)C4=C(C)N=C3)(C)C)C=N1,0.11392405063291139,0.714208444238621
CC1=NN(C)C2=C1SC(NCC(C1=CC=NC=C1)N1CCOCC1)=N2,CC1=C2C(COC(C)(C)O2)=C(C(CC3=C(COC(C)(C)O4)C4=C(C)N=C3)(C)C)C=N1,0.11392405063291139,0.714208444238621
CC1=NN(C)C2=C1SC(NCC(C1=CC=NC=C1)N1CCOCC1)=N2,CC1=C2C(COC(C)(C)O2)=C(C(CC3=C(COC(C)(C)O4)C4=C(C)N=C3)(C)C)C=N1,0.11392405063291139,0.714208444238621
CC1=NN(C)C2=C1SC(NCC(C1=CC=NC=C1)N1CCOCC1)=N2,CC1=C2C(COC(C)(C)O2)=C(C(CC3=C(COC(C)(C)O4)C4=C(C)N=C3)(C)C)C=N1,0.11392405063291139,0.714208444238621
CC1=NN(C)C2=C1SC(NCC(C1=CC=NC=C1)N1CCOCC1)=N2,CC1=C2C(COC(CCCCCCC)O2)=C(C(CC3=C(COC(C)(C)O4)C4=C(C)N=C3)(C)C)C=N1,0.09375,0.3640994903232384
CC(=O)NC1=C(C)N(C(C)C(=O)[O-])N=C1C,CCCCCCCCCCCC(OC1=NC=CC=C1)C,0.08620689655172414,0.4523960247988492
CC(=O)NC1=C(C)N(C(C)C(=O)[O-])N=C1C,CCCCCCCCCCCC(OC1=NC=CC=C1)C,0.08620689655172414,0.4523960247988492
CC(=O)NC1=C(C)N(C(C)C(=O)[O-])N=C1C,CCCCCCCCCCCC(OC1=NC=CC=C1)C,0.08620689655172414,0.4523960247988492
CC(=O)NC1=C(C)N(C(C)C(=O)[O-])N=C1C,CCCCCCCCCCCC(OC1=NC=CC=C1)C,0.08620689655172414,0.4523960247988492
CC(=O)NC1=C(C)N(C(C)C(=O)[O-])N=C1C,CCCCCCCCCCCC(OCC=O)CC2=CC=C(C(C)(C)C)C=N2,0.07142857142857142,0.2619139801653826
CC(=O)NC1=C(C)N(C(C)C(=O)[O-])N=C1C,CCCCCCCCCCCC(OC1=NC=CC=C1)C,0.08620689655172414,0.4523960247988492
CC(=O)NC1=C(C)N(C(C)C(=O)[O-])N=C1C,CCCCCCCCCCCC(OC1=NC=CC=C1)C,0.08620689655172414,0.4523960247988492
CC(=O)NC1=C(C)N(C(C)C(=O)[O-])N=C1C,CCCCCCCCCCCC(OC1=NC=CC=C1)C,0.08620689655172414,0.4523960247988492
CC(=O)NC1=C(C)N(C(C)C(=O)[O-])N=C1C,CCCCCCCCCCCC(OC1=NC=CC=C1)C,0.08620689655172414,0.4523960247988492
CC(=O)NC1=C(C)N(C(C)C(=O)[O-])N=C1C,CCCCCCCCCCCC(OC1=NC=CC=C1)C,0.08620689655172414,0.4523960247988492
CC(=O)NC1=C(C)N(C(C)C(=O)[O-])N=C1C,CCCCCCCCCCCC(OC1=NC=CC=C1)C,0.08620689655172414,0.4523960247988492
CC(=O)NC1=C(C)N(C(C)C(=O)[O-])N=C1C,CCCCCCCCCCCC(OC1=NC=CC=C1)C,0.08620689655172414,0.4523960247988492
CC(=O)NC1=C(C)N(C(C)C(=O)[O-])N=C1C,CCCCCCCCCCCC(OC1=NC=CC=C1)C,0.08620689655172414,0.4523960247988492
CC(=O)NC1=C(C)N(C(C)C(=O)[O-])N=C1C,CCCCCCCCCCCC(OC1=NC=CC=C1)C,0.08620689655172414,0.4523960247988492
CC(=O)NC1=C(C)N(C(C)C(=O)[O-])N=C1C,CCCCCCCCCCCC(OC1=NC=CC=C1)C,0.08620689655172414,0.4523960247988492
CC(=O)NC1=C(C)N(C(C)C(=O)[O-])N=C1C,CCCCCCCCCCCC(OC1=NC=CC=C1)C,0.08620689655172414,0.4523960247988492
CC(=O)NC1=C(C)N(C(C)C(=O)[O-])N=C1C,CCCCCCCCCCCC(OC1=NC=CC=C1)C,0.08620689655172414,0.4523960247988492
CC(=O)NC1=C(C)N(C(C)C(=O)[O-])N=C1C,CCCCCCCCCCCC(OC1=NC=CC=C1)C,0.08620689655172414,0.4523960247988492
CC(=O)NC1=C(C)N(C(C)C(=O)[O-])N=C1C,CCCCCCCCCCCC(OC1=NC=CC=C1)C,0.08620689655172414,0.4523960247988492
CC(=O)NC1=C(C)N(C(C)C(=O)[O-])N=C1C,CCCCCCCCCCCC(OC1=NC=CC=C1)C,0.08620689655172414,0.4523960247988492
COC1=CC=C(C=CC2=[NH+]CCN2)C=C1,,0.0,0.0
COC1=CC=C(C=CC2=[NH+]CCN2)C=C1,,0.0,0.0
COC1=CC=C(C=CC2=[NH+]CCN2)C=C1,,0.0,0.0
COC1=CC=C(C=CC2=[NH+]CCN2)C=C1,,0.0,0.0
COC1=CC=C(C=CC2=[NH+]CCN2)C=C1,,0.0,0.0
COC1=CC=C(C=CC2=[NH+]CCN2)C=C1,,0.0,0.0
COC1=CC=C(C=CC2=[NH+]CCN2)C=C1,,0.0,0.0
COC1=CC=C(C=CC2=[NH+]CCN2)C=C1,,0.0,0.0
COC1=CC=C(C=CC2=[NH+]CCN2)C=C1,,0.0,0.0
COC1=CC=C(C=CC2=[NH+]CCN2)C=C1,,0.0,0.0
COC1=CC=C(C=CC2=[NH+]CCN2)C=C1,,0.0,0.0
COC1=CC=C(C=CC2=[NH+]CCN2)C=C1,,0.0,0.0
COC1=CC=C(C=CC2=[NH+]CCN2)C=C1,,0.0,0.0
COC1=CC=C(C=CC2=[NH+]CCN2)C=C1,,0.0,0.0
COC1=CC=C(C=CC2=[NH+]CCN2)C=C1,,0.0,0.0
COC1=CC=C(C=CC2=[NH+]CCN2)C=C1,,0.0,0.0
COC1=CC=C(C=CC2=[NH+]CCN2)C=C1,,0.0,0.0
COC1=CC=C(C=CC2=[NH+]CCN2)C=C1,,0.0,0.0
COC1=CC=C(C=CC2=[NH+]CCN2)C=C1,,0.0,0.0
COC1=CC=C(C=CC2=[NH+]CCN2)C=C1,,0.0,0.0
CC(C)S(=O)(=O)C1=CC2=C(C=C1NC(=O)CCC1CCCC1)N(C)C(=O)N2C,CC1=C2C(COC(C)(C)O2)=C(C(CC3=C(COC(C)(C)O4)C4=C(C)N=C3)(C)C)C=N1,0.08974358974358974,0.714208444238621
CC(C)S(=O)(=O)C1=CC2=C(C=C1NC(=O)CCC1CCCC1)N(C)C(=O)N2C,,0.0,0.0
CC(C)S(=O)(=O)C1=CC2=C(C=C1NC(=O)CCC1CCCC1)N(C)C(=O)N2C,,0.0,0.0
CC(C)S(=O)(=O)C1=CC2=C(C=C1NC(=O)CCC1CCCC1)N(C)C(=O)N2C,CCCCCCCCCCCCCCCCCC(C)(CC1=C(C)C(OC(C)=O)=C(C)N=C1)C,0.11392405063291139,0.15264426487078303
CC(C)S(=O)(=O)C1=CC2=C(C=C1NC(=O)CCC1CCCC1)N(C)C(=O)N2C,CC1=C2C(COC(C)(C)O2)=C(C(CC3=C(COC(C)(C)O4)C4=C(C)N=C3)(C)C)C=N1,0.08974358974358974,0.714208444238621
CC(C)S(=O)(=O)C1=CC2=C(C=C1NC(=O)CCC1CCCC1)N(C)C(=O)N2C,CC1=C2C(COC(CCCCCCCC)O2)=C(C(CC3=C(COC(C)(C)O4)C4=C(C)N=C3)(C)C)C=N1,0.0967741935483871,0.3230008769501578
CC(C)S(=O)(=O)C1=CC2=C(C=C1NC(=O)CCC1CCCC1)N(C)C(=O)N2C,,0.0,0.0
CC(C)S(=O)(=O)C1=CC2=C(C=C1NC(=O)CCC1CCCC1)N(C)C(=O)N2C,,0.0,0.0
CC(C)S(=O)(=O)C1=CC2=C(C=C1NC(=O)CCC1CCCC1)N(C)C(=O)N2C,CC1=C2C(COC(C)(C)O2)=C(C(CC3=C(COC(C)(C)O4)C4=C(C)N=C3)(C)C)C=N1,0.08974358974358974,0.714208444238621
CC(C)S(=O)(=O)C1=CC2=C(C=C1NC(=O)CCC1CCCC1)N(C)C(=O)N2C,CC1=C2C(COC(C)(C)O2)=C(C(CC3=C(COC(C)(C)O4)C4=C(C)N=C3)(C)C)C=N1,0.08974358974358974,0.714208444238621
CC(C)S(=O)(=O)C1=CC2=C(C=C1NC(=O)CCC1CCCC1)N(C)C(=O)N2C,CCCCCCCCCCCCCCCCCCCC(C)(CC1=C(C)C(OC(C)=O)=C(C)N=C1)C,0.11392405063291139,0.1277969218057045
CC(C)S(=O)(=O)C1=CC2=C(C=C1NC(=O)CCC1CCCC1)N(C)C(=O)N2C,CCCCCCCCCCCCCCCCCC(C)(CC1=C(C)C(OC(C)=O)=C(C)N=C1)C,0.11392405063291139,0.15264426487078303
CC(C)S(=O)(=O)C1=CC2=C(C=C1NC(=O)CCC1CCCC1)N(C)C(=O)N2C,CCCCCCCCCCCCCCCC(C)(CC1=C(C)C(OC(C)=O)=C(C)N=C1)C,0.11392405063291139,0.18282383408538155
CC(C)S(=O)(=O)C1=CC2=C(C=C1NC(=O)CCC1CCCC1)N(C)C(=O)N2C,CCCCCCCCCCCCCCCC(C)(CC1=C(C)C(OC(C)=O)=C(C)N=C1)C,0.11392405063291139,0.18282383408538155
CC(C)S(=O)(=O)C1=CC2=C(C=C1NC(=O)CCC1CCCC1)N(C)C(=O)N2C,,0.0,0.0
CC(C)S(=O)(=O)C1=CC2=C(C=C1NC(=O)CCC1CCCC1)N(C)C(=O)N2C,CCCCCCCCCCCCCCCCCC(C)(CC1=C(C)C(OC(C)=O)=C(C)N=C1)C,0.11392405063291139,0.15264426487078303
CC(C)S(=O)(=O)C1=CC2=C(C=C1NC(=O)CCC1CCCC1)N(C)C(=O)N2C,CC1=C2C(COC(C)(C)O2)=C(C(CC3=C(COC(C)(C)O4)C4=C(C)N=C3)(C)C)C=N1,0.08974358974358974,0.714208444238621
CC(C)S(=O)(=O)C1=CC2=C(C=C1NC(=O)CCC1CCCC1)N(C)C(=O)N2C,,0.0,0.0
CC(C)S(=O)(=O)C1=CC2=C(C=C1NC(=O)CCC1CCCC1)N(C)C(=O)N2C,CCCCCCCCCCCCCCCCCCCCCCCC(C)(CC1=C(C)C(OC(C)=O)=C(C)N=C1)C,0.11392405063291139,0.09087799732826495
CC(C)S(=O)(=O)C1=CC2=C(C=C1NC(=O)CCC1CCCC1)N(C)C(=O)N2C,CC1=C2C(COC(C)(C)O2)=C(C(CC3=C(COC(C)(C)O4)C4=C(C)N=C3)(C)C)C=N1,0.08974358974358974,0.714208444238621
O=C(NCC1(C2=CC=CC(F)=C2)CCOCC1)C1=CC=C2C=CC=CC2=N1,CCCCCCCCCC(C)(CC1=C(C)C(OC(C)=O)=C(C)N=C1)C,0.08333333333333333,0.34648454331069145
O=C(NCC1(C2=CC=CC(F)=C2)CCOCC1)C1=CC=C2C=CC=CC2=N1,,0.0,0.0
O=C(NCC1(C2=CC=CC(F)=C2)CCOCC1)C1=CC=C2C=CC=CC2=N1,CCCCCCCCCCCCCCCC(O)(CC1=C(C)C(OC(C)=O)=C(C)N=C1)C,0.08139534883720931,0.20530252163320992
O=C(NCC1(C2=CC=CC(F)=C2)CCOCC1)C1=CC=C2C=CC=CC2=N1,CCCCCCCCCCCCCCCCCC(C)(CC1=C(C)C(OC(C)=O)=C(C)N=C1)C,0.08333333333333333,0.15264426487078303
O=C(NCC1(C2=CC=CC(F)=C2)CCOCC1)C1=CC=C2C=CC=CC2=N1,,0.0,0.0
O=C(NCC1(C2=CC=CC(F)=C2)CCOCC1)C1=CC=C2C=CC=CC2=N1,CCCCCCCCCC(C)(CC1=C(C)C(OC(C)=O)=C(C)N=C1)C,0.08333333333333333,0.34648454331069145
O=C(NCC1(C2=CC=CC(F)=C2)CCOCC1)C1=CC=C2C=CC=CC2=N1,,0.0,0.0
O=C(NCC1(C2=CC=CC(F)=C2)CCOCC1)C1=CC=C2C=CC=CC2=N1,,0.0,0.0
O=C(NCC1(C2=CC=CC(F)=C2)CCOCC1)C1=CC=C2C=CC=CC2=N1,,0.0,0.0
O=C(NCC1(C2=CC=CC(F)=C2)CCOCC1)C1=CC=C2C=CC=CC2=N1,,0.0,0.0
O=C(NCC1(C2=CC=CC(F)=C2)CCOCC1)C1=CC=C2C=CC=CC2=N1,,0.0,0.0
O=C(NCC1(C2=CC=CC(F)=C2)CCOCC1)C1=CC=C2C=CC=CC2=N1,,0.0,0.0
O=C(NCC1(C2=CC=CC(F)=C2)CCOCC1)C1=CC=C2C=CC=CC2=N1,,0.0,0.0
O=C(NCC1(C2=CC=CC(F)=C2)CCOCC1)C1=CC=C2C=CC=CC2=N1,CCCCCCCCCCCCCCCCCC(C)(CC1=C(C)C(OC(C)=O)=C(C)N=C1)C,0.08333333333333333,0.15264426487078303
O=C(NCC1(C2=CC=CC(F)=C2)CCOCC1)C1=CC=C2C=CC=CC2=N1,CCCCCCCCCC(C)(CC1=C(C)C(OC(C)=O)=C(C)N=C1)C,0.08333333333333333,0.34648454331069145
O=C(NCC1(C2=CC=CC(F)=C2)CCOCC1)C1=CC=C2C=CC=CC2=N1,,0.0,0.0
O=C(NCC1(C2=CC=CC(F)=C2)CCOCC1)C1=CC=C2C=CC=CC2=N1,,0.0,0.0
O=C(NCC1(C2=CC=CC(F)=C2)CCOCC1)C1=CC=C2C=CC=CC2=N1,CCCCCCCCCC(C)(CC1=C(C)C(OC(C)=O)=C(C)N=C1)C,0.08333333333333333,0.34648454331069145
O=C(NCC1(C2=CC=CC(F)=C2)CCOCC1)C1=CC=C2C=CC=CC2=N1,CCCCCCCCCCCCCCCC(O)(CC1=C(C)C(OC(C)=O)=C(C)N=C1)C,0.08139534883720931,0.20530252163320992
O=C(NCC1(C2=CC=CC(F)=C2)CCOCC1)C1=CC=C2C=CC=CC2=N1,,0.0,0.0
CCOC1=CC(C[NH+]2CCCC(C(=O)N(CC)CC)C2)=CC=C1O,,0.0,0.0
CCOC1=CC(C[NH+]2CCCC(C(=O)N(CC)CC)C2)=CC=C1O,CC1=C2C(COC(C)(C)O2)=C(C(CC3=C(COC(C)(C)O4)C4=C(C)N=C3)(C)C)C=N1,0.07407407407407407,0.714208444238621
CCOC1=CC(C[NH+]2CCCC(C(=O)N(CC)CC)C2)=CC=C1O,CC1=C2C(COC(C)(C)O2)=C(C(CC3=C(COC(C)(C)O4)C4=C(C)N=C3)(C)C)C=N1,0.07407407407407407,0.714208444238621
CCOC1=CC(C[NH+]2CCCC(C(=O)N(CC)CC)C2)=CC=C1O,CC1=C2C(COC(C)(C)O2)=C(C(CC3=C(COC(C)(C)O4)C4=C(C)N=C3)(C)C)C=N1,0.07407407407407407,0.714208444238621
CCOC1=CC(C[NH+]2CCCC(C(=O)N(CC)CC)C2)=CC=C1O,CC1=C2C(COC(C)(C)O2)=C(C(CC3=C(COC(C)(C)O4)C4=C(C)N=C3)(C)C)C=N1,0.07407407407407407,0.714208444238621
CCOC1=CC(C[NH+]2CCCC(C(=O)N(CC)CC)C2)=CC=C1O,CC1=C2C(COC(C)(C)O2)=C(C(CC3=C(COC(C)(C)O4)C4=C(C)N=C3)(C)C)C=N1,0.07407407407407407,0.714208444238621
CCOC1=CC(C[NH+]2CCCC(C(=O)N(CC)CC)C2)=CC=C1O,CC1=C2C(COC(C)(C)O2)=C(C(CC3=C(COC(C)(C)O4)C4=C(C)N=C3)(C)C)C=N1,0.07407407407407407,0.714208444238621
CCOC1=CC(C[NH+]2CCCC(C(=O)N(CC)CC)C2)=CC=C1O,CC1=C2C(COC(CCCCCCCC)O2)=C(C(C)(C)CCCCCCCCCCCCCCCCCC)C=N1,0.09523809523809523,0.11200953986300904
CCOC1=CC(C[NH+]2CCCC(C(=O)N(CC)CC)C2)=CC=C1O,CC1=C2C(COC(C)(C)O2)=C(C(CC3=C(COC(C)(C)O4)C4=C(C)N=C3)(C)C)C=N1,0.07407407407407407,0.714208444238621
CCOC1=CC(C[NH+]2CCCC(C(=O)N(CC)CC)C2)=CC=C1O,CC1=C2C(COC(C)(C)O2)=C(C(CC3=C(COC(C)(C)O4)C4=C(C)N=C3)(C)C)C=N1,0.07407407407407407,0.714208444238621
CCOC1=CC(C[NH+]2CCCC(C(=O)N(CC)CC)C2)=CC=C1O,CC1=C2C(COC(C)(C)O2)=C(C(CC3=C(COC(C)(C)O4)C4=C(C)N=C3)(C)C)C=N1,0.07407407407407407,0.714208444238621
CCOC1=CC(C[NH+]2CCCC(C(=O)N(CC)CC)C2)=CC=C1O,CC1=C2C(COC(C)(C)O2)=C(C(CC3=C(COC(C)(C)O4)C4=C(C)N=C3)(C)C)C=N1,0.07407407407407407,0.714208444238621
CCOC1=CC(C[NH+]2CCCC(C(=O)N(CC)CC)C2)=CC=C1O,CC1=C2C(COC(C)(C)O2)=C(C(CC3=C(COC(C)(C)O4)C4=C(C)N=C3)(C)C)C=N1,0.07407407407407407,0.714208444238621
CCOC1=CC(C[NH+]2CCCC(C(=O)N(CC)CC)C2)=CC=C1O,CC1=C2C(COC(C)(C)O2)=C(C(CC3=C(COC(C)(C)O4)C4=C(C)N=C3)(C)C)C=N1,0.07407407407407407,0.714208444238621
CCOC1=CC(C[NH+]2CCCC(C(=O)N(CC)CC)C2)=CC=C1O,CC1=C2C(COC(C)(C)O2)=C(C(CC3=C(COC(C)(C)O4)C4=C(C)N=C3)(C)C)C=N1,0.07407407407407407,0.714208444238621
CCOC1=CC(C[NH+]2CCCC(C(=O)N(CC)CC)C2)=CC=C1O,CC1=C2C(COC(CCCCC)O2)=C(C(CC3=C(COC(C)(C)O4)C4=C(C)N=C3)(C)C)C=N1,0.08421052631578947,0.4729635084227723
CCOC1=CC(C[NH+]2CCCC(C(=O)N(CC)CC)C2)=CC=C1O,CC1=C2C(COC(C)(C)O2)=C(C(CC3=C(COC(C)(C)O4)C4=C(C)N=C3)(C)C)C=N1,0.07407407407407407,0.714208444238621
CCOC1=CC(C[NH+]2CCCC(C(=O)N(CC)CC)C2)=CC=C1O,CC1=C2C(COC(C)(C)O2)=C(C(CC3=C(COC(C)(C)O4)C4=C(C)N=C3)(C)C)C=N1,0.07407407407407407,0.714208444238621
CCOC1=CC(C[NH+]2CCCC(C(=O)N(CC)CC)C2)=CC=C1O,CC1=C2C(COC(C)(C)O2)=C(C(CC3=C(COC(C)(C)O4)C4=C(C)N=C3)(C)C)C=N1,0.07407407407407407,0.714208444238621
CCOC1=CC(C[NH+]2CCCC(C(=O)N(CC)CC)C2)=CC=C1O,CC1=C2C(COC(C)(C)O2)=C(C(CC3=C(COC(C)(C)O4)C4=C(C)N=C3)(C)C)C=N1,0.07407407407407407,0.714208444238621
CC1CCC[NH+](CC(=O)NC2=CC=CC(NC(=O)C3=CC=CC=C3)=C2)C1,,0.0,0.0
CC1CCC[NH+](CC(=O)NC2=CC=CC(NC(=O)C3=CC=CC=C3)=C2)C1,,0.0,0.0
CC1CCC[NH+](CC(=O)NC2=CC=CC(NC(=O)C3=CC=CC=C3)=C2)C1,,0.0,0.0
CC1CCC[NH+](CC(=O)NC2=CC=CC(NC(=O)C3=CC=CC=C3)=C2)C1,,0.0,0.0
CC1CCC[NH+](CC(=O)NC2=CC=CC(NC(=O)C3=CC=CC=C3)=C2)C1,,0.0,0.0
CC1CCC[NH+](CC(=O)NC2=CC=CC(NC(=O)C3=CC=CC=C3)=C2)C1,,0.0,0.0
CC1CCC[NH+](CC(=O)NC2=CC=CC(NC(=O)C3=CC=CC=C3)=C2)C1,,0.0,0.0
CC1CCC[NH+](CC(=O)NC2=CC=CC(NC(=O)C3=CC=CC=C3)=C2)C1,,0.0,0.0
CC1CCC[NH+](CC(=O)NC2=CC=CC(NC(=O)C3=CC=CC=C3)=C2)C1,,0.0,0.0
CC1CCC[NH+](CC(=O)NC2=CC=CC(NC(=O)C3=CC=CC=C3)=C2)C1,CCCCCCCCCCCC(OCCCCCCCCCC(C)(C)OC2)C=C2,0.0759493670886076,0.2654491296222362
CC1CCC[NH+](CC(=O)NC2=CC=CC(NC(=O)C3=CC=CC=C3)=C2)C1,,0.0,0.0
CC1CCC[NH+](CC(=O)NC2=CC=CC(NC(=O)C3=CC=CC=C3)=C2)C1,CCCCCCCCCCCC(OCCCCCCCCCC(C)(C)OC2)C=C2,0.0759493670886076,0.2654491296222362
CC1CCC[NH+](CC(=O)NC2=CC=CC(NC(=O)C3=CC=CC=C3)=C2)C1,,0.0,0.0
CC1CCC[NH+](CC(=O)NC2=CC=CC(NC(=O)C3=CC=CC=C3)=C2)C1,CCCCCC(CCCCCCCCCCC(OC)=O)CCCCCCCCCCCC,0.09090909090909091,0.0962809946200866
CC1CCC[NH+](CC(=O)NC2=CC=CC(NC(=O)C3=CC=CC=C3)=C2)C1,,0.0,0.0
CC1CCC[NH+](CC(=O)NC2=CC=CC(NC(=O)C3=CC=CC=C3)=C2)C1,,0.0,0.0
CC1CCC[NH+](CC(=O)NC2=CC=CC(NC(=O)C3=CC=CC=C3)=C2)C1,CCCCCC(CCCCCCCCCCC(OC)=O)CCCCCCCCCCCC,0.09090909090909091,0.0962809946200866
CC1CCC[NH+](CC(=O)NC2=CC=CC(NC(=O)C3=CC=CC=C3)=C2)C1,,0.0,0.0
CC1CCC[NH+](CC(=O)NC2=CC=CC(NC(=O)C3=CC=CC=C3)=C2)C1,,0.0,0.0
CC1CCC[NH+](CC(=O)NC2=CC=CC(NC(=O)C3=CC=CC=C3)=C2)C1,,0.0,0.0
CC1=CC2=CC(CNC(=O)C3CCC(=O)N(CCCN4CCCC4=O)C3)=CC=C2N1,,0.0,0.0
CC1=CC2=CC(CNC(=O)C3CCC(=O)N(CCCN4CCCC4=O)C3)=CC=C2N1,,0.0,0.0
CC1=CC2=CC(CNC(=O)C3CCC(=O)N(CCCN4CCCC4=O)C3)=CC=C2N1,CC1=C2C(COC(C)(C)O2)=C(C(C)(C)CCCCCCCCCCCCCCCCCC)C=N1,0.07608695652173914,0.19869889680126435
CC1=CC2=CC(CNC(=O)C3CCC(=O)N(CCCN4CCCC4=O)C3)=CC=C2N1,,0.0,0.0
CC1=CC2=CC(CNC(=O)C3CCC(=O)N(CCCN4CCCC4=O)C3)=CC=C2N1,CC1=C2C(COC(C)(C)O2)=C(C(C)(C)CCCCCCCCCCCCCCCCCC)C=N1,0.07608695652173914,0.19869889680126435
CC1=CC2=CC(CNC(=O)C3CCC(=O)N(CCCN4CCCC4=O)C3)=CC=C2N1,,0.0,0.0
CC1=CC2=CC(CNC(=O)C3CCC(=O)N(CCCN4CCCC4=O)C3)=CC=C2N1,,0.0,0.0
CC1=CC2=CC(CNC(=O)C3CCC(=O)N(CCCN4CCCC4=O)C3)=CC=C2N1,CC1=C2C(COC(C)(C)O2)=C(C(C)(C)CCCCCCCCCCCCCCCCCC)C=N1,0.07608695652173914,0.19869889680126435
CC1=CC2=CC(CNC(=O)C3CCC(=O)N(CCCN4CCCC4=O)C3)=CC=C2N1,CC1=C2C(COC(C)(C)O2)=C(C(C)(C)CCCCCCCCCCCCCCCCCC)C=N1,0.07608695652173914,0.19869889680126435
CC1=CC2=CC(CNC(=O)C3CCC(=O)N(CCCN4CCCC4=O)C3)=CC=C2N1,CC1=C2C(COC(C)(C)O2)=C(C(C)(C)CCCCCCCCCCCCCCCCCC)C=N1,0.07608695652173914,0.19869889680126435
CC1=CC2=CC(CNC(=O)C3CCC(=O)N(CCCN4CCCC4=O)C3)=CC=C2N1,,0.0,0.0
CC1=CC2=CC(CNC(=O)C3CCC(=O)N(CCCN4CCCC4=O)C3)=CC=C2N1,CC1=C2C(COC(C)(C)O2)=C(C(C)(C)CCCCCCCCCCCCCCCCCC)C=N1,0.07608695652173914,0.19869889680126435
CC1=CC2=CC(CNC(=O)C3CCC(=O)N(CCCN4CCCC4=O)C3)=CC=C2N1,,0.0,0.0
CC1=CC2=CC(CNC(=O)C3CCC(=O)N(CCCN4CCCC4=O)C3)=CC=C2N1,,0.0,0.0
CC1=CC2=CC(CNC(=O)C3CCC(=O)N(CCCN4CCCC4=O)C3)=CC=C2N1,,0.0,0.0
CC1=CC2=CC(CNC(=O)C3CCC(=O)N(CCCN4CCCC4=O)C3)=CC=C2N1,CC1=C2C(COC(C)(C)O2)=C(C(C)(C)CCCCCCCCCCCCCCCCCC)C=N1,0.07608695652173914,0.19869889680126435
CC1=CC2=CC(CNC(=O)C3CCC(=O)N(CCCN4CCCC4=O)C3)=CC=C2N1,CC1=C2C(COC(C)(C)O2)=C(C(C)(C)CCCCCCCCCC)C=N1,0.07608695652173914,0.42727635453183144
CC1=CC2=CC(CNC(=O)C3CCC(=O)N(CCCN4CCCC4=O)C3)=CC=C2N1,CC1=C2C(COC(C)(C)O2)=C(C(CC3=C(COC(C)(C)O4)C4=C(C)N=C3O)C(CO)(C)C)C=N1,0.09090909090909091,0.6586322982899726
CC1=CC2=CC(CNC(=O)C3CCC(=O)N(CCCN4CCCC4=O)C3)=CC=C2N1,CC1=C2C(COC(C)(C)O2)=C(C(C)(C)CCCCCCCCCCCCCCCCCC)C=N1,0.07608695652173914,0.19869889680126435
CC1=CC2=CC(CNC(=O)C3CCC(=O)N(CCCN4CCCC4=O)C3)=CC=C2N1,CC1=C2C(COC(C)(C)O2)=C(C(C)(C)CCCCCCCCCCCCCCCCCC)C=N1,0.07608695652173914,0.19869889680126435
ClC1=CC=C(C(CC2=CC=CC=N2)[NH2+]CC2C[NH+]3CCN2CC3)C=C1,C(CCO)(CCO)CCCCCCCCCCSC1=NN=C(O1)C2=CC=C(C(C)(C)C)C=N2,0.07865168539325842,0.20069412505516868
ClC1=CC=C(C(CC2=CC=CC=N2)[NH2+]CC2C[NH+]3CCN2CC3)C=C1,C(CCO)(CCO)(CCO)CCCCCCCCCCSC1=NN=C(O1)C2=CC=C(C(C)(C)C)C=N2,0.06741573033707865,0.14865957928999687
ClC1=CC=C(C(CC2=CC=CC=N2)[NH2+]CC2C[NH+]3CCN2CC3)C=C1,,0.0,0.0
ClC1=CC=C(C(CC2=CC=CC=N2)[NH2+]CC2C[NH+]3CCN2CC3)C=C1,,0.0,0.0
ClC1=CC=C(C(CC2=CC=CC=N2)[NH2+]CC2C[NH+]3CCN2CC3)C=C1,,0.0,0.0
ClC1=CC=C(C(CC2=CC=CC=N2)[NH2+]CC2C[NH+]3CCN2CC3)C=C1,,0.0,0.0
ClC1=CC=C(C(CC2=CC=CC=N2)[NH2+]CC2C[NH+]3CCN2CC3)C=C1,C(CCO)(CCO)CCCCCCCCCCSC1=NN=C(O1)C2=CC=C(C(C)(C)C)C=N2,0.07865168539325842,0.20069412505516868
ClC1=CC=C(C(CC2=CC=CC=N2)[NH2+]CC2C[NH+]3CCN2CC3)C=C1,,0.0,0.0
ClC1=CC=C(C(CC2=CC=CC=N2)[NH2+]CC2C[NH+]3CCN2CC3)C=C1,,0.0,0.0
ClC1=CC=C(C(CC2=CC=CC=N2)[NH2+]CC2C[NH+]3CCN2CC3)C=C1,,0.0,0.0
ClC1=CC=C(C(CC2=CC=CC=N2)[NH2+]CC2C[NH+]3CCN2CC3)C=C1,,0.0,0.0
ClC1=CC=C(C(CC2=CC=CC=N2)[NH2+]CC2C[NH+]3CCN2CC3)C=C1,C(CCO)(CCO)CCCCCCCCCCSC1=NN=C(O1)C2=CC=C(C(C)(C)C)C=N2,0.07865168539325842,0.20069412505516868
ClC1=CC=C(C(CC2=CC=CC=N2)[NH2+]CC2C[NH+]3CCN2CC3)C=C1,,0.0,0.0
ClC1=CC=C(C(CC2=CC=CC=N2)[NH2+]CC2C[NH+]3CCN2CC3)C=C1,,0.0,0.0
ClC1=CC=C(C(CC2=CC=CC=N2)[NH2+]CC2C[NH+]3CCN2CC3)C=C1,,0.0,0.0
ClC1=CC=C(C(CC2=CC=CC=N2)[NH2+]CC2C[NH+]3CCN2CC3)C=C1,,0.0,0.0
ClC1=CC=C(C(CC2=CC=CC=N2)[NH2+]CC2C[NH+]3CCN2CC3)C=C1,,0.0,0.0
ClC1=CC=C(C(CC2=CC=CC=N2)[NH2+]CC2C[NH+]3CCN2CC3)C=C1,,0.0,0.0
ClC1=CC=C(C(CC2=CC=CC=N2)[NH2+]CC2C[NH+]3CCN2CC3)C=C1,C(CCO)(CCO)CCCCCCCCCCSC1=NN=C(O1)C2=CC=C(C(C)(C)C)C=N2,0.07865168539325842,0.20069412505516868
ClC1=CC=C(C(CC2=CC=CC=N2)[NH2+]CC2C[NH+]3CCN2CC3)C=C1,C(CCO)(CCO)CCCCCCCCCCSC1=NN=C(O1)C2=CC=C(C(C)(C)C)C=N2,0.07865168539325842,0.20069412505516868
CC1=CC=CC(C)=C1N1N=NN=C1CSCC1=NN=C(C)N1C,CC1=C2C(COC(C)(C)O2)=C(C(CC3=C(COC(C)(C)O4)C4=C(C)N=C3)(C)C)C=N1,0.08571428571428572,0.714208444238621
CC1=CC=CC(C)=C1N1N=NN=C1CSCC1=NN=C(C)N1C,CC1=C2C(COC(C)(C)O2)=C(C(CC3=C(COC(C)(C)O4)C4=C(C)N=C3)(C)C)C=N1,0.08571428571428572,0.714208444238621
CC1=CC=CC(C)=C1N1N=NN=C1CSCC1=NN=C(C)N1C,CC1=C2C(COC(C)(C)O2)=C(C(CC3=C(COC(C)(C)O4)C4=C(C)N=C3)(C)C)C=N1,0.08571428571428572,0.714208444238621
CC1=CC=CC(C)=C1N1N=NN=C1CSCC1=NN=C(C)N1C,CC1=C2C(COC(C)(C)O2)=C(C(CC3=C(COC(C)(C)O4)C4=C(C)N=C3)(C)C)C=N1,0.08571428571428572,0.714208444238621
CC1=CC=CC(C)=C1N1N=NN=C1CSCC1=NN=C(C)N1C,CC1=C2C(COC(C)(C)O2)=C(C(CC3=C(COC(C)(C)O4)C4=C(C)N=C3)(C)C)C=N1,0.08571428571428572,0.714208444238621
CC1=CC=CC(C)=C1N1N=NN=C1CSCC1=NN=C(C)N1C,CC1=C2C(COC(CC)O2)=C(C(C)(C)CCCCCCCCCCCCCCCCCC)C=N1,0.08108108108108109,0.18725162311553842
CC1=CC=CC(C)=C1N1N=NN=C1CSCC1=NN=C(C)N1C,CC1=C2C(COC(C)(C)O2)=C(C(CC3=C(COC(C)(C)O4)C4=C(C)N=C3)(C)C)C=N1,0.08571428571428572,0.714208444238621
CC1=CC=CC(C)=C1N1N=NN=C1CSCC1=NN=C(C)N1C,CC1=C2C(COC(C)(C)O2)=C(C(CC3=C(COC(C)(C)O4)C4=C(C)N=C3)(C)C)C=N1,0.08571428571428572,0.714208444238621
CC1=CC=CC(C)=C1N1N=NN=C1CSCC1=NN=C(C)N1C,CC1=C2C(COC(C)(C)O2)=C(C(CC3=C(COC(C)(C)O4)C4=C(C)N=C3)(C)C)C=N1,0.08571428571428572,0.714208444238621
CC1=CC=CC(C)=C1N1N=NN=C1CSCC1=NN=C(C)N1C,CC1=C2C(COC(C)(C)O2)=C(C(CC3=C(COC(C)(C)O4)C4=C(C)N=C3)(C)C)C=N1,0.08571428571428572,0.714208444238621
CC1=CC=CC(C)=C1N1N=NN=C1CSCC1=NN=C(C)N1C,CC1=C2C(COC(C)(C)O2)=C(C(CC3=C(COC(C)(C)O4)C4=C(C)N=C3)(C)C)C=N1,0.08571428571428572,0.714208444238621
CC1=CC=CC(C)=C1N1N=NN=C1CSCC1=NN=C(C)N1C,CC1=C2C(COC(C)(C)O2)=C(C(CC3=C(COC(C)(C)O4)C4=C(C)N=C3)(C)C)C=N1,0.08571428571428572,0.714208444238621
CC1=CC=CC(C)=C1N1N=NN=C1CSCC1=NN=C(C)N1C,CC1=C2C(COC(C)(C)O2)=C(C(CC3=C(COC(C)(C)O4)C4=C(C)N=C3)(C)C)C=N1,0.08571428571428572,0.714208444238621
CC1=CC=CC(C)=C1N1N=NN=C1CSCC1=NN=C(C)N1C,CC1=C2C(COC(C)(C)O2)=C(C(CC3=C(COC(C)(C)O4)C4=C(C)N=C3)(C)C)C=N1,0.08571428571428572,0.714208444238621
CC1=CC=CC(C)=C1N1N=NN=C1CSCC1=NN=C(C)N1C,CC1=C2C(COC(C)(C)O2)=C(C(CC3=C(COC(C)(C)O4)C4=C(C)N=C3)(C)C)C=N1,0.08571428571428572,0.714208444238621
CC1=CC=CC(C)=C1N1N=NN=C1CSCC1=NN=C(C)N1C,CC1=C2C(COC(C)(C)O2)=C(C(CC3=C(COC(C)(C)O4)C4=C(C)N=C3)(C)C)C=N1,0.08571428571428572,0.714208444238621
CC1=CC=CC(C)=C1N1N=NN=C1CSCC1=NN=C(C)N1C,CC1=C2C(COC(C)(C)O2)=C(C(CC3=C(COC(C)(C)O4)C4=C(C)N=C3)(C)C)C=N1,0.08571428571428572,0.714208444238621
CC1=CC=CC(C)=C1N1N=NN=C1CSCC1=NN=C(C)N1C,CC1=C2C(COC(C)(C)O2)=C(C(CC3=C(COC(C)(C)O4)C4=C(C)N=C3)(C)C)C=N1,0.08571428571428572,0.714208444238621
CC1=CC=CC(C)=C1N1N=NN=C1CSCC1=NN=C(C)N1C,CC1=C2C(COC(C)(C)O2)=C(C(CC3=C(COC(C)(C)O4)C4=C(C)N=C3)(C)C)C=N1,0.08571428571428572,0.714208444238621
CC1=CC=CC(C)=C1N1N=NN=C1CSCC1=NN=C(C)N1C,CC1=C2C(COC(C)(C)O2)=C(C(CC3=C(COC(C)(C)O4)C4=C(C)N=C3)(C)C)C=N1,0.08571428571428572,0.714208444238621
COC1=CC(NC(=O)CC2C[NH2+]CCO2)=CC(OC)=C1,,0.0,0.0
COC1=CC(NC(=O)CC2C[NH2+]CCO2)=CC(OC)=C1,,0.0,0.0
COC1=CC(NC(=O)CC2C[NH2+]CCO2)=CC(OC)=C1,,0.0,0.0
COC1=CC(NC(=O)CC2C[NH2+]CCO2)=CC(OC)=C1,,0.0,0.0
COC1=CC(NC(=O)CC2C[NH2+]CCO2)=CC(OC)=C1,,0.0,0.0
COC1=CC(NC(=O)CC2C[NH2+]CCO2)=CC(OC)=C1,,0.0,0.0
COC1=CC(NC(=O)CC2C[NH2+]CCO2)=CC(OC)=C1,,0.0,0.0
COC1=CC(NC(=O)CC2C[NH2+]CCO2)=CC(OC)=C1,,0.0,0.0
COC1=CC(NC(=O)CC2C[NH2+]CCO2)=CC(OC)=C1,,0.0,0.0
COC1=CC(NC(=O)CC2C[NH2+]CCO2)=CC(OC)=C1,,0.0,0.0
COC1=CC(NC(=O)CC2C[NH2+]CCO2)=CC(OC)=C1,,0.0,0.0
COC1=CC(NC(=O)CC2C[NH2+]CCO2)=CC(OC)=C1,,0.0,0.0
COC1=CC(NC(=O)CC2C[NH2+]CCO2)=CC(OC)=C1,,0.0,0.0
COC1=CC(NC(=O)CC2C[NH2+]CCO2)=CC(OC)=C1,,0.0,0.0
COC1=CC(NC(=O)CC2C[NH2+]CCO2)=CC(OC)=C1,,0.0,0.0
COC1=CC(NC(=O)CC2C[NH2+]CCO2)=CC(OC)=C1,,0.0,0.0
COC1=CC(NC(=O)CC2C[NH2+]CCO2)=CC(OC)=C1,,0.0,0.0
COC1=CC(NC(=O)CC2C[NH2+]CCO2)=CC(OC)=C1,,0.0,0.0
COC1=CC(NC(=O)CC2C[NH2+]CCO2)=CC(OC)=C1,,0.0,0.0
COC1=CC(NC(=O)CC2C[NH2+]CCO2)=CC(OC)=C1,,0.0,0.0
CCC1(CC)C(NC(=O)NC2=CC=C(C(=O)NC)C=C2)C(C)C1OC,CC1=C2C(COC(C)(C)O2)=C(C(CC3=C(COC(C)(C)O4)C4=C(C)N=C3)(C)C)C=N1,0.07894736842105263,0.714208444238621
CCC1(CC)C(NC(=O)NC2=CC=C(C(=O)NC)C=C2)C(C)C1OC,CC1=C2C(COC(C)(C)O2)=C(C(CC3=C(COC(C)(C)O4)C4=C(C)N=C3)(C)C)C=N1,0.07894736842105263,0.714208444238621
CCC1(CC)C(NC(=O)NC2=CC=C(C(=O)NC)C=C2)C(C)C1OC,CC1=C2C(COC(C)(C)O2)=C(C(CC3=C(COC(C)(C)O4)C4=C(C)N=C3)(C)C)C=N1,0.07894736842105263,0.714208444238621
CCC1(CC)C(NC(=O)NC2=CC=C(C(=O)NC)C=C2)C(C)C1OC,CC1=C2C(COC(C)(C)O2)=C(C(CC3=C(COC(C)(C)O4)C4=C(C)N=C3)(C)C)C=N1,0.07894736842105263,0.714208444238621
CCC1(CC)C(NC(=O)NC2=CC=C(C(=O)NC)C=C2)C(C)C1OC,CC1=C2C(COC(C)(C)O2)=C(C(CC3=C(COC(C)(C)O4)C4=C(C)N=C3)(C)C)C=N1,0.07894736842105263,0.714208444238621
CCC1(CC)C(NC(=O)NC2=CC=C(C(=O)NC)C=C2)C(C)C1OC,CC1=C2C(COC(C)(C)O2)=C(C(CC3=C(COC(C)(C)O4)C4=C(C)N=C3)(C)C)C=N1,0.07894736842105263,0.714208444238621
CCC1(CC)C(NC(=O)NC2=CC=C(C(=O)NC)C=C2)C(C)C1OC,CC1=C2C(COC(C)(C)O2)=C(C(CC3=C(COC(C)(C)O4)C4=C(C)N=C3)(C)C)C=N1,0.07894736842105263,0.714208444238621
CCC1(CC)C(NC(=O)NC2=CC=C(C(=O)NC)C=C2)C(C)C1OC,CC1=C2C(COC(C)(C)O2)=C(C(CC3=C(COC(C)(C)O4)C4=C(C)N=C3)(C)C)C=N1,0.07894736842105263,0.714208444238621
CCC1(CC)C(NC(=O)NC2=CC=C(C(=O)NC)C=C2)C(C)C1OC,CC1=C2C(COC(C)(C)O2)=C(C(CC3=C(COC(C)(C)O4)C4=C(C)N=C3)(C)C)C=N1,0.07894736842105263,0.714208444238621
CCC1(CC)C(NC(=O)NC2=CC=C(C(=O)NC)C=C2)C(C)C1OC,CC1=C2C(COC(C)(C)O2)=C(C(CC3=C(COC(C)(C)O4)C4=C(C)N=C3)(C)C)C=N1,0.07894736842105263,0.714208444238621
CCC1(CC)C(NC(=O)NC2=CC=C(C(=O)NC)C=C2)C(C)C1OC,CC1=C2C(COC(C)(C)O2)=C(C(CC3=C(COC(C)(C)O4)C4=C(C)N=C3)(C)C)C=N1,0.07894736842105263,0.714208444238621
CCC1(CC)C(NC(=O)NC2=CC=C(C(=O)NC)C=C2)C(C)C1OC,CC1=C2C(COC(C)(C)O2)=C(C(CC3=C(COC(C)(C)O4)C4=C(C)N=C3)(C)C)C=N1,0.07894736842105263,0.714208444238621
CCC1(CC)C(NC(=O)NC2=CC=C(C(=O)NC)C=C2)C(C)C1OC,CC1=C2C(COC(C)(C)O2)=C(C(CC3=C(COC(C)(C)O4)C4=C(C)N=C3)(C)C)C=N1,0.07894736842105263,0.714208444238621
CCC1(CC)C(NC(=O)NC2=CC=C(C(=O)NC)C=C2)C(C)C1OC,CC1=C2C(COC(C)(C)O2)=C(C(CC3=C(COC(C)(C)O4)C4=C(C)N=C3)(C)C)C=N1,0.07894736842105263,0.714208444238621
CCC1(CC)C(NC(=O)NC2=CC=C(C(=O)NC)C=C2)C(C)C1OC,CC1=C2C(COC(C)(C)O2)=C(C(CC3=C(COC(C)(C)O4)C4=C(C)N=C3)(C)C)C=N1,0.07894736842105263,0.714208444238621
CCC1(CC)C(NC(=O)NC2=CC=C(C(=O)NC)C=C2)C(C)C1OC,CC1=C2C(COC(C)(C)O2)=C(C(CC3=C(COC(C)(C)O4)C4=C(C)N=C3)(C)C)C=N1,0.07894736842105263,0.714208444238621
CCC1(CC)C(NC(=O)NC2=CC=C(C(=O)NC)C=C2)C(C)C1OC,CC1=C2C(COC(C)(C)O2)=C(C(CC3=C(COC(C)(C)O4)C4=C(C)N=C3)(C)C)C=N1,0.07894736842105263,0.714208444238621
CCC1(CC)C(NC(=O)NC2=CC=C(C(=O)NC)C=C2)C(C)C1OC,CC1=C2C(COC(C)(C)O2)=C(C(CC3=C(COC(C)(C)O4)C4=C(C)N=C3)(C)C)C=N1,0.07894736842105263,0.714208444238621
CCC1(CC)C(NC(=O)NC2=CC=C(C(=O)NC)C=C2)C(C)C1OC,CC1=C2C(COC(C)(C)O2)=C(C(CC3=C(COC(C)(C)O4)C4=C(C)N=C3)(C)C)C=N1,0.07894736842105263,0.714208444238621
CCC1(CC)C(NC(=O)NC2=CC=C(C(=O)NC)C=C2)C(C)C1OC,CC1=C2C(COC(C)(C)O2)=C(C(CC3=C(COC(C)(C)O4)C4=C(C)N=C3)(C)C)C=N1,0.07894736842105263,0.714208444238621
CCOC1=CC=CC=C1C1=CC=CC(C(=O)N(C)CCC(F)(F)F)=C1,,0.0,0.0
CCOC1=CC=CC=C1C1=CC=CC(C(=O)N(C)CCC(F)(F)F)=C1,,0.0,0.0
CCOC1=CC=CC=C1C1=CC=CC(C(=O)N(C)CCC(F)(F)F)=C1,,0.0,0.0
CCOC1=CC=CC=C1C1=CC=CC(C(=O)N(C)CCC(F)(F)F)=C1,,0.0,0.0
CCOC1=CC=CC=C1C1=CC=CC(C(=O)N(C)CCC(F)(F)F)=C1,,0.0,0.0
CCOC1=CC=CC=C1C1=CC=CC(C(=O)N(C)CCC(F)(F)F)=C1,,0.0,0.0
CCOC1=CC=CC=C1C1=CC=CC(C(=O)N(C)CCC(F)(F)F)=C1,,0.0,0.0
CCOC1=CC=CC=C1C1=CC=CC(C(=O)N(C)CCC(F)(F)F)=C1,,0.0,0.0
CCOC1=CC=CC=C1C1=CC=CC(C(=O)N(C)CCC(F)(F)F)=C1,,0.0,0.0
CCOC1=CC=CC=C1C1=CC=CC(C(=O)N(C)CCC(F)(F)F)=C1,,0.0,0.0
CCOC1=CC=CC=C1C1=CC=CC(C(=O)N(C)CCC(F)(F)F)=C1,,0.0,0.0
CCOC1=CC=CC=C1C1=CC=CC(C(=O)N(C)CCC(F)(F)F)=C1,,0.0,0.0
CCOC1=CC=CC=C1C1=CC=CC(C(=O)N(C)CCC(F)(F)F)=C1,,0.0,0.0
CCOC1=CC=CC=C1C1=CC=CC(C(=O)N(C)CCC(F)(F)F)=C1,,0.0,0.0
CCOC1=CC=CC=C1C1=CC=CC(C(=O)N(C)CCC(F)(F)F)=C1,,0.0,0.0
CCOC1=CC=CC=C1C1=CC=CC(C(=O)N(C)CCC(F)(F)F)=C1,,0.0,0.0
CCOC1=CC=CC=C1C1=CC=CC(C(=O)N(C)CCC(F)(F)F)=C1,,0.0,0.0
CCOC1=CC=CC=C1C1=CC=CC(C(=O)N(C)CCC(F)(F)F)=C1,,0.0,0.0
CCOC1=CC=CC=C1C1=CC=CC(C(=O)N(C)CCC(F)(F)F)=C1,,0.0,0.0
CCOC1=CC=CC=C1C1=CC=CC(C(=O)N(C)CCC(F)(F)F)=C1,,0.0,0.0
CC1C(=O)N(C2=CC=C3CCCC3=C2)CCN1C(=O)C1=CC=C(Cl)C(Cl)=C1,,0.0,0.0
CC1C(=O)N(C2=CC=C3CCCC3=C2)CCN1C(=O)C1=CC=C(Cl)C(Cl)=C1,,0.0,0.0
CC1C(=O)N(C2=CC=C3CCCC3=C2)CCN1C(=O)C1=CC=C(Cl)C(Cl)=C1,,0.0,0.0
CC1C(=O)N(C2=CC=C3CCCC3=C2)CCN1C(=O)C1=CC=C(Cl)C(Cl)=C1,,0.0,0.0
CC1C(=O)N(C2=CC=C3CCCC3=C2)CCN1C(=O)C1=CC=C(Cl)C(Cl)=C1,,0.0,0.0
CC1C(=O)N(C2=CC=C3CCCC3=C2)CCN1C(=O)C1=CC=C(Cl)C(Cl)=C1,C(C)(C)CCCCCCCCCCCCCCCC,0.01639344262295082,0.26943898417727447
CC1C(=O)N(C2=CC=C3CCCC3=C2)CCN1C(=O)C1=CC=C(Cl)C(Cl)=C1,,0.0,0.0
CC1C(=O)N(C2=CC=C3CCCC3=C2)CCN1C(=O)C1=CC=C(Cl)C(Cl)=C1,C(C)(C)CCCCCCCCCCCCCCCC,0.01639344262295082,0.26943898417727447
CC1C(=O)N(C2=CC=C3CCCC3=C2)CCN1C(=O)C1=CC=C(Cl)C(Cl)=C1,,0.0,0.0
CC1C(=O)N(C2=CC=C3CCCC3=C2)CCN1C(=O)C1=CC=C(Cl)C(Cl)=C1,,0.0,0.0
CC1C(=O)N(C2=CC=C3CCCC3=C2)CCN1C(=O)C1=CC=C(Cl)C(Cl)=C1,C(C)(C)CCCCCCCCCCCCCCCC,0.01639344262295082,0.26943898417727447
CC1C(=O)N(C2=CC=C3CCCC3=C2)CCN1C(=O)C1=CC=C(Cl)C(Cl)=C1,,0.0,0.0
CC1C(=O)N(C2=CC=C3CCCC3=C2)CCN1C(=O)C1=CC=C(Cl)C(Cl)=C1,C(CCCCCCCCCCCC)(C)CCCCCCCCCCCCCCCC,0.01639344262295082,0.12150047699207202
CC1C(=O)N(C2=CC=C3CCCC3=C2)CCN1C(=O)C1=CC=C(Cl)C(Cl)=C1,,0.0,0.0
CC1C(=O)N(C2=CC=C3CCCC3=C2)CCN1C(=O)C1=CC=C(Cl)C(Cl)=C1,C(C)(C)CCCCCCCCCCCCCCCC,0.01639344262295082,0.26943898417727447
CC1C(=O)N(C2=CC=C3CCCC3=C2)CCN1C(=O)C1=CC=C(Cl)C(Cl)=C1,,0.0,0.0
CC1C(=O)N(C2=CC=C3CCCC3=C2)CCN1C(=O)C1=CC=C(Cl)C(Cl)=C1,C(C)(C)CCCCCCCCCCCCCCCC,0.01639344262295082,0.26943898417727447
CC1C(=O)N(C2=CC=C3CCCC3=C2)CCN1C(=O)C1=CC=C(Cl)C(Cl)=C1,C(C)(C)CCCCCCCCCCCCCCCC,0.01639344262295082,0.26943898417727447
CC1C(=O)N(C2=CC=C3CCCC3=C2)CCN1C(=O)C1=CC=C(Cl)C(Cl)=C1,,0.0,0.0
CC1C(=O)N(C2=CC=C3CCCC3=C2)CCN1C(=O)C1=CC=C(Cl)C(Cl)=C1,,0.0,0.0
C[NH+](CCS(C)(=O)=O)CC(=O)N1CCCC2CCCCC21,,0.0,0.0
C[NH+](CCS(C)(=O)=O)CC(=O)N1CCCC2CCCCC21,,0.0,0.0
C[NH+](CCS(C)(=O)=O)CC(=O)N1CCCC2CCCCC21,CCCCCC(CCC(CCCCCCCCCCCCCCCCCCCCCCCCCCCCCCCCCCCCCCCCCCCCCC)=O)CC,0.08333333333333333,0.05591585762883027
C[NH+](CCS(C)(=O)=O)CC(=O)N1CCCC2CCCCC21,,0.0,0.0
C[NH+](CCS(C)(=O)=O)CC(=O)N1CCCC2CCCCC21,,0.0,0.0
C[NH+](CCS(C)(=O)=O)CC(=O)N1CCCC2CCCCC21,,0.0,0.0
C[NH+](CCS(C)(=O)=O)CC(=O)N1CCCC2CCCCC21,,0.0,0.0
C[NH+](CCS(C)(=O)=O)CC(=O)N1CCCC2CCCCC21,,0.0,0.0
C[NH+](CCS(C)(=O)=O)CC(=O)N1CCCC2CCCCC21,,0.0,0.0
C[NH+](CCS(C)(=O)=O)CC(=O)N1CCCC2CCCCC21,,0.0,0.0
C[NH+](CCS(C)(=O)=O)CC(=O)N1CCCC2CCCCC21,,0.0,0.0
C[NH+](CCS(C)(=O)=O)CC(=O)N1CCCC2CCCCC21,,0.0,0.0
C[NH+](CCS(C)(=O)=O)CC(=O)N1CCCC2CCCCC21,,0.0,0.0
C[NH+](CCS(C)(=O)=O)CC(=O)N1CCCC2CCCCC21,,0.0,0.0
C[NH+](CCS(C)(=O)=O)CC(=O)N1CCCC2CCCCC21,,0.0,0.0
C[NH+](CCS(C)(=O)=O)CC(=O)N1CCCC2CCCCC21,,0.0,0.0
C[NH+](CCS(C)(=O)=O)CC(=O)N1CCCC2CCCCC21,,0.0,0.0
C[NH+](CCS(C)(=O)=O)CC(=O)N1CCCC2CCCCC21,,0.0,0.0
C[NH+](CCS(C)(=O)=O)CC(=O)N1CCCC2CCCCC21,,0.0,0.0
C[NH+](CCS(C)(=O)=O)CC(=O)N1CCCC2CCCCC21,,0.0,0.0
COCCCN1C(C)=C(C)C(C#N)=C1NC(=O)C[NH+]1CC(C)(C)C1(C)C,,0.0,0.0
COCCCN1C(C)=C(C)C(C#N)=C1NC(=O)C[NH+]1CC(C)(C)C1(C)C,CCCCCCCCCCCC(C)(CC1=NC=CC=C1)O,0.07692307692307693,0.5303009029495546
COCCCN1C(C)=C(C)C(C#N)=C1NC(=O)C[NH+]1CC(C)(C)C1(C)C,,0.0,0.0
COCCCN1C(C)=C(C)C(C#N)=C1NC(=O)C[NH+]1CC(C)(C)C1(C)C,CCCCCCCCCCCCCC(C)(CC1=NC=CC=C1)O,0.07692307692307693,0.4216966616031174
COCCCN1C(C)=C(C)C(C#N)=C1NC(=O)C[NH+]1CC(C)(C)C1(C)C,,0.0,0.0
COCCCN1C(C)=C(C)C(C#N)=C1NC(=O)C[NH+]1CC(C)(C)C1(C)C,,0.0,0.0
COCCCN1C(C)=C(C)C(C#N)=C1NC(=O)C[NH+]1CC(C)(C)C1(C)C,,0.0,0.0
COCCCN1C(C)=C(C)C(C#N)=C1NC(=O)C[NH+]1CC(C)(C)C1(C)C,,0.0,0.0
COCCCN1C(C)=C(C)C(C#N)=C1NC(=O)C[NH+]1CC(C)(C)C1(C)C,,0.0,0.0
COCCCN1C(C)=C(C)C(C#N)=C1NC(=O)C[NH+]1CC(C)(C)C1(C)C,,0.0,0.0
COCCCN1C(C)=C(C)C(C#N)=C1NC(=O)C[NH+]1CC(C)(C)C1(C)C,CCCCCCCCCCCCCC(C)(CC1=NC=CC=C1)O,0.07692307692307693,0.4216966616031174
COCCCN1C(C)=C(C)C(C#N)=C1NC(=O)C[NH+]1CC(C)(C)C1(C)C,,0.0,0.0
COCCCN1C(C)=C(C)C(C#N)=C1NC(=O)C[NH+]1CC(C)(C)C1(C)C,,0.0,0.0
COCCCN1C(C)=C(C)C(C#N)=C1NC(=O)C[NH+]1CC(C)(C)C1(C)C,,0.0,0.0
COCCCN1C(C)=C(C)C(C#N)=C1NC(=O)C[NH+]1CC(C)(C)C1(C)C,,0.0,0.0
COCCCN1C(C)=C(C)C(C#N)=C1NC(=O)C[NH+]1CC(C)(C)C1(C)C,,0.0,0.0
COCCCN1C(C)=C(C)C(C#N)=C1NC(=O)C[NH+]1CC(C)(C)C1(C)C,,0.0,0.0
COCCCN1C(C)=C(C)C(C#N)=C1NC(=O)C[NH+]1CC(C)(C)C1(C)C,,0.0,0.0
COCCCN1C(C)=C(C)C(C#N)=C1NC(=O)C[NH+]1CC(C)(C)C1(C)C,,0.0,0.0
COCCCN1C(C)=C(C)C(C#N)=C1NC(=O)C[NH+]1CC(C)(C)C1(C)C,,0.0,0.0
CC1=CC(N2CCC(C)C(O)C2)=NC(C)=[NH+]1,,0.0,0.0
CC1=CC(N2CCC(C)C(O)C2)=NC(C)=[NH+]1,,0.0,0.0
CC1=CC(N2CCC(C)C(O)C2)=NC(C)=[NH+]1,CC1=C2C(COC(CCCCC)O2)=C(C(CC3=C(COC(C)(C)O4)C4=C(C)N=C3)(C)C)C=N1,0.08433734939759036,0.4729635084227723
CC1=CC(N2CCC(C)C(O)C2)=NC(C)=[NH+]1,CC1=C2C(COC(CCCCC)O2)=C(C(CC3=C(COC(C)(C)O4)C4=C(C)N=C3)(C)C)C=N1,0.08433734939759036,0.4729635084227723
CC1=CC(N2CCC(C)C(O)C2)=NC(C)=[NH+]1,CC1=C2C(COC(CCCCC)O2)=C(C(CCCCCCCCCCCC)=O)C2=C1OC(CCC)OC2,0.09859154929577464,0.14364683084368662
CC1=CC(N2CCC(C)C(O)C2)=NC(C)=[NH+]1,,0.0,0.0
CC1=CC(N2CCC(C)C(O)C2)=NC(C)=[NH+]1,CC1=C2C(COC(CCCCC)O2)=C(C(CC3=C(COC(C)(C)O4)C4=C(C)N=C3)(C)C)C=N1,0.08433734939759036,0.4729635084227723
CC1=CC(N2CCC(C)C(O)C2)=NC(C)=[NH+]1,,0.0,0.0
CC1=CC(N2CCC(C)C(O)C2)=NC(C)=[NH+]1,CC1=C2C(COC(CCCCC)O2)=C(C(CC3=C(COC(C)(C)O4)C4=C(C)N=C3)(C)C)C=N1,0.08433734939759036,0.4729635084227723
CC1=CC(N2CCC(C)C(O)C2)=NC(C)=[NH+]1,CC1=C2C(COC(C)(C)O2)=C(C(CCCCCCCCCCCC)=O)C2=C1OC(CCC)OC2,0.08860759493670886,0.20096672036957056
CC1=CC(N2CCC(C)C(O)C2)=NC(C)=[NH+]1,,0.0,0.0
CC1=CC(N2CCC(C)C(O)C2)=NC(C)=[NH+]1,,0.0,0.0
CC1=CC(N2CCC(C)C(O)C2)=NC(C)=[NH+]1,CC1=C2C(COC(C)(C)O2)=C(C(CC3=C(COC(C)(C)O4)C4=C(C)N=C3)(C)C)C=N1,0.08823529411764706,0.714208444238621
CC1=CC(N2CCC(C)C(O)C2)=NC(C)=[NH+]1,CC1=C2C(COC(CCCCC)O2)=C(C(CC3=C(COC(C)(C)O4)C4=C(C)N=C3)(C)C)C=N1,0.08433734939759036,0.4729635084227723
CC1=CC(N2CCC(C)C(O)C2)=NC(C)=[NH+]1,,0.0,0.0
CC1=CC(N2CCC(C)C(O)C2)=NC(C)=[NH+]1,CC1=C2C(COC(CCCCC)O2)=C(C(CC3=C(COC(C)(C)O4)C4=C(C)N=C3)(C)C)C=N1,0.08433734939759036,0.4729635084227723
CC1=CC(N2CCC(C)C(O)C2)=NC(C)=[NH+]1,CC1=C2C(COC(CCCCC)O2)=C(C(CC3=C(COC(C)(C)O4)C4=C(C)N=C3)(C)C)C=N1,0.08433734939759036,0.4729635084227723
CC1=CC(N2CCC(C)C(O)C2)=NC(C)=[NH+]1,,0.0,0.0
CC1=CC(N2CCC(C)C(O)C2)=NC(C)=[NH+]1,CC1=C2C(COC(CCCCC)O2)=C(C(CC3=C(COC(C)(C)O4)C4=C(C)N=C3)(C)C)C=N1,0.08433734939759036,0.4729635084227723
CC1=CC(N2CCC(C)C(O)C2)=NC(C)=[NH+]1,CC1=C2C(COC(C)(C)O2)=C(C(CCCCCCCCCCCC)=O)C2=C1OC(CCC)OC2,0.08860759493670886,0.20096672036957056
O=C(CNC(=O)C1=CC=CNC1=O)NC1=NOC=C1,CCCCCCCCCCCC(OC1=NC=CC=C1)=O,0.13636363636363635,0.4260075772364941
O=C(CNC(=O)C1=CC=CNC1=O)NC1=NOC=C1,CCCCCCCCCCCC(OC1=NC=CC=C1)=O,0.13636363636363635,0.4260075772364941
O=C(CNC(=O)C1=CC=CNC1=O)NC1=NOC=C1,CCCCCCCCCCCC(OC1=NC=CC=C1)=O,0.13636363636363635,0.4260075772364941
O=C(CNC(=O)C1=CC=CNC1=O)NC1=NOC=C1,CCCCCCCCCCCC(OC1=NC=CC=C1)=O,0.13636363636363635,0.4260075772364941
O=C(CNC(=O)C1=CC=CNC1=O)NC1=NOC=C1,CCCCCCCCCCCC(OC1=NC=CC=C1)=O,0.13636363636363635,0.4260075772364941
O=C(CNC(=O)C1=CC=CNC1=O)NC1=NOC=C1,CCCCCCCCCCCC(OC1=NC=CC=C1)=O,0.13636363636363635,0.4260075772364941
O=C(CNC(=O)C1=CC=CNC1=O)NC1=NOC=C1,CCCCCCCCCCCC(OC1=NC=CC=C1)=O,0.13636363636363635,0.4260075772364941
O=C(CNC(=O)C1=CC=CNC1=O)NC1=NOC=C1,CCCCCCCCCCCC(OC1=NC=CC=C1)=O,0.13636363636363635,0.4260075772364941
O=C(CNC(=O)C1=CC=CNC1=O)NC1=NOC=C1,CCCCCCCCCCCC(OC1=NC=CC=C1)=O,0.13636363636363635,0.4260075772364941
O=C(CNC(=O)C1=CC=CNC1=O)NC1=NOC=C1,CCCCCCCCCCCC(OC1=NC=CC=C1)=O,0.13636363636363635,0.4260075772364941
O=C(CNC(=O)C1=CC=CNC1=O)NC1=NOC=C1,CCCCCCCCCCCC(OC1=NC=CC=C1)=O,0.13636363636363635,0.4260075772364941
O=C(CNC(=O)C1=CC=CNC1=O)NC1=NOC=C1,CCCCCCCCCCCCCCC(OC1=NC=CC=C1)=O,0.13636363636363635,0.308037786376624
O=C(CNC(=O)C1=CC=CNC1=O)NC1=NOC=C1,CCCCCCCCCCCC(OC1=NC=CC=C1)O,0.10294117647058823,0.44523756338800596
O=C(CNC(=O)C1=CC=CNC1=O)NC1=NOC=C1,CCCCCCCCCCCC(OC1=NC=CC=C1)=O,0.13636363636363635,0.4260075772364941
O=C(CNC(=O)C1=CC=CNC1=O)NC1=NOC=C1,CCCCCCCCCCCC(OC1=NC=CC=C1)=O,0.13636363636363635,0.4260075772364941
O=C(CNC(=O)C1=CC=CNC1=O)NC1=NOC=C1,CCCCCCCCCCCC(OC1=NC=CC=C1)=O,0.13636363636363635,0.4260075772364941
O=C(CNC(=O)C1=CC=CNC1=O)NC1=NOC=C1,CCCCCCCCCCCC(OC1=NC=CC=C1)=O,0.13636363636363635,0.4260075772364941
O=C(CNC(=O)C1=CC=CNC1=O)NC1=NOC=C1,CCCCCCCCCCCC(OC1=NC=CC=C1)=O,0.13636363636363635,0.4260075772364941
O=C(CNC(=O)C1=CC=CNC1=O)NC1=NOC=C1,CCCCCCCCCCCCCCCCCC(OC1=NC=CC=C1)=O,0.13636363636363635,0.21656810367351192
O=C(CNC(=O)C1=CC=CNC1=O)NC1=NOC=C1,CCCCCCCCCCCCCCCCCC(OC1=NC=CC=C1)=O,0.13636363636363635,0.21656810367351192
CCSC1=CC=C(C(C)NC(=O)NCC2=C(C)OC=N2)C=C1,C(CC1=C(OC(C)(C)OC2)C2=C(CO)C(CO)=N1)(C/C=C/C#CC(C)(C)C)CC3=CC=CC4=CC=CC=C43,0.11,0.3479060997562587
CCSC1=CC=C(C(C)NC(=O)NCC2=C(C)OC=N2)C=C1,C(CC1=C(OC(C)(C)OC2)C2=C(CO)C(CO)=N1)(C/C=C/C#CC(C)(C)C)CC3=CC=CC4=CC=CC=C43,0.11,0.3479060997562587
CCSC1=CC=C(C(C)NC(=O)NCC2=C(C)OC=N2)C=C1,C(CC1=C(CO)C(COC(C)(C)O2)=C2C(C)=N1)(C/C=C/C#CC(C)(C)C)CC3=CC=CC4=CC=CC=C43,0.12871287128712872,0.3545264191791608
CCSC1=CC=C(C(C)NC(=O)NCC2=C(C)OC=N2)C=C1,C(CC1=C(OC(C)(C)OC2)C2=C(CO)C(CO)=N1)(C/C=C/C#CC(C)(C)C)CC3=CC=CC4=CC=CC=C43,0.11,0.3479060997562587
CCSC1=CC=C(C(C)NC(=O)NCC2=C(C)OC=N2)C=C1,,0.0,0.0
CCSC1=CC=C(C(C)NC(=O)NCC2=C(C)OC=N2)C=C1,C(CC1=C(OC(C)(C)OC2)C2=C(CO)C(CO)=N1)(C/C=C/C#CC(C)(C)C)CC3=CC=CC4=CC=CC=C43,0.11,0.3479060997562587
CCSC1=CC=C(C(C)NC(=O)NCC2=C(C)OC=N2)C=C1,,0.0,0.0
CCSC1=CC=C(C(C)NC(=O)NCC2=C(C)OC=N2)C=C1,,0.0,0.0
CCSC1=CC=C(C(C)NC(=O)NCC2=C(C)OC=N2)C=C1,,0.0,0.0
CCSC1=CC=C(C(C)NC(=O)NCC2=C(C)OC=N2)C=C1,C(CC1=C(OC(C)(C)OC2)C2=C(CO)C(CO)=N1)(C/C=C/C#CC(C)(C)C)CC3=CC=CC4=CC=CC=C43,0.11,0.3479060997562587
CCSC1=CC=C(C(C)NC(=O)NCC2=C(C)OC=N2)C=C1,,0.0,0.0
CCSC1=CC=C(C(C)NC(=O)NCC2=C(C)OC=N2)C=C1,,0.0,0.0
CCSC1=CC=C(C(C)NC(=O)NCC2=C(C)OC=N2)C=C1,C(CC1=C(CO)C(COC(C)(C)O2)=C2C(C)=N1)(C/C=C/C#CC(C)(C)C)CC3=CC=CC4=CC=CC=C43,0.12871287128712872,0.3545264191791608
CCSC1=CC=C(C(C)NC(=O)NCC2=C(C)OC=N2)C=C1,,0.0,0.0
CCSC1=CC=C(C(C)NC(=O)NCC2=C(C)OC=N2)C=C1,C(CC1=C(OC(C)(C)OC2)C2=C(CO)C(CO)=N1)(C/C=C/C#CC(C)(C)C)CC3=CC=CC4=CC=CC=C43,0.11,0.3479060997562587
CCSC1=CC=C(C(C)NC(=O)NCC2=C(C)OC=N2)C=C1,C(CC1=C(OC(C)(C)OC2)C2=C(CO)C(CO)=N1)(C/C=C/C#CC(C)(C)C)CC3=CC=CC4=CC=CC=C43,0.11,0.3479060997562587
CCSC1=CC=C(C(C)NC(=O)NCC2=C(C)OC=N2)C=C1,C(CC1=C(OC(C)(C)OC2)C2=C(CO)C(CO)=N1)(C/C=C/C#CC(C)(C)C)CC3=CC=CC4=CC=CC=C43,0.11,0.3479060997562587
CCSC1=CC=C(C(C)NC(=O)NCC2=C(C)OC=N2)C=C1,C(CC1=C(OC(C)(C)OC2)C2=C(CO)C(CO)=N1)(C/C=C/C#CC(C)(C)C)CC3=CC=CC4=CC=CC=C43,0.11,0.3479060997562587
CCSC1=CC=C(C(C)NC(=O)NCC2=C(C)OC=N2)C=C1,,0.0,0.0
CCSC1=CC=C(C(C)NC(=O)NCC2=C(C)OC=N2)C=C1,C(CC1=C(OC(C)(C)OC2)C2=C(CO)C(CO)=N1)(C/C=C/C#CC(C)(C)C)CC3=CC=CC4=CC=CC=C43,0.11,0.3479060997562587
CC(NS(C)(=O)=O)C(=O)N1CCN(C2=CC=CC=[NH+]2)CC1,CCCCCCCCCCC(OC1=NC=CC=C1)C,0.12307692307692308,0.499982646908219
CC(NS(C)(=O)=O)C(=O)N1CCN(C2=CC=CC=[NH+]2)CC1,CCCCCCCCCCC(OC1=NC=CC=C1)C,0.12307692307692308,0.499982646908219
CC(NS(C)(=O)=O)C(=O)N1CCN(C2=CC=CC=[NH+]2)CC1,,0.0,0.0
CC(NS(C)(=O)=O)C(=O)N1CCN(C2=CC=CC=[NH+]2)CC1,CCCCCCCCCCCC(OC1=NC=CC=C1)C,0.12307692307692308,0.4523960247988492
CC(NS(C)(=O)=O)C(=O)N1CCN(C2=CC=CC=[NH+]2)CC1,CCCCCCCCCCCC(OC1=NC=CC=C1)C,0.12307692307692308,0.4523960247988492
CC(NS(C)(=O)=O)C(=O)N1CCN(C2=CC=CC=[NH+]2)CC1,CCCCCCCCCCCC(OC1=NC=CC=C1)C,0.12307692307692308,0.4523960247988492
CC(NS(C)(=O)=O)C(=O)N1CCN(C2=CC=CC=[NH+]2)CC1,,0.0,0.0
CC(NS(C)(=O)=O)C(=O)N1CCN(C2=CC=CC=[NH+]2)CC1,,0.0,0.0
CC(NS(C)(=O)=O)C(=O)N1CCN(C2=CC=CC=[NH+]2)CC1,,0.0,0.0
CC(NS(C)(=O)=O)C(=O)N1CCN(C2=CC=CC=[NH+]2)CC1,CCCCCCCCCCC(OC1=NC=CC=C1)C,0.12307692307692308,0.499982646908219
CC(NS(C)(=O)=O)C(=O)N1CCN(C2=CC=CC=[NH+]2)CC1,CCCCCCCCCCC(OC1=NC=CC=C1)C,0.12307692307692308,0.499982646908219
CC(NS(C)(=O)=O)C(=O)N1CCN(C2=CC=CC=[NH+]2)CC1,CCCCCCCCCCCC(OC1=NC=CC=C1)C,0.12307692307692308,0.4523960247988492
CC(NS(C)(=O)=O)C(=O)N1CCN(C2=CC=CC=[NH+]2)CC1,CCCCCCCCCCC(OC1=NC=CC=C1)C,0.12307692307692308,0.499982646908219
CC(NS(C)(=O)=O)C(=O)N1CCN(C2=CC=CC=[NH+]2)CC1,,0.0,0.0
CC(NS(C)(=O)=O)C(=O)N1CCN(C2=CC=CC=[NH+]2)CC1,,0.0,0.0
CC(NS(C)(=O)=O)C(=O)N1CCN(C2=CC=CC=[NH+]2)CC1,CCCCCCCCCCC(OC1=NC=CC=C1)C,0.12307692307692308,0.499982646908219
CC(NS(C)(=O)=O)C(=O)N1CCN(C2=CC=CC=[NH+]2)CC1,,0.0,0.0
CC(NS(C)(=O)=O)C(=O)N1CCN(C2=CC=CC=[NH+]2)CC1,,0.0,0.0
CC(NS(C)(=O)=O)C(=O)N1CCN(C2=CC=CC=[NH+]2)CC1,,0.0,0.0
CC(NS(C)(=O)=O)C(=O)N1CCN(C2=CC=CC=[NH+]2)CC1,CCCCCCCCCCCC(OC1=NC=CC=C1)C,0.12307692307692308,0.4523960247988492
CCC(CC)N1C=CC(CC([NH3+])C2C[NH+](C)CCN2C)=N1,,0.0,0.0
CCC(CC)N1C=CC(CC([NH3+])C2C[NH+](C)CCN2C)=N1,,0.0,0.0
CCC(CC)N1C=CC(CC([NH3+])C2C[NH+](C)CCN2C)=N1,,0.0,0.0
CCC(CC)N1C=CC(CC([NH3+])C2C[NH+](C)CCN2C)=N1,,0.0,0.0
CCC(CC)N1C=CC(CC([NH3+])C2C[NH+](C)CCN2C)=N1,,0.0,0.0
CCC(CC)N1C=CC(CC([NH3+])C2C[NH+](C)CCN2C)=N1,,0.0,0.0
CCC(CC)N1C=CC(CC([NH3+])C2C[NH+](C)CCN2C)=N1,,0.0,0.0
CCC(CC)N1C=CC(CC([NH3+])C2C[NH+](C)CCN2C)=N1,,0.0,0.0
CCC(CC)N1C=CC(CC([NH3+])C2C[NH+](C)CCN2C)=N1,,0.0,0.0
CCC(CC)N1C=CC(CC([NH3+])C2C[NH+](C)CCN2C)=N1,,0.0,0.0
CCC(CC)N1C=CC(CC([NH3+])C2C[NH+](C)CCN2C)=N1,,0.0,0.0
CCC(CC)N1C=CC(CC([NH3+])C2C[NH+](C)CCN2C)=N1,,0.0,0.0
CCC(CC)N1C=CC(CC([NH3+])C2C[NH+](C)CCN2C)=N1,,0.0,0.0
CCC(CC)N1C=CC(CC([NH3+])C2C[NH+](C)CCN2C)=N1,,0.0,0.0
CCC(CC)N1C=CC(CC([NH3+])C2C[NH+](C)CCN2C)=N1,,0.0,0.0
CCC(CC)N1C=CC(CC([NH3+])C2C[NH+](C)CCN2C)=N1,,0.0,0.0
CCC(CC)N1C=CC(CC([NH3+])C2C[NH+](C)CCN2C)=N1,,0.0,0.0
CCC(CC)N1C=CC(CC([NH3+])C2C[NH+](C)CCN2C)=N1,,0.0,0.0
CCC(CC)N1C=CC(CC([NH3+])C2C[NH+](C)CCN2C)=N1,,0.0,0.0
CCC(CC)N1C=CC(CC([NH3+])C2C[NH+](C)CCN2C)=N1,,0.0,0.0
CCOC(=O)C1=C(CC)C(C(=O)OCC)C(C)=N1,CC1=C2C(COC(C)(C)O2)=C(C(CC3=C(COC(C)(C)O4)C4=C(C)N=C3)(C)C)C=N1,0.078125,0.714208444238621
CCOC(=O)C1=C(CC)C(C(=O)OCC)C(C)=N1,CC1=C2C(COC(C)(C)O2)=C(C(CC3=C(COC(C)(C)O4)C4=C(C)N=C3)(C)C)C=N1,0.078125,0.714208444238621
CCOC(=O)C1=C(CC)C(C(=O)OCC)C(C)=N1,CC1=C2C(COC(C)(C)O2)=C(C(CC3=C(COC(C)(C)O4)C4=C(C)N=C3)(C)C)C=N1,0.078125,0.714208444238621
CCOC(=O)C1=C(CC)C(C(=O)OCC)C(C)=N1,CC1=C2C(COC(C)(C)O2)=C(C(CC3=C(COC(C)(C)O4)C4=C(C)N=C3)(C)C)C=N1,0.078125,0.714208444238621
CCOC(=O)C1=C(CC)C(C(=O)OCC)C(C)=N1,CC1=C2C(COC(C)(C)O2)=C(C(CC3=C(COC(C)(C)O4)C4=C(C)N=C3)(C)C)C=N1,0.078125,0.714208444238621
CCOC(=O)C1=C(CC)C(C(=O)OCC)C(C)=N1,CC1=C2C(COC(C)(C)O2)=C(C(CC3=C(COC(C)(C)O4)C4=C(C)N=C3)(C)C)C=N1,0.078125,0.714208444238621
CCOC(=O)C1=C(CC)C(C(=O)OCC)C(C)=N1,CC1=C2C(COC(C)(C)O2)=C(C(CC3=C(COC(C)(C)O4)C4=C(C)N=C3)(C)C)C=N1,0.078125,0.714208444238621
CCOC(=O)C1=C(CC)C(C(=O)OCC)C(C)=N1,CC1=C2C(COC(C)(C)O2)=C(C(CC3=C(COC(C)(C)O4)C4=C(C)N=C3)(C)C)C=N1,0.078125,0.714208444238621
CCOC(=O)C1=C(CC)C(C(=O)OCC)C(C)=N1,CC1=C2C(COC(C)(C)O2)=C(C(CC3=C(COC(C)(C)O4)C4=C(C)N=C3)(C)C)C=N1,0.078125,0.714208444238621
CCOC(=O)C1=C(CC)C(C(=O)OCC)C(C)=N1,CC1=C2C(COC(C)(C)O2)=C(C(CC3=C(COC(C)(C)O4)C4=C(C)N=C3)(C)C)C=N1,0.078125,0.714208444238621
CCOC(=O)C1=C(CC)C(C(=O)OCC)C(C)=N1,CC1=C2C(COC(C)(C)O2)=C(C(CC3=C(COC(C)(C)O4)C4=C(C)N=C3)(C)C)C=N1,0.078125,0.714208444238621
CCOC(=O)C1=C(CC)C(C(=O)OCC)C(C)=N1,CC1=C2C(COC(C)(C)O2)=C(C(CC3=C(COC(C)(C)O4)C4=C(C)N=C3)(C)C)C=N1,0.078125,0.714208444238621
CCOC(=O)C1=C(CC)C(C(=O)OCC)C(C)=N1,CC1=C2C(COC(C)(C)O2)=C(C(CC3=C(COC(C)(C)O4)C4=C(C)N=C3)(C)C)C=N1,0.078125,0.714208444238621
CCOC(=O)C1=C(CC)C(C(=O)OCC)C(C)=N1,CC1=C2C(COC(C)(C)O2)=C(C(CC3=C(COC(C)(C)O4)C4=C(C)N=C3)(C)C)C=N1,0.078125,0.714208444238621
CCOC(=O)C1=C(CC)C(C(=O)OCC)C(C)=N1,CC1=C2C(COC(C)(C)O2)=C(C(CC3=C(COC(C)(C)O4)C4=C(C)N=C3)(C)C)C=N1,0.078125,0.714208444238621
CCOC(=O)C1=C(CC)C(C(=O)OCC)C(C)=N1,CC1=C2C(COC(C)(C)O2)=C(C(CC3=C(COC(C)(C)O4)C4=C(C)N=C3)(C)C)C=N1,0.078125,0.714208444238621
CCOC(=O)C1=C(CC)C(C(=O)OCC)C(C)=N1,CC1=C2C(COC(C)(C)O2)=C(C(CC3=C(COC(C)(C)O4)C4=C(C)N=C3)(C)C)C=N1,0.078125,0.714208444238621
CCOC(=O)C1=C(CC)C(C(=O)OCC)C(C)=N1,CC1=NC=C(C(C)(C)CCCNC(CCCCCCCCCCCCCCC)=O)C2=C1OC(CCC)OC2,0.12987012987012986,0.16101225897517618
CCOC(=O)C1=C(CC)C(C(=O)OCC)C(C)=N1,CC1=C2C(COC(C)(C)O2)=C(C(CC3=C(COC(C)(C)O4)C4=C(C)N=C3)(C)C)C=N1,0.078125,0.714208444238621
CCOC(=O)C1=C(CC)C(C(=O)OCC)C(C)=N1,CC1=C2C(COC(C)(C)O2)=C(C(CC3=C(COC(C)(C)O4)C4=C(C)N=C3)(C)C)C=N1,0.078125,0.714208444238621
CC(C)(C)C1CCC(=O)C(CN2CCOCC2)C1,CC1=C2C(CO)C2=C1OC(C)CCOCNC,0.07462686567164178,0.49315564690891533
CC(C)(C)C1CCC(=O)C(CN2CCOCC2)C1,C(CC1=C(OC(C)(C)OC2)C2=C(CO)C(CO)=C1)C,0.07575757575757576,0.8773981030498121
CC(C)(C)C1CCC(=O)C(CN2CCOCC2)C1,,0.0,0.0
CC(C)(C)C1CCC(=O)C(CN2CCOCC2)C1,,0.0,0.0
CC(C)(C)C1CCC(=O)C(CN2CCOCC2)C1,,0.0,0.0
CC(C)(C)C1CCC(=O)C(CN2CCOCC2)C1,,0.0,0.0
CC(C)(C)C1CCC(=O)C(CN2CCOCC2)C1,C(CC1=C(OC(C)(C)OC2)C2=C(CO)C(CO)=C1)C,0.07575757575757576,0.8773981030498121
CC(C)(C)C1CCC(=O)C(CN2CCOCC2)C1,,0.0,0.0
CC(C)(C)C1CCC(=O)C(CN2CCOCC2)C1,,0.0,0.0
CC(C)(C)C1CCC(=O)C(CN2CCOCC2)C1,C(CC1=C(OC(C)(C)OC2)C2=C(CO)C(CO)=C1)C,0.07575757575757576,0.8773981030498121
CC(C)(C)C1CCC(=O)C(CN2CCOCC2)C1,,0.0,0.0
CC(C)(C)C1CCC(=O)C(CN2CCOCC2)C1,C(CC1=C(OC(C)(C)OC2)C2=C(CO)C(CO)=C1)C,0.07575757575757576,0.8773981030498121
CC(C)(C)C1CCC(=O)C(CN2CCOCC2)C1,,0.0,0.0
CC(C)(C)C1CCC(=O)C(CN2CCOCC2)C1,,0.0,0.0
CC(C)(C)C1CCC(=O)C(CN2CCOCC2)C1,C(CC1=C(OC(C)(C)OC2)C2=C(CO)C(CO)=C1)C,0.07575757575757576,0.8773981030498121
CC(C)(C)C1CCC(=O)C(CN2CCOCC2)C1,,0.0,0.0
CC(C)(C)C1CCC(=O)C(CN2CCOCC2)C1,,0.0,0.0
CC(C)(C)C1CCC(=O)C(CN2CCOCC2)C1,,0.0,0.0
CC(C)(C)C1CCC(=O)C(CN2CCOCC2)C1,C(CC1=C(OC(C)(C)OC2)C2=C(CO)C(CO)=C1)C,0.07575757575757576,0.8773981030498121
CC(C)(C)C1CCC(=O)C(CN2CCOCC2)C1,C(CC1=C(OC(C)(C)OC2)C2=C(CO)C(CO)=C1)C,0.07575757575757576,0.8773981030498121
CC=CCC1(C(=O)[O-])CCN(C(=O)OC(C)(C)C)C1,,0.0,0.0
CC=CCC1(C(=O)[O-])CCN(C(=O)OC(C)(C)C)C1,,0.0,0.0
CC=CCC1(C(=O)[O-])CCN(C(=O)OC(C)(C)C)C1,,0.0,0.0
CC=CCC1(C(=O)[O-])CCN(C(=O)OC(C)(C)C)C1,,0.0,0.0
CC=CCC1(C(=O)[O-])CCN(C(=O)OC(C)(C)C)C1,,0.0,0.0
CC=CCC1(C(=O)[O-])CCN(C(=O)OC(C)(C)C)C1,,0.0,0.0
CC=CCC1(C(=O)[O-])CCN(C(=O)OC(C)(C)C)C1,,0.0,0.0
CC=CCC1(C(=O)[O-])CCN(C(=O)OC(C)(C)C)C1,,0.0,0.0
CC=CCC1(C(=O)[O-])CCN(C(=O)OC(C)(C)C)C1,,0.0,0.0
CC=CCC1(C(=O)[O-])CCN(C(=O)OC(C)(C)C)C1,,0.0,0.0
CC=CCC1(C(=O)[O-])CCN(C(=O)OC(C)(C)C)C1,,0.0,0.0
CC=CCC1(C(=O)[O-])CCN(C(=O)OC(C)(C)C)C1,,0.0,0.0
CC=CCC1(C(=O)[O-])CCN(C(=O)OC(C)(C)C)C1,,0.0,0.0
CC=CCC1(C(=O)[O-])CCN(C(=O)OC(C)(C)C)C1,,0.0,0.0
CC=CCC1(C(=O)[O-])CCN(C(=O)OC(C)(C)C)C1,,0.0,0.0
CC=CCC1(C(=O)[O-])CCN(C(=O)OC(C)(C)C)C1,,0.0,0.0
CC=CCC1(C(=O)[O-])CCN(C(=O)OC(C)(C)C)C1,,0.0,0.0
CC=CCC1(C(=O)[O-])CCN(C(=O)OC(C)(C)C)C1,,0.0,0.0
CC=CCC1(C(=O)[O-])CCN(C(=O)OC(C)(C)C)C1,,0.0,0.0
CC=CCC1(C(=O)[O-])CCN(C(=O)OC(C)(C)C)C1,,0.0,0.0
CC(C)N(CC#N)C(=O)CC12CC3CC(CC(C3)C1)C2,CC1=C2C(COC(C(C)CCCCCCCCCCC)O2)=C(C(CC3=C(COC(C)(C)O4)C4=C(C)N=C3)(C)C)C=N1,0.08139534883720931,0.21259777113212192
CC(C)N(CC#N)C(=O)CC12CC3CC(CC(C3)C1)C2,CC1=C2C(COC(C(C)CCCCCCCCCCC)O2)=C(C(CC3=C(COC(C)(C)O4)C4=C(C)N=C3)(C)C)C=N1,0.08139534883720931,0.21259777113212192
CC(C)N(CC#N)C(=O)CC12CC3CC(CC(C3)C1)C2,C(CC1=C(OC(C)(C)OC2)C2=C(CO)C(CO)=N1)(C/C=C/C#CC(C)(C)C)CC4=CC=CC5=CC=CC=C54,0.07608695652173914,0.3479060997562587
CC(C)N(CC#N)C(=O)CC12CC3CC(CC(C3)C1)C2,CC1=C2C(COC(C(C)CCCCCCCCCCC)O2)=C(C(CC3=C(COC(C)(C)O4)C4=C(C)N=C3)(C)C)C=N1,0.08139534883720931,0.21259777113212192
CC(C)N(CC#N)C(=O)CC12CC3CC(CC(C3)C1)C2,C(CC1=C(OC(C)(C)OC2)C2=C(CO)C(CO)=N1)(C/C=C/C#CC(C)(C)C)CC4=CC=CC5=CC=CC=C54,0.07608695652173914,0.3479060997562587
CC(C)N(CC#N)C(=O)CC12CC3CC(CC(C3)C1)C2,C(CC1=C(OC(C)(C)OC2)C2=C(CO)C(CO)=N1)(C/C=C/C#CC(C)(C)C)CC4=CC=CC5=CC=CC=C54,0.07608695652173914,0.3479060997562587
CC(C)N(CC#N)C(=O)CC12CC3CC(CC(C3)C1)C2,CC1=C2C(COC(C(C)CCCCCCCCCCC)O2)=C(C(CC3=C(COC(C)(C)O4)C4=C(C)N=C3)(C)C)C=N1,0.08139534883720931,0.21259777113212192
CC(C)N(CC#N)C(=O)CC12CC3CC(CC(C3)C1)C2,CC1=C2C(COC(C(C)CCCCCCCCC)O2)=C(C(CC3=C(COC(C)(C)O4)C4=C(C)N=C3)(C)C)C=N1,0.08139534883720931,0.25345714109403655
CC(C)N(CC#N)C(=O)CC12CC3CC(CC(C3)C1)C2,CC1=C2C(COC(C(C)CCCCCCCCC)O2)=C(C(CC3=C(COC(C)(C)O4)C4=C(C)N=C3)(C)C)C=N1,0.08139534883720931,0.25345714109403655
CC(C)N(CC#N)C(=O)CC12CC3CC(CC(C3)C1)C2,CC1=C2C(COC(C(C)CCCCCCCCCCC)O2)=C(C(CC3=C(COC(C)(C)O4)C4=C(C)N=C3)(C)C)C=N1,0.08139534883720931,0.21259777113212192
CC(C)N(CC#N)C(=O)CC12CC3CC(CC(C3)C1)C2,CC1=C2C(COC(C(C)CCCCCCCCC)O2)=C(C(CC3=C(COC(C)(C)O4)C4=C(C)N=C3)(C)C)C=N1,0.08139534883720931,0.25345714109403655
CC(C)N(CC#N)C(=O)CC12CC3CC(CC(C3)C1)C2,CC1=C2C(COC(C(C)CCCCCCCCCCC)O2)=C(C(CC3=C(COC(C)(C)O4)C4=C(C)N=C3)(C)C)C=N1,0.08139534883720931,0.21259777113212192
CC(C)N(CC#N)C(=O)CC12CC3CC(CC(C3)C1)C2,C(CC1=C(OC(C)(C)OC2)C2=C(CO)C(CO)=N1)(C/C=C/C#CC(C)(C)C)CC4=CC=CC5=CC=CC=C54,0.07608695652173914,0.3479060997562587
CC(C)N(CC#N)C(=O)CC12CC3CC(CC(C3)C1)C2,CC1=C2C(COC(C(C)CCCCCCCCCCC)O2)=C(C(CC3=C(COC(C)(C)O4)C4=C(C)N=C3)(C)C)C=N1,0.08139534883720931,0.21259777113212192
CC(C)N(CC#N)C(=O)CC12CC3CC(CC(C3)C1)C2,CC1=C2C(COC(C(C)CCCCCCCCC)O2)=C(C(CC3=C(COC(C)(C)O4)C4=C(C)N=C3)(C)C)C=N1,0.08139534883720931,0.25345714109403655
CC(C)N(CC#N)C(=O)CC12CC3CC(CC(C3)C1)C2,,0.0,0.0
CC(C)N(CC#N)C(=O)CC12CC3CC(CC(C3)C1)C2,CC1=C2C(COC(C(C)CCCCCCCCCCC)O2)=C(C(CC3=C(COC(C)(C)O4)C4=C(C)N=C3)(C)C)C=N1,0.08139534883720931,0.21259777113212192
CC(C)N(CC#N)C(=O)CC12CC3CC(CC(C3)C1)C2,CC1=C2C(COC(C(C)CCCCCCCCCCC)O2)=C(C(CC3=C(COC(C)(C)O4)C4=C(C)N=C3)(C)C)C=N1,0.08139534883720931,0.21259777113212192
CC(C)N(CC#N)C(=O)CC12CC3CC(CC(C3)C1)C2,CC1=C2C(COC(C(C)CCCCCCCCCCC)O2)=C(C(CC3=C(COC(C)(C)O4)C4=C(C)N=C3)(C)C)C=N1,0.08139534883720931,0.21259777113212192
CC(C)N(CC#N)C(=O)CC12CC3CC(CC(C3)C1)C2,CC1=C2C(COC(C(C)CCCCCCCCC)O2)=C(C(CC3=C(COC(C)(C)O4)C4=C(C)N=C3)(C)C)C=N1,0.08139534883720931,0.25345714109403655
CN(CC1=NC2=CC=CC=C2N1)S(=O)(=O)C1=CC=C(Br)C=C1Cl,,0.0,0.0
CN(CC1=NC2=CC=CC=C2N1)S(=O)(=O)C1=CC=C(Br)C=C1Cl,CCCCCCCCCCCC(OCC(C)(C)CCCCCCCCCCCCCCCCCCC)C,0.04285714285714286,0.08222486518957352
CN(CC1=NC2=CC=CC=C2N1)S(=O)(=O)C1=CC=C(Br)C=C1Cl,,0.0,0.0
CN(CC1=NC2=CC=CC=C2N1)S(=O)(=O)C1=CC=C(Br)C=C1Cl,,0.0,0.0
CN(CC1=NC2=CC=CC=C2N1)S(=O)(=O)C1=CC=C(Br)C=C1Cl,,0.0,0.0
CN(CC1=NC2=CC=CC=C2N1)S(=O)(=O)C1=CC=C(Br)C=C1Cl,,0.0,0.0
CN(CC1=NC2=CC=CC=C2N1)S(=O)(=O)C1=CC=C(Br)C=C1Cl,,0.0,0.0
CN(CC1=NC2=CC=CC=C2N1)S(=O)(=O)C1=CC=C(Br)C=C1Cl,,0.0,0.0
CN(CC1=NC2=CC=CC=C2N1)S(=O)(=O)C1=CC=C(Br)C=C1Cl,,0.0,0.0
CN(CC1=NC2=CC=CC=C2N1)S(=O)(=O)C1=CC=C(Br)C=C1Cl,,0.0,0.0
CN(CC1=NC2=CC=CC=C2N1)S(=O)(=O)C1=CC=C(Br)C=C1Cl,,0.0,0.0
CN(CC1=NC2=CC=CC=C2N1)S(=O)(=O)C1=CC=C(Br)C=C1Cl,,0.0,0.0
CN(CC1=NC2=CC=CC=C2N1)S(=O)(=O)C1=CC=C(Br)C=C1Cl,,0.0,0.0
CN(CC1=NC2=CC=CC=C2N1)S(=O)(=O)C1=CC=C(Br)C=C1Cl,CCCCCCCCCCCC(OCC(C)(C)CCCCCCCCCCCCCCCCCCC)C,0.04285714285714286,0.08222486518957352
CN(CC1=NC2=CC=CC=C2N1)S(=O)(=O)C1=CC=C(Br)C=C1Cl,,0.0,0.0
CN(CC1=NC2=CC=CC=C2N1)S(=O)(=O)C1=CC=C(Br)C=C1Cl,,0.0,0.0
CN(CC1=NC2=CC=CC=C2N1)S(=O)(=O)C1=CC=C(Br)C=C1Cl,,0.0,0.0
CN(CC1=NC2=CC=CC=C2N1)S(=O)(=O)C1=CC=C(Br)C=C1Cl,,0.0,0.0
CN(CC1=NC2=CC=CC=C2N1)S(=O)(=O)C1=CC=C(Br)C=C1Cl,,0.0,0.0
CN(CC1=NC2=CC=CC=C2N1)S(=O)(=O)C1=CC=C(Br)C=C1Cl,,0.0,0.0
CCN(CC)C(=O)CN(C)C(=O)C1=CC(C(C)C)=NO1,,0.0,0.0
CCN(CC)C(=O)CN(C)C(=O)C1=CC(C(C)C)=NO1,,0.0,0.0
CCN(CC)C(=O)CN(C)C(=O)C1=CC(C(C)C)=NO1,,0.0,0.0
CCN(CC)C(=O)CN(C)C(=O)C1=CC(C(C)C)=NO1,,0.0,0.0
CCN(CC)C(=O)CN(C)C(=O)C1=CC(C(C)C)=NO1,,0.0,0.0
CCN(CC)C(=O)CN(C)C(=O)C1=CC(C(C)C)=NO1,,0.0,0.0
CCN(CC)C(=O)CN(C)C(=O)C1=CC(C(C)C)=NO1,,0.0,0.0
CCN(CC)C(=O)CN(C)C(=O)C1=CC(C(C)C)=NO1,,0.0,0.0
CCN(CC)C(=O)CN(C)C(=O)C1=CC(C(C)C)=NO1,,0.0,0.0
CCN(CC)C(=O)CN(C)C(=O)C1=CC(C(C)C)=NO1,,0.0,0.0
CCN(CC)C(=O)CN(C)C(=O)C1=CC(C(C)C)=NO1,,0.0,0.0
CCN(CC)C(=O)CN(C)C(=O)C1=CC(C(C)C)=NO1,,0.0,0.0
CCN(CC)C(=O)CN(C)C(=O)C1=CC(C(C)C)=NO1,,0.0,0.0
CCN(CC)C(=O)CN(C)C(=O)C1=CC(C(C)C)=NO1,,0.0,0.0
CCN(CC)C(=O)CN(C)C(=O)C1=CC(C(C)C)=NO1,,0.0,0.0
CCN(CC)C(=O)CN(C)C(=O)C1=CC(C(C)C)=NO1,,0.0,0.0
CCN(CC)C(=O)CN(C)C(=O)C1=CC(C(C)C)=NO1,,0.0,0.0
CCN(CC)C(=O)CN(C)C(=O)C1=CC(C(C)C)=NO1,,0.0,0.0
CCN(CC)C(=O)CN(C)C(=O)C1=CC(C(C)C)=NO1,,0.0,0.0
CCN(CC)C(=O)CN(C)C(=O)C1=CC(C(C)C)=NO1,,0.0,0.0
CCN(CC1=CC=CC=C1C)S(=O)(=O)C1=CC=CC(S(=O)(=O)NC)=C1,,0.0,0.0
CCN(CC1=CC=CC=C1C)S(=O)(=O)C1=CC=CC(S(=O)(=O)NC)=C1,,0.0,0.0
CCN(CC1=CC=CC=C1C)S(=O)(=O)C1=CC=CC(S(=O)(=O)NC)=C1,,0.0,0.0
CCN(CC1=CC=CC=C1C)S(=O)(=O)C1=CC=CC(S(=O)(=O)NC)=C1,,0.0,0.0
CCN(CC1=CC=CC=C1C)S(=O)(=O)C1=CC=CC(S(=O)(=O)NC)=C1,,0.0,0.0
CCN(CC1=CC=CC=C1C)S(=O)(=O)C1=CC=CC(S(=O)(=O)NC)=C1,,0.0,0.0
CCN(CC1=CC=CC=C1C)S(=O)(=O)C1=CC=CC(S(=O)(=O)NC)=C1,,0.0,0.0
CCN(CC1=CC=CC=C1C)S(=O)(=O)C1=CC=CC(S(=O)(=O)NC)=C1,,0.0,0.0
CCN(CC1=CC=CC=C1C)S(=O)(=O)C1=CC=CC(S(=O)(=O)NC)=C1,,0.0,0.0
CCN(CC1=CC=CC=C1C)S(=O)(=O)C1=CC=CC(S(=O)(=O)NC)=C1,,0.0,0.0
CCN(CC1=CC=CC=C1C)S(=O)(=O)C1=CC=CC(S(=O)(=O)NC)=C1,,0.0,0.0
CCN(CC1=CC=CC=C1C)S(=O)(=O)C1=CC=CC(S(=O)(=O)NC)=C1,,0.0,0.0
CCN(CC1=CC=CC=C1C)S(=O)(=O)C1=CC=CC(S(=O)(=O)NC)=C1,,0.0,0.0
CCN(CC1=CC=CC=C1C)S(=O)(=O)C1=CC=CC(S(=O)(=O)NC)=C1,,0.0,0.0
CCN(CC1=CC=CC=C1C)S(=O)(=O)C1=CC=CC(S(=O)(=O)NC)=C1,,0.0,0.0
CCN(CC1=CC=CC=C1C)S(=O)(=O)C1=CC=CC(S(=O)(=O)NC)=C1,,0.0,0.0
CCN(CC1=CC=CC=C1C)S(=O)(=O)C1=CC=CC(S(=O)(=O)NC)=C1,,0.0,0.0
CCN(CC1=CC=CC=C1C)S(=O)(=O)C1=CC=CC(S(=O)(=O)NC)=C1,,0.0,0.0
CCN(CC1=CC=CC=C1C)S(=O)(=O)C1=CC=CC(S(=O)(=O)NC)=C1,,0.0,0.0
CCN(CC1=CC=CC=C1C)S(=O)(=O)C1=CC=CC(S(=O)(=O)NC)=C1,,0.0,0.0
CNC(=O)C1=CC=C(OC2CCCC([NH3+])C2)N=N1,,0.0,0.0
CNC(=O)C1=CC=C(OC2CCCC([NH3+])C2)N=N1,,0.0,0.0
CNC(=O)C1=CC=C(OC2CCCC([NH3+])C2)N=N1,,0.0,0.0
CNC(=O)C1=CC=C(OC2CCCC([NH3+])C2)N=N1,,0.0,0.0
CNC(=O)C1=CC=C(OC2CCCC([NH3+])C2)N=N1,,0.0,0.0
CNC(=O)C1=CC=C(OC2CCCC([NH3+])C2)N=N1,,0.0,0.0
CNC(=O)C1=CC=C(OC2CCCC([NH3+])C2)N=N1,,0.0,0.0
CNC(=O)C1=CC=C(OC2CCCC([NH3+])C2)N=N1,,0.0,0.0
CNC(=O)C1=CC=C(OC2CCCC([NH3+])C2)N=N1,,0.0,0.0
CNC(=O)C1=CC=C(OC2CCCC([NH3+])C2)N=N1,,0.0,0.0
CNC(=O)C1=CC=C(OC2CCCC([NH3+])C2)N=N1,,0.0,0.0
CNC(=O)C1=CC=C(OC2CCCC([NH3+])C2)N=N1,,0.0,0.0
CNC(=O)C1=CC=C(OC2CCCC([NH3+])C2)N=N1,,0.0,0.0
CNC(=O)C1=CC=C(OC2CCCC([NH3+])C2)N=N1,,0.0,0.0
CNC(=O)C1=CC=C(OC2CCCC([NH3+])C2)N=N1,,0.0,0.0
CNC(=O)C1=CC=C(OC2CCCC([NH3+])C2)N=N1,,0.0,0.0
CNC(=O)C1=CC=C(OC2CCCC([NH3+])C2)N=N1,,0.0,0.0
CNC(=O)C1=CC=C(OC2CCCC([NH3+])C2)N=N1,,0.0,0.0
CNC(=O)C1=CC=C(OC2CCCC([NH3+])C2)N=N1,,0.0,0.0
CNC(=O)C1=CC=C(OC2CCCC([NH3+])C2)N=N1,,0.0,0.0
CN(C)C(=S)N(C(=S)N(C)C)C1=CC=CC=C1,,0.0,0.0
CN(C)C(=S)N(C(=S)N(C)C)C1=CC=CC=C1,,0.0,0.0
CN(C)C(=S)N(C(=S)N(C)C)C1=CC=CC=C1,,0.0,0.0
CN(C)C(=S)N(C(=S)N(C)C)C1=CC=CC=C1,,0.0,0.0
CN(C)C(=S)N(C(=S)N(C)C)C1=CC=CC=C1,,0.0,0.0
CN(C)C(=S)N(C(=S)N(C)C)C1=CC=CC=C1,,0.0,0.0
CN(C)C(=S)N(C(=S)N(C)C)C1=CC=CC=C1,,0.0,0.0
CN(C)C(=S)N(C(=S)N(C)C)C1=CC=CC=C1,,0.0,0.0
CN(C)C(=S)N(C(=S)N(C)C)C1=CC=CC=C1,,0.0,0.0
CN(C)C(=S)N(C(=S)N(C)C)C1=CC=CC=C1,,0.0,0.0
CN(C)C(=S)N(C(=S)N(C)C)C1=CC=CC=C1,,0.0,0.0
CN(C)C(=S)N(C(=S)N(C)C)C1=CC=CC=C1,,0.0,0.0
CN(C)C(=S)N(C(=S)N(C)C)C1=CC=CC=C1,,0.0,0.0
CN(C)C(=S)N(C(=S)N(C)C)C1=CC=CC=C1,,0.0,0.0
CN(C)C(=S)N(C(=S)N(C)C)C1=CC=CC=C1,,0.0,0.0
CN(C)C(=S)N(C(=S)N(C)C)C1=CC=CC=C1,,0.0,0.0
CN(C)C(=S)N(C(=S)N(C)C)C1=CC=CC=C1,,0.0,0.0
CN(C)C(=S)N(C(=S)N(C)C)C1=CC=CC=C1,,0.0,0.0
CN(C)C(=S)N(C(=S)N(C)C)C1=CC=CC=C1,,0.0,0.0
CN(C)C(=S)N(C(=S)N(C)C)C1=CC=CC=C1,,0.0,0.0
O=C(CN1C(=O)CCC2=CC(Br)=CC=C21)NCCN1CCC2=CC=CC=C2C1,C(CCCCCCCCCCCCCCCC1=NC=CC=C1)=O,0.0958904109589041,0.264957475187782
O=C(CN1C(=O)CCC2=CC(Br)=CC=C21)NCCN1CCC2=CC=CC=C2C1,C(CCCCCCCCCCCCCCCC1=NC=CC=C1)=O,0.0958904109589041,0.264957475187782
O=C(CN1C(=O)CCC2=CC(Br)=CC=C21)NCCN1CCC2=CC=CC=C2C1,C=CC=C(Cl)C=C(C(C)(C)C)CCCCCCCCCCCCCCCCCCCCCCCCCCCCCCCCCCCCCCCCCCCCCCCCCCCCCCCCCCCCCCCCCCCCCCCCCCCCCCCCCCCCCCCCCCCCCCCCCCCCCCCC,0.024691358024691357,0.04205692322219863
O=C(CN1C(=O)CCC2=CC(Br)=CC=C21)NCCN1CCC2=CC=CC=C2C1,C(CCCCCCCCCCCCCCCC1=NC=CC=C1)=O,0.0958904109589041,0.264957475187782
O=C(CN1C(=O)CCC2=CC(Br)=CC=C21)NCCN1CCC2=CC=CC=C2C1,C(CCCCCCCCCCCCCCCC1=NC=CC=C1)=O,0.0958904109589041,0.264957475187782
O=C(CN1C(=O)CCC2=CC(Br)=CC=C21)NCCN1CCC2=CC=CC=C2C1,C(CCCCCCCCCCCCCCCC1=NC=CC=C1)=O,0.0958904109589041,0.264957475187782
O=C(CN1C(=O)CCC2=CC(Br)=CC=C21)NCCN1CCC2=CC=CC=C2C1,C(CCCCCCCCCCCCCCCC1=NC=CC=C1)=O,0.0958904109589041,0.264957475187782
O=C(CN1C(=O)CCC2=CC(Br)=CC=C21)NCCN1CCC2=CC=CC=C2C1,C(CCCCCCCCCCCCCCCC1=NC=CC=C1)=O,0.0958904109589041,0.264957475187782
O=C(CN1C(=O)CCC2=CC(Br)=CC=C21)NCCN1CCC2=CC=CC=C2C1,,0.0,0.0
O=C(CN1C(=O)CCC2=CC(Br)=CC=C21)NCCN1CCC2=CC=CC=C2C1,,0.0,0.0
O=C(CN1C(=O)CCC2=CC(Br)=CC=C21)NCCN1CCC2=CC=CC=C2C1,,0.0,0.0
O=C(CN1C(=O)CCC2=CC(Br)=CC=C21)NCCN1CCC2=CC=CC=C2C1,,0.0,0.0
O=C(CN1C(=O)CCC2=CC(Br)=CC=C21)NCCN1CCC2=CC=CC=C2C1,C(CCCCCCCCCCCCCCCC1=NC=CC=C1)=O,0.0958904109589041,0.264957475187782
O=C(CN1C(=O)CCC2=CC(Br)=CC=C21)NCCN1CCC2=CC=CC=C2C1,,0.0,0.0
O=C(CN1C(=O)CCC2=CC(Br)=CC=C21)NCCN1CCC2=CC=CC=C2C1,,0.0,0.0
O=C(CN1C(=O)CCC2=CC(Br)=CC=C21)NCCN1CCC2=CC=CC=C2C1,,0.0,0.0
O=C(CN1C(=O)CCC2=CC(Br)=CC=C21)NCCN1CCC2=CC=CC=C2C1,C(CCCCCCCCCCCCCCCC1=NC=CC=C1)=O,0.0958904109589041,0.264957475187782
O=C(CN1C(=O)CCC2=CC(Br)=CC=C21)NCCN1CCC2=CC=CC=C2C1,C(CCCCCCCCCCCCCCCC1=NC=CC=C1)=O,0.0958904109589041,0.264957475187782
O=C(CN1C(=O)CCC2=CC(Br)=CC=C21)NCCN1CCC2=CC=CC=C2C1,C(CCCCCCCCCCCCCCCC1=NC=CC=C1)=O,0.0958904109589041,0.264957475187782
O=C(CN1C(=O)CCC2=CC(Br)=CC=C21)NCCN1CCC2=CC=CC=C2C1,C=CC=C(Cl)C=C(C(C)(C)C)CCCCCCCCCCCCCCCCCCCCCCCCCCCCCCCCCCCCCCCCCCCCCCCCCCCCCCCCCCCCCCCCCCCCCCCCCCCCCCCCCCCCCCCCCCCCCCCCCCCCCCCC,0.024691358024691357,0.04205692322219863
CC(=O)NCCC[NH2+]C(C1=CC=CC=C1F)C1CCCC1,,0.0,0.0
CC(=O)NCCC[NH2+]C(C1=CC=CC=C1F)C1CCCC1,,0.0,0.0
CC(=O)NCCC[NH2+]C(C1=CC=CC=C1F)C1CCCC1,,0.0,0.0
CC(=O)NCCC[NH2+]C(C1=CC=CC=C1F)C1CCCC1,,0.0,0.0
CC(=O)NCCC[NH2+]C(C1=CC=CC=C1F)C1CCCC1,,0.0,0.0
CC(=O)NCCC[NH2+]C(C1=CC=CC=C1F)C1CCCC1,,0.0,0.0
CC(=O)NCCC[NH2+]C(C1=CC=CC=C1F)C1CCCC1,,0.0,0.0
CC(=O)NCCC[NH2+]C(C1=CC=CC=C1F)C1CCCC1,,0.0,0.0
CC(=O)NCCC[NH2+]C(C1=CC=CC=C1F)C1CCCC1,,0.0,0.0
CC(=O)NCCC[NH2+]C(C1=CC=CC=C1F)C1CCCC1,,0.0,0.0
CC(=O)NCCC[NH2+]C(C1=CC=CC=C1F)C1CCCC1,,0.0,0.0
CC(=O)NCCC[NH2+]C(C1=CC=CC=C1F)C1CCCC1,,0.0,0.0
CC(=O)NCCC[NH2+]C(C1=CC=CC=C1F)C1CCCC1,,0.0,0.0
CC(=O)NCCC[NH2+]C(C1=CC=CC=C1F)C1CCCC1,,0.0,0.0
CC(=O)NCCC[NH2+]C(C1=CC=CC=C1F)C1CCCC1,,0.0,0.0
CC(=O)NCCC[NH2+]C(C1=CC=CC=C1F)C1CCCC1,,0.0,0.0
CC(=O)NCCC[NH2+]C(C1=CC=CC=C1F)C1CCCC1,,0.0,0.0
CC(=O)NCCC[NH2+]C(C1=CC=CC=C1F)C1CCCC1,,0.0,0.0
CC(=O)NCCC[NH2+]C(C1=CC=CC=C1F)C1CCCC1,,0.0,0.0
CC(=O)NCCC[NH2+]C(C1=CC=CC=C1F)C1CCCC1,,0.0,0.0
COC(C)(C)CNC(=O)COC1CCCC1,C(C)(CCCCCCCCCCCCCCCCCCCCCCCCCCCCCCCCCCCCCCC(C)CCCO)(CCCCCCCCCCC)C,0.09259259259259259,0.06064839262454662
COC(C)(C)CNC(=O)COC1CCCC1,,0.0,0.0
COC(C)(C)CNC(=O)COC1CCCC1,,0.0,0.0
COC(C)(C)CNC(=O)COC1CCCC1,,0.0,0.0
COC(C)(C)CNC(=O)COC1CCCC1,,0.0,0.0
COC(C)(C)CNC(=O)COC1CCCC1,,0.0,0.0
COC(C)(C)CNC(=O)COC1CCCC1,,0.0,0.0
COC(C)(C)CNC(=O)COC1CCCC1,,0.0,0.0
COC(C)(C)CNC(=O)COC1CCCC1,,0.0,0.0
COC(C)(C)CNC(=O)COC1CCCC1,,0.0,0.0
COC(C)(C)CNC(=O)COC1CCCC1,,0.0,0.0
COC(C)(C)CNC(=O)COC1CCCC1,,0.0,0.0
COC(C)(C)CNC(=O)COC1CCCC1,,0.0,0.0
COC(C)(C)CNC(=O)COC1CCCC1,,0.0,0.0
COC(C)(C)CNC(=O)COC1CCCC1,,0.0,0.0
COC(C)(C)CNC(=O)COC1CCCC1,,0.0,0.0
COC(C)(C)CNC(=O)COC1CCCC1,,0.0,0.0
COC(C)(C)CNC(=O)COC1CCCC1,,0.0,0.0
COC(C)(C)CNC(=O)COC1CCCC1,,0.0,0.0
COC(C)(C)CNC(=O)COC1CCCC1,,0.0,0.0
CC1=C2C(C3=CC=CC(OCC(C)C)=C3)CC(=O)NC2N(C2=CC=C([O-])N=N2)N1,CCCCCCCCCC(C)(CC1=C(C)C(OC(C)=O)=C(C)N=C1)C,0.10869565217391304,0.34648454331069145
CC1=C2C(C3=CC=CC(OCC(C)C)=C3)CC(=O)NC2N(C2=CC=C([O-])N=N2)N1,CC1=C2C(COC(C)(C)O2)=C(C(CC3=C(COC(C)(C)O4)C4=C(C)N=C3)(C)C)C=N1,0.1,0.714208444238621
CC1=C2C(C3=CC=CC(OCC(C)C)=C3)CC(=O)NC2N(C2=CC=C([O-])N=N2)N1,CC1=C2C(COC(CCC)O2)=C(C(CC3=C(COC(C)(C)O4)C4=C(C)N=C3)(C)C)C=N1,0.09803921568627451,0.6469640220350343
CC1=C2C(C3=CC=CC(OCC(C)C)=C3)CC(=O)NC2N(C2=CC=C([O-])N=N2)N1,CCCCCCCCCC(C)(CC1=C(C)C(OC(C)=O)=C(C)N=C1)C,0.10869565217391304,0.34648454331069145
CC1=C2C(C3=CC=CC(OCC(C)C)=C3)CC(=O)NC2N(C2=CC=C([O-])N=N2)N1,CCCCCCCCCC(C)(CC1=C(C)C(OC(C)=O)=C(C)N=C1)C,0.10869565217391304,0.34648454331069145
CC1=C2C(C3=CC=CC(OCC(C)C)=C3)CC(=O)NC2N(C2=CC=C([O-])N=N2)N1,CCCCCCCCCC(C)(CC1=C(C)C(OC(C)=O)=C(C)N=C1)C=N,0.10204081632653061,0.28390835531361613
CC1=C2C(C3=CC=CC(OCC(C)C)=C3)CC(=O)NC2N(C2=CC=C([O-])N=N2)N1,CCCCCCCCCC(C)(CC1=C(C)C(OC(C)=O)=C(C)N=C1)C,0.10869565217391304,0.34648454331069145
CC1=C2C(C3=CC=CC(OCC(C)C)=C3)CC(=O)NC2N(C2=CC=C([O-])N=N2)N1,CCCCCCCCCC(C)(CC1=C(C)C(OC(C)=O)=C(C)N=C1)C,0.10869565217391304,0.34648454331069145
CC1=C2C(C3=CC=CC(OCC(C)C)=C3)CC(=O)NC2N(C2=CC=C([O-])N=N2)N1,CCCCCCCCCC(C)(CC1=C(C)C(OC(C)=O)=C(C)N=C1)C,0.10869565217391304,0.34648454331069145
CC1=C2C(C3=CC=CC(OCC(C)C)=C3)CC(=O)NC2N(C2=CC=C([O-])N=N2)N1,,0.0,0.0
CC1=C2C(C3=CC=CC(OCC(C)C)=C3)CC(=O)NC2N(C2=CC=C([O-])N=N2)N1,CCCCCCCCCC(C)(CC1=C(C)C(OC(C)=O)=C(C)N=C1)C,0.10869565217391304,0.34648454331069145
CC1=C2C(C3=CC=CC(OCC(C)C)=C3)CC(=O)NC2N(C2=CC=C([O-])N=N2)N1,,0.0,0.0
CC1=C2C(C3=CC=CC(OCC(C)C)=C3)CC(=O)NC2N(C2=CC=C([O-])N=N2)N1,CCCCCCCCCC(C)(CC1=C(C)C(OC(C)=O)=C(C)N=C1)C,0.10869565217391304,0.34648454331069145
CC1=C2C(C3=CC=CC(OCC(C)C)=C3)CC(=O)NC2N(C2=CC=C([O-])N=N2)N1,CCCCCCCCCC(C)(CC1=C(C)C(OC(C)=O)=C(C)N=C1)C,0.10869565217391304,0.34648454331069145
CC1=C2C(C3=CC=CC(OCC(C)C)=C3)CC(=O)NC2N(C2=CC=C([O-])N=N2)N1,CCCCCCCCCC(C)(CC1=C(C)C(OC(C)=O)=C(C)N=C1)C,0.10869565217391304,0.34648454331069145
CC1=C2C(C3=CC=CC(OCC(C)C)=C3)CC(=O)NC2N(C2=CC=C([O-])N=N2)N1,,0.0,0.0
CC1=C2C(C3=CC=CC(OCC(C)C)=C3)CC(=O)NC2N(C2=CC=C([O-])N=N2)N1,CCCCCCCCCC(C)(CC1=C(C)C(OC(C)=O)=C(C)N=C1)C,0.10869565217391304,0.34648454331069145
CC1=C2C(C3=CC=CC(OCC(C)C)=C3)CC(=O)NC2N(C2=CC=C([O-])N=N2)N1,CCCCCCCCCC(C)(CC1=C(C)C(OC(C)=O)=C(C)N=C1)C,0.10869565217391304,0.34648454331069145
CC1=C2C(C3=CC=CC(OCC(C)C)=C3)CC(=O)NC2N(C2=CC=C([O-])N=N2)N1,,0.0,0.0
CC1=C2C(C3=CC=CC(OCC(C)C)=C3)CC(=O)NC2N(C2=CC=C([O-])N=N2)N1,CCCCCCCCCC(C)(CC1=C(C)C(OC(C)=O)=C(C)N=C1)C,0.10869565217391304,0.34648454331069145
CC(C)(C)C1=CC=C2OC=C(CC(=O)NC3=CC=CC=C3F)C2=C1,CCCCCCCCCC(C)(CC1=C(C)C(OC(C)=O)=C(C)N=C1)C,0.12987012987012986,0.34648454331069145
CC(C)(C)C1=CC=C2OC=C(CC(=O)NC3=CC=CC=C3F)C2=C1,CCCCCCCCCC(C)(CC1=C(C)C(OC(C)=O)=C(C)N=C1)C,0.12987012987012986,0.34648454331069145
CC(C)(C)C1=CC=C2OC=C(CC(=O)NC3=CC=CC=C3F)C2=C1,CCCCCCCCCC(C)(CC1=C(C)C(OC(C)=O)=C(C)N=C1)C,0.12987012987012986,0.34648454331069145
CC(C)(C)C1=CC=C2OC=C(CC(=O)NC3=CC=CC=C3F)C2=C1,CCCCCCCCCC(C)(CC1=C(C)C(OC(C)=O)=C(C)N=C1)C,0.12987012987012986,0.34648454331069145
CC(C)(C)C1=CC=C2OC=C(CC(=O)NC3=CC=CC=C3F)C2=C1,CCCCCCCCCC(C)(CC1=C(C)C(OC(C)=O)=C(C)N=C1)C,0.12987012987012986,0.34648454331069145
CC(C)(C)C1=CC=C2OC=C(CC(=O)NC3=CC=CC=C3F)C2=C1,CCCCCCCCCC(C)(CC1=C(C)C(OC(C)=O)=C(C)N=C1)C,0.12987012987012986,0.34648454331069145
CC(C)(C)C1=CC=C2OC=C(CC(=O)NC3=CC=CC=C3F)C2=C1,CCCCCCCCCC(C)(CC1=C(C)C(OC(C)=O)=C(C)N=C1)C,0.12987012987012986,0.34648454331069145
CC(C)(C)C1=CC=C2OC=C(CC(=O)NC3=CC=CC=C3F)C2=C1,CCCCCCCCCC(C)(CC1=C(C)C(OC(C)=O)=C(C)N=C1)C,0.12987012987012986,0.34648454331069145
CC(C)(C)C1=CC=C2OC=C(CC(=O)NC3=CC=CC=C3F)C2=C1,CCCCCCCCCC(C)(CC1=C(C)C(OC(C)=O)=C(C)N=C1)C,0.12987012987012986,0.34648454331069145
CC(C)(C)C1=CC=C2OC=C(CC(=O)NC3=CC=CC=C3F)C2=C1,CCCCCCCCCC(C)(CC1=C(C)C(OC(C)=O)=C(C)N=C1)C,0.12987012987012986,0.34648454331069145
CC(C)(C)C1=CC=C2OC=C(CC(=O)NC3=CC=CC=C3F)C2=C1,CCCCCCCCCC(C)(CC1=C(C)C(OC(C)=O)=C(C)N=C1)C,0.12987012987012986,0.34648454331069145
CC(C)(C)C1=CC=C2OC=C(CC(=O)NC3=CC=CC=C3F)C2=C1,CCCCCCCCCC(C)(CC1=C(C)C(OC(C)=O)=C(C)N=C1)C,0.12987012987012986,0.34648454331069145
CC(C)(C)C1=CC=C2OC=C(CC(=O)NC3=CC=CC=C3F)C2=C1,CCCCCCCCCC(C)(CC1=C(C)C(OC(C)=O)=C(C)N=C1)C,0.12987012987012986,0.34648454331069145
CC(C)(C)C1=CC=C2OC=C(CC(=O)NC3=CC=CC=C3F)C2=C1,CCCCCCCCCC(C)(CC1=C(C)C(OC(C)=O)=C(C)N=C1)C,0.12987012987012986,0.34648454331069145
CC(C)(C)C1=CC=C2OC=C(CC(=O)NC3=CC=CC=C3F)C2=C1,CCCCCCCCCC(C)(CC1=C(C)C(OC(C)=O)=C(C)N=C1)C,0.12987012987012986,0.34648454331069145
CC(C)(C)C1=CC=C2OC=C(CC(=O)NC3=CC=CC=C3F)C2=C1,CCCCCCCCCC(C)(CC1=C(C)C(OC(C)=O)=C(C)N=C1)C,0.12987012987012986,0.34648454331069145
CC(C)(C)C1=CC=C2OC=C(CC(=O)NC3=CC=CC=C3F)C2=C1,CCCCCCCCCC(C)(CC1=C(C)C(OC(C)=O)=C(C)N=C1)C,0.12987012987012986,0.34648454331069145
CC(C)(C)C1=CC=C2OC=C(CC(=O)NC3=CC=CC=C3F)C2=C1,CCCCCCCCCC(C)(CC1=C(C)C(OC(C)=O)=C(C)N=C1)C,0.12987012987012986,0.34648454331069145
CC(C)(C)C1=CC=C2OC=C(CC(=O)NC3=CC=CC=C3F)C2=C1,CCCCCCCCCC(C)(CC1=C(C)C(OC(C)=O)=C(C)N=C1)C,0.12987012987012986,0.34648454331069145
CC(C)(C)C1=CC=C2OC=C(CC(=O)NC3=CC=CC=C3F)C2=C1,CCCCCCCCCC(C)(CC1=C(C)C(OC(C)=O)=C(C)N=C1)C,0.12987012987012986,0.34648454331069145
O=C1NC(=O)N(CC2CCCO2)C2=NC=CC(C3=CC=CC=C3)=C12,CCCCCCCCCCCC(OC1=NC=CC=C1)=O,0.14285714285714285,0.4260075772364941
O=C1NC(=O)N(CC2CCCO2)C2=NC=CC(C3=CC=CC=C3)=C12,CCCCCCCCCCCC(OC1=NC=CC=C1)=O,0.14285714285714285,0.4260075772364941
O=C1NC(=O)N(CC2CCCO2)C2=NC=CC(C3=CC=CC=C3)=C12,CCCCCCCCCCCC(OC1=NC=CC=C1)=O,0.14285714285714285,0.4260075772364941
O=C1NC(=O)N(CC2CCCO2)C2=NC=CC(C3=CC=CC=C3)=C12,CCCCCCCCCCCC(OC1=NC=CC=C1)=O,0.14285714285714285,0.4260075772364941
O=C1NC(=O)N(CC2CCCO2)C2=NC=CC(C3=CC=CC=C3)=C12,CCCCCCCCCCCC(OC1=NC=CC=C1)=O,0.14285714285714285,0.4260075772364941
O=C1NC(=O)N(CC2CCCO2)C2=NC=CC(C3=CC=CC=C3)=C12,CCCCCCCCCCCC(OC1=NC=CC=C1)=O,0.14285714285714285,0.4260075772364941
O=C1NC(=O)N(CC2CCCO2)C2=NC=CC(C3=CC=CC=C3)=C12,CCCCCCCCCCCC(OC1=NC=CC=C1)=O,0.14285714285714285,0.4260075772364941
O=C1NC(=O)N(CC2CCCO2)C2=NC=CC(C3=CC=CC=C3)=C12,CCCCCCCCCCCC(OC1=NC=CC=C1)=O,0.14285714285714285,0.4260075772364941
O=C1NC(=O)N(CC2CCCO2)C2=NC=CC(C3=CC=CC=C3)=C12,CCCCCCCCCCCC(OC1=NC=CC=C1)=O,0.14285714285714285,0.4260075772364941
O=C1NC(=O)N(CC2CCCO2)C2=NC=CC(C3=CC=CC=C3)=C12,CCCCCCCCCCCC(OC1=NC=CC=C1)=O,0.14285714285714285,0.4260075772364941
O=C1NC(=O)N(CC2CCCO2)C2=NC=CC(C3=CC=CC=C3)=C12,CCCCCCCCCCCC(OC1=NC=CC=C1)=O,0.14285714285714285,0.4260075772364941
O=C1NC(=O)N(CC2CCCO2)C2=NC=CC(C3=CC=CC=C3)=C12,CCCCCCCCCCCC(OC1=NC=CC=C1)=O,0.14285714285714285,0.4260075772364941
O=C1NC(=O)N(CC2CCCO2)C2=NC=CC(C3=CC=CC=C3)=C12,CCCCCCCCCCCC(OC1=NC=CC=C1)=O,0.14285714285714285,0.4260075772364941
O=C1NC(=O)N(CC2CCCO2)C2=NC=CC(C3=CC=CC=C3)=C12,CCCCCCCCCCCC(OC1=NC=CC=C1)=O,0.14285714285714285,0.4260075772364941
O=C1NC(=O)N(CC2CCCO2)C2=NC=CC(C3=CC=CC=C3)=C12,CCCCCCCCCCCC(OC1=NC=CC=C1)=O,0.14285714285714285,0.4260075772364941
O=C1NC(=O)N(CC2CCCO2)C2=NC=CC(C3=CC=CC=C3)=C12,CCCCCCCCCCCC(OC1=NC=CC=C1)=O,0.14285714285714285,0.4260075772364941
O=C1NC(=O)N(CC2CCCO2)C2=NC=CC(C3=CC=CC=C3)=C12,CCCCCCCCCCCC(OC1=NC=CC=C1)=O,0.14285714285714285,0.4260075772364941
O=C1NC(=O)N(CC2CCCO2)C2=NC=CC(C3=CC=CC=C3)=C12,CCCCCCCCCCCC(OC1=NC=CC=C1)=O,0.14285714285714285,0.4260075772364941
O=C1NC(=O)N(CC2CCCO2)C2=NC=CC(C3=CC=CC=C3)=C12,CCCCCCCCCCCC(OC1=NC=CC=C1)=O,0.14285714285714285,0.4260075772364941
O=C1NC(=O)N(CC2CCCO2)C2=NC=CC(C3=CC=CC=C3)=C12,CCCCCCCCCCCC(OC1=NC=CC=C1)=O,0.14285714285714285,0.4260075772364941
CC1=C(C(=O)NC2=NN=C(C3=CC=C(Br)C=C3)O2)SN=N1,CC1=C2C(COC(CCCC)O2)=C(C(CC3=C(COC(C)(C)O4)C4=C(C)N=C3)(C)C)C=N1,0.07954545454545454,0.5754594165575513
CC1=C(C(=O)NC2=NN=C(C3=CC=C(Br)C=C3)O2)SN=N1,CC1=C2C(COC(C)(C)O2)=C(C(CC3=C(COC(C)(C)O4)C4=C(C)N=C3)(C)C)C=N1,0.0958904109589041,0.714208444238621
CC1=C(C(=O)NC2=NN=C(C3=CC=C(Br)C=C3)O2)SN=N1,CC1=C2C(COC(CCCC)O2)=C(C(C)(C)CCCCCCCCCCCCCCCCCC)C=N1,0.08974358974358974,0.15692149817781226
CC1=C(C(=O)NC2=NN=C(C3=CC=C(Br)C=C3)O2)SN=N1,CC1=C2C(COC(CCCC)O2)=C(C(CC3=C(COC(C)(C)O4)C4=C(C)N=C3)(C)C)C=N1,0.07954545454545454,0.5754594165575513
CC1=C(C(=O)NC2=NN=C(C3=CC=C(Br)C=C3)O2)SN=N1,CC1=C2C(COC(CCCC)O2)=C(C(C)(C)CCCCCCCCCCCCCCCCCC)C=N1,0.08974358974358974,0.15692149817781226
CC1=C(C(=O)NC2=NN=C(C3=CC=C(Br)C=C3)O2)SN=N1,CC1=C2C(COC(C)(C)O2)=C(C(CC3=C(COC(C)(C)O4)C4=C(C)N=C3)(C)C)C=N1,0.0958904109589041,0.714208444238621
CC1=C(C(=O)NC2=NN=C(C3=CC=C(Br)C=C3)O2)SN=N1,CC1=C2C(COC(C)(C)O2)=C(C(CC3=C(COC(C)(C)O4)C4=C(C)N=C3)(C)C)C=N1,0.0958904109589041,0.714208444238621
CC1=C(C(=O)NC2=NN=C(C3=CC=C(Br)C=C3)O2)SN=N1,CC1=C2C(COC(CCCC)O2)=C(C(CC3=C(COC(C)(C)O4)C4=C(C)N=C3)(C)C)C=N1,0.07954545454545454,0.5754594165575513
CC1=C(C(=O)NC2=NN=C(C3=CC=C(Br)C=C3)O2)SN=N1,CC1=C2C(COC(CCCC)O2)=C(C(CC3=C(COC(C)(C)O4)C4=C(C)N=C3)(C)C)C=N1,0.07954545454545454,0.5754594165575513
CC1=C(C(=O)NC2=NN=C(C3=CC=C(Br)C=C3)O2)SN=N1,CC1=C2C(COC(C)(C)O2)=C(C(CC3=C(COC(C)(C)O4)C4=C(C)N=C3)(C)C)C=N1,0.0958904109589041,0.714208444238621
CC1=C(C(=O)NC2=NN=C(C3=CC=C(Br)C=C3)O2)SN=N1,CC1=C2C(COC(C)(C)O2)=C(C(CC3=C(COC(C)(C)O4)C4=C(C)N=C3)(C)C)C=N1,0.0958904109589041,0.714208444238621
CC1=C(C(=O)NC2=NN=C(C3=CC=C(Br)C=C3)O2)SN=N1,CC1=C2C(COC(C)(C)O2)=C(C(CC3=C(COC(C)(C)O4)C4=C(C)N=C3)(C)C)C=N1,0.0958904109589041,0.714208444238621
CC1=C(C(=O)NC2=NN=C(C3=CC=C(Br)C=C3)O2)SN=N1,CC1=C2C(COC(C)(C)O2)=C(C(CC3=C(COC(C)(C)O4)C4=C(C)N=C3)(C)C)C=N1,0.0958904109589041,0.714208444238621
CC1=C(C(=O)NC2=NN=C(C3=CC=C(Br)C=C3)O2)SN=N1,CC1=C2C(COC(C)(C)O2)=C(C(CC3=C(COC(C)(C)O4)C4=C(C)N=C3)(C)C)C=N1,0.0958904109589041,0.714208444238621
CC1=C(C(=O)NC2=NN=C(C3=CC=C(Br)C=C3)O2)SN=N1,CC1=C2C(COC(CCCCC)O2)=C(C(CC3=C(COC(C)(C)O4)C4=C(C)N=C3)(C)C)C=N1,0.07865168539325842,0.4729635084227723
CC1=C(C(=O)NC2=NN=C(C3=CC=C(Br)C=C3)O2)SN=N1,CC1=C2C(COC(CCCC)O2)=C(C(CC3=C(COC(C)(C)O4)C4=C(C)N=C3)(C)C)C=N1,0.07954545454545454,0.5754594165575513
CC1=C(C(=O)NC2=NN=C(C3=CC=C(Br)C=C3)O2)SN=N1,CC1=C2C(COC(CCCC)O2)=C(C(C)(C)CCCCCCCCCCCCCCCCCC)C=N1,0.08974358974358974,0.15692149817781226
CC1=C(C(=O)NC2=NN=C(C3=CC=C(Br)C=C3)O2)SN=N1,CC1=C2C(COC(CCCC)O2)=C(C(CC3=C(COC(C)(C)O4)C4=C(C)N=C3)(C)C)C=N1,0.07954545454545454,0.5754594165575513
CC1=C(C(=O)NC2=NN=C(C3=CC=C(Br)C=C3)O2)SN=N1,CC1=C2C(COC(CCCC)O2)=C(C(CC3=C(COC(C)(C)O4)C4=C(C)N=C3)(C)C)C=N1,0.07954545454545454,0.5754594165575513
CC1=C(C(=O)NC2=NN=C(C3=CC=C(Br)C=C3)O2)SN=N1,CC1=C2C(COC(C)(C)O2)=C(C(CC3=C(COC(C)(C)O4)C4=C(C)N=C3)(C)C)C=N1,0.0958904109589041,0.714208444238621
C#CCN1C(=O)N=C(N)C12CCCC(C(C)(C)C)CC2,,0.0,0.0
C#CCN1C(=O)N=C(N)C12CCCC(C(C)(C)C)CC2,,0.0,0.0
C#CCN1C(=O)N=C(N)C12CCCC(C(C)(C)C)CC2,,0.0,0.0
C#CCN1C(=O)N=C(N)C12CCCC(C(C)(C)C)CC2,CCCCCCCCCCCC(OC(C(C)(CCCCCCCCCCCCCCC(OC)=O)CCCOC(CCCCCCCCCCCCCCC)=O)CCNC(C)(C)OC2)C=C2,0.09183673469387756,0.03702414278090608
C#CCN1C(=O)N=C(N)C12CCCC(C(C)(C)C)CC2,,0.0,0.0
C#CCN1C(=O)N=C(N)C12CCCC(C(C)(C)C)CC2,,0.0,0.0
C#CCN1C(=O)N=C(N)C12CCCC(C(C)(C)C)CC2,,0.0,0.0
C#CCN1C(=O)N=C(N)C12CCCC(C(C)(C)C)CC2,,0.0,0.0
C#CCN1C(=O)N=C(N)C12CCCC(C(C)(C)C)CC2,,0.0,0.0
C#CCN1C(=O)N=C(N)C12CCCC(C(C)(C)C)CC2,,0.0,0.0
C#CCN1C(=O)N=C(N)C12CCCC(C(C)(C)C)CC2,,0.0,0.0
C#CCN1C(=O)N=C(N)C12CCCC(C(C)(C)C)CC2,,0.0,0.0
C#CCN1C(=O)N=C(N)C12CCCC(C(C)(C)C)CC2,,0.0,0.0
C#CCN1C(=O)N=C(N)C12CCCC(C(C)(C)C)CC2,,0.0,0.0
C#CCN1C(=O)N=C(N)C12CCCC(C(C)(C)C)CC2,,0.0,0.0
C#CCN1C(=O)N=C(N)C12CCCC(C(C)(C)C)CC2,,0.0,0.0
C#CCN1C(=O)N=C(N)C12CCCC(C(C)(C)C)CC2,,0.0,0.0
C#CCN1C(=O)N=C(N)C12CCCC(C(C)(C)C)CC2,,0.0,0.0
C#CCN1C(=O)N=C(N)C12CCCC(C(C)(C)C)CC2,,0.0,0.0
C#CCN1C(=O)N=C(N)C12CCCC(C(C)(C)C)CC2,,0.0,0.0
CC1=NC(S(=O)(=O)NCCOC2=CC=C(Br)C=C2)=CN1C,,0.0,0.0
CC1=NC(S(=O)(=O)NCCOC2=CC=C(Br)C=C2)=CN1C,,0.0,0.0
CC1=NC(S(=O)(=O)NCCOC2=CC=C(Br)C=C2)=CN1C,,0.0,0.0
CC1=NC(S(=O)(=O)NCCOC2=CC=C(Br)C=C2)=CN1C,,0.0,0.0
CC1=NC(S(=O)(=O)NCCOC2=CC=C(Br)C=C2)=CN1C,,0.0,0.0
CC1=NC(S(=O)(=O)NCCOC2=CC=C(Br)C=C2)=CN1C,,0.0,0.0
CC1=NC(S(=O)(=O)NCCOC2=CC=C(Br)C=C2)=CN1C,,0.0,0.0
CC1=NC(S(=O)(=O)NCCOC2=CC=C(Br)C=C2)=CN1C,,0.0,0.0
CC1=NC(S(=O)(=O)NCCOC2=CC=C(Br)C=C2)=CN1C,,0.0,0.0
CC1=NC(S(=O)(=O)NCCOC2=CC=C(Br)C=C2)=CN1C,,0.0,0.0
CC1=NC(S(=O)(=O)NCCOC2=CC=C(Br)C=C2)=CN1C,,0.0,0.0
CC1=NC(S(=O)(=O)NCCOC2=CC=C(Br)C=C2)=CN1C,,0.0,0.0
CC1=NC(S(=O)(=O)NCCOC2=CC=C(Br)C=C2)=CN1C,,0.0,0.0
CC1=NC(S(=O)(=O)NCCOC2=CC=C(Br)C=C2)=CN1C,,0.0,0.0
CC1=NC(S(=O)(=O)NCCOC2=CC=C(Br)C=C2)=CN1C,,0.0,0.0
CC1=NC(S(=O)(=O)NCCOC2=CC=C(Br)C=C2)=CN1C,,0.0,0.0
CC1=NC(S(=O)(=O)NCCOC2=CC=C(Br)C=C2)=CN1C,,0.0,0.0
CC1=NC(S(=O)(=O)NCCOC2=CC=C(Br)C=C2)=CN1C,,0.0,0.0
CC1=NC(S(=O)(=O)NCCOC2=CC=C(Br)C=C2)=CN1C,,0.0,0.0
CC1=NC(S(=O)(=O)NCCOC2=CC=C(Br)C=C2)=CN1C,,0.0,0.0
CC1=CC=C2C(CC(=O)NCC[NH+]3CCOCC3)=CC(=O)OC2=C1,C(CCO)(CCCO)CCCCCCCCCCSC1=NN=C(O1)C2=CC=C(C(C)(C)C)C=N2,0.08695652173913043,0.17482503336395672
CC1=CC=C2C(CC(=O)NCC[NH+]3CCOCC3)=CC(=O)OC2=C1,C(CCO)(CCO)CCCCCCCCCCSC1=NN=C(O1)C2=CC=C(C(C)(C)C)C=N2,0.08888888888888889,0.20069412505516868
CC1=CC=C2C(CC(=O)NCC[NH+]3CCOCC3)=CC(=O)OC2=C1,C(CCO)(CCO)CCCCCCCCCCSC1=NN=C(O1)C2=CC=C(C(C)(C)C)C=N2,0.08888888888888889,0.20069412505516868
CC1=CC=C2C(CC(=O)NCC[NH+]3CCOCC3)=CC(=O)OC2=C1,C(CCO)(CCCO)CCCCCCCCCCSC1=NN=C(O1)C2=CC=C(C(C)(C)C)C=N2,0.08695652173913043,0.17482503336395672
CC1=CC=C2C(CC(=O)NCC[NH+]3CCOCC3)=CC(=O)OC2=C1,C(CCO)(CCO)CCCCCCCCCCSC1=NN=C(O1)C2=CC=C(C(C)(C)C)C=N2,0.08888888888888889,0.20069412505516868
CC1=CC=C2C(CC(=O)NCC[NH+]3CCOCC3)=CC(=O)OC2=C1,C(CCO)(CCO)CCCCCCCCCCSC1=NN=C(O1)C2=CC=C(C(C)(C)C)C=N2,0.08888888888888889,0.20069412505516868
CC1=CC=C2C(CC(=O)NCC[NH+]3CCOCC3)=CC(=O)OC2=C1,C(CCO)(CCO)CCCCCCCCCCSC1=NN=C(O1)C2=CC=C(C(C)(C)C)C=N2,0.08888888888888889,0.20069412505516868
CC1=CC=C2C(CC(=O)NCC[NH+]3CCOCC3)=CC(=O)OC2=C1,C(CCO)(CCCO)CCCCCCCCCCSC1=NN=C(O1)C2=CC=C(C(C)(C)C)C=N2,0.08695652173913043,0.17482503336395672
CC1=CC=C2C(CC(=O)NCC[NH+]3CCOCC3)=CC(=O)OC2=C1,C(CCO)(CCCO)CCCCCCCCCCSC1=NN=C(O1)C2=CC=C(C(C)(C)C)C=N2,0.08695652173913043,0.17482503336395672
CC1=CC=C2C(CC(=O)NCC[NH+]3CCOCC3)=CC(=O)OC2=C1,C(CCO)(CCCO)CCCCCCCCCCSC1=NN=C(O1)C2=CC=C(C(C)(C)C)C=N2,0.08695652173913043,0.17482503336395672
CC1=CC=C2C(CC(=O)NCC[NH+]3CCOCC3)=CC(=O)OC2=C1,C(CCO)(CCO)CCCCCCCCCCSC1=NN=C(O1)C2=CC=C(C(C)(C)C)C=N2,0.08888888888888889,0.20069412505516868
CC1=CC=C2C(CC(=O)NCC[NH+]3CCOCC3)=CC(=O)OC2=C1,C(CCO)(CCO)CCCCCCCCCCSC1=NN=C(O1)C2=CC=C(C(C)(C)C)C=N2,0.08888888888888889,0.20069412505516868
CC1=CC=C2C(CC(=O)NCC[NH+]3CCOCC3)=CC(=O)OC2=C1,C(CCO)(CCCO)CCCCCCCCCCSC1=NN=C(O1)C2=CC=C(C(C)(C)C)C=N2,0.08695652173913043,0.17482503336395672
CC1=CC=C2C(CC(=O)NCC[NH+]3CCOCC3)=CC(=O)OC2=C1,C(CCO)(CCCO)CCCCCCCCCCSC1=NN=C(O1)C2=CC=C(C(C)(C)C)C=N2,0.08695652173913043,0.17482503336395672
CC1=CC=C2C(CC(=O)NCC[NH+]3CCOCC3)=CC(=O)OC2=C1,C(CCO)(CCO)CCCCCCCCCCSC1=NN=C(O1)C2=CC=C(C(C)(C)C)C=N2,0.08888888888888889,0.20069412505516868
CC1=CC=C2C(CC(=O)NCC[NH+]3CCOCC3)=CC(=O)OC2=C1,C(CCO)(CCO)CCCCCCCCCCSC1=NN=C(O1)C2=CC=C(C(C)(C)C)C=N2,0.08888888888888889,0.20069412505516868
CC1=CC=C2C(CC(=O)NCC[NH+]3CCOCC3)=CC(=O)OC2=C1,C(CCO)(CCCO)CCCCCCCCCCSC1=NN=C(O1)C2=CC=C(C(C)(C)C)C=N2,0.08695652173913043,0.17482503336395672
CC1=CC=C2C(CC(=O)NCC[NH+]3CCOCC3)=CC(=O)OC2=C1,C(CCO)(CCO)CCCCCCCCCCSC1=NN=C(O1)C2=CC=C(C(C)(C)C)C=N2,0.08888888888888889,0.20069412505516868
CC1=CC=C2C(CC(=O)NCC[NH+]3CCOCC3)=CC(=O)OC2=C1,C(CCO)(CCCO)CCCCCCCCCCSC1=NN=C(O1)C2=CC=C(C(C)(C)C)C=N2,0.08695652173913043,0.17482503336395672
CC1=CC=C2C(CC(=O)NCC[NH+]3CCOCC3)=CC(=O)OC2=C1,C(CCO)(CCO)CCCCCCCCCCSC1=NN=C(O1)C2=CC=C(C(C)(C)C)C=N2,0.08888888888888889,0.20069412505516868
CC1=C(C(=O)OCC(C)C)C(C2=CC=CC(F)=C2)C2=C(N1)N(C)C(=O)N(C)C2=O,C(CCO)(CCO)CCCCCCCCCCSC1=NN=C(O1)C2=CC=C(C(C)(C)C)C=N2,0.07216494845360824,0.20069412505516868
CC1=C(C(=O)OCC(C)C)C(C2=CC=CC(F)=C2)C2=C(N1)N(C)C(=O)N(C)C2=O,C(CCO)(CCO)CCCCCCCCCCSC1=NN=C(O1)C2=CC=C(C(C)(C)C)C=N2,0.07216494845360824,0.20069412505516868
CC1=C(C(=O)OCC(C)C)C(C2=CC=CC(F)=C2)C2=C(N1)N(C)C(=O)N(C)C2=O,C(CCO)(CCO)CCCCCCCCCCSC1=NN=C(O1)C2=CC=C(C(C)(C)C)C=N2,0.07216494845360824,0.20069412505516868
CC1=C(C(=O)OCC(C)C)C(C2=CC=CC(F)=C2)C2=C(N1)N(C)C(=O)N(C)C2=O,C(CCO)(CCO)CCCCCCCCCCSC1=NN=C(O1)C2=CC=C(C(C)(C)C)C=N2,0.07216494845360824,0.20069412505516868
CC1=C(C(=O)OCC(C)C)C(C2=CC=CC(F)=C2)C2=C(N1)N(C)C(=O)N(C)C2=O,C(CCO)(CCO)CCCCCCCCCCSC1=NN=C(O1)C2=CC=C(C(C)(C)C)C=N2,0.07216494845360824,0.20069412505516868
CC1=C(C(=O)OCC(C)C)C(C2=CC=CC(F)=C2)C2=C(N1)N(C)C(=O)N(C)C2=O,C(CCO)(CCO)CCCCCCCCCCSC1=NN=C(O1)C2=CC=C(C(C)(C)C)C=N2,0.07216494845360824,0.20069412505516868
CC1=C(C(=O)OCC(C)C)C(C2=CC=CC(F)=C2)C2=C(N1)N(C)C(=O)N(C)C2=O,C(CCO)(CCO)CCCCCCCCCCSC1=NN=C(O1)C2=CC=C(C(C)(C)C)C=N2,0.07216494845360824,0.20069412505516868
CC1=C(C(=O)OCC(C)C)C(C2=CC=CC(F)=C2)C2=C(N1)N(C)C(=O)N(C)C2=O,C(CCO)(CCO)CCCCCCCCCCSC1=NN=C(O1)C2=CC=C(C(C)(C)C)C=N2,0.07216494845360824,0.20069412505516868
CC1=C(C(=O)OCC(C)C)C(C2=CC=CC(F)=C2)C2=C(N1)N(C)C(=O)N(C)C2=O,C(CCO)(CCO)CCCCCCCCCCSC1=NN=C(O1)C2=CC=C(C(C)(C)C)C=N2,0.07216494845360824,0.20069412505516868
CC1=C(C(=O)OCC(C)C)C(C2=CC=CC(F)=C2)C2=C(N1)N(C)C(=O)N(C)C2=O,C(CCO)(CCO)CCCCCCCCCCSC1=NN=C(O1)C2=CC=C(C(C)(C)C)C=N2,0.07216494845360824,0.20069412505516868
CC1=C(C(=O)OCC(C)C)C(C2=CC=CC(F)=C2)C2=C(N1)N(C)C(=O)N(C)C2=O,C(CCO)(CCO)CCCCCCCCCCSC1=NN=C(O1)C2=CC=C(C(C)(C)C)C=N2,0.07216494845360824,0.20069412505516868
CC1=C(C(=O)OCC(C)C)C(C2=CC=CC(F)=C2)C2=C(N1)N(C)C(=O)N(C)C2=O,C(CCO)(CCO)CCCCCCCCCCSC1=NN=C(O1)C2=CC=C(C(C)(C)C)C=N2,0.07216494845360824,0.20069412505516868
CC1=C(C(=O)OCC(C)C)C(C2=CC=CC(F)=C2)C2=C(N1)N(C)C(=O)N(C)C2=O,C(CCO)(CCO)CCCCCCCCCCSC1=NN=C(O1)C2=CC=C(C(C)(C)C)C=N2,0.07216494845360824,0.20069412505516868
CC1=C(C(=O)OCC(C)C)C(C2=CC=CC(F)=C2)C2=C(N1)N(C)C(=O)N(C)C2=O,C(CCO)(CCO)CCCCCCCCCCSC1=NN=C(O1)C2=CC=C(C(C)(C)C)C=N2,0.07216494845360824,0.20069412505516868
CC1=C(C(=O)OCC(C)C)C(C2=CC=CC(F)=C2)C2=C(N1)N(C)C(=O)N(C)C2=O,C(CCO)(CCO)CCCCCCCCCCSC1=NN=C(O1)C2=CC=C(C(C)(C)C)C=N2,0.07216494845360824,0.20069412505516868
CC1=C(C(=O)OCC(C)C)C(C2=CC=CC(F)=C2)C2=C(N1)N(C)C(=O)N(C)C2=O,C(CCO)(CCO)CCCCCCCCCCSC1=NN=C(O1)C2=CC=C(C(C)(C)C)C=N2,0.07216494845360824,0.20069412505516868
CC1=C(C(=O)OCC(C)C)C(C2=CC=CC(F)=C2)C2=C(N1)N(C)C(=O)N(C)C2=O,C(CCO)(CCO)CCCCCCCCCCSC1=NN=C(O1)C2=CC=C(C(C)(C)C)C=N2,0.07216494845360824,0.20069412505516868
CC1=C(C(=O)OCC(C)C)C(C2=CC=CC(F)=C2)C2=C(N1)N(C)C(=O)N(C)C2=O,C(CCO)(CCO)CCCCCCCCCCSC1=NN=C(O1)C2=CC=C(C(C)(C)C)C=N2,0.07216494845360824,0.20069412505516868
CC1=C(C(=O)OCC(C)C)C(C2=CC=CC(F)=C2)C2=C(N1)N(C)C(=O)N(C)C2=O,C(CCO)(CCO)CCCCCCCCCCSC1=NN=C(O1)C2=CC=C(C(C)(C)C)C=N2,0.07216494845360824,0.20069412505516868
CC1=C(C(=O)OCC(C)C)C(C2=CC=CC(F)=C2)C2=C(N1)N(C)C(=O)N(C)C2=O,C(CCO)(CCO)CCCCCCCCCCSC1=NN=C(O1)C2=CC=C(C(C)(C)C)C=N2,0.07216494845360824,0.20069412505516868
CCOC1=CC2=C(C=C1OCC)CN(C(=O)NCC1CCC[NH+]1CC)CC2,,0.0,0.0
CCOC1=CC2=C(C=C1OCC)CN(C(=O)NCC1CCC[NH+]1CC)CC2,,0.0,0.0
CCOC1=CC2=C(C=C1OCC)CN(C(=O)NCC1CCC[NH+]1CC)CC2,,0.0,0.0
CCOC1=CC2=C(C=C1OCC)CN(C(=O)NCC1CCC[NH+]1CC)CC2,,0.0,0.0
CCOC1=CC2=C(C=C1OCC)CN(C(=O)NCC1CCC[NH+]1CC)CC2,,0.0,0.0
CCOC1=CC2=C(C=C1OCC)CN(C(=O)NCC1CCC[NH+]1CC)CC2,,0.0,0.0
CCOC1=CC2=C(C=C1OCC)CN(C(=O)NCC1CCC[NH+]1CC)CC2,,0.0,0.0
CCOC1=CC2=C(C=C1OCC)CN(C(=O)NCC1CCC[NH+]1CC)CC2,,0.0,0.0
CCOC1=CC2=C(C=C1OCC)CN(C(=O)NCC1CCC[NH+]1CC)CC2,,0.0,0.0
CCOC1=CC2=C(C=C1OCC)CN(C(=O)NCC1CCC[NH+]1CC)CC2,,0.0,0.0
CCOC1=CC2=C(C=C1OCC)CN(C(=O)NCC1CCC[NH+]1CC)CC2,,0.0,0.0
CCOC1=CC2=C(C=C1OCC)CN(C(=O)NCC1CCC[NH+]1CC)CC2,,0.0,0.0
CCOC1=CC2=C(C=C1OCC)CN(C(=O)NCC1CCC[NH+]1CC)CC2,,0.0,0.0
CCOC1=CC2=C(C=C1OCC)CN(C(=O)NCC1CCC[NH+]1CC)CC2,,0.0,0.0
CCOC1=CC2=C(C=C1OCC)CN(C(=O)NCC1CCC[NH+]1CC)CC2,,0.0,0.0
CCOC1=CC2=C(C=C1OCC)CN(C(=O)NCC1CCC[NH+]1CC)CC2,,0.0,0.0
CCOC1=CC2=C(C=C1OCC)CN(C(=O)NCC1CCC[NH+]1CC)CC2,,0.0,0.0
CCOC1=CC2=C(C=C1OCC)CN(C(=O)NCC1CCC[NH+]1CC)CC2,,0.0,0.0
CCOC1=CC2=C(C=C1OCC)CN(C(=O)NCC1CCC[NH+]1CC)CC2,,0.0,0.0
CCOC1=CC2=C(C=C1OCC)CN(C(=O)NCC1CCC[NH+]1CC)CC2,,0.0,0.0
CC1=NN=C(SCC(=O)NC2=CC=CC(F)=C2)N1N1C=CC=C1,C(CCO)(CCO)CCCCCCCCCCSC1=NN=C(O1)C2=CC=C(C(C)(C)C)C=N2,0.11764705882352941,0.20069412505516868
CC1=NN=C(SCC(=O)NC2=CC=CC(F)=C2)N1N1C=CC=C1,C(CCO)(CCO)CCCCCCCCCCSC1=NN=C(O1)C2=CC=C(C(C)(C)C)C=N2,0.11764705882352941,0.20069412505516868
CC1=NN=C(SCC(=O)NC2=CC=CC(F)=C2)N1N1C=CC=C1,C(CCO)(CCO)CCCCCCCCCCSC1=NN=C(O1)C2=CC=C(C(C)(C)C)C=N2,0.11764705882352941,0.20069412505516868
CC1=NN=C(SCC(=O)NC2=CC=CC(F)=C2)N1N1C=CC=C1,C(CCO)(CCO)CCCCCCCCCCSC1=NN=C(O1)C2=CC=C(C(C)(C)C)C=N2,0.11764705882352941,0.20069412505516868
CC1=NN=C(SCC(=O)NC2=CC=CC(F)=C2)N1N1C=CC=C1,C(CCO)(CCO)CCCCCCCCCCSC1=NN=C(O1)C2=CC=C(C(C)(C)C)C=N2,0.11764705882352941,0.20069412505516868
CC1=NN=C(SCC(=O)NC2=CC=CC(F)=C2)N1N1C=CC=C1,C(CCO)(CCO)CCCCCCCCCCSC1=NN=C(O1)C2=CC=C(C(C)(C)C)C=N2,0.11764705882352941,0.20069412505516868
CC1=NN=C(SCC(=O)NC2=CC=CC(F)=C2)N1N1C=CC=C1,C(CCO)(CCO)CCCCCCCCCCSC1=NN=C(O1)C2=CC=C(C(C)(C)C)C=N2,0.11764705882352941,0.20069412505516868
CC1=NN=C(SCC(=O)NC2=CC=CC(F)=C2)N1N1C=CC=C1,C(CCO)(CCO)CCCCCCCCCCSC1=NN=C(O1)C2=CC=C(C(C)(C)C)C=N2,0.11764705882352941,0.20069412505516868
CC1=NN=C(SCC(=O)NC2=CC=CC(F)=C2)N1N1C=CC=C1,C(CCO)(CCO)CCCCCCCCCCSC1=NN=C(O1)C2=CC=C(C(C)(C)C)C=N2,0.11764705882352941,0.20069412505516868
CC1=NN=C(SCC(=O)NC2=CC=CC(F)=C2)N1N1C=CC=C1,C(CCO)(CCO)CCCCCCCCCCSC1=NN=C(O1)C2=CC=C(C(C)(C)C)C=N2,0.11764705882352941,0.20069412505516868
CC1=NN=C(SCC(=O)NC2=CC=CC(F)=C2)N1N1C=CC=C1,C(CCO)(CCO)CCCCCCCCCCSC1=NN=C(O1)C2=CC=C(C(C)(C)C)C=N2,0.11764705882352941,0.20069412505516868
CC1=NN=C(SCC(=O)NC2=CC=CC(F)=C2)N1N1C=CC=C1,C(CCO)(CCO)CCCCCCCCCCSC1=NN=C(O1)C2=CC=C(C(C)(C)C)C=N2,0.11764705882352941,0.20069412505516868
CC1=NN=C(SCC(=O)NC2=CC=CC(F)=C2)N1N1C=CC=C1,C(CCO)(CCO)CCCCCCCCCCSC1=NN=C(O1)C2=CC=C(C(C)(C)C)C=N2,0.11764705882352941,0.20069412505516868
CC1=NN=C(SCC(=O)NC2=CC=CC(F)=C2)N1N1C=CC=C1,C(CCO)(CCO)CCCCCCCCCCSC1=NN=C(O1)C2=CC=C(C(C)(C)C)C=N2,0.11764705882352941,0.20069412505516868
CC1=NN=C(SCC(=O)NC2=CC=CC(F)=C2)N1N1C=CC=C1,C(CCO)(CCO)CCCCCCCCCCSC1=NN=C(O1)C2=CC=C(C(C)(C)C)C=N2,0.11764705882352941,0.20069412505516868
CC1=NN=C(SCC(=O)NC2=CC=CC(F)=C2)N1N1C=CC=C1,C(CCO)(CCO)CCCCCCCCCCSC1=NN=C(O1)C2=CC=C(C(C)(C)C)C=N2,0.11764705882352941,0.20069412505516868
CC1=NN=C(SCC(=O)NC2=CC=CC(F)=C2)N1N1C=CC=C1,C(CCO)(CCO)CCCCCCCCCCSC1=NN=C(O1)C2=CC=C(C(C)(C)C)C=N2,0.11764705882352941,0.20069412505516868
CC1=NN=C(SCC(=O)NC2=CC=CC(F)=C2)N1N1C=CC=C1,C(CCO)(CCO)CCCCCCCCCCSC1=NN=C(O1)C2=CC=C(C(C)(C)C)C=N2,0.11764705882352941,0.20069412505516868
CC1=NN=C(SCC(=O)NC2=CC=CC(F)=C2)N1N1C=CC=C1,C(CCO)(CCO)CCCCCCCCCCSC1=NN=C(O1)C2=CC=C(C(C)(C)C)C=N2,0.11764705882352941,0.20069412505516868
CC1=NN=C(SCC(=O)NC2=CC=CC(F)=C2)N1N1C=CC=C1,C(CCO)(CCO)CCCCCCCCCCSC1=NN=C(O1)C2=CC=C(C(C)(C)C)C=N2,0.11764705882352941,0.20069412505516868
O=C(NCC1CCCCN1C(=O)C1=CC(Cl)=CC=C1O)NC1=CC=CC=C1,CCCCCCCCCCCC(OC1=NC=CC=C1)=O,0.12,0.4260075772364941
O=C(NCC1CCCCN1C(=O)C1=CC(Cl)=CC=C1O)NC1=CC=CC=C1,CCCCCCCCCCCC(OC1=NC=CC=C1)=O,0.12,0.4260075772364941
O=C(NCC1CCCCN1C(=O)C1=CC(Cl)=CC=C1O)NC1=CC=CC=C1,CCCCCCCCCCCC(OC1=NC=CC=C1)=O,0.12,0.4260075772364941
O=C(NCC1CCCCN1C(=O)C1=CC(Cl)=CC=C1O)NC1=CC=CC=C1,CCCCCCCCCCCC(OC1=NC=CC=C1)=O,0.12,0.4260075772364941
O=C(NCC1CCCCN1C(=O)C1=CC(Cl)=CC=C1O)NC1=CC=CC=C1,CCCCCCCCCCCC(OC1=NC=CC=C1)=O,0.12,0.4260075772364941
O=C(NCC1CCCCN1C(=O)C1=CC(Cl)=CC=C1O)NC1=CC=CC=C1,CCCCCCCCCCCC(OC1=NC=CC=C1)=O,0.12,0.4260075772364941
O=C(NCC1CCCCN1C(=O)C1=CC(Cl)=CC=C1O)NC1=CC=CC=C1,CCCCCCCCCCCC(OC1=NC=CC=C1)=O,0.12,0.4260075772364941
O=C(NCC1CCCCN1C(=O)C1=CC(Cl)=CC=C1O)NC1=CC=CC=C1,CCCCCCCCCCCC(OC1=NC=CC=C1)=O,0.12,0.4260075772364941
O=C(NCC1CCCCN1C(=O)C1=CC(Cl)=CC=C1O)NC1=CC=CC=C1,CCCCCCCCCCCC(OC1=NC=CC=C1)=O,0.12,0.4260075772364941
O=C(NCC1CCCCN1C(=O)C1=CC(Cl)=CC=C1O)NC1=CC=CC=C1,CCCCCCCCCCCC(OC1=NC=CC=C1)=O,0.12,0.4260075772364941
O=C(NCC1CCCCN1C(=O)C1=CC(Cl)=CC=C1O)NC1=CC=CC=C1,CCCCCCCCCCCC(OC1=NC=CC=C1)=O,0.12,0.4260075772364941
O=C(NCC1CCCCN1C(=O)C1=CC(Cl)=CC=C1O)NC1=CC=CC=C1,CCCCCCCCCCCC(OC1=NC=CC=C1)=O,0.12,0.4260075772364941
O=C(NCC1CCCCN1C(=O)C1=CC(Cl)=CC=C1O)NC1=CC=CC=C1,CCCCCCCCCCCC(OC1=NC=CC=C1)=O,0.12,0.4260075772364941
O=C(NCC1CCCCN1C(=O)C1=CC(Cl)=CC=C1O)NC1=CC=CC=C1,CCCCCCCCCCCC(OC1=NC=CC=C1)=O,0.12,0.4260075772364941
O=C(NCC1CCCCN1C(=O)C1=CC(Cl)=CC=C1O)NC1=CC=CC=C1,CCCCCCCCCCCC(OC1=NC=CC=C1)=O,0.12,0.4260075772364941
O=C(NCC1CCCCN1C(=O)C1=CC(Cl)=CC=C1O)NC1=CC=CC=C1,CCCCCCCCCCCC(OC1=NC=CC=C1)=O,0.12,0.4260075772364941
O=C(NCC1CCCCN1C(=O)C1=CC(Cl)=CC=C1O)NC1=CC=CC=C1,CCCCCCCCCCCC(OC1=NC=CC=C1)=O,0.12,0.4260075772364941
O=C(NCC1CCCCN1C(=O)C1=CC(Cl)=CC=C1O)NC1=CC=CC=C1,CCCCCCCCCCCC(OC1=NC=CC=C1)=O,0.12,0.4260075772364941
O=C(NCC1CCCCN1C(=O)C1=CC(Cl)=CC=C1O)NC1=CC=CC=C1,CCCCCCCCCCCC(OC1=NC=CC=C1)=O,0.12,0.4260075772364941
O=C(NCC1CCCCN1C(=O)C1=CC(Cl)=CC=C1O)NC1=CC=CC=C1,CCCCCCCCCCCC(OC1=NC=CC=C1)=O,0.12,0.4260075772364941
CC(SC1=NN=C(C2=CC=CC=C2)O1)C(=O)NC12CC3CC(CC(C3)C1)C2,,0.0,0.0
CC(SC1=NN=C(C2=CC=CC=C2)O1)C(=O)NC12CC3CC(CC(C3)C1)C2,,0.0,0.0
CC(SC1=NN=C(C2=CC=CC=C2)O1)C(=O)NC12CC3CC(CC(C3)C1)C2,,0.0,0.0
CC(SC1=NN=C(C2=CC=CC=C2)O1)C(=O)NC12CC3CC(CC(C3)C1)C2,,0.0,0.0
CC(SC1=NN=C(C2=CC=CC=C2)O1)C(=O)NC12CC3CC(CC(C3)C1)C2,,0.0,0.0
CC(SC1=NN=C(C2=CC=CC=C2)O1)C(=O)NC12CC3CC(CC(C3)C1)C2,,0.0,0.0
CC(SC1=NN=C(C2=CC=CC=C2)O1)C(=O)NC12CC3CC(CC(C3)C1)C2,,0.0,0.0
CC(SC1=NN=C(C2=CC=CC=C2)O1)C(=O)NC12CC3CC(CC(C3)C1)C2,,0.0,0.0
CC(SC1=NN=C(C2=CC=CC=C2)O1)C(=O)NC12CC3CC(CC(C3)C1)C2,,0.0,0.0
CC(SC1=NN=C(C2=CC=CC=C2)O1)C(=O)NC12CC3CC(CC(C3)C1)C2,,0.0,0.0
CC(SC1=NN=C(C2=CC=CC=C2)O1)C(=O)NC12CC3CC(CC(C3)C1)C2,,0.0,0.0
CC(SC1=NN=C(C2=CC=CC=C2)O1)C(=O)NC12CC3CC(CC(C3)C1)C2,,0.0,0.0
CC(SC1=NN=C(C2=CC=CC=C2)O1)C(=O)NC12CC3CC(CC(C3)C1)C2,,0.0,0.0
CC(SC1=NN=C(C2=CC=CC=C2)O1)C(=O)NC12CC3CC(CC(C3)C1)C2,,0.0,0.0
CC(SC1=NN=C(C2=CC=CC=C2)O1)C(=O)NC12CC3CC(CC(C3)C1)C2,,0.0,0.0
CC(SC1=NN=C(C2=CC=CC=C2)O1)C(=O)NC12CC3CC(CC(C3)C1)C2,,0.0,0.0
CC(SC1=NN=C(C2=CC=CC=C2)O1)C(=O)NC12CC3CC(CC(C3)C1)C2,,0.0,0.0
CC(SC1=NN=C(C2=CC=CC=C2)O1)C(=O)NC12CC3CC(CC(C3)C1)C2,,0.0,0.0
CC(SC1=NN=C(C2=CC=CC=C2)O1)C(=O)NC12CC3CC(CC(C3)C1)C2,,0.0,0.0
CC(SC1=NN=C(C2=CC=CC=C2)O1)C(=O)NC12CC3CC(CC(C3)C1)C2,,0.0,0.0
CC1=C(CN2CCOC(C3=CC=CC=C3F)C2)N2C=CSC2=N1,CC1=C2C(COC(CCCCC)O2)=C(C(CC3=C(COC(C)(C)O4)C4=C(C)N=C3)(C)C)C=N1,0.11578947368421053,0.4729635084227723
CC1=C(CN2CCOC(C3=CC=CC=C3F)C2)N2C=CSC2=N1,,0.0,0.0
CC1=C(CN2CCOC(C3=CC=CC=C3F)C2)N2C=CSC2=N1,,0.0,0.0
CC1=C(CN2CCOC(C3=CC=CC=C3F)C2)N2C=CSC2=N1,,0.0,0.0
CC1=C(CN2CCOC(C3=CC=CC=C3F)C2)N2C=CSC2=N1,,0.0,0.0
CC1=C(CN2CCOC(C3=CC=CC=C3F)C2)N2C=CSC2=N1,,0.0,0.0
CC1=C(CN2CCOC(C3=CC=CC=C3F)C2)N2C=CSC2=N1,,0.0,0.0
CC1=C(CN2CCOC(C3=CC=CC=C3F)C2)N2C=CSC2=N1,,0.0,0.0
CC1=C(CN2CCOC(C3=CC=CC=C3F)C2)N2C=CSC2=N1,,0.0,0.0
CC1=C(CN2CCOC(C3=CC=CC=C3F)C2)N2C=CSC2=N1,,0.0,0.0
CC1=C(CN2CCOC(C3=CC=CC=C3F)C2)N2C=CSC2=N1,,0.0,0.0
CC1=C(CN2CCOC(C3=CC=CC=C3F)C2)N2C=CSC2=N1,,0.0,0.0
CC1=C(CN2CCOC(C3=CC=CC=C3F)C2)N2C=CSC2=N1,,0.0,0.0
CC1=C(CN2CCOC(C3=CC=CC=C3F)C2)N2C=CSC2=N1,,0.0,0.0
CC1=C(CN2CCOC(C3=CC=CC=C3F)C2)N2C=CSC2=N1,,0.0,0.0
CC1=C(CN2CCOC(C3=CC=CC=C3F)C2)N2C=CSC2=N1,,0.0,0.0
CC1=C(CN2CCOC(C3=CC=CC=C3F)C2)N2C=CSC2=N1,,0.0,0.0
CC1=C(CN2CCOC(C3=CC=CC=C3F)C2)N2C=CSC2=N1,,0.0,0.0
CC1=C(CN2CCOC(C3=CC=CC=C3F)C2)N2C=CSC2=N1,,0.0,0.0
CC1=C(CN2CCOC(C3=CC=CC=C3F)C2)N2C=CSC2=N1,,0.0,0.0
CC(NC(=O)CN1C(=O)COCC1=O)C1=CC=CO1,,0.0,0.0
CC(NC(=O)CN1C(=O)COCC1=O)C1=CC=CO1,,0.0,0.0
CC(NC(=O)CN1C(=O)COCC1=O)C1=CC=CO1,,0.0,0.0
CC(NC(=O)CN1C(=O)COCC1=O)C1=CC=CO1,,0.0,0.0
CC(NC(=O)CN1C(=O)COCC1=O)C1=CC=CO1,,0.0,0.0
CC(NC(=O)CN1C(=O)COCC1=O)C1=CC=CO1,,0.0,0.0
CC(NC(=O)CN1C(=O)COCC1=O)C1=CC=CO1,,0.0,0.0
CC(NC(=O)CN1C(=O)COCC1=O)C1=CC=CO1,CCC2C=C2,0.06382978723404255,0.40914288964902584
CC(NC(=O)CN1C(=O)COCC1=O)C1=CC=CO1,,0.0,0.0
CC(NC(=O)CN1C(=O)COCC1=O)C1=CC=CO1,,0.0,0.0
CC(NC(=O)CN1C(=O)COCC1=O)C1=CC=CO1,,0.0,0.0
CC(NC(=O)CN1C(=O)COCC1=O)C1=CC=CO1,,0.0,0.0
CC(NC(=O)CN1C(=O)COCC1=O)C1=CC=CO1,,0.0,0.0
CC(NC(=O)CN1C(=O)COCC1=O)C1=CC=CO1,,0.0,0.0
CC(NC(=O)CN1C(=O)COCC1=O)C1=CC=CO1,CCC2C=C2,0.06382978723404255,0.40914288964902584
CC(NC(=O)CN1C(=O)COCC1=O)C1=CC=CO1,,0.0,0.0
CC(NC(=O)CN1C(=O)COCC1=O)C1=CC=CO1,,0.0,0.0
CC(NC(=O)CN1C(=O)COCC1=O)C1=CC=CO1,CCC2C=C2,0.06382978723404255,0.40914288964902584
CC(NC(=O)CN1C(=O)COCC1=O)C1=CC=CO1,,0.0,0.0
CC(NC(=O)CN1C(=O)COCC1=O)C1=CC=CO1,,0.0,0.0
COC1CCCCC1NC(=O)NCC(C1=CC=CC(F)=C1)[NH+](C)C,CCCCCCCCCCCCCC(C)(CCCCCCCCCCCCC(CCCCCCCCCCCCCC)CCC1C(CCCCCCCCCCCC)CCC1C(CCCCCCCCCCCC)CCC1C(CCCCCCCCCCCC)CCC1C(C)CCCCCCCCCCC)CCC,0.06451612903225806,0.05326174446945641
COC1CCCCC1NC(=O)NCC(C1=CC=CC(F)=C1)[NH+](C)C,,0.0,0.0
COC1CCCCC1NC(=O)NCC(C1=CC=CC(F)=C1)[NH+](C)C,,0.0,0.0
COC1CCCCC1NC(=O)NCC(C1=CC=CC(F)=C1)[NH+](C)C,,0.0,0.0
COC1CCCCC1NC(=O)NCC(C1=CC=CC(F)=C1)[NH+](C)C,,0.0,0.0
COC1CCCCC1NC(=O)NCC(C1=CC=CC(F)=C1)[NH+](C)C,,0.0,0.0
COC1CCCCC1NC(=O)NCC(C1=CC=CC(F)=C1)[NH+](C)C,,0.0,0.0
COC1CCCCC1NC(=O)NCC(C1=CC=CC(F)=C1)[NH+](C)C,,0.0,0.0
COC1CCCCC1NC(=O)NCC(C1=CC=CC(F)=C1)[NH+](C)C,,0.0,0.0
COC1CCCCC1NC(=O)NCC(C1=CC=CC(F)=C1)[NH+](C)C,,0.0,0.0
COC1CCCCC1NC(=O)NCC(C1=CC=CC(F)=C1)[NH+](C)C,,0.0,0.0
COC1CCCCC1NC(=O)NCC(C1=CC=CC(F)=C1)[NH+](C)C,,0.0,0.0
COC1CCCCC1NC(=O)NCC(C1=CC=CC(F)=C1)[NH+](C)C,,0.0,0.0
COC1CCCCC1NC(=O)NCC(C1=CC=CC(F)=C1)[NH+](C)C,,0.0,0.0
COC1CCCCC1NC(=O)NCC(C1=CC=CC(F)=C1)[NH+](C)C,,0.0,0.0
COC1CCCCC1NC(=O)NCC(C1=CC=CC(F)=C1)[NH+](C)C,,0.0,0.0
COC1CCCCC1NC(=O)NCC(C1=CC=CC(F)=C1)[NH+](C)C,,0.0,0.0
COC1CCCCC1NC(=O)NCC(C1=CC=CC(F)=C1)[NH+](C)C,,0.0,0.0
COC1CCCCC1NC(=O)NCC(C1=CC=CC(F)=C1)[NH+](C)C,,0.0,0.0
COC1CCCCC1NC(=O)NCC(C1=CC=CC(F)=C1)[NH+](C)C,,0.0,0.0
CCCC1=CN=C(C)N=C1N1CCC([NH2+]CC(O)C2=CC=CC=C2)CC1,C(CCO)(CCCO)CCCCCCCCCCCCCCCCSC1=NN=C(O1)C2=CC=C(C(C)(C)C)C=N2,0.10869565217391304,0.09518788965472637
CCCC1=CN=C(C)N=C1N1CCC([NH2+]CC(O)C2=CC=CC=C2)CC1,,0.0,0.0
CCCC1=CN=C(C)N=C1N1CCC([NH2+]CC(O)C2=CC=CC=C2)CC1,C(CCO)(CCCO)CCCCCCCCCCCCCCCCSC1=NN=C(O1)C2=CC=C(C(C)(C)C)C=N2,0.10869565217391304,0.09518788965472637
CCCC1=CN=C(C)N=C1N1CCC([NH2+]CC(O)C2=CC=CC=C2)CC1,C(CCO)(CCCO)CCCCCCCCCCCCCCCCSC1=NN=C(C1)C,0.10126582278481013,0.16620844388241846
CCCC1=CN=C(C)N=C1N1CCC([NH2+]CC(O)C2=CC=CC=C2)CC1,C(CCO)(CCCO)CCCCCCCCCCCCCCCCSC1=NN=C(O1)C2=CC=C(C(C)(C)C)C=N2,0.10869565217391304,0.09518788965472637
CCCC1=CN=C(C)N=C1N1CCC([NH2+]CC(O)C2=CC=CC=C2)CC1,C(CCO)(CCCO)CCCCCCCCCCCCCCCCSC1=NN=C(C1)C,0.10126582278481013,0.16620844388241846
CCCC1=CN=C(C)N=C1N1CCC([NH2+]CC(O)C2=CC=CC=C2)CC1,,0.0,0.0
CCCC1=CN=C(C)N=C1N1CCC([NH2+]CC(O)C2=CC=CC=C2)CC1,C(CCO)(CCCO)CCCCCCCCCCCCCCCCSC1=NN=C(O1)C2=CC=C(C(C)(C)C)C=N2,0.10869565217391304,0.09518788965472637
CCCC1=CN=C(C)N=C1N1CCC([NH2+]CC(O)C2=CC=CC=C2)CC1,C(CCO)(CCCO)CCCCCCCCCCCCCCCCSC1=NN=C(C1)C2=CC=C(C(C)(C)C)C=N2,0.12087912087912088,0.12790137968606394
CCCC1=CN=C(C)N=C1N1CCC([NH2+]CC(O)C2=CC=CC=C2)CC1,C(CCO)(CCCO)CCCCCCCCCCCCCCCCSC1=NN=C(C1)C,0.10126582278481013,0.16620844388241846
CCCC1=CN=C(C)N=C1N1CCC([NH2+]CC(O)C2=CC=CC=C2)CC1,C(CCO)(CCCO)CCCCCCCCCCCCCCCCSC1=NN=C(C1)C,0.10126582278481013,0.16620844388241846
CCCC1=CN=C(C)N=C1N1CCC([NH2+]CC(O)C2=CC=CC=C2)CC1,C(CCO)(CCCO)CCCCCCCCCCCCCCCCSC1=NN=C(O1)C2=CC=C(C(C)(C)C)C=N2,0.10869565217391304,0.09518788965472637
CCCC1=CN=C(C)N=C1N1CCC([NH2+]CC(O)C2=CC=CC=C2)CC1,C(CCO)(CCCO)CCCCCCCCCCCCCCCCSC1=NN=C(C1)C,0.10126582278481013,0.16620844388241846
CCCC1=CN=C(C)N=C1N1CCC([NH2+]CC(O)C2=CC=CC=C2)CC1,C(CCO)(CCCO)CCCCCCCCCCCCCCCCSC1=NN=C(O1)C2=CC=C(C(C)(C)C)C=N2,0.10869565217391304,0.09518788965472637
CCCC1=CN=C(C)N=C1N1CCC([NH2+]CC(O)C2=CC=CC=C2)CC1,,0.0,0.0
CCCC1=CN=C(C)N=C1N1CCC([NH2+]CC(O)C2=CC=CC=C2)CC1,C(CCO)(CCCO)CCCCCCCCCCCCCCCCSC1=NN=C(O1)C2=CC=C(C(C)(C)C)C=N2,0.10869565217391304,0.09518788965472637
CCCC1=CN=C(C)N=C1N1CCC([NH2+]CC(O)C2=CC=CC=C2)CC1,C(CCO)(CCCCCCCCCCCCCCC(CCCCC)=O)C2=CC=C(C(C)(C)C)C=N2,0.14457831325301204,0.1656380476364871
CCCC1=CN=C(C)N=C1N1CCC([NH2+]CC(O)C2=CC=CC=C2)CC1,C(CCO)(CCO)CCCCCCCCCCCCCCCCSC1=NN=C(C1)C,0.1038961038961039,0.18653618012790604
CCCC1=CN=C(C)N=C1N1CCC([NH2+]CC(O)C2=CC=CC=C2)CC1,,0.0,0.0
CCCC1=CN=C(C)N=C1N1CCC([NH2+]CC(O)C2=CC=CC=C2)CC1,C(CCO)(CCCCCCCCCCCCCCCCCCC(OC)=O)CCCCCCCCCCCCCCCC,0.08,0.05794090986277964
CC1CN(C(=O)C2=CC=CC3=NC=CC=C23)C(C)CN1C(=O)OC(C)(C)C,,0.0,0.0
CC1CN(C(=O)C2=CC=CC3=NC=CC=C23)C(C)CN1C(=O)OC(C)(C)C,,0.0,0.0
CC1CN(C(=O)C2=CC=CC3=NC=CC=C23)C(C)CN1C(=O)OC(C)(C)C,,0.0,0.0
CC1CN(C(=O)C2=CC=CC3=NC=CC=C23)C(C)CN1C(=O)OC(C)(C)C,CCCCCCCCCC(C)(CC1=C(C)C(OC(C)=O)=C(C)N=C1)C,0.17567567567567569,0.34648454331069145
CC1CN(C(=O)C2=CC=CC3=NC=CC=C23)C(C)CN1C(=O)OC(C)(C)C,,0.0,0.0
CC1CN(C(=O)C2=CC=CC3=NC=CC=C23)C(C)CN1C(=O)OC(C)(C)C,CCCCCCCCCC(C)(CC1=C(C)C(OC(C)=O)=C(C)N=C1)C,0.17567567567567569,0.34648454331069145
CC1CN(C(=O)C2=CC=CC3=NC=CC=C23)C(C)CN1C(=O)OC(C)(C)C,CCCCCCCCCC(C)(CC1=C(C)C(OC(C)=O)=C(C)N=C1)C,0.17567567567567569,0.34648454331069145
CC1CN(C(=O)C2=CC=CC3=NC=CC=C23)C(C)CN1C(=O)OC(C)(C)C,,0.0,0.0
CC1CN(C(=O)C2=CC=CC3=NC=CC=C23)C(C)CN1C(=O)OC(C)(C)C,CCCCCCCCCC(C)(CC1=C(C)C(OC(C)=O)=C(C)N=C1)C,0.17567567567567569,0.34648454331069145
CC1CN(C(=O)C2=CC=CC3=NC=CC=C23)C(C)CN1C(=O)OC(C)(C)C,CCCCCCCCCC(C)(CC1=C(C)C(OC(C)=O)=C(C)N=C1)C,0.17567567567567569,0.34648454331069145
CC1CN(C(=O)C2=CC=CC3=NC=CC=C23)C(C)CN1C(=O)OC(C)(C)C,CCCCCCCCCC(C)(CC1=C(C)C(OC(C)=O)=C(C)N=C1)C,0.17567567567567569,0.34648454331069145
CC1CN(C(=O)C2=CC=CC3=NC=CC=C23)C(C)CN1C(=O)OC(C)(C)C,CCCCCCCCCC(C)(CC1=C(C)C(OC(C)=O)=C(C)N=C1)C,0.17567567567567569,0.34648454331069145
CC1CN(C(=O)C2=CC=CC3=NC=CC=C23)C(C)CN1C(=O)OC(C)(C)C,,0.0,0.0
CC1CN(C(=O)C2=CC=CC3=NC=CC=C23)C(C)CN1C(=O)OC(C)(C)C,CCCCCCCCCC(C)(CC1=C(C)C(OC(C)=O)=C(C)N=C1)C,0.17567567567567569,0.34648454331069145
CC1CN(C(=O)C2=CC=CC3=NC=CC=C23)C(C)CN1C(=O)OC(C)(C)C,CCCCCCCCCC(C)(CC1=C(C)C(OC(C)=O)=C(C)N=C1)C,0.17567567567567569,0.34648454331069145
CC1CN(C(=O)C2=CC=CC3=NC=CC=C23)C(C)CN1C(=O)OC(C)(C)C,CCCCCCCCCC(C)(CC1=C(C)C(OC(C)=O)=C(C)N=C1)C,0.17567567567567569,0.34648454331069145
CC1CN(C(=O)C2=CC=CC3=NC=CC=C23)C(C)CN1C(=O)OC(C)(C)C,CCCCCCCCCC(C)(CC1=C(C)C(OC(C)=O)=C(C)N=C1)C,0.17567567567567569,0.34648454331069145
CC1CN(C(=O)C2=CC=CC3=NC=CC=C23)C(C)CN1C(=O)OC(C)(C)C,,0.0,0.0
CC1CN(C(=O)C2=CC=CC3=NC=CC=C23)C(C)CN1C(=O)OC(C)(C)C,CCCCCCCCCC(C)(CC1=C(C)C(OC(C)=O)=C(C)N=C1)C,0.17567567567567569,0.34648454331069145
CC1CN(C(=O)C2=CC=CC3=NC=CC=C23)C(C)CN1C(=O)OC(C)(C)C,CCCCCCCCCC(C)(CC1=C(C)C(OC(C)=O)=C(C)N=C1)C,0.17567567567567569,0.34648454331069145
CCCCC(C(=O)[O-])C1=CC=CC=N1,CC1=C2C(COC(C)(C)O2)=C(C(CC3=C(COC(C)(C)O4)C4=C(C)N=C3)(C)C)C=N1,0.09230769230769231,0.714208444238621
CCCCC(C(=O)[O-])C1=CC=CC=N1,CC1=C2C(COC(C)(C)O2)=C(C(CC3=C(COC(C)(C)O4)C4=C(C)N=C3)(C)C)C=N1,0.09230769230769231,0.714208444238621
CCCCC(C(=O)[O-])C1=CC=CC=N1,CC1=C2C(COC(C)(C)O2)=C(C(CC3=C(COC(C)(C)O4)C4=C(C)N=C3)(C)C)C=N1,0.09230769230769231,0.714208444238621
CCCCC(C(=O)[O-])C1=CC=CC=N1,CC1=C2C(COC(C)(C)O2)=C(C(CC3=C(COC(C)(C)O4)C4=C(C)N=C3)(C)C)C=N1,0.09230769230769231,0.714208444238621
CCCCC(C(=O)[O-])C1=CC=CC=N1,CC1=C2C(COC(C)(C)O2)=C(C(CC3=C(COC(C)(C)O4)C4=C(C)N=C3)(C)C)C=N1,0.09230769230769231,0.714208444238621
CCCCC(C(=O)[O-])C1=CC=CC=N1,CC1=C2C(COC(C)(C)O2)=C(C(CC3=C(COC(C)(C)O4)C4=C(C)N=C3)(C)C)C=N1,0.09230769230769231,0.714208444238621
CCCCC(C(=O)[O-])C1=CC=CC=N1,CC1=C2C(COC(C)(C)O2)=C(C(CC3=C(COC(C)(C)O4)C4=C(C)N=C3)(C)C)C=N1,0.09230769230769231,0.714208444238621
CCCCC(C(=O)[O-])C1=CC=CC=N1,CC1=C2C(COC(C)(C)O2)=C(C(CC3=C(COC(C)(C)O4)C4=C(C)N=C3)(C)C)C=N1,0.09230769230769231,0.714208444238621
CCCCC(C(=O)[O-])C1=CC=CC=N1,CC1=C2C(COC(C)(C)O2)=C(C(CC3=C(COC(C)(C)O4)C4=C(C)N=C3)(C)C)C=N1,0.09230769230769231,0.714208444238621
CCCCC(C(=O)[O-])C1=CC=CC=N1,CC1=C2C(COC(C)(C)O2)=C(C(CC3=C(COC(C)(C)O4)C4=C(C)N=C3)(C)C)C=N1,0.09230769230769231,0.714208444238621
CCCCC(C(=O)[O-])C1=CC=CC=N1,CC1=C2C(COC(C)(C)O2)=C(C(CC3=C(COC(C)(C)O4)C4=C(C)N=C3)(C)C)C=N1,0.09230769230769231,0.714208444238621
CCCCC(C(=O)[O-])C1=CC=CC=N1,CC1=C2C(COC(C)(C)O2)=C(C(CC3=C(COC(C)(C)O4)C4=C(C)N=C3)(C)C)C=N1,0.09230769230769231,0.714208444238621
CCCCC(C(=O)[O-])C1=CC=CC=N1,CC1=C2C(COC(C)(C)O2)=C(C(CC3=C(COC(C)(C)O4)C4=C(C)N=C3)(C)C)C=N1,0.09230769230769231,0.714208444238621
CCCCC(C(=O)[O-])C1=CC=CC=N1,CC1=C2C(COC(C)(C)O2)=C(C(CC3=C(COC(C)(C)O4)C4=C(C)N=C3)(C)C)C=N1,0.09230769230769231,0.714208444238621
CCCCC(C(=O)[O-])C1=CC=CC=N1,CC1=C2C(COC(C)(C)O2)=C(C(CC3=C(COC(C)(C)O4)C4=C(C)N=C3)(C)C)C=N1,0.09230769230769231,0.714208444238621
CCCCC(C(=O)[O-])C1=CC=CC=N1,CC1=C2C(COC(C)(C)O2)=C(C(CC3=C(COC(C)(C)O4)C4=C(C)N=C3)(C)C)C=N1,0.09230769230769231,0.714208444238621
CCCCC(C(=O)[O-])C1=CC=CC=N1,CC1=C2C(COC(C)(C)O2)=C(C(CC3=C(COC(C)(C)O4)C4=C(C)N=C3)(C)C)C=N1,0.09230769230769231,0.714208444238621
CCCCC(C(=O)[O-])C1=CC=CC=N1,CC1=C2C(COC(CCC)O2)=C(C(CC3=C(COC(C)(C)O4)C4=C(C)N=C3)(C)C)C=N1,0.10526315789473684,0.6469640220350343
CCCCC(C(=O)[O-])C1=CC=CC=N1,CC1=C2C(COC(CCC)O2)=C(C(CC3=C(COC(C)(C)O4)C4=C(C)N=C3)(C)C)C=N1,0.10526315789473684,0.6469640220350343
CCCCC(C(=O)[O-])C1=CC=CC=N1,CC1=C2C(COC(C)(C)O2)=C(C(CC3=C(COC(C)(C)O4)C4=C(C)N=C3)(C)C)C=N1,0.09230769230769231,0.714208444238621
CC[NH+]1CCN(C2(CNC(=O)C3=CC=CC=C3Br)CCCCC2)CC1,,0.0,0.0
CC[NH+]1CCN(C2(CNC(=O)C3=CC=CC=C3Br)CCCCC2)CC1,,0.0,0.0
CC[NH+]1CCN(C2(CNC(=O)C3=CC=CC=C3Br)CCCCC2)CC1,,0.0,0.0
CC[NH+]1CCN(C2(CNC(=O)C3=CC=CC=C3Br)CCCCC2)CC1,,0.0,0.0
CC[NH+]1CCN(C2(CNC(=O)C3=CC=CC=C3Br)CCCCC2)CC1,,0.0,0.0
CC[NH+]1CCN(C2(CNC(=O)C3=CC=CC=C3Br)CCCCC2)CC1,,0.0,0.0
CC[NH+]1CCN(C2(CNC(=O)C3=CC=CC=C3Br)CCCCC2)CC1,,0.0,0.0
CC[NH+]1CCN(C2(CNC(=O)C3=CC=CC=C3Br)CCCCC2)CC1,,0.0,0.0
CC[NH+]1CCN(C2(CNC(=O)C3=CC=CC=C3Br)CCCCC2)CC1,,0.0,0.0
CC[NH+]1CCN(C2(CNC(=O)C3=CC=CC=C3Br)CCCCC2)CC1,,0.0,0.0
CC[NH+]1CCN(C2(CNC(=O)C3=CC=CC=C3Br)CCCCC2)CC1,,0.0,0.0
CC[NH+]1CCN(C2(CNC(=O)C3=CC=CC=C3Br)CCCCC2)CC1,,0.0,0.0
CC[NH+]1CCN(C2(CNC(=O)C3=CC=CC=C3Br)CCCCC2)CC1,,0.0,0.0
CC[NH+]1CCN(C2(CNC(=O)C3=CC=CC=C3Br)CCCCC2)CC1,,0.0,0.0
CC[NH+]1CCN(C2(CNC(=O)C3=CC=CC=C3Br)CCCCC2)CC1,,0.0,0.0
CC[NH+]1CCN(C2(CNC(=O)C3=CC=CC=C3Br)CCCCC2)CC1,,0.0,0.0
CC[NH+]1CCN(C2(CNC(=O)C3=CC=CC=C3Br)CCCCC2)CC1,,0.0,0.0
CC[NH+]1CCN(C2(CNC(=O)C3=CC=CC=C3Br)CCCCC2)CC1,,0.0,0.0
CC[NH+]1CCN(C2(CNC(=O)C3=CC=CC=C3Br)CCCCC2)CC1,,0.0,0.0
CC[NH+]1CCN(C2(CNC(=O)C3=CC=CC=C3Br)CCCCC2)CC1,,0.0,0.0
CC1=CSC(C2([NH2+]CC3=CN=C(C4=CSC=C4)S3)CCCC2)=N1,CC1=C2C(COC(C)(C)O2)=C(C(CC3=C(COC(C)(C)O4)C4=C(C)N=C3)(C)C)C=N1,0.14473684210526316,0.714208444238621
CC1=CSC(C2([NH2+]CC3=CN=C(C4=CSC=C4)S3)CCCC2)=N1,,0.0,0.0
CC1=CSC(C2([NH2+]CC3=CN=C(C4=CSC=C4)S3)CCCC2)=N1,CC1=C2C(COC(C)(C)O2)=C(C(CC3=C(COC(C)(C)O4)C4=C(C)N=C3)(C)C)C=N1,0.14473684210526316,0.714208444238621
CC1=CSC(C2([NH2+]CC3=CN=C(C4=CSC=C4)S3)CCCC2)=N1,CC1=C2C(COC(C)(C)O2)=C(C(CC3=C(COC(C)(C)O4)C4=C(C)N=C3)(C)C)C=N1,0.14473684210526316,0.714208444238621
CC1=CSC(C2([NH2+]CC3=CN=C(C4=CSC=C4)S3)CCCC2)=N1,CC1=C2C(COC(C)(C)O2)=C(C(CC3=C(COC(C)(C)O4)C4=C(C)N=C3)(C)C)C=N1,0.14473684210526316,0.714208444238621
CC1=CSC(C2([NH2+]CC3=CN=C(C4=CSC=C4)S3)CCCC2)=N1,CC1=C2C(COC(C)(C)O2)=C(C(CC3=C(COC(C)(C)O4)C4=C(C)N=C3)(C)C)C=N1,0.14473684210526316,0.714208444238621
CC1=CSC(C2([NH2+]CC3=CN=C(C4=CSC=C4)S3)CCCC2)=N1,CC1=C2C(COC(C)(C)O2)=C(C(CC3=C(COC(C)(C)O4)C4=C(C)N=C3)(C)C)C=N1,0.14473684210526316,0.714208444238621
CC1=CSC(C2([NH2+]CC3=CN=C(C4=CSC=C4)S3)CCCC2)=N1,CC1=C2C(COC(C)(C)O2)=C(C(CC3=C(COC(C)(C)O4)C4=C(C)N=C3)(C)C)C=N1,0.14473684210526316,0.714208444238621
CC1=CSC(C2([NH2+]CC3=CN=C(C4=CSC=C4)S3)CCCC2)=N1,CC1=C2C(COC(C)(C)O2)=C(C(CC3=C(COC(C)(C)O4)C4=C(C)N=C3)(C)C)C=N1,0.14473684210526316,0.714208444238621
CC1=CSC(C2([NH2+]CC3=CN=C(C4=CSC=C4)S3)CCCC2)=N1,CC1=C2C(COC(C)(C)O2)=C(C(CC3=C(COC(C)(C)O4)C4=C(C)N=C3)(C)C)C=N1,0.14473684210526316,0.714208444238621
CC1=CSC(C2([NH2+]CC3=CN=C(C4=CSC=C4)S3)CCCC2)=N1,CC1=C2C(COC(C)(C)O2)=C(C(CC3=C(COC(C)(C)O4)C4=C(C)N=C3)(C)C)C=N1,0.14473684210526316,0.714208444238621
CC1=CSC(C2([NH2+]CC3=CN=C(C4=CSC=C4)S3)CCCC2)=N1,CC1=C2C(COC(C)(C)O2)=C(C(CC3=C(COC(C)(C)O4)C4=C(C)N=C3)(C)C)C=N1,0.14473684210526316,0.714208444238621
CC1=CSC(C2([NH2+]CC3=CN=C(C4=CSC=C4)S3)CCCC2)=N1,CC1=C2C(COC(CCCCCCC)O2)=C(C(CC3=C(COC(C)(C)O4)C4=C(C)N=C3)(C)C)C=N1,0.11827956989247312,0.3640994903232384
CC1=CSC(C2([NH2+]CC3=CN=C(C4=CSC=C4)S3)CCCC2)=N1,CC1=NC=C(C(C)(C)CCCNC(CCCCCCCCCCCCCCCCC)=O)C2=C1OC(CCC)OC2,0.10526315789473684,0.1357746781222451
CC1=CSC(C2([NH2+]CC3=CN=C(C4=CSC=C4)S3)CCCC2)=N1,CC1=C2C(COC(C)(C)O2)=C(C(CC3=C(COC(C)(C)O4)C4=C(C)N=C3)(C)C)C=N1,0.14473684210526316,0.714208444238621
CC1=CSC(C2([NH2+]CC3=CN=C(C4=CSC=C4)S3)CCCC2)=N1,CC1=C2C(COC(C)(C)O2)=C(C(CC3=C(COC(C)(C)O4)C4=C(C)N=C3)(C)C)C=N1,0.14473684210526316,0.714208444238621
CC1=CSC(C2([NH2+]CC3=CN=C(C4=CSC=C4)S3)CCCC2)=N1,CC1=C2C(COC(C)(C)O2)=C(C(CC3=C(COC(C)(C)O4)C4=C(C)N=C3)(C)C)C=N1,0.14473684210526316,0.714208444238621
CC1=CSC(C2([NH2+]CC3=CN=C(C4=CSC=C4)S3)CCCC2)=N1,CC1=C2C(COC(C)(C)O2)=C(C(CC3=C(COC(C)(C)O4)C4=C(C)N=C3)(C)C)C=N1,0.14473684210526316,0.714208444238621
CC1=CSC(C2([NH2+]CC3=CN=C(C4=CSC=C4)S3)CCCC2)=N1,CC1=C2C(COC(CCCCCCC)O2)=C(C(CC3=C(COC(C)(C)O4)C4=C(C)N=C3)(C)C)C=N1,0.11827956989247312,0.3640994903232384
CC1=CSC(C2([NH2+]CC3=CN=C(C4=CSC=C4)S3)CCCC2)=N1,CC1=C2C(COC(C)(C)O2)=C(C(CC3=C(COC(C)(C)O4)C4=C(C)N=C3)(C)C)C=N1,0.14473684210526316,0.714208444238621
COC1=CC(NC(=O)C(C)SC2=CC=CC=C2Cl)=CC(OC)=C1,,0.0,0.0
COC1=CC(NC(=O)C(C)SC2=CC=CC=C2Cl)=CC(OC)=C1,,0.0,0.0
COC1=CC(NC(=O)C(C)SC2=CC=CC=C2Cl)=CC(OC)=C1,,0.0,0.0
COC1=CC(NC(=O)C(C)SC2=CC=CC=C2Cl)=CC(OC)=C1,,0.0,0.0
COC1=CC(NC(=O)C(C)SC2=CC=CC=C2Cl)=CC(OC)=C1,,0.0,0.0
COC1=CC(NC(=O)C(C)SC2=CC=CC=C2Cl)=CC(OC)=C1,,0.0,0.0
COC1=CC(NC(=O)C(C)SC2=CC=CC=C2Cl)=CC(OC)=C1,,0.0,0.0
COC1=CC(NC(=O)C(C)SC2=CC=CC=C2Cl)=CC(OC)=C1,,0.0,0.0
COC1=CC(NC(=O)C(C)SC2=CC=CC=C2Cl)=CC(OC)=C1,,0.0,0.0
COC1=CC(NC(=O)C(C)SC2=CC=CC=C2Cl)=CC(OC)=C1,,0.0,0.0
COC1=CC(NC(=O)C(C)SC2=CC=CC=C2Cl)=CC(OC)=C1,,0.0,0.0
COC1=CC(NC(=O)C(C)SC2=CC=CC=C2Cl)=CC(OC)=C1,,0.0,0.0
COC1=CC(NC(=O)C(C)SC2=CC=CC=C2Cl)=CC(OC)=C1,,0.0,0.0
COC1=CC(NC(=O)C(C)SC2=CC=CC=C2Cl)=CC(OC)=C1,,0.0,0.0
COC1=CC(NC(=O)C(C)SC2=CC=CC=C2Cl)=CC(OC)=C1,,0.0,0.0
COC1=CC(NC(=O)C(C)SC2=CC=CC=C2Cl)=CC(OC)=C1,,0.0,0.0
COC1=CC(NC(=O)C(C)SC2=CC=CC=C2Cl)=CC(OC)=C1,,0.0,0.0
COC1=CC(NC(=O)C(C)SC2=CC=CC=C2Cl)=CC(OC)=C1,,0.0,0.0
COC1=CC(NC(=O)C(C)SC2=CC=CC=C2Cl)=CC(OC)=C1,,0.0,0.0
COC1=CC(NC(=O)C(C)SC2=CC=CC=C2Cl)=CC(OC)=C1,,0.0,0.0
CC1=CC=C(C(=O)NC2=CC=C3N=C(C4CCCO4)NC3=C2)C=N1,CC1=C2C(COC(C)(C)O2)=C(C(CC3=C(COC(C)(C)O4)C4=C(C)N=C3)(C)C)C=N1,0.13580246913580246,0.714208444238621
CC1=CC=C(C(=O)NC2=CC=C3N=C(C4CCCO4)NC3=C2)C=N1,CC1=C2C(COC(CCCC)O2)=C(C(CC3=C(COC(C)(C)O4)C4=C(C)N=C3)(C)C)C=N1,0.13829787234042554,0.5754594165575513
CC1=CC=C(C(=O)NC2=CC=C3N=C(C4CCCO4)NC3=C2)C=N1,CC1=C2C(COC(C)(C)O2)=C(C(CC3=C(COC(C)(C)O4)C4=C(C)N=C3)(C)C)C=N1,0.13580246913580246,0.714208444238621
CC1=CC=C(C(=O)NC2=CC=C3N=C(C4CCCO4)NC3=C2)C=N1,CC1=C2C(COC(C)(C)O2)=C(C(CC3=C(COC(C)(C)O4)C4=C(C)N=C3)(C)C)C=N1,0.13580246913580246,0.714208444238621
CC1=CC=C(C(=O)NC2=CC=C3N=C(C4CCCO4)NC3=C2)C=N1,CC1=C2C(COC(C)(C)O2)=C(C(CC3=C(COC(C)(C)O4)C4=C(C)N=C3)(C)C)C=N1,0.13580246913580246,0.714208444238621
CC1=CC=C(C(=O)NC2=CC=C3N=C(C4CCCO4)NC3=C2)C=N1,CC1=C2C(COC(C)(C)O2)=C(C(CC3=C(COC(C)(C)O4)C4=C(C)N=C3)(C)C)C=N1,0.13580246913580246,0.714208444238621
CC1=CC=C(C(=O)NC2=CC=C3N=C(C4CCCO4)NC3=C2)C=N1,CC1=C2C(COC(C)(C)O2)=C(C(CC3=C(COC(C)(C)O4)C4=C(C)N=C3)(C)C)C=N1,0.13580246913580246,0.714208444238621
CC1=CC=C(C(=O)NC2=CC=C3N=C(C4CCCO4)NC3=C2)C=N1,CC1=C2C(COC(C)(C)O2)=C(C(CC3=C(COC(C)(C)O4)C4=C(C)N=C3)(C)C)C=N1,0.13580246913580246,0.714208444238621
CC1=CC=C(C(=O)NC2=CC=C3N=C(C4CCCO4)NC3=C2)C=N1,CC1=C2C(COC(C)(C)O2)=C(C(CC3=C(COC(C)(C)O4)C4=C(C)N=C3)(C)C)C=N1,0.13580246913580246,0.714208444238621
CC1=CC=C(C(=O)NC2=CC=C3N=C(C4CCCO4)NC3=C2)C=N1,CC1=C2C(COC(CCCC)O2)=C(C(C)(C)CCCCCCCCCCCCCCCCCC)C=N1,0.15476190476190477,0.15692149817781226
CC1=CC=C(C(=O)NC2=CC=C3N=C(C4CCCO4)NC3=C2)C=N1,CC1=C2C(COC(C)(C)O2)=C(C(CC3=C(COC(C)(C)O4)C4=C(C)N=C3)(C)C)C=N1,0.13580246913580246,0.714208444238621
CC1=CC=C(C(=O)NC2=CC=C3N=C(C4CCCO4)NC3=C2)C=N1,CC1=C2C(COC(C)(C)O2)=C(C(CC3=C(COC(C)(C)O4)C4=C(C)N=C3)(C)C)C=N1,0.13580246913580246,0.714208444238621
CC1=CC=C(C(=O)NC2=CC=C3N=C(C4CCCO4)NC3=C2)C=N1,CC1=C2C(COC(C)(C)O2)=C(C(CC3=C(COC(C)(C)O4)C4=C(C)N=C3)(C)C)C=N1,0.13580246913580246,0.714208444238621
CC1=CC=C(C(=O)NC2=CC=C3N=C(C4CCCO4)NC3=C2)C=N1,CC1=C2C(COC(CCCCC)O2)=C(C(C)(C)CCCCCCCCCCCCCCCCCC)C=N1,0.15476190476190477,0.14385143883375207
CC1=CC=C(C(=O)NC2=CC=C3N=C(C4CCCO4)NC3=C2)C=N1,CC1=C2C(COC(C)(C)O2)=C(C(CC3=C(COC(C)(C)O4)C4=C(C)N=C3)(C)C)C=N1,0.13580246913580246,0.714208444238621
CC1=CC=C(C(=O)NC2=CC=C3N=C(C4CCCO4)NC3=C2)C=N1,CC1=C2C(COC(C)(C)O2)=C(C(CC3=C(COC(C)(C)O4)C4=C(C)N=C3)(C)C)C=N1,0.13580246913580246,0.714208444238621
CC1=CC=C(C(=O)NC2=CC=C3N=C(C4CCCO4)NC3=C2)C=N1,CC1=C2C(COC(C)(C)O2)=C(C(CC3=C(COC(C)(C)O4)C4=C(C)N=C3)(C)C)C=N1,0.13580246913580246,0.714208444238621
CC1=CC=C(C(=O)NC2=CC=C3N=C(C4CCCO4)NC3=C2)C=N1,CC1=C2C(COC(C)(C)O2)=C(C(CC3=C(COC(C)(C)O4)C4=C(C)N=C3)(C)C)C=N1,0.13580246913580246,0.714208444238621
CC1=CC=C(C(=O)NC2=CC=C3N=C(C4CCCO4)NC3=C2)C=N1,CC1=C2C(COC(C)(C)O2)=C(C(CC3=C(COC(C)(C)O4)C4=C(C)N=C3)(C)C)C=N1,0.13580246913580246,0.714208444238621
CC1=CC=C(C(=O)NC2=CC=C3N=C(C4CCCO4)NC3=C2)C=N1,CC1=C2C(COC(C)(C)O2)=C(C(CC3=C(COC(C)(C)O4)C4=C(C)N=C3)(C)C)C=N1,0.13580246913580246,0.714208444238621
COC1=CC=C(C2=NC(CNC(=O)NC3CC(C)(OC)C3(C)C)=NN2)C=C1,,0.0,0.0
COC1=CC=C(C2=NC(CNC(=O)NC3CC(C)(OC)C3(C)C)=NN2)C=C1,,0.0,0.0
COC1=CC=C(C2=NC(CNC(=O)NC3CC(C)(OC)C3(C)C)=NN2)C=C1,,0.0,0.0
COC1=CC=C(C2=NC(CNC(=O)NC3CC(C)(OC)C3(C)C)=NN2)C=C1,,0.0,0.0
COC1=CC=C(C2=NC(CNC(=O)NC3CC(C)(OC)C3(C)C)=NN2)C=C1,,0.0,0.0
COC1=CC=C(C2=NC(CNC(=O)NC3CC(C)(OC)C3(C)C)=NN2)C=C1,,0.0,0.0
COC1=CC=C(C2=NC(CNC(=O)NC3CC(C)(OC)C3(C)C)=NN2)C=C1,,0.0,0.0
COC1=CC=C(C2=NC(CNC(=O)NC3CC(C)(OC)C3(C)C)=NN2)C=C1,,0.0,0.0
COC1=CC=C(C2=NC(CNC(=O)NC3CC(C)(OC)C3(C)C)=NN2)C=C1,,0.0,0.0
COC1=CC=C(C2=NC(CNC(=O)NC3CC(C)(OC)C3(C)C)=NN2)C=C1,,0.0,0.0
COC1=CC=C(C2=NC(CNC(=O)NC3CC(C)(OC)C3(C)C)=NN2)C=C1,,0.0,0.0
COC1=CC=C(C2=NC(CNC(=O)NC3CC(C)(OC)C3(C)C)=NN2)C=C1,,0.0,0.0
COC1=CC=C(C2=NC(CNC(=O)NC3CC(C)(OC)C3(C)C)=NN2)C=C1,,0.0,0.0
COC1=CC=C(C2=NC(CNC(=O)NC3CC(C)(OC)C3(C)C)=NN2)C=C1,,0.0,0.0
COC1=CC=C(C2=NC(CNC(=O)NC3CC(C)(OC)C3(C)C)=NN2)C=C1,,0.0,0.0
COC1=CC=C(C2=NC(CNC(=O)NC3CC(C)(OC)C3(C)C)=NN2)C=C1,,0.0,0.0
COC1=CC=C(C2=NC(CNC(=O)NC3CC(C)(OC)C3(C)C)=NN2)C=C1,,0.0,0.0
COC1=CC=C(C2=NC(CNC(=O)NC3CC(C)(OC)C3(C)C)=NN2)C=C1,,0.0,0.0
COC1=CC=C(C2=NC(CNC(=O)NC3CC(C)(OC)C3(C)C)=NN2)C=C1,,0.0,0.0
COC1=CC=C(C2=NC(CNC(=O)NC3CC(C)(OC)C3(C)C)=NN2)C=C1,,0.0,0.0
COC1=CC=CC=C1CN(C(=S)NC1=CC=C(Cl)C=C1C)C1CC[NH+](C)CC1,,0.0,0.0
COC1=CC=CC=C1CN(C(=S)NC1=CC=C(Cl)C=C1C)C1CC[NH+](C)CC1,,0.0,0.0
COC1=CC=CC=C1CN(C(=S)NC1=CC=C(Cl)C=C1C)C1CC[NH+](C)CC1,,0.0,0.0
COC1=CC=CC=C1CN(C(=S)NC1=CC=C(Cl)C=C1C)C1CC[NH+](C)CC1,,0.0,0.0
COC1=CC=CC=C1CN(C(=S)NC1=CC=C(Cl)C=C1C)C1CC[NH+](C)CC1,,0.0,0.0
COC1=CC=CC=C1CN(C(=S)NC1=CC=C(Cl)C=C1C)C1CC[NH+](C)CC1,,0.0,0.0
COC1=CC=CC=C1CN(C(=S)NC1=CC=C(Cl)C=C1C)C1CC[NH+](C)CC1,,0.0,0.0
COC1=CC=CC=C1CN(C(=S)NC1=CC=C(Cl)C=C1C)C1CC[NH+](C)CC1,,0.0,0.0
COC1=CC=CC=C1CN(C(=S)NC1=CC=C(Cl)C=C1C)C1CC[NH+](C)CC1,,0.0,0.0
COC1=CC=CC=C1CN(C(=S)NC1=CC=C(Cl)C=C1C)C1CC[NH+](C)CC1,,0.0,0.0
COC1=CC=CC=C1CN(C(=S)NC1=CC=C(Cl)C=C1C)C1CC[NH+](C)CC1,,0.0,0.0
COC1=CC=CC=C1CN(C(=S)NC1=CC=C(Cl)C=C1C)C1CC[NH+](C)CC1,,0.0,0.0
COC1=CC=CC=C1CN(C(=S)NC1=CC=C(Cl)C=C1C)C1CC[NH+](C)CC1,,0.0,0.0
COC1=CC=CC=C1CN(C(=S)NC1=CC=C(Cl)C=C1C)C1CC[NH+](C)CC1,,0.0,0.0
COC1=CC=CC=C1CN(C(=S)NC1=CC=C(Cl)C=C1C)C1CC[NH+](C)CC1,,0.0,0.0
COC1=CC=CC=C1CN(C(=S)NC1=CC=C(Cl)C=C1C)C1CC[NH+](C)CC1,,0.0,0.0
COC1=CC=CC=C1CN(C(=S)NC1=CC=C(Cl)C=C1C)C1CC[NH+](C)CC1,,0.0,0.0
COC1=CC=CC=C1CN(C(=S)NC1=CC=C(Cl)C=C1C)C1CC[NH+](C)CC1,,0.0,0.0
COC1=CC=CC=C1CN(C(=S)NC1=CC=C(Cl)C=C1C)C1CC[NH+](C)CC1,,0.0,0.0
COC1=CC=CC=C1CN(C(=S)NC1=CC=C(Cl)C=C1C)C1CC[NH+](C)CC1,,0.0,0.0
COCC(NC(=O)NC1=CNN=C1)C1=CC=C(F)C(F)=C1,,0.0,0.0
COCC(NC(=O)NC1=CNN=C1)C1=CC=C(F)C(F)=C1,,0.0,0.0
COCC(NC(=O)NC1=CNN=C1)C1=CC=C(F)C(F)=C1,,0.0,0.0
COCC(NC(=O)NC1=CNN=C1)C1=CC=C(F)C(F)=C1,,0.0,0.0
COCC(NC(=O)NC1=CNN=C1)C1=CC=C(F)C(F)=C1,,0.0,0.0
COCC(NC(=O)NC1=CNN=C1)C1=CC=C(F)C(F)=C1,,0.0,0.0
COCC(NC(=O)NC1=CNN=C1)C1=CC=C(F)C(F)=C1,,0.0,0.0
COCC(NC(=O)NC1=CNN=C1)C1=CC=C(F)C(F)=C1,,0.0,0.0
COCC(NC(=O)NC1=CNN=C1)C1=CC=C(F)C(F)=C1,,0.0,0.0
COCC(NC(=O)NC1=CNN=C1)C1=CC=C(F)C(F)=C1,,0.0,0.0
COCC(NC(=O)NC1=CNN=C1)C1=CC=C(F)C(F)=C1,,0.0,0.0
COCC(NC(=O)NC1=CNN=C1)C1=CC=C(F)C(F)=C1,,0.0,0.0
COCC(NC(=O)NC1=CNN=C1)C1=CC=C(F)C(F)=C1,,0.0,0.0
COCC(NC(=O)NC1=CNN=C1)C1=CC=C(F)C(F)=C1,,0.0,0.0
COCC(NC(=O)NC1=CNN=C1)C1=CC=C(F)C(F)=C1,,0.0,0.0
COCC(NC(=O)NC1=CNN=C1)C1=CC=C(F)C(F)=C1,,0.0,0.0
COCC(NC(=O)NC1=CNN=C1)C1=CC=C(F)C(F)=C1,,0.0,0.0
COCC(NC(=O)NC1=CNN=C1)C1=CC=C(F)C(F)=C1,,0.0,0.0
COCC(NC(=O)NC1=CNN=C1)C1=CC=C(F)C(F)=C1,,0.0,0.0
COCC(NC(=O)NC1=CNN=C1)C1=CC=C(F)C(F)=C1,,0.0,0.0
CC1=C2C(=CC(=O)C=C2O)OC(O)=C1CC(=O)[O-],,0.0,0.0
CC1=C2C(=CC(=O)C=C2O)OC(O)=C1CC(=O)[O-],,0.0,0.0
CC1=C2C(=CC(=O)C=C2O)OC(O)=C1CC(=O)[O-],,0.0,0.0
CC1=C2C(=CC(=O)C=C2O)OC(O)=C1CC(=O)[O-],,0.0,0.0
CC1=C2C(=CC(=O)C=C2O)OC(O)=C1CC(=O)[O-],,0.0,0.0
CC1=C2C(=CC(=O)C=C2O)OC(O)=C1CC(=O)[O-],,0.0,0.0
CC1=C2C(=CC(=O)C=C2O)OC(O)=C1CC(=O)[O-],,0.0,0.0
CC1=C2C(=CC(=O)C=C2O)OC(O)=C1CC(=O)[O-],,0.0,0.0
CC1=C2C(=CC(=O)C=C2O)OC(O)=C1CC(=O)[O-],,0.0,0.0
CC1=C2C(=CC(=O)C=C2O)OC(O)=C1CC(=O)[O-],,0.0,0.0
CC1=C2C(=CC(=O)C=C2O)OC(O)=C1CC(=O)[O-],,0.0,0.0
CC1=C2C(=CC(=O)C=C2O)OC(O)=C1CC(=O)[O-],,0.0,0.0
CC1=C2C(=CC(=O)C=C2O)OC(O)=C1CC(=O)[O-],,0.0,0.0
CC1=C2C(=CC(=O)C=C2O)OC(O)=C1CC(=O)[O-],,0.0,0.0
CC1=C2C(=CC(=O)C=C2O)OC(O)=C1CC(=O)[O-],,0.0,0.0
CC1=C2C(=CC(=O)C=C2O)OC(O)=C1CC(=O)[O-],,0.0,0.0
CC1=C2C(=CC(=O)C=C2O)OC(O)=C1CC(=O)[O-],,0.0,0.0
CC1=C2C(=CC(=O)C=C2O)OC(O)=C1CC(=O)[O-],,0.0,0.0
CC1=C2C(=CC(=O)C=C2O)OC(O)=C1CC(=O)[O-],,0.0,0.0
CC1=C2C(=CC(=O)C=C2O)OC(O)=C1CC(=O)[O-],,0.0,0.0
CC(C)CN1CCOC(CNC(=O)N2CCN(C(=O)C3CC3C)CC2)C1,C(C)(CCCCCCCCCCC(OC)=O)CC2=CC=C(C(C)(C)C)C=N2,0.14102564102564102,0.2867045462379988
CC(C)CN1CCOC(CNC(=O)N2CCN(C(=O)C3CC3C)CC2)C1,C(C)(CCCCCCCCCCC(OC)=O)CC2=CC=C(C(C)(C)C)C=N2,0.14102564102564102,0.2867045462379988
CC(C)CN1CCOC(CNC(=O)N2CCN(C(=O)C3CC3C)CC2)C1,C(C)(CCCCCCCCCCC(OC)=O)CC2=CC=C(C(C)(C)C)C=N2,0.14102564102564102,0.2867045462379988
CC(C)CN1CCOC(CNC(=O)N2CCN(C(=O)C3CC3C)CC2)C1,CCCCCCCCCCCC(OC1=NC=CC=C1)C,0.0684931506849315,0.4523960247988492
CC(C)CN1CCOC(CNC(=O)N2CCN(C(=O)C3CC3C)CC2)C1,C(C)(CCCCCCCCCCC(OC)=O)CC2=CC=C(C(C)(C)C)C=N2,0.14102564102564102,0.2867045462379988
CC(C)CN1CCOC(CNC(=O)N2CCN(C(=O)C3CC3C)CC2)C1,C(C)(CCCCCCCCCCC(OC)=O)CC2=CC=C(C(C)(C)C)C=N2,0.14102564102564102,0.2867045462379988
CC(C)CN1CCOC(CNC(=O)N2CCN(C(=O)C3CC3C)CC2)C1,C(C)(CCCCCCCCCCC(OC)=O)CC2=CC=C(C(C)(C)C)C=N2,0.14102564102564102,0.2867045462379988
CC(C)CN1CCOC(CNC(=O)N2CCN(C(=O)C3CC3C)CC2)C1,CCCCCCCCCCCC(OC1=NC=CC=C1)=O,0.06756756756756757,0.4260075772364941
CC(C)CN1CCOC(CNC(=O)N2CCN(C(=O)C3CC3C)CC2)C1,C(C)(CCCCCCCCCCC(OC)=O)CC2=CC=C(C(C)(C)C)C=N2,0.14102564102564102,0.2867045462379988
CC(C)CN1CCOC(CNC(=O)N2CCN(C(=O)C3CC3C)CC2)C1,C(C)(CCCCCCCCCCC(OC)=O)CC2=CC=C(C(C)(C)C)C=N2,0.14102564102564102,0.2867045462379988
CC(C)CN1CCOC(CNC(=O)N2CCN(C(=O)C3CC3C)CC2)C1,C(C)(CCCCCCCCCCC(OC)=O)CC2=CC=C(C(C)(C)C)C=N2,0.14102564102564102,0.2867045462379988
CC(C)CN1CCOC(CNC(=O)N2CCN(C(=O)C3CC3C)CC2)C1,C(C)(CCCCCCCCCCC(OC)=O)CC2=CC=C(C(C)(C)C)C=N2,0.14102564102564102,0.2867045462379988
CC(C)CN1CCOC(CNC(=O)N2CCN(C(=O)C3CC3C)CC2)C1,C(C)(CCCCCCCCCCC(OC)=O)CC2=CC=C(C(C)(C)C)C=N2,0.14102564102564102,0.2867045462379988
CC(C)CN1CCOC(CNC(=O)N2CCN(C(=O)C3CC3C)CC2)C1,C(C)(CCCCCCCCCCC(OC)=O)CC2=CC=C(C(C)(C)C)C=N2,0.14102564102564102,0.2867045462379988
CC(C)CN1CCOC(CNC(=O)N2CCN(C(=O)C3CC3C)CC2)C1,C(C)(CCCCCCCCCCC(OC)=O)CC2=CC=C(C(C)(C)C)C=N2,0.14102564102564102,0.2867045462379988
CC(C)CN1CCOC(CNC(=O)N2CCN(C(=O)C3CC3C)CC2)C1,C(C)(CCCCCCCCCCC(OC)=O)CC2=CC=C(C(C)(C)C)C=N2,0.14102564102564102,0.2867045462379988
CC(C)CN1CCOC(CNC(=O)N2CCN(C(=O)C3CC3C)CC2)C1,C(C)(CCCCCCCCCCC(OC)=O)CC2=CC=C(C(C)(C)C)C=N2,0.14102564102564102,0.2867045462379988
CC(C)CN1CCOC(CNC(=O)N2CCN(C(=O)C3CC3C)CC2)C1,CCCCCCCCCCCC(OC1=NC=CC=C1)C,0.0684931506849315,0.4523960247988492
CC(C)CN1CCOC(CNC(=O)N2CCN(C(=O)C3CC3C)CC2)C1,CCCCCCCCCCCC(OC1=NC=CC=C1)C,0.0684931506849315,0.4523960247988492
CC(C)CN1CCOC(CNC(=O)N2CCN(C(=O)C3CC3C)CC2)C1,C(C)(CCCCCCCCCCC(OC)=O)CC2=CC=C(C(C)(C)C)C=N2,0.14102564102564102,0.2867045462379988
CC1=CN=C2N=C(CC3=CSC=C3)NC2=C1,,0.0,0.0
CC1=CN=C2N=C(CC3=CSC=C3)NC2=C1,,0.0,0.0
CC1=CN=C2N=C(CC3=CSC=C3)NC2=C1,,0.0,0.0
CC1=CN=C2N=C(CC3=CSC=C3)NC2=C1,,0.0,0.0
CC1=CN=C2N=C(CC3=CSC=C3)NC2=C1,,0.0,0.0
CC1=CN=C2N=C(CC3=CSC=C3)NC2=C1,,0.0,0.0
CC1=CN=C2N=C(CC3=CSC=C3)NC2=C1,,0.0,0.0
CC1=CN=C2N=C(CC3=CSC=C3)NC2=C1,,0.0,0.0
CC1=CN=C2N=C(CC3=CSC=C3)NC2=C1,CCCCCCCCCC(C)(CC1=C(C)C(OC(C)=O)=C(C)N=C1)C,0.11428571428571428,0.34648454331069145
CC1=CN=C2N=C(CC3=CSC=C3)NC2=C1,,0.0,0.0
CC1=CN=C2N=C(CC3=CSC=C3)NC2=C1,,0.0,0.0
CC1=CN=C2N=C(CC3=CSC=C3)NC2=C1,,0.0,0.0
CC1=CN=C2N=C(CC3=CSC=C3)NC2=C1,,0.0,0.0
CC1=CN=C2N=C(CC3=CSC=C3)NC2=C1,,0.0,0.0
CC1=CN=C2N=C(CC3=CSC=C3)NC2=C1,,0.0,0.0
CC1=CN=C2N=C(CC3=CSC=C3)NC2=C1,,0.0,0.0
CC1=CN=C2N=C(CC3=CSC=C3)NC2=C1,,0.0,0.0
CC1=CN=C2N=C(CC3=CSC=C3)NC2=C1,,0.0,0.0
CC1=CN=C2N=C(CC3=CSC=C3)NC2=C1,,0.0,0.0
CC1=CN=C2N=C(CC3=CSC=C3)NC2=C1,,0.0,0.0
CCOC1=C(OC)C=C(C[NH+]2CCNC(=O)C2CC)C=C1OC,CC1=C2C(COC(C)(C)O2)=C(C(CC3=C(COC(C)(C)O4)C4=C(C)N=C3)(C)C)C=N1,0.0958904109589041,0.714208444238621
CCOC1=C(OC)C=C(C[NH+]2CCNC(=O)C2CC)C=C1OC,CC1=C2C(COC(C)(C)O2)=C(C(CC3=C(COC(C)(C)O4)C4=C(C)N=C3)(C)C)C=N1,0.0958904109589041,0.714208444238621
CCOC1=C(OC)C=C(C[NH+]2CCNC(=O)C2CC)C=C1OC,CC1=C2C(COC(C)(C)O2)=C(C(CC3=C(COC(C)(C)O4)C4=C(C)N=C3)(C)C)C=N1,0.0958904109589041,0.714208444238621
CCOC1=C(OC)C=C(C[NH+]2CCNC(=O)C2CC)C=C1OC,CC1=NC=C(C(C)(C)CCCNC(CCCCCCCCCCCCCCCCCCC)=O)C2=C1OC(C)(C)OC2,0.11627906976744186,0.13251861112307742
CCOC1=C(OC)C=C(C[NH+]2CCNC(=O)C2CC)C=C1OC,CC1=C2C(COC(C)(C)O2)=C(C(CC3=C(COC(C)(C)O4)C4=C(C)N=C3)(C)C)C=N1,0.0958904109589041,0.714208444238621
CCOC1=C(OC)C=C(C[NH+]2CCNC(=O)C2CC)C=C1OC,CC1=C2C(COC(C)(C)O2)=C(C(CC3=C(COC(C)(C)O4)C4=C(C)N=C3)(C)C)C=N1,0.0958904109589041,0.714208444238621
CCOC1=C(OC)C=C(C[NH+]2CCNC(=O)C2CC)C=C1OC,CC1=C2C(COC(C)(C)O2)=C(C(CC3=C(COC(C)(C)O4)C4=C(C)N=C3)(C)C)C=N1,0.0958904109589041,0.714208444238621
CCOC1=C(OC)C=C(C[NH+]2CCNC(=O)C2CC)C=C1OC,CC1=C2C(COC(C)(C)O2)=C(C(CC3=C(COC(C)(C)O4)C4=C(C)N=C3)(C)C)C=N1,0.0958904109589041,0.714208444238621
CCOC1=C(OC)C=C(C[NH+]2CCNC(=O)C2CC)C=C1OC,CC1=C2C(COC(C)(C)O2)=C(C(CC3=C(COC(C)(C)O4)C4=C(C)N=C3)(C)C)C=N1,0.0958904109589041,0.714208444238621
CCOC1=C(OC)C=C(C[NH+]2CCNC(=O)C2CC)C=C1OC,CC1=C2C(COC(C)(C)O2)=C(C(CC3=C(COC(C)(C)O4)C4=C(C)N=C3)(C)C)C=N1,0.0958904109589041,0.714208444238621
CCOC1=C(OC)C=C(C[NH+]2CCNC(=O)C2CC)C=C1OC,,0.0,0.0
CCOC1=C(OC)C=C(C[NH+]2CCNC(=O)C2CC)C=C1OC,,0.0,0.0
CCOC1=C(OC)C=C(C[NH+]2CCNC(=O)C2CC)C=C1OC,,0.0,0.0
CCOC1=C(OC)C=C(C[NH+]2CCNC(=O)C2CC)C=C1OC,CC1=C2C(COC(C)(C)O2)=C(C(CC3=C(COC(C)(C)O4)C4=C(C)N=C3)(C)C)C=N1,0.0958904109589041,0.714208444238621
CCOC1=C(OC)C=C(C[NH+]2CCNC(=O)C2CC)C=C1OC,CC1=C2C(COC(C)(C)O2)=C(C(CC3=C(COC(C)(C)O4)C4=C(C)N=C3)(C)C)C=N1,0.0958904109589041,0.714208444238621
CCOC1=C(OC)C=C(C[NH+]2CCNC(=O)C2CC)C=C1OC,CC1=C2C(COC(C)(C)O2)=C(C(CC3=C(COC(C)(C)O4)C4=C(C)N=C3)(C)C)C=N1,0.0958904109589041,0.714208444238621
CCOC1=C(OC)C=C(C[NH+]2CCNC(=O)C2CC)C=C1OC,CC1=C2C(COC(C)(C)O2)=C(C(CC3=C(COC(C)(C)O4)C4=C(C)N=C3)(C)C)C=N1,0.0958904109589041,0.714208444238621
CCOC1=C(OC)C=C(C[NH+]2CCNC(=O)C2CC)C=C1OC,,0.0,0.0
CCOC1=C(OC)C=C(C[NH+]2CCNC(=O)C2CC)C=C1OC,CC1=C2C(COC(C)(C)O2)=C(C(CC3=C(COC(C)(C)O4)C4=C(C)N=C3)(C)C)C=N1,0.0958904109589041,0.714208444238621
CCOC1=C(OC)C=C(C[NH+]2CCNC(=O)C2CC)C=C1OC,,0.0,0.0
COC1=CC=C(C2=NC3=CC(C4=NNC(=O)C(C)C4)=CC=C3N2)C=C1,CCCCCCCCCC(C)(CC1=C(C)C(OC(C)=O)=C(C)N=C1)C,0.07317073170731707,0.34648454331069145
COC1=CC=C(C2=NC3=CC(C4=NNC(=O)C(C)C4)=CC=C3N2)C=C1,CCCCCCCCCC(C)(CC1=C(C)C(OC(C)=O)=C(C)N=C1)C,0.07317073170731707,0.34648454331069145
COC1=CC=C(C2=NC3=CC(C4=NNC(=O)C(C)C4)=CC=C3N2)C=C1,CCCCCCCCCC(C)(CC1=C(C)C(OC(C)=O)=C(C)N=C1)C,0.07317073170731707,0.34648454331069145
COC1=CC=C(C2=NC3=CC(C4=NNC(=O)C(C)C4)=CC=C3N2)C=C1,,0.0,0.0
COC1=CC=C(C2=NC3=CC(C4=NNC(=O)C(C)C4)=CC=C3N2)C=C1,CCCCCCCCCC(C)(CC1=C(C)C(OC(C)=O)=C(C)N=C1)C,0.07317073170731707,0.34648454331069145
COC1=CC=C(C2=NC3=CC(C4=NNC(=O)C(C)C4)=CC=C3N2)C=C1,CCCCCCCCCC(C)(CC1=C(C)C(OC(C)=O)=C(C)N=C1)C,0.07317073170731707,0.34648454331069145
COC1=CC=C(C2=NC3=CC(C4=NNC(=O)C(C)C4)=CC=C3N2)C=C1,,0.0,0.0
COC1=CC=C(C2=NC3=CC(C4=NNC(=O)C(C)C4)=CC=C3N2)C=C1,,0.0,0.0
COC1=CC=C(C2=NC3=CC(C4=NNC(=O)C(C)C4)=CC=C3N2)C=C1,CCCCCCCCCC(C)(CC1=C(C)C(COC(CCC)=O)=O)C2=C1OC(CCCCCCCC)OC2,0.061855670103092786,0.08883280740360754
COC1=CC=C(C2=NC3=CC(C4=NNC(=O)C(C)C4)=CC=C3N2)C=C1,CCCCCCCCCC(C)(CC1=C(C)C(OC(C)=O)=C(C)N=C1)C,0.07317073170731707,0.34648454331069145
COC1=CC=C(C2=NC3=CC(C4=NNC(=O)C(C)C4)=CC=C3N2)C=C1,CCCCCCCCCC(C)(CC1=C(C)C(OC(C)=O)=C(C)N=C1)C,0.07317073170731707,0.34648454331069145
COC1=CC=C(C2=NC3=CC(C4=NNC(=O)C(C)C4)=CC=C3N2)C=C1,,0.0,0.0
COC1=CC=C(C2=NC3=CC(C4=NNC(=O)C(C)C4)=CC=C3N2)C=C1,,0.0,0.0
COC1=CC=C(C2=NC3=CC(C4=NNC(=O)C(C)C4)=CC=C3N2)C=C1,CCCCCCCCCC(C)(CC1=C(C)C(OC(C)=O)=C(C)N=C1)C,0.07317073170731707,0.34648454331069145
COC1=CC=C(C2=NC3=CC(C4=NNC(=O)C(C)C4)=CC=C3N2)C=C1,CCCCCCCCCC(C)(CC1=C(C)C(OC(C)=O)=C(C)N=C1)C,0.07317073170731707,0.34648454331069145
COC1=CC=C(C2=NC3=CC(C4=NNC(=O)C(C)C4)=CC=C3N2)C=C1,CCCCCCCCCC(C)(CC1=C(C)C(OC(C)=O)=C(C)N=C1)C,0.07317073170731707,0.34648454331069145
COC1=CC=C(C2=NC3=CC(C4=NNC(=O)C(C)C4)=CC=C3N2)C=C1,CCCCCCCCCC(C)(CC1=C(C)C(OC(C)=O)=C(C)N=C1)C,0.07317073170731707,0.34648454331069145
COC1=CC=C(C2=NC3=CC(C4=NNC(=O)C(C)C4)=CC=C3N2)C=C1,CCCCCCCCCC(C)(CC1=C(C)C(OC(C)=O)=C(C)N=C1)C,0.07317073170731707,0.34648454331069145
COC1=CC=C(C2=NC3=CC(C4=NNC(=O)C(C)C4)=CC=C3N2)C=C1,CCCCCCCCCC(C)(CC1=C(C)C(OC(C)=O)=C(C)N=C1)C,0.07317073170731707,0.34648454331069145
COC1=CC=C(C2=NC3=CC(C4=NNC(=O)C(C)C4)=CC=C3N2)C=C1,CCCCCCCCCC(C)(CC1=C(C)C(OC(C)=O)=C(C)N=C1)C,0.07317073170731707,0.34648454331069145
ClC1=CC=NC(C2=CC=CC(C3CC3)=C2)=N1,,0.0,0.0
ClC1=CC=NC(C2=CC=CC(C3CC3)=C2)=N1,,0.0,0.0
ClC1=CC=NC(C2=CC=CC(C3CC3)=C2)=N1,,0.0,0.0
ClC1=CC=NC(C2=CC=CC(C3CC3)=C2)=N1,,0.0,0.0
ClC1=CC=NC(C2=CC=CC(C3CC3)=C2)=N1,,0.0,0.0
ClC1=CC=NC(C2=CC=CC(C3CC3)=C2)=N1,,0.0,0.0
ClC1=CC=NC(C2=CC=CC(C3CC3)=C2)=N1,,0.0,0.0
ClC1=CC=NC(C2=CC=CC(C3CC3)=C2)=N1,,0.0,0.0
ClC1=CC=NC(C2=CC=CC(C3CC3)=C2)=N1,,0.0,0.0
ClC1=CC=NC(C2=CC=CC(C3CC3)=C2)=N1,,0.0,0.0
ClC1=CC=NC(C2=CC=CC(C3CC3)=C2)=N1,,0.0,0.0
ClC1=CC=NC(C2=CC=CC(C3CC3)=C2)=N1,,0.0,0.0
ClC1=CC=NC(C2=CC=CC(C3CC3)=C2)=N1,,0.0,0.0
ClC1=CC=NC(C2=CC=CC(C3CC3)=C2)=N1,,0.0,0.0
ClC1=CC=NC(C2=CC=CC(C3CC3)=C2)=N1,,0.0,0.0
ClC1=CC=NC(C2=CC=CC(C3CC3)=C2)=N1,,0.0,0.0
ClC1=CC=NC(C2=CC=CC(C3CC3)=C2)=N1,,0.0,0.0
ClC1=CC=NC(C2=CC=CC(C3CC3)=C2)=N1,,0.0,0.0
ClC1=CC=NC(C2=CC=CC(C3CC3)=C2)=N1,,0.0,0.0
ClC1=CC=NC(C2=CC=CC(C3CC3)=C2)=N1,,0.0,0.0
CC1=C(CNC2=CC=C(C(=O)[O-])C=C2)N2C(C)=CSC2=N1,CC1=C2C(COC(C)(C)O2)=C(C(CC3=C(COC(C)(C)O4)C4=C(C)N=C3)(C)C)C=N1,0.1111111111111111,0.714208444238621
CC1=C(CNC2=CC=C(C(=O)[O-])C=C2)N2C(C)=CSC2=N1,CC1=C2C(COC(C)(C)O2)=C(C(CC3=C(COC(C)(C)O4)C4=C(C)N=C3)(C)C)C=N1,0.1111111111111111,0.714208444238621
CC1=C(CNC2=CC=C(C(=O)[O-])C=C2)N2C(C)=CSC2=N1,CC1=C2C(COC(C)(C)O2)=C(C(CC3=C(COC(C)(C)O4)C4=C(C)N=C3)(C)C)C=N1,0.1111111111111111,0.714208444238621
CC1=C(CNC2=CC=C(C(=O)[O-])C=C2)N2C(C)=CSC2=N1,CC1=C2C(COC(C)(C)O2)=C(C(CC3=C(COC(C)(C)O4)C4=C(C)N=C3)(C)C)C=N1,0.1111111111111111,0.714208444238621
CC1=C(CNC2=CC=C(C(=O)[O-])C=C2)N2C(C)=CSC2=N1,CC1=C2C(COC(C)(C)O2)=C(C(CC3=C(COC(C)(C)O4)C4=C(C)N=C3)(C)C)C=N1,0.1111111111111111,0.714208444238621
CC1=C(CNC2=CC=C(C(=O)[O-])C=C2)N2C(C)=CSC2=N1,CC1=C2C(COC(C)(C)O2)=C(C(CC3=C(COC(C)(C)O4)C4=C(C)N=C3)(C)C)C=N1,0.1111111111111111,0.714208444238621
CC1=C(CNC2=CC=C(C(=O)[O-])C=C2)N2C(C)=CSC2=N1,CC1=C2C(COC(C)(C)O2)=C(C(CC3=C(COC(C)(C)O4)C4=C(C)N=C3)(C)C)C=N1,0.1111111111111111,0.714208444238621
CC1=C(CNC2=CC=C(C(=O)[O-])C=C2)N2C(C)=CSC2=N1,CC1=C2C(COC(C)(C)O2)=C(C(CC3=C(COC(C)(C)O4)C4=C(C)N=C3)(C)C)C=N1,0.1111111111111111,0.714208444238621
CC1=C(CNC2=CC=C(C(=O)[O-])C=C2)N2C(C)=CSC2=N1,CC1=C2C(COC(C)(C)O2)=C(C(CC3=C(COC(C)(C)O4)C4=C(C)N=C3)(C)C)C=N1,0.1111111111111111,0.714208444238621
CC1=C(CNC2=CC=C(C(=O)[O-])C=C2)N2C(C)=CSC2=N1,CC1=C2C(COC(C)(C)O2)=C(C(CC3=C(COC(C)(C)O4)C4=C(C)N=C3)(C)C)C=N1,0.1111111111111111,0.714208444238621
CC1=C(CNC2=CC=C(C(=O)[O-])C=C2)N2C(C)=CSC2=N1,CC1=C2C(COC(CCCCC)O2)=C(C(CC3=C(COC(C)(C)O4)C4=C(C)N=C3)(C)C)C=N1,0.09090909090909091,0.4729635084227723
CC1=C(CNC2=CC=C(C(=O)[O-])C=C2)N2C(C)=CSC2=N1,CC1=C2C(COC(C)(C)O2)=C(C(CC3=C(COC(C)(C)O4)C4=C(C)N=C3)(C)C)C=N1,0.1111111111111111,0.714208444238621
CC1=C(CNC2=CC=C(C(=O)[O-])C=C2)N2C(C)=CSC2=N1,CC1=C2C(COC(C)(C)O2)=C(C(CC3=C(COC(C)(C)O4)C4=C(C)N=C3)(C)C)C=N1,0.1111111111111111,0.714208444238621
CC1=C(CNC2=CC=C(C(=O)[O-])C=C2)N2C(C)=CSC2=N1,CC1=C2C(COC(C)(C)O2)=C(C(CC3=C(COC(C)(C)O4)C4=C(C)N=C3)(C)C)C=N1,0.1111111111111111,0.714208444238621
CC1=C(CNC2=CC=C(C(=O)[O-])C=C2)N2C(C)=CSC2=N1,CC1=C2C(COC(C)(C)O2)=C(C(CC3=C(COC(C)(C)O4)C4=C(C)N=C3)(C)C)C=N1,0.1111111111111111,0.714208444238621
CC1=C(CNC2=CC=C(C(=O)[O-])C=C2)N2C(C)=CSC2=N1,CC1=C2C(COC(C)(C)O2)=C(C(CC3=C(COC(C)(C)O4)C4=C(C)N=C3)(C)C)C=N1,0.1111111111111111,0.714208444238621
CC1=C(CNC2=CC=C(C(=O)[O-])C=C2)N2C(C)=CSC2=N1,CC1=C2C(COC(C)(C)O2)=C(C(CC3=C(COC(C)(C)O4)C4=C(C)N=C3)(C)C)C=N1,0.1111111111111111,0.714208444238621
CC1=C(CNC2=CC=C(C(=O)[O-])C=C2)N2C(C)=CSC2=N1,CC1=C2C(COC(C)(C)O2)=C(C(CC3=C(COC(C)(C)O4)C4=C(C)N=C3)(C)C)C=N1,0.1111111111111111,0.714208444238621
CC1=C(CNC2=CC=C(C(=O)[O-])C=C2)N2C(C)=CSC2=N1,CC1=C2C(COC(C)(C)O2)=C(C(CC3=C(COC(C)(C)O4)C4=C(C)N=C3)(C)C)C=N1,0.1111111111111111,0.714208444238621
CC1=C(CNC2=CC=C(C(=O)[O-])C=C2)N2C(C)=CSC2=N1,CC1=C2C(COC(C)(C)O2)=C(C(CC3=C(COC(C)(C)O4)C4=C(C)N=C3)(C)C)C=N1,0.1111111111111111,0.714208444238621
CCC(=O)N1CCCCC1C(=O)NCC(C1CC1)[NH+](C)C,,0.0,0.0
CCC(=O)N1CCCCC1C(=O)NCC(C1CC1)[NH+](C)C,CCCCCCCCCCCC(C)(CC1=C(C)C(OC(C)=O)=C(C)N=C1)C,0.09333333333333334,0.2721638669616973
CCC(=O)N1CCCCC1C(=O)NCC(C1CC1)[NH+](C)C,,0.0,0.0
CCC(=O)N1CCCCC1C(=O)NCC(C1CC1)[NH+](C)C,,0.0,0.0
CCC(=O)N1CCCCC1C(=O)NCC(C1CC1)[NH+](C)C,CCCCCCCCCCCCCCCCCC(C)(CC1=C(C)C(OC(C)=O)=C(C)N=C1)C,0.09333333333333334,0.15264426487078303
CCC(=O)N1CCCCC1C(=O)NCC(C1CC1)[NH+](C)C,,0.0,0.0
CCC(=O)N1CCCCC1C(=O)NCC(C1CC1)[NH+](C)C,,0.0,0.0
CCC(=O)N1CCCCC1C(=O)NCC(C1CC1)[NH+](C)C,,0.0,0.0
CCC(=O)N1CCCCC1C(=O)NCC(C1CC1)[NH+](C)C,,0.0,0.0
CCC(=O)N1CCCCC1C(=O)NCC(C1CC1)[NH+](C)C,CCCCCCCCCCCCCCCCCC(C)(CC1=C(C)C(OC(C)=O)=C(C)N=C1)C,0.09333333333333334,0.15264426487078303
CCC(=O)N1CCCCC1C(=O)NCC(C1CC1)[NH+](C)C,,0.0,0.0
CCC(=O)N1CCCCC1C(=O)NCC(C1CC1)[NH+](C)C,,0.0,0.0
CCC(=O)N1CCCCC1C(=O)NCC(C1CC1)[NH+](C)C,CCCCCCCCCCCC(C)(CC1=C(C)C(OC(C)=O)=C(C)N=C1)C,0.09333333333333334,0.2721638669616973
CCC(=O)N1CCCCC1C(=O)NCC(C1CC1)[NH+](C)C,CCCCCCCCCCCC(C)(CC1=C(C)C(OC(C)=O)=C(C)N=C1)C,0.09333333333333334,0.2721638669616973
CCC(=O)N1CCCCC1C(=O)NCC(C1CC1)[NH+](C)C,CCCCCCCCCCCC(C)(CC1=C(C)C(OC(C)=O)=C(C)N=C1)C,0.09333333333333334,0.2721638669616973
CCC(=O)N1CCCCC1C(=O)NCC(C1CC1)[NH+](C)C,,0.0,0.0
CCC(=O)N1CCCCC1C(=O)NCC(C1CC1)[NH+](C)C,,0.0,0.0
CCC(=O)N1CCCCC1C(=O)NCC(C1CC1)[NH+](C)C,,0.0,0.0
CCC(=O)N1CCCCC1C(=O)NCC(C1CC1)[NH+](C)C,,0.0,0.0
CCC(=O)N1CCCCC1C(=O)NCC(C1CC1)[NH+](C)C,CCCCCCCCCCCC(C)(CC1=C(C)C(OC(C)=O)=C(C)N=C1)C,0.09333333333333334,0.2721638669616973
CC1=CC=C(S(=O)(=O)NC2C=CC(C(=O)[O-])C2)C=C1F,CC1=C2C(COC(CCCCC)O2)=C(C(CC3=C(COC(C)(C)O4)C4=C(C)N=C3)(C)C)C=N1,0.06741573033707865,0.4729635084227723
CC1=CC=C(S(=O)(=O)NC2C=CC(C(=O)[O-])C2)C=C1F,CC1=C2C(COC(CCCCC)O2)=C(C(CC3=C(COC(C)(C)O4)C4=C(C)N=C3)(C)C)C=N1,0.06741573033707865,0.4729635084227723
CC1=CC=C(S(=O)(=O)NC2C=CC(C(=O)[O-])C2)C=C1F,CC1=C2C(COC(CCCCC)O2)=C(C(CC3=C(COC(C)(C)O4)C4=C(C)N=C3)(C)C)C=N1,0.06741573033707865,0.4729635084227723
CC1=CC=C(S(=O)(=O)NC2C=CC(C(=O)[O-])C2)C=C1F,CC1=C2C(COC(CCCCC)O2)=C(C(CC3=C(COC(C)(C)O4)C4=C(C)N=C3)(C)C)C=N1,0.06741573033707865,0.4729635084227723
CC1=CC=C(S(=O)(=O)NC2C=CC(C(=O)[O-])C2)C=C1F,,0.0,0.0
CC1=CC=C(S(=O)(=O)NC2C=CC(C(=O)[O-])C2)C=C1F,CC1=C2C(COC(CCCCC)O2)=C(C(CC3=C(COC(C)(C)O4)C4=C(C)N=C3)(C)C)C=N1,0.06741573033707865,0.4729635084227723
CC1=CC=C(S(=O)(=O)NC2C=CC(C(=O)[O-])C2)C=C1F,CC1=C2C(COC(CCCCC)O2)=C(C(CC3=C(COC(C)(C)O4)C4=C(C)N=C3)(C)C)C=N1,0.06741573033707865,0.4729635084227723
CC1=CC=C(S(=O)(=O)NC2C=CC(C(=O)[O-])C2)C=C1F,CC1=C2C(COC(CCCCC)O2)=C(C(CC3=C(COC(C)(C)O4)C4=C(C)N=C3)(C)C)C=N1,0.06741573033707865,0.4729635084227723
CC1=CC=C(S(=O)(=O)NC2C=CC(C(=O)[O-])C2)C=C1F,CC1=C2C(COC(CCCCC)O2)=C(C(CC3=C(COC(C)(C)O4)C4=C(C)N=C3)(C)C)C=N1,0.06741573033707865,0.4729635084227723
CC1=CC=C(S(=O)(=O)NC2C=CC(C(=O)[O-])C2)C=C1F,CC1=C2C(COC(CCCCC)O2)=C(C(CC3=C(COC(C)(C)O4)C4=C(C)N=C3)(C)C)C=N1,0.06741573033707865,0.4729635084227723
CC1=CC=C(S(=O)(=O)NC2C=CC(C(=O)[O-])C2)C=C1F,CC1=C2C(COC(CCCCC)O2)=C(C(CC3=C(COC(C)(C)O4)C4=C(C)N=C3)(C)C)C=N1,0.06741573033707865,0.4729635084227723
CC1=CC=C(S(=O)(=O)NC2C=CC(C(=O)[O-])C2)C=C1F,CC1=C2C(COC(CCCCC)O2)=C(C(CC3=C(COC(C)(C)O4)C4=C(C)N=C3)(C)C)C=N1,0.06741573033707865,0.4729635084227723
CC1=CC=C(S(=O)(=O)NC2C=CC(C(=O)[O-])C2)C=C1F,CC1=C2C(COC(CCCCCCCC)O2)=C(C(CC3=C(COC(C)(C)O4)C4=C(C)N=C3)(C)C)C=N1,0.06666666666666667,0.3230008769501578
CC1=CC=C(S(=O)(=O)NC2C=CC(C(=O)[O-])C2)C=C1F,CC1=C2C(COC(CCCCC)O2)=C(C(CC3=C(COC(C)(C)O4)C4=C(C)N=C3)(C)C)C=N1,0.06741573033707865,0.4729635084227723
CC1=CC=C(S(=O)(=O)NC2C=CC(C(=O)[O-])C2)C=C1F,CC1=C2C(COC(CCCCCCCC)O2)=C(C(CC3=C(COC(C)(C)O4)C4=C(C)N=C3)(C)C)C=N1,0.06666666666666667,0.3230008769501578
CC1=CC=C(S(=O)(=O)NC2C=CC(C(=O)[O-])C2)C=C1F,CC1=C2C(COC(CCCCC)O2)=C(C(CC3=C(COC(C)(C)O4)C4=C(C)N=C3)(C)C)C=N1,0.06741573033707865,0.4729635084227723
CC1=CC=C(S(=O)(=O)NC2C=CC(C(=O)[O-])C2)C=C1F,CC1=C2C(COC(CCCCCCCC)O2)=C(C(CC3=C(COC(C)(C)O4)C4=C(C)N=C3)(C)C)C=N1,0.06666666666666667,0.3230008769501578
CC1=CC=C(S(=O)(=O)NC2C=CC(C(=O)[O-])C2)C=C1F,CC1=C2C(COC(CCCCC)O2)=C(C(CC3=C(COC(C)(C)O4)C4=C(C)N=C3)(C)C)C=N1,0.06741573033707865,0.4729635084227723
CC1=CC=C(S(=O)(=O)NC2C=CC(C(=O)[O-])C2)C=C1F,CC1=C2C(COC(CCCCC)O2)=C(C(CC3=C(COC(C)(C)O4)C4=C(C)N=C3)(C)C)C=N1,0.06741573033707865,0.4729635084227723
CC1=CC=C(S(=O)(=O)NC2C=CC(C(=O)[O-])C2)C=C1F,CC1=C2C(COC(CCCCC)O2)=C(C(CC3=C(COC(C)(C)O4)C4=C(C)N=C3)(C)C)C=N1,0.06741573033707865,0.4729635084227723
CC1(C)CN(CC(=O)N2CCCC2)C2=CC=C(S(=O)(=O)NC3=CC=C4OCCOC4=C3)C=C21,CCCCCCCCCC(C)(CC1=C(C)C(OC(C)=O)=C(C)N=C1)C,0.08888888888888889,0.34648454331069145
CC1(C)CN(CC(=O)N2CCCC2)C2=CC=C(S(=O)(=O)NC3=CC=C4OCCOC4=C3)C=C21,CCCCCCCCCC(C)(CC1=C(C)C(OC(C)=O)=C(C)N=C1)C,0.08888888888888889,0.34648454331069145
CC1(C)CN(CC(=O)N2CCCC2)C2=CC=C(S(=O)(=O)NC3=CC=C4OCCOC4=C3)C=C21,CCCCCCCCCC(C)(CC1=C(C)C(OC(C)=O)=C(C)N=C1)C,0.08888888888888889,0.34648454331069145
CC1(C)CN(CC(=O)N2CCCC2)C2=CC=C(S(=O)(=O)NC3=CC=C4OCCOC4=C3)C=C21,CCCCCCCCCC(C)(CC1=C(C)C(OC(C)=O)=C(C)N=C1)C,0.08888888888888889,0.34648454331069145
CC1(C)CN(CC(=O)N2CCCC2)C2=CC=C(S(=O)(=O)NC3=CC=C4OCCOC4=C3)C=C21,CCCCCCCCCC(C)(CC1=C(C)C(OC(C)=O)=C(C)N=C1)C,0.08888888888888889,0.34648454331069145
CC1(C)CN(CC(=O)N2CCCC2)C2=CC=C(S(=O)(=O)NC3=CC=C4OCCOC4=C3)C=C21,CCCCCCCCCC(C)(CC1=C(C)C(OC(C)=O)=C(C)N=C1)C,0.08888888888888889,0.34648454331069145
CC1(C)CN(CC(=O)N2CCCC2)C2=CC=C(S(=O)(=O)NC3=CC=C4OCCOC4=C3)C=C21,CCCCCCCCCC(C)(CC1=C(C)C(OC(C)=O)=C(C)N=C1)C,0.08888888888888889,0.34648454331069145
CC1(C)CN(CC(=O)N2CCCC2)C2=CC=C(S(=O)(=O)NC3=CC=C4OCCOC4=C3)C=C21,CCCCCCCCCC(C)(CC1=C(C)C(OC(C)=O)=C(C)N=C1)C,0.08888888888888889,0.34648454331069145
CC1(C)CN(CC(=O)N2CCCC2)C2=CC=C(S(=O)(=O)NC3=CC=C4OCCOC4=C3)C=C21,CCCCCCCCCC(C)(CC1=C(C)C(OC(C)=O)=C(C)N=C1)C,0.08888888888888889,0.34648454331069145
CC1(C)CN(CC(=O)N2CCCC2)C2=CC=C(S(=O)(=O)NC3=CC=C4OCCOC4=C3)C=C21,CCCCCCCCCC(C)(CC1=C(C)C(OC(C)=O)=C(C)N=C1)C,0.08888888888888889,0.34648454331069145
CC1(C)CN(CC(=O)N2CCCC2)C2=CC=C(S(=O)(=O)NC3=CC=C4OCCOC4=C3)C=C21,CCCCCCCCCC(C)(CC1=C(C)C(OC(C)=O)=C(C)N=C1)C,0.08888888888888889,0.34648454331069145
CC1(C)CN(CC(=O)N2CCCC2)C2=CC=C(S(=O)(=O)NC3=CC=C4OCCOC4=C3)C=C21,CCCCCCCCCC(C)(CC1=C(C)C(OC(C)=O)=C(C)N=C1)C,0.08888888888888889,0.34648454331069145
CC1(C)CN(CC(=O)N2CCCC2)C2=CC=C(S(=O)(=O)NC3=CC=C4OCCOC4=C3)C=C21,CCCCCCCCCC(C)(CC1=C(C)C(OC(C)=O)=C(C)N=C1)C,0.08888888888888889,0.34648454331069145
CC1(C)CN(CC(=O)N2CCCC2)C2=CC=C(S(=O)(=O)NC3=CC=C4OCCOC4=C3)C=C21,CCCCCCCCCC(C)(CC1=C(C)C(OC(C)=O)=C(C)N=C1)C,0.08888888888888889,0.34648454331069145
CC1(C)CN(CC(=O)N2CCCC2)C2=CC=C(S(=O)(=O)NC3=CC=C4OCCOC4=C3)C=C21,CCCCCCCCCC(C)(CC1=C(C)C(OC(C)=O)=C(C)N=C1)C,0.08888888888888889,0.34648454331069145
CC1(C)CN(CC(=O)N2CCCC2)C2=CC=C(S(=O)(=O)NC3=CC=C4OCCOC4=C3)C=C21,CCCCCCCCCC(C)(CC1=C(C)C(OC(C)=O)=C(C)N=C1)C,0.08888888888888889,0.34648454331069145
CC1(C)CN(CC(=O)N2CCCC2)C2=CC=C(S(=O)(=O)NC3=CC=C4OCCOC4=C3)C=C21,CCCCCCCCCC(C)(CC1=C(C)C(OC(C)=O)=C(C)N=C1)C,0.08888888888888889,0.34648454331069145
CC1(C)CN(CC(=O)N2CCCC2)C2=CC=C(S(=O)(=O)NC3=CC=C4OCCOC4=C3)C=C21,CCCCCCCCCC(C)(CC1=C(C)C(OC(C)=O)=C(C)N=C1)C,0.08888888888888889,0.34648454331069145
CC1(C)CN(CC(=O)N2CCCC2)C2=CC=C(S(=O)(=O)NC3=CC=C4OCCOC4=C3)C=C21,CCCCCCCCCC(C)(CC1=C(C)C(OC(C)=O)=C(C)N=C1)C,0.08888888888888889,0.34648454331069145
CC1(C)CN(CC(=O)N2CCCC2)C2=CC=C(S(=O)(=O)NC3=CC=C4OCCOC4=C3)C=C21,CCCCCCCCCC(C)(CC1=C(C)C(OC(C)=O)=C(C)N=C1)C,0.08888888888888889,0.34648454331069145
CCCCS(=O)(=O)N1CCN(C2=CC=C(N3C=CN=C3C)N=N2)CC1,CCCCCCCCCC(C)(CC1=C(C)C(OC(C)=O)=C(C)N=C1)C,0.1643835616438356,0.34648454331069145
CCCCS(=O)(=O)N1CCN(C2=CC=C(N3C=CN=C3C)N=N2)CC1,,0.0,0.0
CCCCS(=O)(=O)N1CCN(C2=CC=C(N3C=CN=C3C)N=N2)CC1,,0.0,0.0
CCCCS(=O)(=O)N1CCN(C2=CC=C(N3C=CN=C3C)N=N2)CC1,,0.0,0.0
CCCCS(=O)(=O)N1CCN(C2=CC=C(N3C=CN=C3C)N=N2)CC1,,0.0,0.0
CCCCS(=O)(=O)N1CCN(C2=CC=C(N3C=CN=C3C)N=N2)CC1,,0.0,0.0
CCCCS(=O)(=O)N1CCN(C2=CC=C(N3C=CN=C3C)N=N2)CC1,,0.0,0.0
CCCCS(=O)(=O)N1CCN(C2=CC=C(N3C=CN=C3C)N=N2)CC1,,0.0,0.0
CCCCS(=O)(=O)N1CCN(C2=CC=C(N3C=CN=C3C)N=N2)CC1,,0.0,0.0
CCCCS(=O)(=O)N1CCN(C2=CC=C(N3C=CN=C3C)N=N2)CC1,,0.0,0.0
CCCCS(=O)(=O)N1CCN(C2=CC=C(N3C=CN=C3C)N=N2)CC1,,0.0,0.0
CCCCS(=O)(=O)N1CCN(C2=CC=C(N3C=CN=C3C)N=N2)CC1,,0.0,0.0
CCCCS(=O)(=O)N1CCN(C2=CC=C(N3C=CN=C3C)N=N2)CC1,,0.0,0.0
CCCCS(=O)(=O)N1CCN(C2=CC=C(N3C=CN=C3C)N=N2)CC1,,0.0,0.0
CCCCS(=O)(=O)N1CCN(C2=CC=C(N3C=CN=C3C)N=N2)CC1,,0.0,0.0
CCCCS(=O)(=O)N1CCN(C2=CC=C(N3C=CN=C3C)N=N2)CC1,,0.0,0.0
CCCCS(=O)(=O)N1CCN(C2=CC=C(N3C=CN=C3C)N=N2)CC1,,0.0,0.0
CCCCS(=O)(=O)N1CCN(C2=CC=C(N3C=CN=C3C)N=N2)CC1,,0.0,0.0
CCCCS(=O)(=O)N1CCN(C2=CC=C(N3C=CN=C3C)N=N2)CC1,,0.0,0.0
CCCCS(=O)(=O)N1CCN(C2=CC=C(N3C=CN=C3C)N=N2)CC1,,0.0,0.0
CC(CC1=CC=C(O)C=C1)N(C)C(=O)CCSC1=CC=C(C#N)C=C1,,0.0,0.0
CC(CC1=CC=C(O)C=C1)N(C)C(=O)CCSC1=CC=C(C#N)C=C1,,0.0,0.0
CC(CC1=CC=C(O)C=C1)N(C)C(=O)CCSC1=CC=C(C#N)C=C1,,0.0,0.0
CC(CC1=CC=C(O)C=C1)N(C)C(=O)CCSC1=CC=C(C#N)C=C1,,0.0,0.0
CC(CC1=CC=C(O)C=C1)N(C)C(=O)CCSC1=CC=C(C#N)C=C1,,0.0,0.0
CC(CC1=CC=C(O)C=C1)N(C)C(=O)CCSC1=CC=C(C#N)C=C1,,0.0,0.0
CC(CC1=CC=C(O)C=C1)N(C)C(=O)CCSC1=CC=C(C#N)C=C1,,0.0,0.0
CC(CC1=CC=C(O)C=C1)N(C)C(=O)CCSC1=CC=C(C#N)C=C1,,0.0,0.0
CC(CC1=CC=C(O)C=C1)N(C)C(=O)CCSC1=CC=C(C#N)C=C1,,0.0,0.0
CC(CC1=CC=C(O)C=C1)N(C)C(=O)CCSC1=CC=C(C#N)C=C1,,0.0,0.0
CC(CC1=CC=C(O)C=C1)N(C)C(=O)CCSC1=CC=C(C#N)C=C1,,0.0,0.0
CC(CC1=CC=C(O)C=C1)N(C)C(=O)CCSC1=CC=C(C#N)C=C1,,0.0,0.0
CC(CC1=CC=C(O)C=C1)N(C)C(=O)CCSC1=CC=C(C#N)C=C1,,0.0,0.0
CC(CC1=CC=C(O)C=C1)N(C)C(=O)CCSC1=CC=C(C#N)C=C1,,0.0,0.0
CC(CC1=CC=C(O)C=C1)N(C)C(=O)CCSC1=CC=C(C#N)C=C1,,0.0,0.0
CC(CC1=CC=C(O)C=C1)N(C)C(=O)CCSC1=CC=C(C#N)C=C1,,0.0,0.0
CC(CC1=CC=C(O)C=C1)N(C)C(=O)CCSC1=CC=C(C#N)C=C1,,0.0,0.0
CC(CC1=CC=C(O)C=C1)N(C)C(=O)CCSC1=CC=C(C#N)C=C1,,0.0,0.0
CC(CC1=CC=C(O)C=C1)N(C)C(=O)CCSC1=CC=C(C#N)C=C1,,0.0,0.0
CC(CC1=CC=C(O)C=C1)N(C)C(=O)CCSC1=CC=C(C#N)C=C1,,0.0,0.0
CC1=CC=C(NC(=O)C2CC[NH+](CC3=NC(C4=CC=CC=C4)=NO3)CC2)C(C)=C1,,0.0,0.0
CC1=CC=C(NC(=O)C2CC[NH+](CC3=NC(C4=CC=CC=C4)=NO3)CC2)C(C)=C1,,0.0,0.0
CC1=CC=C(NC(=O)C2CC[NH+](CC3=NC(C4=CC=CC=C4)=NO3)CC2)C(C)=C1,,0.0,0.0
CC1=CC=C(NC(=O)C2CC[NH+](CC3=NC(C4=CC=CC=C4)=NO3)CC2)C(C)=C1,,0.0,0.0
CC1=CC=C(NC(=O)C2CC[NH+](CC3=NC(C4=CC=CC=C4)=NO3)CC2)C(C)=C1,,0.0,0.0
CC1=CC=C(NC(=O)C2CC[NH+](CC3=NC(C4=CC=CC=C4)=NO3)CC2)C(C)=C1,,0.0,0.0
CC1=CC=C(NC(=O)C2CC[NH+](CC3=NC(C4=CC=CC=C4)=NO3)CC2)C(C)=C1,,0.0,0.0
CC1=CC=C(NC(=O)C2CC[NH+](CC3=NC(C4=CC=CC=C4)=NO3)CC2)C(C)=C1,,0.0,0.0
CC1=CC=C(NC(=O)C2CC[NH+](CC3=NC(C4=CC=CC=C4)=NO3)CC2)C(C)=C1,,0.0,0.0
CC1=CC=C(NC(=O)C2CC[NH+](CC3=NC(C4=CC=CC=C4)=NO3)CC2)C(C)=C1,,0.0,0.0
CC1=CC=C(NC(=O)C2CC[NH+](CC3=NC(C4=CC=CC=C4)=NO3)CC2)C(C)=C1,,0.0,0.0
CC1=CC=C(NC(=O)C2CC[NH+](CC3=NC(C4=CC=CC=C4)=NO3)CC2)C(C)=C1,,0.0,0.0
CC1=CC=C(NC(=O)C2CC[NH+](CC3=NC(C4=CC=CC=C4)=NO3)CC2)C(C)=C1,,0.0,0.0
CC1=CC=C(NC(=O)C2CC[NH+](CC3=NC(C4=CC=CC=C4)=NO3)CC2)C(C)=C1,,0.0,0.0
CC1=CC=C(NC(=O)C2CC[NH+](CC3=NC(C4=CC=CC=C4)=NO3)CC2)C(C)=C1,,0.0,0.0
CC1=CC=C(NC(=O)C2CC[NH+](CC3=NC(C4=CC=CC=C4)=NO3)CC2)C(C)=C1,,0.0,0.0
CC1=CC=C(NC(=O)C2CC[NH+](CC3=NC(C4=CC=CC=C4)=NO3)CC2)C(C)=C1,,0.0,0.0
CC1=CC=C(NC(=O)C2CC[NH+](CC3=NC(C4=CC=CC=C4)=NO3)CC2)C(C)=C1,,0.0,0.0
CC1=CC=C(NC(=O)C2CC[NH+](CC3=NC(C4=CC=CC=C4)=NO3)CC2)C(C)=C1,,0.0,0.0
CC1=CC=C(NC(=O)C2CC[NH+](CC3=NC(C4=CC=CC=C4)=NO3)CC2)C(C)=C1,,0.0,0.0
CC1=C(C[NH2+]CC2CCCO2)C(C(=O)[O-])=C(C)N1CC1=CC=C(F)C=C1,,0.0,0.0
CC1=C(C[NH2+]CC2CCCO2)C(C(=O)[O-])=C(C)N1CC1=CC=C(F)C=C1,,0.0,0.0
CC1=C(C[NH2+]CC2CCCO2)C(C(=O)[O-])=C(C)N1CC1=CC=C(F)C=C1,,0.0,0.0
CC1=C(C[NH2+]CC2CCCO2)C(C(=O)[O-])=C(C)N1CC1=CC=C(F)C=C1,,0.0,0.0
CC1=C(C[NH2+]CC2CCCO2)C(C(=O)[O-])=C(C)N1CC1=CC=C(F)C=C1,,0.0,0.0
CC1=C(C[NH2+]CC2CCCO2)C(C(=O)[O-])=C(C)N1CC1=CC=C(F)C=C1,,0.0,0.0
CC1=C(C[NH2+]CC2CCCO2)C(C(=O)[O-])=C(C)N1CC1=CC=C(F)C=C1,,0.0,0.0
CC1=C(C[NH2+]CC2CCCO2)C(C(=O)[O-])=C(C)N1CC1=CC=C(F)C=C1,,0.0,0.0
CC1=C(C[NH2+]CC2CCCO2)C(C(=O)[O-])=C(C)N1CC1=CC=C(F)C=C1,,0.0,0.0
CC1=C(C[NH2+]CC2CCCO2)C(C(=O)[O-])=C(C)N1CC1=CC=C(F)C=C1,,0.0,0.0
CC1=C(C[NH2+]CC2CCCO2)C(C(=O)[O-])=C(C)N1CC1=CC=C(F)C=C1,C(CCO)(CCCO)CCCCCCCCCCSC1=NN=C(O1)C2=CC=C(C(C)(C)C)C=C2,0.07608695652173914,0.1672496366880257
CC1=C(C[NH2+]CC2CCCO2)C(C(=O)[O-])=C(C)N1CC1=CC=C(F)C=C1,,0.0,0.0
CC1=C(C[NH2+]CC2CCCO2)C(C(=O)[O-])=C(C)N1CC1=CC=C(F)C=C1,,0.0,0.0
CC1=C(C[NH2+]CC2CCCO2)C(C(=O)[O-])=C(C)N1CC1=CC=C(F)C=C1,,0.0,0.0
CC1=C(C[NH2+]CC2CCCO2)C(C(=O)[O-])=C(C)N1CC1=CC=C(F)C=C1,C(CCO)(CCO)CCCCCCCCCCSC1=NN=C(O1)C2=CC=C(C(C)(C)C)C=C2,0.07777777777777778,0.18861237054625968
CC1=C(C[NH2+]CC2CCCO2)C(C(=O)[O-])=C(C)N1CC1=CC=C(F)C=C1,,0.0,0.0
CC1=C(C[NH2+]CC2CCCO2)C(C(=O)[O-])=C(C)N1CC1=CC=C(F)C=C1,,0.0,0.0
CC1=C(C[NH2+]CC2CCCO2)C(C(=O)[O-])=C(C)N1CC1=CC=C(F)C=C1,,0.0,0.0
CC1=C(C[NH2+]CC2CCCO2)C(C(=O)[O-])=C(C)N1CC1=CC=C(F)C=C1,,0.0,0.0
CC1=C(C[NH2+]CC2CCCO2)C(C(=O)[O-])=C(C)N1CC1=CC=C(F)C=C1,,0.0,0.0
CC(C)(C1=CC=CC=C1)C(OC(=O)CC1COC(=O)C1)C(F)(F)F,,0.0,0.0
CC(C)(C1=CC=CC=C1)C(OC(=O)CC1COC(=O)C1)C(F)(F)F,CC1=C2C(COC(CCCCCCCC)O2)=C(C(CC3=C(COC(C)(C)O4)C4=C(C)N=C3)(C)C)C=N1,0.0989010989010989,0.3230008769501578
CC(C)(C1=CC=CC=C1)C(OC(=O)CC1COC(=O)C1)C(F)(F)F,CC1=C2C(COC(C)(C)O2)=C(C(CC3=C(COC(C)(C)O4)C4=C(C)N=C3)(C)C)C=N1,0.10666666666666667,0.714208444238621
CC(C)(C1=CC=CC=C1)C(OC(=O)CC1COC(=O)C1)C(F)(F)F,CC1=C2C(COC(C)(C)O2)=C(C(CC3=C(COC(C)(C)O4)C4=C(C)N=C3)(C)C)C=N1,0.10666666666666667,0.714208444238621
CC(C)(C1=CC=CC=C1)C(OC(=O)CC1COC(=O)C1)C(F)(F)F,CC1=C2C(COC(CCCCC)O2)=C(C(CC3=C(COC(C)(C)O4)C4=C(C)N=C3)(C)C)C=N1,0.1,0.4729635084227723
CC(C)(C1=CC=CC=C1)C(OC(=O)CC1COC(=O)C1)C(F)(F)F,CC1=C2C(COC(C)(C)O2)=C(C(CC3=C(COC(C)(C)O4)C4=C(C)N=C3)(C)C)C=N1,0.10666666666666667,0.714208444238621
CC(C)(C1=CC=CC=C1)C(OC(=O)CC1COC(=O)C1)C(F)(F)F,CC1=C2C(COC(C)(C)O2)=C(C(CC3=C(COC(C)(C)O4)C4=C(C)N=C3)(C)C)C=N1,0.10666666666666667,0.714208444238621
CC(C)(C1=CC=CC=C1)C(OC(=O)CC1COC(=O)C1)C(F)(F)F,CC1=C2C(COC(C)(C)O2)=C(C(CC3=C(COC(C)(C)O4)C4=C(C)N=C3)(C)C)C=N1,0.10666666666666667,0.714208444238621
CC(C)(C1=CC=CC=C1)C(OC(=O)CC1COC(=O)C1)C(F)(F)F,CC1=C2C(COC(C)(C)O2)=C(C(CC3=C(COC(C)(C)O4)C4=C(C)N=C3)(C)C)C=N1,0.10666666666666667,0.714208444238621
CC(C)(C1=CC=CC=C1)C(OC(=O)CC1COC(=O)C1)C(F)(F)F,CC1=C2C(COC(CCCCCCCC)O2)=C(C(CC3=C(COC(C)(C)O4)C4=C(C)N=C3)(C)C)C=N1,0.0989010989010989,0.3230008769501578
CC(C)(C1=CC=CC=C1)C(OC(=O)CC1COC(=O)C1)C(F)(F)F,CC1=C2C(COC(CCCCC)O2)=C(C(CC3=C(COC(C)(C)O4)C4=C(C)N=C3)(C)C)C=N1,0.1,0.4729635084227723
CC(C)(C1=CC=CC=C1)C(OC(=O)CC1COC(=O)C1)C(F)(F)F,CC1=C2C(COC(CCCCCCCC)O2)=C(C(CC3=C(COC(C)(C)O4)C4=C(C)N=C3)(C)C)C=N1,0.0989010989010989,0.3230008769501578
CC(C)(C1=CC=CC=C1)C(OC(=O)CC1COC(=O)C1)C(F)(F)F,CC1=C2C(COC(C)(C)O2)=C(C(CC3=C(COC(C)(C)O4)C4=C(C)N=C3)(C)C)C=N1,0.10666666666666667,0.714208444238621
CC(C)(C1=CC=CC=C1)C(OC(=O)CC1COC(=O)C1)C(F)(F)F,CC1=C2C(COC(CCCCCCCC)O2)=C(C(CC3=C(COC(C)(C)O4)C4=C(C)N=C3)(C)C)C=N1,0.0989010989010989,0.3230008769501578
CC(C)(C1=CC=CC=C1)C(OC(=O)CC1COC(=O)C1)C(F)(F)F,CC1=C2C(COC(C)(C)O2)=C(C(CC3=C(COC(C)(C)O4)C4=C(C)N=C3)(C)C)C=N1,0.10666666666666667,0.714208444238621
CC(C)(C1=CC=CC=C1)C(OC(=O)CC1COC(=O)C1)C(F)(F)F,CC1=C2C(COC(CCCCCCCCCCC)O2)=C(C(CC3=C(COC(C)(C)O4)C4=C(C)N=C3)(C)C)C=N1,0.0989010989010989,0.2385738012077454
CC(C)(C1=CC=CC=C1)C(OC(=O)CC1COC(=O)C1)C(F)(F)F,CC1=C2C(COC(C)(C)O2)=C(C(CC3=C(COC(C)(C)O4)C4=C(C)N=C3)(C)C)C=N1,0.10666666666666667,0.714208444238621
CC(C)(C1=CC=CC=C1)C(OC(=O)CC1COC(=O)C1)C(F)(F)F,CC1=C2C(COC(CCCCC)O2)=C(C(CC3=C(COC(C)(C)O4)C4=C(C)N=C3)(C)C)C=N1,0.1,0.4729635084227723
CC(C)(C1=CC=CC=C1)C(OC(=O)CC1COC(=O)C1)C(F)(F)F,CC1=C2C(COC(CCCCCCCC)O2)=C(C(CC3=C(COC(C)(C)O4)C4=C(C)N=C3)(C)C)C=N1,0.0989010989010989,0.3230008769501578
CC(C)(C1=CC=CC=C1)C(OC(=O)CC1COC(=O)C1)C(F)(F)F,CC1=C2C(COC(C)(C)O2)=C(C(CC3=C(COC(C)(C)O4)C4=C(C)N=C3)(C)C)C=N1,0.10666666666666667,0.714208444238621
CC1CCC2=C(C=C(C(=O)OCC3CC(=O)N(C4CC4)C3)S2)C1,,0.0,0.0
CC1CCC2=C(C=C(C(=O)OCC3CC(=O)N(C4CC4)C3)S2)C1,,0.0,0.0
CC1CCC2=C(C=C(C(=O)OCC3CC(=O)N(C4CC4)C3)S2)C1,,0.0,0.0
CC1CCC2=C(C=C(C(=O)OCC3CC(=O)N(C4CC4)C3)S2)C1,,0.0,0.0
CC1CCC2=C(C=C(C(=O)OCC3CC(=O)N(C4CC4)C3)S2)C1,,0.0,0.0
CC1CCC2=C(C=C(C(=O)OCC3CC(=O)N(C4CC4)C3)S2)C1,,0.0,0.0
CC1CCC2=C(C=C(C(=O)OCC3CC(=O)N(C4CC4)C3)S2)C1,,0.0,0.0
CC1CCC2=C(C=C(C(=O)OCC3CC(=O)N(C4CC4)C3)S2)C1,,0.0,0.0
CC1CCC2=C(C=C(C(=O)OCC3CC(=O)N(C4CC4)C3)S2)C1,,0.0,0.0
CC1CCC2=C(C=C(C(=O)OCC3CC(=O)N(C4CC4)C3)S2)C1,,0.0,0.0
CC1CCC2=C(C=C(C(=O)OCC3CC(=O)N(C4CC4)C3)S2)C1,,0.0,0.0
CC1CCC2=C(C=C(C(=O)OCC3CC(=O)N(C4CC4)C3)S2)C1,,0.0,0.0
CC1CCC2=C(C=C(C(=O)OCC3CC(=O)N(C4CC4)C3)S2)C1,,0.0,0.0
CC1CCC2=C(C=C(C(=O)OCC3CC(=O)N(C4CC4)C3)S2)C1,,0.0,0.0
CC1CCC2=C(C=C(C(=O)OCC3CC(=O)N(C4CC4)C3)S2)C1,,0.0,0.0
CC1CCC2=C(C=C(C(=O)OCC3CC(=O)N(C4CC4)C3)S2)C1,,0.0,0.0
CC1CCC2=C(C=C(C(=O)OCC3CC(=O)N(C4CC4)C3)S2)C1,,0.0,0.0
CC1CCC2=C(C=C(C(=O)OCC3CC(=O)N(C4CC4)C3)S2)C1,,0.0,0.0
CC1CCC2=C(C=C(C(=O)OCC3CC(=O)N(C4CC4)C3)S2)C1,,0.0,0.0
CC1CCC2=C(C=C(C(=O)OCC3CC(=O)N(C4CC4)C3)S2)C1,,0.0,0.0
CCNS(=O)(=O)C1CCN(C(=O)NC2CC=CC2)C1,CCCCCCCCCCCC(OC1=NC=CC=C1)=O,0.1076923076923077,0.4260075772364941
CCNS(=O)(=O)C1CCN(C(=O)NC2CC=CC2)C1,CCCCCCCCCCCC(OC1=NC=CC=C1)=O,0.1076923076923077,0.4260075772364941
CCNS(=O)(=O)C1CCN(C(=O)NC2CC=CC2)C1,CCCCCCCCCCCC(OC1=NC=CC=C1)=O,0.1076923076923077,0.4260075772364941
CCNS(=O)(=O)C1CCN(C(=O)NC2CC=CC2)C1,CCCCCCCCCCCC(OC1=NC=CC=C1)=O,0.1076923076923077,0.4260075772364941
CCNS(=O)(=O)C1CCN(C(=O)NC2CC=CC2)C1,CCCCCCCCCCCC(OC1=NC=CC=C1)=O,0.1076923076923077,0.4260075772364941
CCNS(=O)(=O)C1CCN(C(=O)NC2CC=CC2)C1,CCCCCCCCCCCC(OC1=NC=CC=C1)=O,0.1076923076923077,0.4260075772364941
CCNS(=O)(=O)C1CCN(C(=O)NC2CC=CC2)C1,CCCCCCCCCCCC(OC1=NC=CC=C1)=O,0.1076923076923077,0.4260075772364941
CCNS(=O)(=O)C1CCN(C(=O)NC2CC=CC2)C1,CCCCCCCCCCCC(OC1=NC=CC=C1)=O,0.1076923076923077,0.4260075772364941
CCNS(=O)(=O)C1CCN(C(=O)NC2CC=CC2)C1,CCCCCCCCCCCC(OC1=NC=CC=C1)=O,0.1076923076923077,0.4260075772364941
CCNS(=O)(=O)C1CCN(C(=O)NC2CC=CC2)C1,CCCCCCCCCCCC(OC1=NC=CC=C1)=O,0.1076923076923077,0.4260075772364941
CCNS(=O)(=O)C1CCN(C(=O)NC2CC=CC2)C1,CCCCCCCCCCCC(OC1=NC=CC=C1)=O,0.1076923076923077,0.4260075772364941
CCNS(=O)(=O)C1CCN(C(=O)NC2CC=CC2)C1,,0.0,0.0
CCNS(=O)(=O)C1CCN(C(=O)NC2CC=CC2)C1,CCCCCCCCCCCC(OC1=NC=CC=C1)=O,0.1076923076923077,0.4260075772364941
CCNS(=O)(=O)C1CCN(C(=O)NC2CC=CC2)C1,CCCCCCCCCCCC(OC1=NC=CC=C1)=O,0.1076923076923077,0.4260075772364941
CCNS(=O)(=O)C1CCN(C(=O)NC2CC=CC2)C1,CCCCCCCCCCCC(OC1=NC=CC=C1)=O,0.1076923076923077,0.4260075772364941
CCNS(=O)(=O)C1CCN(C(=O)NC2CC=CC2)C1,CCCCCCCCCCCC(OC1=NC=CC=C1)=O,0.1076923076923077,0.4260075772364941
CCNS(=O)(=O)C1CCN(C(=O)NC2CC=CC2)C1,,0.0,0.0
CCNS(=O)(=O)C1CCN(C(=O)NC2CC=CC2)C1,CCCCCCCCCCCC(OC1=NC=CC=C1)=O,0.1076923076923077,0.4260075772364941
CCNS(=O)(=O)C1CCN(C(=O)NC2CC=CC2)C1,CCCCCCCCCCCC(OC1=NC=CC=C1)=O,0.1076923076923077,0.4260075772364941
CCNS(=O)(=O)C1CCN(C(=O)NC2CC=CC2)C1,CCCCCCCCCCCC(OC1=NC=CC=C1)=O,0.1076923076923077,0.4260075772364941
CC1=NC2=NC(CC(=O)NCC3=NC(C)=C(C)S3)=NN2C(C)=C1,,0.0,0.0
CC1=NC2=NC(CC(=O)NCC3=NC(C)=C(C)S3)=NN2C(C)=C1,,0.0,0.0
CC1=NC2=NC(CC(=O)NCC3=NC(C)=C(C)S3)=NN2C(C)=C1,,0.0,0.0
CC1=NC2=NC(CC(=O)NCC3=NC(C)=C(C)S3)=NN2C(C)=C1,,0.0,0.0
CC1=NC2=NC(CC(=O)NCC3=NC(C)=C(C)S3)=NN2C(C)=C1,,0.0,0.0
CC1=NC2=NC(CC(=O)NCC3=NC(C)=C(C)S3)=NN2C(C)=C1,,0.0,0.0
CC1=NC2=NC(CC(=O)NCC3=NC(C)=C(C)S3)=NN2C(C)=C1,,0.0,0.0
CC1=NC2=NC(CC(=O)NCC3=NC(C)=C(C)S3)=NN2C(C)=C1,,0.0,0.0
CC1=NC2=NC(CC(=O)NCC3=NC(C)=C(C)S3)=NN2C(C)=C1,,0.0,0.0
CC1=NC2=NC(CC(=O)NCC3=NC(C)=C(C)S3)=NN2C(C)=C1,,0.0,0.0
CC1=NC2=NC(CC(=O)NCC3=NC(C)=C(C)S3)=NN2C(C)=C1,,0.0,0.0
CC1=NC2=NC(CC(=O)NCC3=NC(C)=C(C)S3)=NN2C(C)=C1,,0.0,0.0
CC1=NC2=NC(CC(=O)NCC3=NC(C)=C(C)S3)=NN2C(C)=C1,,0.0,0.0
CC1=NC2=NC(CC(=O)NCC3=NC(C)=C(C)S3)=NN2C(C)=C1,,0.0,0.0
CC1=NC2=NC(CC(=O)NCC3=NC(C)=C(C)S3)=NN2C(C)=C1,,0.0,0.0
CC1=NC2=NC(CC(=O)NCC3=NC(C)=C(C)S3)=NN2C(C)=C1,,0.0,0.0
CC1=NC2=NC(CC(=O)NCC3=NC(C)=C(C)S3)=NN2C(C)=C1,,0.0,0.0
CC1=NC2=NC(CC(=O)NCC3=NC(C)=C(C)S3)=NN2C(C)=C1,,0.0,0.0
CC1=NC2=NC(CC(=O)NCC3=NC(C)=C(C)S3)=NN2C(C)=C1,,0.0,0.0
CC1=NC2=NC(CC(=O)NCC3=NC(C)=C(C)S3)=NN2C(C)=C1,,0.0,0.0
CC1=CC=C(C(=O)NCC2CC(O)C[NH+]2CC2=CC=CC=C2)C(C)=N1,CC1=C2C(COC(C)(C)O2)=C(C(CC3=C(COC(C)(C)O4)C4=C(C)N=C3)(C)C)C=N1,0.10126582278481013,0.714208444238621
CC1=CC=C(C(=O)NCC2CC(O)C[NH+]2CC2=CC=CC=C2)C(C)=N1,CC1=C2C(COC(C)(C)O2)=C(C(CC3=C(COC(C)(C)O4)C4=C(C)N=C3)(C)C)C=N1,0.10126582278481013,0.714208444238621
CC1=CC=C(C(=O)NCC2CC(O)C[NH+]2CC2=CC=CC=C2)C(C)=N1,CC1=C2C(COC(C)(C)O2)=C(C(CC3=C(COC(C)(C)O4)C4=C(C)N=C3)(C)C)C=N1,0.10126582278481013,0.714208444238621
CC1=CC=C(C(=O)NCC2CC(O)C[NH+]2CC2=CC=CC=C2)C(C)=N1,CC1=C2C(COC(C)(C)O2)=C(C(CC3=C(COC(C)(C)O4)C4=C(C)N=C3)(C)C)C=N1,0.10126582278481013,0.714208444238621
CC1=CC=C(C(=O)NCC2CC(O)C[NH+]2CC2=CC=CC=C2)C(C)=N1,CC1=C2C(COC(C)(C)O2)=C(C(CC3=C(COC(C)(C)O4)C4=C(C)N=C3)(C)C)C=N1,0.10126582278481013,0.714208444238621
CC1=CC=C(C(=O)NCC2CC(O)C[NH+]2CC2=CC=CC=C2)C(C)=N1,CC1=C2C(COC(C)(C)O2)=C(C(CC3=C(COC(C)(C)O4)C4=C(C)N=C3)(C)C)C=N1,0.10126582278481013,0.714208444238621
CC1=CC=C(C(=O)NCC2CC(O)C[NH+]2CC2=CC=CC=C2)C(C)=N1,CC1=C2C(COC(C)(C)O2)=C(C(CC3=C(COC(C)(C)O4)C4=C(C)N=C3)(C)C)C=N1,0.10126582278481013,0.714208444238621
CC1=CC=C(C(=O)NCC2CC(O)C[NH+]2CC2=CC=CC=C2)C(C)=N1,CC1=C2C(COC(C)(C)O2)=C(C(CC3=C(COC(C)(C)O4)C4=C(C)N=C3)(C)C)C=N1,0.10126582278481013,0.714208444238621
CC1=CC=C(C(=O)NCC2CC(O)C[NH+]2CC2=CC=CC=C2)C(C)=N1,CC1=C2C(COC(C)(C)O2)=C(C(CC3=C(COC(C)(C)O4)C4=C(C)N=C3)(C)C)C=N1,0.10126582278481013,0.714208444238621
CC1=CC=C(C(=O)NCC2CC(O)C[NH+]2CC2=CC=CC=C2)C(C)=N1,CC1=C2C(COC(C)(C)O2)=C(C(CC3=C(COC(C)(C)O4)C4=C(C)N=C3)(C)C)C=N1,0.10126582278481013,0.714208444238621
CC1=CC=C(C(=O)NCC2CC(O)C[NH+]2CC2=CC=CC=C2)C(C)=N1,CC1=C2C(COC(C)(C)O2)=C(C(CC3=C(COC(C)(C)O4)C4=C(C)N=C3)(C)C)C=N1,0.10126582278481013,0.714208444238621
CC1=CC=C(C(=O)NCC2CC(O)C[NH+]2CC2=CC=CC=C2)C(C)=N1,CC1=C2C(COC(C)(C)O2)=C(C(CC3=C(COC(C)(C)O4)C4=C(C)N=C3)(C)C)C=N1,0.10126582278481013,0.714208444238621
CC1=CC=C(C(=O)NCC2CC(O)C[NH+]2CC2=CC=CC=C2)C(C)=N1,CC1=C2C(COC(C)(C)O2)=C(C(CC3=C(COC(C)(C)O4)C4=C(C)N=C3)(C)C)C=N1,0.10126582278481013,0.714208444238621
CC1=CC=C(C(=O)NCC2CC(O)C[NH+]2CC2=CC=CC=C2)C(C)=N1,CC1=C2C(COC(C)(C)O2)=C(C(CC3=C(COC(C)(C)O4)C4=C(C)N=C3)(C)C)C=N1,0.10126582278481013,0.714208444238621
CC1=CC=C(C(=O)NCC2CC(O)C[NH+]2CC2=CC=CC=C2)C(C)=N1,CC1=C2C(COC(C)(C)O2)=C(C(CC3=C(COC(C)(C)O4)C4=C(C)N=C3)(C)C)C=N1,0.10126582278481013,0.714208444238621
CC1=CC=C(C(=O)NCC2CC(O)C[NH+]2CC2=CC=CC=C2)C(C)=N1,CC1=C2C(COC(C)(C)O2)=C(C(CC3=C(COC(C)(C)O4)C4=C(C)N=C3)(C)C)C=N1,0.10126582278481013,0.714208444238621
CC1=CC=C(C(=O)NCC2CC(O)C[NH+]2CC2=CC=CC=C2)C(C)=N1,CC1=C2C(COC(C)(C)O2)=C(C(CC3=C(COC(C)(C)O4)C4=C(C)N=C3)(C)C)C=N1,0.10126582278481013,0.714208444238621
CC1=CC=C(C(=O)NCC2CC(O)C[NH+]2CC2=CC=CC=C2)C(C)=N1,CC1=C2C(COC(C)(C)O2)=C(C(CC3=C(COC(C)(C)O4)C4=C(C)N=C3)(C)C)C=N1,0.10126582278481013,0.714208444238621
CC1=CC=C(C(=O)NCC2CC(O)C[NH+]2CC2=CC=CC=C2)C(C)=N1,CC1=C2C(COC(C)(C)O2)=C(C(CC3=C(COC(C)(C)O4)C4=C(C)N=C3)(C)C)C=N1,0.10126582278481013,0.714208444238621
CC1=CC=C(C(=O)NCC2CC(O)C[NH+]2CC2=CC=CC=C2)C(C)=N1,CC1=C2C(COC(C)(C)O2)=C(C(CC3=C(COC(C)(C)O4)C4=C(C)N=C3)(C)C)C=N1,0.10126582278481013,0.714208444238621
CC1=CC=C(CN(C)C(=O)C2=C3N=CC=CN3N=C2)C=C1,C(CC1=C(OC(CCC)OC2)C2=C(COC(C(CCCCCCCCC)C)OC3)C3=N1)(C/C=C/C#CC(C)(C)C)CC4=CC=CC5=CC=CC=C54,0.07017543859649122,0.10402556205915707
CC1=CC=C(CN(C)C(=O)C2=C3N=CC=CN3N=C2)C=C1,,0.0,0.0
CC1=CC=C(CN(C)C(=O)C2=C3N=CC=CN3N=C2)C=C1,,0.0,0.0
CC1=CC=C(CN(C)C(=O)C2=C3N=CC=CN3N=C2)C=C1,,0.0,0.0
CC1=CC=C(CN(C)C(=O)C2=C3N=CC=CN3N=C2)C=C1,,0.0,0.0
CC1=CC=C(CN(C)C(=O)C2=C3N=CC=CN3N=C2)C=C1,C(CCO)(CCO)CCCCCCCCCCSC1=NN=C(O1)C2=CC=C(C(C)(C)C)C=N2,0.10843373493975904,0.20069412505516868
CC1=CC=C(CN(C)C(=O)C2=C3N=CC=CN3N=C2)C=C1,C(CC1=C(OC(CCC)OC2)C2=C(COC(C(CCCCCCCCC)C)OC3)C3=N1)(C/C=C/C#CC(C)(C)C)CC4=CC=CC5=CC=CC=C54,0.07017543859649122,0.10402556205915707
CC1=CC=C(CN(C)C(=O)C2=C3N=CC=CN3N=C2)C=C1,C(CC1=C(OC(C)(C)OC2)C2=C(COC(C(CCCCCCCCC)C)OC3)C3=N1)(C/C=C/C#CC(C)(C)C)CC4=CC=CC5=CC=CC=C54,0.06956521739130435,0.11817516667212401
CC1=CC=C(CN(C)C(=O)C2=C3N=CC=CN3N=C2)C=C1,,0.0,0.0
CC1=CC=C(CN(C)C(=O)C2=C3N=CC=CN3N=C2)C=C1,,0.0,0.0
CC1=CC=C(CN(C)C(=O)C2=C3N=CC=CN3N=C2)C=C1,,0.0,0.0
CC1=CC=C(CN(C)C(=O)C2=C3N=CC=CN3N=C2)C=C1,C(CCO)(CCO)CCCCCCCCCCSC1=NN=C(O1)C2=CC=C(C(C)(C)C)C=N2,0.10843373493975904,0.20069412505516868
CC1=CC=C(CN(C)C(=O)C2=C3N=CC=CN3N=C2)C=C1,,0.0,0.0
CC1=CC=C(CN(C)C(=O)C2=C3N=CC=CN3N=C2)C=C1,,0.0,0.0
CC1=CC=C(CN(C)C(=O)C2=C3N=CC=CN3N=C2)C=C1,,0.0,0.0
CC1=CC=C(CN(C)C(=O)C2=C3N=CC=CN3N=C2)C=C1,,0.0,0.0
CC1=CC=C(CN(C)C(=O)C2=C3N=CC=CN3N=C2)C=C1,,0.0,0.0
CC1=CC=C(CN(C)C(=O)C2=C3N=CC=CN3N=C2)C=C1,,0.0,0.0
CC1=CC=C(CN(C)C(=O)C2=C3N=CC=CN3N=C2)C=C1,,0.0,0.0
CC1=CC=C(CN(C)C(=O)C2=C3N=CC=CN3N=C2)C=C1,,0.0,0.0
O=C(CN1N=NN(C2=CC=CS2)C1=O)OC1CCCCC1,,0.0,0.0
O=C(CN1N=NN(C2=CC=CS2)C1=O)OC1CCCCC1,,0.0,0.0
O=C(CN1N=NN(C2=CC=CS2)C1=O)OC1CCCCC1,,0.0,0.0
O=C(CN1N=NN(C2=CC=CS2)C1=O)OC1CCCCC1,,0.0,0.0
O=C(CN1N=NN(C2=CC=CS2)C1=O)OC1CCCCC1,C1=CC=C(C)C(CO)(C)CC=C(C)C=C1,0.07142857142857142,0.6938028632188101
O=C(CN1N=NN(C2=CC=CS2)C1=O)OC1CCCCC1,,0.0,0.0
O=C(CN1N=NN(C2=CC=CS2)C1=O)OC1CCCCC1,,0.0,0.0
O=C(CN1N=NN(C2=CC=CS2)C1=O)OC1CCCCC1,,0.0,0.0
O=C(CN1N=NN(C2=CC=CS2)C1=O)OC1CCCCC1,,0.0,0.0
O=C(CN1N=NN(C2=CC=CS2)C1=O)OC1CCCCC1,,0.0,0.0
O=C(CN1N=NN(C2=CC=CS2)C1=O)OC1CCCCC1,,0.0,0.0
O=C(CN1N=NN(C2=CC=CS2)C1=O)OC1CCCCC1,,0.0,0.0
O=C(CN1N=NN(C2=CC=CS2)C1=O)OC1CCCCC1,,0.0,0.0
O=C(CN1N=NN(C2=CC=CS2)C1=O)OC1CCCCC1,,0.0,0.0
O=C(CN1N=NN(C2=CC=CS2)C1=O)OC1CCCCC1,,0.0,0.0
O=C(CN1N=NN(C2=CC=CS2)C1=O)OC1CCCCC1,,0.0,0.0
O=C(CN1N=NN(C2=CC=CS2)C1=O)OC1CCCCC1,,0.0,0.0
O=C(CN1N=NN(C2=CC=CS2)C1=O)OC1CCCCC1,,0.0,0.0
O=C(CN1N=NN(C2=CC=CS2)C1=O)OC1CCCCC1,,0.0,0.0
O=C(CN1N=NN(C2=CC=CS2)C1=O)OC1CCCCC1,,0.0,0.0
CC1=CC=C(C([NH3+])C2=C(C)C3=CC=CC=C3O2)C=C1F,CC1=C2C(COC(CCCCC)O2)=C(C(CC3=C(COC(C)(C)O4)C4=C(C)N=C3)(C)C)C=N1,0.05813953488372093,0.4729635084227723
CC1=CC=C(C([NH3+])C2=C(C)C3=CC=CC=C3O2)C=C1F,CC1=C2C(COC(CCCCC)O2)=C(C(CC3=C(COC(C)(C)O4)C4=C(C)N=C3)(C)C)C=N1,0.05813953488372093,0.4729635084227723
CC1=CC=C(C([NH3+])C2=C(C)C3=CC=CC=C3O2)C=C1F,CC1=C2C(COC(CCCCC)O2)=C(C(CC3=C(COC(C)(C)O4)C4=C(C)N=C3)(C)C)C=N1,0.05813953488372093,0.4729635084227723
CC1=CC=C(C([NH3+])C2=C(C)C3=CC=CC=C3O2)C=C1F,CC1=C2C(COC(CCCCC)O2)=C(C(CC3=C(COC(C)(C)O4)C4=C(C)N=C3)(C)C)C=N1,0.05813953488372093,0.4729635084227723
CC1=CC=C(C([NH3+])C2=C(C)C3=CC=CC=C3O2)C=C1F,CC1=C2C(COC(CCCCC)O2)=C(C(CC3=C(COC(C)(C)O4)C4=C(C)N=C3)(C)C)C=N1,0.05813953488372093,0.4729635084227723
CC1=CC=C(C([NH3+])C2=C(C)C3=CC=CC=C3O2)C=C1F,CC1=C2C(COC(CCCCC)O2)=C(C(CC3=C(COC(C)(C)O4)C4=C(C)N=C3)(C)C)C=N1,0.05813953488372093,0.4729635084227723
CC1=CC=C(C([NH3+])C2=C(C)C3=CC=CC=C3O2)C=C1F,CC1=C2C(COC(CCCCC)O2)=C(C(CC3=C(COC(C)(C)O4)C4=C(C)N=C3)(C)C)C=N1,0.05813953488372093,0.4729635084227723
CC1=CC=C(C([NH3+])C2=C(C)C3=CC=CC=C3O2)C=C1F,CC1=C2C(COC(CCCCC)O2)=C(C(CC3=C(COC(C)(C)O4)C4=C(C)N=C3)(C)C)C=N1,0.05813953488372093,0.4729635084227723
CC1=CC=C(C([NH3+])C2=C(C)C3=CC=CC=C3O2)C=C1F,CC1=C2C(COC(CCCCC)O2)=C(C(CC3=C(COC(C)(C)O4)C4=C(C)N=C3)(C)C)C=N1,0.05813953488372093,0.4729635084227723
CC1=CC=C(C([NH3+])C2=C(C)C3=CC=CC=C3O2)C=C1F,CC1=C2C(COC(CCCCC)O2)=C(C(CC3=C(COC(C)(C)O4)C4=C(C)N=C3)(C)C)C=N1,0.05813953488372093,0.4729635084227723
CC1=CC=C(C([NH3+])C2=C(C)C3=CC=CC=C3O2)C=C1F,CC1=C2C(COC(CCCCC)O2)=C(C(CC3=C(COC(C)(C)O4)C4=C(C)N=C3)(C)C)C=N1,0.05813953488372093,0.4729635084227723
CC1=CC=C(C([NH3+])C2=C(C)C3=CC=CC=C3O2)C=C1F,CC1=C2C(COC(CCCCC)O2)=C(C(CC3=C(COC(C)(C)O4)C4=C(C)N=C3)(C)C)C=N1,0.05813953488372093,0.4729635084227723
CC1=CC=C(C([NH3+])C2=C(C)C3=CC=CC=C3O2)C=C1F,CC1=C2C(COC(CCCCC)O2)=C(C(CC3=C(COC(C)(C)O4)C4=C(C)N=C3)(C)C)C=N1,0.05813953488372093,0.4729635084227723
CC1=CC=C(C([NH3+])C2=C(C)C3=CC=CC=C3O2)C=C1F,CC1=C2C(COC(CCCCC)O2)=C(C(CC3=C(COC(C)(C)O4)C4=C(C)N=C3)(C)C)C=N1,0.05813953488372093,0.4729635084227723
CC1=CC=C(C([NH3+])C2=C(C)C3=CC=CC=C3O2)C=C1F,CC1=C2C(COC(CCCCC)O2)=C(C(CC3=C(COC(C)(C)O4)C4=C(C)N=C3)(C)C)C=N1,0.05813953488372093,0.4729635084227723
CC1=CC=C(C([NH3+])C2=C(C)C3=CC=CC=C3O2)C=C1F,CC1=C2C(COC(CCCCC)O2)=C(C(CC3=C(COC(C)(C)O4)C4=C(C)N=C3)(C)C)C=N1,0.05813953488372093,0.4729635084227723
CC1=CC=C(C([NH3+])C2=C(C)C3=CC=CC=C3O2)C=C1F,CC1=C2C(COC(CCCCC)O2)=C(C(CC3=C(COC(C)(C)O4)C4=C(C)N=C3)(C)C)C=N1,0.05813953488372093,0.4729635084227723
CC1=CC=C(C([NH3+])C2=C(C)C3=CC=CC=C3O2)C=C1F,CC1=C2C(COC(CCCCC)O2)=C(C(CC3=C(COC(C)(C)O4)C4=C(C)N=C3)(C)C)C=N1,0.05813953488372093,0.4729635084227723
CC1=CC=C(C([NH3+])C2=C(C)C3=CC=CC=C3O2)C=C1F,CC1=C2C(COC(CCCCC)O2)=C(C(CC3=C(COC(C)(C)O4)C4=C(C)N=C3)(C)C)C=N1,0.05813953488372093,0.4729635084227723
CC1=CC=C(C([NH3+])C2=C(C)C3=CC=CC=C3O2)C=C1F,CC1=C2C(COC(CCCCC)O2)=C(C(CC3=C(COC(C)(C)O4)C4=C(C)N=C3)(C)C)C=N1,0.05813953488372093,0.4729635084227723
CC(C)C(NC(=O)C12CCC(CC1Br)C2)C1=NC(C2CC2)=NO1,CC1=C2C(COC(C)(C)O2)=C(C(CC3=C(COC(C)(C)O4)C4=C(C)N=C3)(C)C)C=N1,0.07407407407407407,0.714208444238621
CC(C)C(NC(=O)C12CCC(CC1Br)C2)C1=NC(C2CC2)=NO1,CC1=C2C(COC(C)(C)O2)=C(C(CC3=C(COC(C)(C)O4)C4=C(C)N=C3)(C)C)C=N1,0.07407407407407407,0.714208444238621
CC(C)C(NC(=O)C12CCC(CC1Br)C2)C1=NC(C2CC2)=NO1,CC1=C2C(COC(C)(C)O2)=C(C(CC3=C(COC(C)(C)O4)C4=C(C)N=C3)(C)C)C=N1,0.07407407407407407,0.714208444238621
CC(C)C(NC(=O)C12CCC(CC1Br)C2)C1=NC(C2CC2)=NO1,CC1=C2C(COC(C)(C)O2)=C(C(CC3=C(COC(C)(C)O4)C4=C(C)N=C3)(C)C)C=N1,0.07407407407407407,0.714208444238621
CC(C)C(NC(=O)C12CCC(CC1Br)C2)C1=NC(C2CC2)=NO1,CC1=C2C(COC(C)(C)O2)=C(C(CC3=C(COC(C)(C)O4)C4=C(C)N=C3)(C)C)C=N1,0.07407407407407407,0.714208444238621
CC(C)C(NC(=O)C12CCC(CC1Br)C2)C1=NC(C2CC2)=NO1,CC1=C2C(COC(C)(C)O2)=C(C(CC3=C(COC(C)(C)O4)C4=C(C)N=C3)(C)C)C=N1,0.07407407407407407,0.714208444238621
CC(C)C(NC(=O)C12CCC(CC1Br)C2)C1=NC(C2CC2)=NO1,CC1=C2C(COC(C)(C)O2)=C(C(CC3=C(COC(C)(C)O4)C4=C(C)N=C3)(C)C)C=N1,0.07407407407407407,0.714208444238621
CC(C)C(NC(=O)C12CCC(CC1Br)C2)C1=NC(C2CC2)=NO1,CC1=C2C(COC(C)(C)O2)=C(C(CC3=C(COC(C)(C)O4)C4=C(C)N=C3)(C)C)C=N1,0.07407407407407407,0.714208444238621
CC(C)C(NC(=O)C12CCC(CC1Br)C2)C1=NC(C2CC2)=NO1,CC1=C2C(COC(C)(C)O2)=C(C(CC3=C(COC(C)(C)O4)C4=C(C)N=C3)(C)C)C=N1,0.07407407407407407,0.714208444238621
CC(C)C(NC(=O)C12CCC(CC1Br)C2)C1=NC(C2CC2)=NO1,CC1=C2C(COC(C)(C)O2)=C(C(CC3=C(COC(C)(C)O4)C4=C(C)N=C3)(C)C)C=N1,0.07407407407407407,0.714208444238621
CC(C)C(NC(=O)C12CCC(CC1Br)C2)C1=NC(C2CC2)=NO1,CC1=C2C(COC(C)(C)O2)=C(C(CC3=C(COC(C)(C)O4)C4=C(C)N=C3)(C)C)C=N1,0.07407407407407407,0.714208444238621
CC(C)C(NC(=O)C12CCC(CC1Br)C2)C1=NC(C2CC2)=NO1,CC1=C2C(COC(C)(C)O2)=C(C(CC3=C(COC(C)(C)O4)C4=C(C)N=C3)(C)C)C=N1,0.07407407407407407,0.714208444238621
CC(C)C(NC(=O)C12CCC(CC1Br)C2)C1=NC(C2CC2)=NO1,CC1=C2C(COC(C)(C)O2)=C(C(CC3=C(COC(C)(C)O4)C4=C(C)N=C3)(C)C)C=N1,0.07407407407407407,0.714208444238621
CC(C)C(NC(=O)C12CCC(CC1Br)C2)C1=NC(C2CC2)=NO1,CC1=C2C(COC(C)(C)O2)=C(C(CC3=C(COC(C)(C)O4)C4=C(C)N=C3)(C)C)C=N1,0.07407407407407407,0.714208444238621
CC(C)C(NC(=O)C12CCC(CC1Br)C2)C1=NC(C2CC2)=NO1,CC1=C2C(COC(C)(C)O2)=C(C(CC3=C(COC(C)(C)O4)C4=C(C)N=C3)(C)C)C=N1,0.07407407407407407,0.714208444238621
CC(C)C(NC(=O)C12CCC(CC1Br)C2)C1=NC(C2CC2)=NO1,CC1=C2C(COC(C)(C)O2)=C(C(CC3=C(COC(C)(C)O4)C4=C(C)N=C3)(C)C)C=N1,0.07407407407407407,0.714208444238621
CC(C)C(NC(=O)C12CCC(CC1Br)C2)C1=NC(C2CC2)=NO1,CC1=C2C(COC(C)(C)O2)=C(C(CC3=C(COC(C)(C)O4)C4=C(C)N=C3)(C)C)C=N1,0.07407407407407407,0.714208444238621
CC(C)C(NC(=O)C12CCC(CC1Br)C2)C1=NC(C2CC2)=NO1,CC1=C2C(COC(C)(C)O2)=C(C(CC3=C(COC(C)(C)O4)C4=C(C)N=C3)(C)C)C=N1,0.07407407407407407,0.714208444238621
CC(C)C(NC(=O)C12CCC(CC1Br)C2)C1=NC(C2CC2)=NO1,CC1=C2C(COC(C)(C)O2)=C(C(CC3=C(COC(C)(C)O4)C4=C(C)N=C3)(C)C)C=N1,0.07407407407407407,0.714208444238621
CC(C)C(NC(=O)C12CCC(CC1Br)C2)C1=NC(C2CC2)=NO1,CC1=C2C(COC(C)(C)O2)=C(C(CC3=C(COC(C)(C)O4)C4=C(C)N=C3)(C)C)C=N1,0.07407407407407407,0.714208444238621
COC1=CC=C(C[NH+]2CC(CO)CCC2C)C=C1O,,0.0,0.0
COC1=CC=C(C[NH+]2CC(CO)CCC2C)C=C1O,,0.0,0.0
COC1=CC=C(C[NH+]2CC(CO)CCC2C)C=C1O,,0.0,0.0
COC1=CC=C(C[NH+]2CC(CO)CCC2C)C=C1O,,0.0,0.0
COC1=CC=C(C[NH+]2CC(CO)CCC2C)C=C1O,,0.0,0.0
COC1=CC=C(C[NH+]2CC(CO)CCC2C)C=C1O,,0.0,0.0
COC1=CC=C(C[NH+]2CC(CO)CCC2C)C=C1O,,0.0,0.0
COC1=CC=C(C[NH+]2CC(CO)CCC2C)C=C1O,,0.0,0.0
COC1=CC=C(C[NH+]2CC(CO)CCC2C)C=C1O,,0.0,0.0
COC1=CC=C(C[NH+]2CC(CO)CCC2C)C=C1O,,0.0,0.0
COC1=CC=C(C[NH+]2CC(CO)CCC2C)C=C1O,,0.0,0.0
COC1=CC=C(C[NH+]2CC(CO)CCC2C)C=C1O,,0.0,0.0
COC1=CC=C(C[NH+]2CC(CO)CCC2C)C=C1O,,0.0,0.0
COC1=CC=C(C[NH+]2CC(CO)CCC2C)C=C1O,,0.0,0.0
COC1=CC=C(C[NH+]2CC(CO)CCC2C)C=C1O,,0.0,0.0
COC1=CC=C(C[NH+]2CC(CO)CCC2C)C=C1O,,0.0,0.0
COC1=CC=C(C[NH+]2CC(CO)CCC2C)C=C1O,,0.0,0.0
COC1=CC=C(C[NH+]2CC(CO)CCC2C)C=C1O,,0.0,0.0
COC1=CC=C(C[NH+]2CC(CO)CCC2C)C=C1O,,0.0,0.0
COC1=CC=C(C[NH+]2CC(CO)CCC2C)C=C1O,,0.0,0.0
COC1=CC(C)=CC=C1NCC1=NN(C2=CC=CC=C2)C=C1,CCCCCCCCCC(C)(CC1=C(C)C(OC(C)=O)=C(C)N=C1)C,0.09210526315789473,0.34648454331069145
COC1=CC(C)=CC=C1NCC1=NN(C2=CC=CC=C2)C=C1,CCCCCCCCCC(C)(CC1=C(C)C(OC(C)=O)=C(C)N=C1)C,0.09210526315789473,0.34648454331069145
COC1=CC(C)=CC=C1NCC1=NN(C2=CC=CC=C2)C=C1,CCCCCCCCCC(C)(CC1=C(C)C(OC(C)=O)=C(C)N=C1)C,0.09210526315789473,0.34648454331069145
COC1=CC(C)=CC=C1NCC1=NN(C2=CC=CC=C2)C=C1,CCCCCCCCCC(C)(CC1=C(C)C(OC(C)=O)=C(C)N=C1)C,0.09210526315789473,0.34648454331069145
COC1=CC(C)=CC=C1NCC1=NN(C2=CC=CC=C2)C=C1,,0.0,0.0
COC1=CC(C)=CC=C1NCC1=NN(C2=CC=CC=C2)C=C1,CCCCCCCCCC(C)(CC1=C(C)C(OC(C)=O)=C(C)N=C1)C,0.09210526315789473,0.34648454331069145
COC1=CC(C)=CC=C1NCC1=NN(C2=CC=CC=C2)C=C1,CCCCCCCCCC(C)(CC1=C(C)C(OC(C)=O)=C(C)N=C1)C,0.09210526315789473,0.34648454331069145
COC1=CC(C)=CC=C1NCC1=NN(C2=CC=CC=C2)C=C1,CCCCCCCCCC(C)(CC1=C(C)C(OC(C)=O)=C(C)N=C1)C,0.09210526315789473,0.34648454331069145
COC1=CC(C)=CC=C1NCC1=NN(C2=CC=CC=C2)C=C1,CCCCCCCCCC(C)(CC1=C(C)C(OC(C)=O)=C(C)N=C1)C,0.09210526315789473,0.34648454331069145
COC1=CC(C)=CC=C1NCC1=NN(C2=CC=CC=C2)C=C1,CCCCCCCCCC(C)(CC1=C(C)C(OC(C)=O)=C(C)N=C1)C,0.09210526315789473,0.34648454331069145
COC1=CC(C)=CC=C1NCC1=NN(C2=CC=CC=C2)C=C1,CCCCCCCCCC(C)(CC1=C(C)C(OC(C)=O)=C(C)N=C1)C,0.09210526315789473,0.34648454331069145
COC1=CC(C)=CC=C1NCC1=NN(C2=CC=CC=C2)C=C1,CCCCCCCCCC(C)(CC1=C(C)C(OC(C)=O)=C(C)N=C1)C,0.09210526315789473,0.34648454331069145
COC1=CC(C)=CC=C1NCC1=NN(C2=CC=CC=C2)C=C1,CCCCCCCCCC(C)(CC1=C(C)C(OC(C)=O)=C(C)N=C1)C,0.09210526315789473,0.34648454331069145
COC1=CC(C)=CC=C1NCC1=NN(C2=CC=CC=C2)C=C1,CCCCCCCCCC(C)(CC1=C(C)C(OC(C)=O)=C(C)N=C1)C,0.09210526315789473,0.34648454331069145
COC1=CC(C)=CC=C1NCC1=NN(C2=CC=CC=C2)C=C1,CCCCCCCCCC(C)(CC1=C(C)C(OC(C)=O)=C(C)N=C1)C,0.09210526315789473,0.34648454331069145
COC1=CC(C)=CC=C1NCC1=NN(C2=CC=CC=C2)C=C1,CCCCCCCCCC(C)(CC1=C(C)C(OC(C)=O)=C(C)N=C1)C,0.09210526315789473,0.34648454331069145
COC1=CC(C)=CC=C1NCC1=NN(C2=CC=CC=C2)C=C1,CCCCCCCCCC(C)(CC1=C(C)C(OC(C)=O)=C(C)N=C1)C,0.09210526315789473,0.34648454331069145
COC1=CC(C)=CC=C1NCC1=NN(C2=CC=CC=C2)C=C1,CCCCCCCCCC(C)(CC1=C(C)C(OC(C)=O)=C(C)N=C1)C,0.09210526315789473,0.34648454331069145
COC1=CC(C)=CC=C1NCC1=NN(C2=CC=CC=C2)C=C1,CCCCCCCCCC(C)(CC1=C(C)C(OC(C)=O)=C(C)N=C1)C,0.09210526315789473,0.34648454331069145
COC1=CC(C)=CC=C1NCC1=NN(C2=CC=CC=C2)C=C1,CCCCCCCCCC(C)(CC1=C(C)C(OC(C)=O)=C(C)N=C1)C,0.09210526315789473,0.34648454331069145
O=C1C2=CC=C(OC3=CC=CC(NC(=O)C(F)(F)F)=C3)C=C2C(=O)N1CC1CCCO1,,0.0,0.0
O=C1C2=CC=C(OC3=CC=CC(NC(=O)C(F)(F)F)=C3)C=C2C(=O)N1CC1CCCO1,,0.0,0.0
O=C1C2=CC=C(OC3=CC=CC(NC(=O)C(F)(F)F)=C3)C=C2C(=O)N1CC1CCCO1,,0.0,0.0
O=C1C2=CC=C(OC3=CC=CC(NC(=O)C(F)(F)F)=C3)C=C2C(=O)N1CC1CCCO1,,0.0,0.0
O=C1C2=CC=C(OC3=CC=CC(NC(=O)C(F)(F)F)=C3)C=C2C(=O)N1CC1CCCO1,,0.0,0.0
O=C1C2=CC=C(OC3=CC=CC(NC(=O)C(F)(F)F)=C3)C=C2C(=O)N1CC1CCCO1,,0.0,0.0
O=C1C2=CC=C(OC3=CC=CC(NC(=O)C(F)(F)F)=C3)C=C2C(=O)N1CC1CCCO1,,0.0,0.0
O=C1C2=CC=C(OC3=CC=CC(NC(=O)C(F)(F)F)=C3)C=C2C(=O)N1CC1CCCO1,,0.0,0.0
O=C1C2=CC=C(OC3=CC=CC(NC(=O)C(F)(F)F)=C3)C=C2C(=O)N1CC1CCCO1,,0.0,0.0
O=C1C2=CC=C(OC3=CC=CC(NC(=O)C(F)(F)F)=C3)C=C2C(=O)N1CC1CCCO1,,0.0,0.0
O=C1C2=CC=C(OC3=CC=CC(NC(=O)C(F)(F)F)=C3)C=C2C(=O)N1CC1CCCO1,,0.0,0.0
O=C1C2=CC=C(OC3=CC=CC(NC(=O)C(F)(F)F)=C3)C=C2C(=O)N1CC1CCCO1,,0.0,0.0
O=C1C2=CC=C(OC3=CC=CC(NC(=O)C(F)(F)F)=C3)C=C2C(=O)N1CC1CCCO1,,0.0,0.0
O=C1C2=CC=C(OC3=CC=CC(NC(=O)C(F)(F)F)=C3)C=C2C(=O)N1CC1CCCO1,,0.0,0.0
O=C1C2=CC=C(OC3=CC=CC(NC(=O)C(F)(F)F)=C3)C=C2C(=O)N1CC1CCCO1,,0.0,0.0
O=C1C2=CC=C(OC3=CC=CC(NC(=O)C(F)(F)F)=C3)C=C2C(=O)N1CC1CCCO1,,0.0,0.0
O=C1C2=CC=C(OC3=CC=CC(NC(=O)C(F)(F)F)=C3)C=C2C(=O)N1CC1CCCO1,,0.0,0.0
O=C1C2=CC=C(OC3=CC=CC(NC(=O)C(F)(F)F)=C3)C=C2C(=O)N1CC1CCCO1,,0.0,0.0
O=C1C2=CC=C(OC3=CC=CC(NC(=O)C(F)(F)F)=C3)C=C2C(=O)N1CC1CCCO1,,0.0,0.0
O=C1C2=CC=C(OC3=CC=CC(NC(=O)C(F)(F)F)=C3)C=C2C(=O)N1CC1CCCO1,,0.0,0.0
COC1=CC(C)=CC=C1NC(=O)NC1CCC([NH+](C)C)C1,,0.0,0.0
COC1=CC(C)=CC=C1NC(=O)NC1CCC([NH+](C)C)C1,CCCCCCCCCCCC(OC1=NC=CC=C1)C,0.07142857142857142,0.4523960247988492
COC1=CC(C)=CC=C1NC(=O)NC1CCC([NH+](C)C)C1,,0.0,0.0
COC1=CC(C)=CC=C1NC(=O)NC1CCC([NH+](C)C)C1,,0.0,0.0
COC1=CC(C)=CC=C1NC(=O)NC1CCC([NH+](C)C)C1,,0.0,0.0
COC1=CC(C)=CC=C1NC(=O)NC1CCC([NH+](C)C)C1,CCCCCCCCCCCC(OCCCCCCCCCCC)(CC1=C(C)C(OC(C)=O)=C(C)N=C1)C,0.0975609756097561,0.09827885527551145
COC1=CC(C)=CC=C1NC(=O)NC1CCC([NH+](C)C)C1,,0.0,0.0
COC1=CC(C)=CC=C1NC(=O)NC1CCC([NH+](C)C)C1,,0.0,0.0
COC1=CC(C)=CC=C1NC(=O)NC1CCC([NH+](C)C)C1,,0.0,0.0
COC1=CC(C)=CC=C1NC(=O)NC1CCC([NH+](C)C)C1,CCCCCCCCCCCC(OCCCCCCCCCCC)(CC1=C(C)C(OC(C)=O)=C(C)N=C1)C,0.0975609756097561,0.09827885527551145
COC1=CC(C)=CC=C1NC(=O)NC1CCC([NH+](C)C)C1,,0.0,0.0
COC1=CC(C)=CC=C1NC(=O)NC1CCC([NH+](C)C)C1,CCCCCCCCCCCCCCCCCCCCCCCC(C)(CC1=C(C)C(OC(C)=O)=C(C)N=C1)C,0.10526315789473684,0.09087799732826495
COC1=CC(C)=CC=C1NC(=O)NC1CCC([NH+](C)C)C1,CCCCCCCCCCCCCC(C)(CC1=C(C)C(OC(C)=O)=C(C)N=C1)C,0.10526315789473684,0.22060217483200334
COC1=CC(C)=CC=C1NC(=O)NC1CCC([NH+](C)C)C1,,0.0,0.0
COC1=CC(C)=CC=C1NC(=O)NC1CCC([NH+](C)C)C1,,0.0,0.0
COC1=CC(C)=CC=C1NC(=O)NC1CCC([NH+](C)C)C1,CCCCCCCCCCCCCCCCCCCC(C)(CC1=C(C)C(OC(C)=O)=C(C)N=C1)C,0.10526315789473684,0.1277969218057045
COC1=CC(C)=CC=C1NC(=O)NC1CCC([NH+](C)C)C1,,0.0,0.0
COC1=CC(C)=CC=C1NC(=O)NC1CCC([NH+](C)C)C1,,0.0,0.0
COC1=CC(C)=CC=C1NC(=O)NC1CCC([NH+](C)C)C1,,0.0,0.0
COC1=CC(C)=CC=C1NC(=O)NC1CCC([NH+](C)C)C1,CCCCCCCCCCCCCCCC(C)(CC1=C(C)C(OC(C)=O)=C(C)N=C1)C,0.10526315789473684,0.18282383408538155
CCC(NC(=O)NC1CCC(C(=O)OC(C)(C)C)CC1)C1CCCO1,,0.0,0.0
CCC(NC(=O)NC1CCC(C(=O)OC(C)(C)C)CC1)C1CCCO1,,0.0,0.0
CCC(NC(=O)NC1CCC(C(=O)OC(C)(C)C)CC1)C1CCCO1,,0.0,0.0
CCC(NC(=O)NC1CCC(C(=O)OC(C)(C)C)CC1)C1CCCO1,C1=C(C)C(CO)=C(C)C=C1,0.05,0.6237397388228979
CCC(NC(=O)NC1CCC(C(=O)OC(C)(C)C)CC1)C1CCCO1,,0.0,0.0
CCC(NC(=O)NC1CCC(C(=O)OC(C)(C)C)CC1)C1CCCO1,,0.0,0.0
CCC(NC(=O)NC1CCC(C(=O)OC(C)(C)C)CC1)C1CCCO1,,0.0,0.0
CCC(NC(=O)NC1CCC(C(=O)OC(C)(C)C)CC1)C1CCCO1,,0.0,0.0
CCC(NC(=O)NC1CCC(C(=O)OC(C)(C)C)CC1)C1CCCO1,,0.0,0.0
CCC(NC(=O)NC1CCC(C(=O)OC(C)(C)C)CC1)C1CCCO1,,0.0,0.0
CCC(NC(=O)NC1CCC(C(=O)OC(C)(C)C)CC1)C1CCCO1,,0.0,0.0
CCC(NC(=O)NC1CCC(C(=O)OC(C)(C)C)CC1)C1CCCO1,,0.0,0.0
CCC(NC(=O)NC1CCC(C(=O)OC(C)(C)C)CC1)C1CCCO1,,0.0,0.0
CCC(NC(=O)NC1CCC(C(=O)OC(C)(C)C)CC1)C1CCCO1,,0.0,0.0
CCC(NC(=O)NC1CCC(C(=O)OC(C)(C)C)CC1)C1CCCO1,,0.0,0.0
CCC(NC(=O)NC1CCC(C(=O)OC(C)(C)C)CC1)C1CCCO1,,0.0,0.0
CCC(NC(=O)NC1CCC(C(=O)OC(C)(C)C)CC1)C1CCCO1,C1=NC=C(C)C(CO)=C(CO)C2=C1OC(C)C(C)CCNC(CCCCCCCCCCCCC)OC2,0.12087912087912088,0.22603106561579042
CCC(NC(=O)NC1CCC(C(=O)OC(C)(C)C)CC1)C1CCCO1,,0.0,0.0
CCC(NC(=O)NC1CCC(C(=O)OC(C)(C)C)CC1)C1CCCO1,C1=NC=C(C)C(CO)=C(C)C(CO)=C(C)C(CO)=C(C)C(OO)=C(C)C=C1,0.05194805194805195,0.47599311023809304
CCC(NC(=O)NC1CCC(C(=O)OC(C)(C)C)CC1)C1CCCO1,,0.0,0.0
CCCC1=NC(C(=O)N(CC(N)=O)C2CCCC2)=NN1,,0.0,0.0
CCCC1=NC(C(=O)N(CC(N)=O)C2CCCC2)=NN1,,0.0,0.0
CCCC1=NC(C(=O)N(CC(N)=O)C2CCCC2)=NN1,,0.0,0.0
CCCC1=NC(C(=O)N(CC(N)=O)C2CCCC2)=NN1,,0.0,0.0
CCCC1=NC(C(=O)N(CC(N)=O)C2CCCC2)=NN1,,0.0,0.0
CCCC1=NC(C(=O)N(CC(N)=O)C2CCCC2)=NN1,,0.0,0.0
CCCC1=NC(C(=O)N(CC(N)=O)C2CCCC2)=NN1,,0.0,0.0
CCCC1=NC(C(=O)N(CC(N)=O)C2CCCC2)=NN1,,0.0,0.0
CCCC1=NC(C(=O)N(CC(N)=O)C2CCCC2)=NN1,,0.0,0.0
CCCC1=NC(C(=O)N(CC(N)=O)C2CCCC2)=NN1,,0.0,0.0
CCCC1=NC(C(=O)N(CC(N)=O)C2CCCC2)=NN1,,0.0,0.0
CCCC1=NC(C(=O)N(CC(N)=O)C2CCCC2)=NN1,,0.0,0.0
CCCC1=NC(C(=O)N(CC(N)=O)C2CCCC2)=NN1,,0.0,0.0
CCCC1=NC(C(=O)N(CC(N)=O)C2CCCC2)=NN1,,0.0,0.0
CCCC1=NC(C(=O)N(CC(N)=O)C2CCCC2)=NN1,,0.0,0.0
CCCC1=NC(C(=O)N(CC(N)=O)C2CCCC2)=NN1,,0.0,0.0
CCCC1=NC(C(=O)N(CC(N)=O)C2CCCC2)=NN1,,0.0,0.0
CCCC1=NC(C(=O)N(CC(N)=O)C2CCCC2)=NN1,,0.0,0.0
CCCC1=NC(C(=O)N(CC(N)=O)C2CCCC2)=NN1,,0.0,0.0
CCCC1=NC(C(=O)N(CC(N)=O)C2CCCC2)=NN1,,0.0,0.0
CCCN1C(=NC(=O)C(CCSC)NC(N)=O)NC2=CC=CC=C21,,0.0,0.0
CCCN1C(=NC(=O)C(CCSC)NC(N)=O)NC2=CC=CC=C21,,0.0,0.0
CCCN1C(=NC(=O)C(CCSC)NC(N)=O)NC2=CC=CC=C21,,0.0,0.0
CCCN1C(=NC(=O)C(CCSC)NC(N)=O)NC2=CC=CC=C21,CCCCCCCCCC(C)(CC1=C(C)C(OC(C)=O)=C(C)N=C1)C,0.10843373493975904,0.34648454331069145
CCCN1C(=NC(=O)C(CCSC)NC(N)=O)NC2=CC=CC=C21,CCCCCCCCCCCC(C)(CC1=C(C)C(OC(C)=O)=C(C)N=C1)C,0.10843373493975904,0.2721638669616973
CCCN1C(=NC(=O)C(CCSC)NC(N)=O)NC2=CC=CC=C21,CCCCCCCCCCCC(C)(CC1=C(C)C(OC(C)=O)=C(C)N=C1)C,0.10843373493975904,0.2721638669616973
CCCN1C(=NC(=O)C(CCSC)NC(N)=O)NC2=CC=CC=C21,CCCCCCCCCC(C)(CC1=C(C)C(OC(C)=O)=C(C)N=C1)C,0.10843373493975904,0.34648454331069145
CCCN1C(=NC(=O)C(CCSC)NC(N)=O)NC2=CC=CC=C21,,0.0,0.0
CCCN1C(=NC(=O)C(CCSC)NC(N)=O)NC2=CC=CC=C21,CCCCCCCCCC(C)(CC1=C(C)C(OC(C)=O)=C(C)N=C1)C,0.10843373493975904,0.34648454331069145
CCCN1C(=NC(=O)C(CCSC)NC(N)=O)NC2=CC=CC=C21,CCCCCCCCCC(C)(CC1=C(C)C(OC(C)=O)=C(C)N=C1)C,0.10843373493975904,0.34648454331069145
CCCN1C(=NC(=O)C(CCSC)NC(N)=O)NC2=CC=CC=C21,,0.0,0.0
CCCN1C(=NC(=O)C(CCSC)NC(N)=O)NC2=CC=CC=C21,,0.0,0.0
CCCN1C(=NC(=O)C(CCSC)NC(N)=O)NC2=CC=CC=C21,,0.0,0.0
CCCN1C(=NC(=O)C(CCSC)NC(N)=O)NC2=CC=CC=C21,,0.0,0.0
CCCN1C(=NC(=O)C(CCSC)NC(N)=O)NC2=CC=CC=C21,CCCCCCCCCC(C)(CC1=C(C)C(OC(C)=O)=C(C)N=C1)C,0.10843373493975904,0.34648454331069145
CCCN1C(=NC(=O)C(CCSC)NC(N)=O)NC2=CC=CC=C21,CCCCCCCCCC(C)(CC1=C(C)C(OC(C)=O)=C(C)N=C1)C,0.10843373493975904,0.34648454331069145
CCCN1C(=NC(=O)C(CCSC)NC(N)=O)NC2=CC=CC=C21,,0.0,0.0
CCCN1C(=NC(=O)C(CCSC)NC(N)=O)NC2=CC=CC=C21,CCCCCCCCCC(C)(CC1=NC=CC=C1)S,0.12,0.44346234507365256
CCCN1C(=NC(=O)C(CCSC)NC(N)=O)NC2=CC=CC=C21,CCCCCCCCCC(C)(CC1=C(C)C(OC(C)=O)=C(C)N=C1)C,0.10843373493975904,0.34648454331069145
CCCN1C(=NC(=O)C(CCSC)NC(N)=O)NC2=CC=CC=C21,,0.0,0.0
CCOC1=CC=C(S(=O)(=O)N2CCC(C3=NN=C(C4CC4)O3)CC2)C=C1,,0.0,0.0
CCOC1=CC=C(S(=O)(=O)N2CCC(C3=NN=C(C4CC4)O3)CC2)C=C1,,0.0,0.0
CCOC1=CC=C(S(=O)(=O)N2CCC(C3=NN=C(C4CC4)O3)CC2)C=C1,C(CC1=C(OC(C)(C)OC2)C2=C(CO)C(CO)=N1)(C/C=C/C#CC(C)(C)C)CC3=CC=CC4=CC=CC=C43,0.08080808080808081,0.3479060997562587
CCOC1=CC=C(S(=O)(=O)N2CCC(C3=NN=C(C4CC4)O3)CC2)C=C1,,0.0,0.0
CCOC1=CC=C(S(=O)(=O)N2CCC(C3=NN=C(C4CC4)O3)CC2)C=C1,C(CC1=C(OC(C)(C)OC2)C2=C(CO)C(CO)=N1)(C/C=C/C#CC(C)(C)C)CC3=CC=CC4=CC=CC=C43,0.08080808080808081,0.3479060997562587
CCOC1=CC=C(S(=O)(=O)N2CCC(C3=NN=C(C4CC4)O3)CC2)C=C1,C(CC1=C(OC(C)(C)OC2)C2=C(CO)C(CO)=N1)(C/C=C/C#CC(C)(C)C)CC3=CC=CC4=CC=CC=C43,0.08080808080808081,0.3479060997562587
CCOC1=CC=C(S(=O)(=O)N2CCC(C3=NN=C(C4CC4)O3)CC2)C=C1,,0.0,0.0
CCOC1=CC=C(S(=O)(=O)N2CCC(C3=NN=C(C4CC4)O3)CC2)C=C1,,0.0,0.0
CCOC1=CC=C(S(=O)(=O)N2CCC(C3=NN=C(C4CC4)O3)CC2)C=C1,C(CC1=C(OC(C)(C)OC2)C2=C(CO)C(CO)=N1)(C/C=C/C#CC(C)(C)C)CC3=CC=CC4=CC=CC=C43,0.08080808080808081,0.3479060997562587
CCOC1=CC=C(S(=O)(=O)N2CCC(C3=NN=C(C4CC4)O3)CC2)C=C1,,0.0,0.0
CCOC1=CC=C(S(=O)(=O)N2CCC(C3=NN=C(C4CC4)O3)CC2)C=C1,,0.0,0.0
CCOC1=CC=C(S(=O)(=O)N2CCC(C3=NN=C(C4CC4)O3)CC2)C=C1,C(CC1=C(OC(C)(C)OC2)C2=C(CO)C(CO)=N1)(C/C=C/C#CC(C)(C)C)CC3=CC=CC4=CC=CC=C43,0.08080808080808081,0.3479060997562587
CCOC1=CC=C(S(=O)(=O)N2CCC(C3=NN=C(C4CC4)O3)CC2)C=C1,C(CC1=C(OC(C)(C)OC2)C2=C(CO)C(CO)=N1)(C/C=C/C#CC(C)(C)C)CC3=CC=CC4=CC=CC=C43,0.08080808080808081,0.3479060997562587
CCOC1=CC=C(S(=O)(=O)N2CCC(C3=NN=C(C4CC4)O3)CC2)C=C1,,0.0,0.0
CCOC1=CC=C(S(=O)(=O)N2CCC(C3=NN=C(C4CC4)O3)CC2)C=C1,,0.0,0.0
CCOC1=CC=C(S(=O)(=O)N2CCC(C3=NN=C(C4CC4)O3)CC2)C=C1,C(CC1=C(OC(C)(C)OC2)C2=C(CO)C(CO)=N1)(C/C=C/C#CC(C)(C)C)CC3=CC=CC4=CC=CC=C43,0.08080808080808081,0.3479060997562587
CCOC1=CC=C(S(=O)(=O)N2CCC(C3=NN=C(C4CC4)O3)CC2)C=C1,,0.0,0.0
CCOC1=CC=C(S(=O)(=O)N2CCC(C3=NN=C(C4CC4)O3)CC2)C=C1,,0.0,0.0
CCOC1=CC=C(S(=O)(=O)N2CCC(C3=NN=C(C4CC4)O3)CC2)C=C1,C(CCO)(CCO)CCCCCCCCCCSC1=NN=C(O1)C2=CC=C(C(C)(C)C)C=N2,0.12345679012345678,0.20069412505516868
CCOC1=CC=C(S(=O)(=O)N2CCC(C3=NN=C(C4CC4)O3)CC2)C=C1,,0.0,0.0
O=C(CSC1=NC=C2C=CC=CN12)NC1CCCC2=CC=CC=C21,CCCCCCCCCCCC(CC1=NC=CC=C1)=O,0.15714285714285714,0.49583604694437183
O=C(CSC1=NC=C2C=CC=CN12)NC1CCCC2=CC=CC=C21,CCCCCCCCCCCC(OC1=NC=CC=C1)=O,0.15492957746478872,0.4260075772364941
O=C(CSC1=NC=C2C=CC=CN12)NC1CCCC2=CC=CC=C21,CCCCCCCCCCCC(OC1=NC=CC=C1)=O,0.15492957746478872,0.4260075772364941
O=C(CSC1=NC=C2C=CC=CN12)NC1CCCC2=CC=CC=C21,CCCCCCCCCCCC(OC1=NC=CC=C1)=O,0.15492957746478872,0.4260075772364941
O=C(CSC1=NC=C2C=CC=CN12)NC1CCCC2=CC=CC=C21,CCCCCCCCCCCC(OC1=NC=CC=C1)=O,0.15492957746478872,0.4260075772364941
O=C(CSC1=NC=C2C=CC=CN12)NC1CCCC2=CC=CC=C21,CCCCCCCCCCCC(OC1=NC=CC=C1)=O,0.15492957746478872,0.4260075772364941
O=C(CSC1=NC=C2C=CC=CN12)NC1CCCC2=CC=CC=C21,CCCCCCCCCCCC(OC1=NC=CC=C1)=O,0.15492957746478872,0.4260075772364941
O=C(CSC1=NC=C2C=CC=CN12)NC1CCCC2=CC=CC=C21,CCCCCCCCCCCC(OC1=NC=CC=C1)=O,0.15492957746478872,0.4260075772364941
O=C(CSC1=NC=C2C=CC=CN12)NC1CCCC2=CC=CC=C21,CCCCCCCCCCCC(OC1=NC=CC=C1)=O,0.15492957746478872,0.4260075772364941
O=C(CSC1=NC=C2C=CC=CN12)NC1CCCC2=CC=CC=C21,C(CCCCCCCCCCCC1=NC=CC=C1)=O,0.1323529411764706,0.40218151809058383
O=C(CSC1=NC=C2C=CC=CN12)NC1CCCC2=CC=CC=C21,CCCCCCCCCCCC(OC1=NC=CC=C1)=O,0.15492957746478872,0.4260075772364941
O=C(CSC1=NC=C2C=CC=CN12)NC1CCCC2=CC=CC=C21,CCCCCCCCCCCC(CC1=NC=CC=C1)=O,0.15714285714285714,0.49583604694437183
O=C(CSC1=NC=C2C=CC=CN12)NC1CCCC2=CC=CC=C21,CCCCCCCCCCCC(OC1=NC=CC=C1)=O,0.15492957746478872,0.4260075772364941
O=C(CSC1=NC=C2C=CC=CN12)NC1CCCC2=CC=CC=C21,CCCCCCCCCCCC(CC1=NC=CC=C1)=O,0.15714285714285714,0.49583604694437183
O=C(CSC1=NC=C2C=CC=CN12)NC1CCCC2=CC=CC=C21,C(CCCCCCCCCCCC1=NC=CC=C1)=O,0.1323529411764706,0.40218151809058383
O=C(CSC1=NC=C2C=CC=CN12)NC1CCCC2=CC=CC=C21,CCCCCCCCCCCC(OC1=NC=CC=C1)=O,0.15492957746478872,0.4260075772364941
O=C(CSC1=NC=C2C=CC=CN12)NC1CCCC2=CC=CC=C21,C(CCCCCCCCCCCC1=NC=CC=C1)=O,0.1323529411764706,0.40218151809058383
O=C(CSC1=NC=C2C=CC=CN12)NC1CCCC2=CC=CC=C21,CCCCCCCCCCCC(OC1=NC=CC=C1)=O,0.15492957746478872,0.4260075772364941
O=C(CSC1=NC=C2C=CC=CN12)NC1CCCC2=CC=CC=C21,CCCCCCCCCCCC(OC1=NC=CC=C1)=O,0.15492957746478872,0.4260075772364941
O=C(CSC1=NC=C2C=CC=CN12)NC1CCCC2=CC=CC=C21,CCCCCCCCCCCC(OC1=NC=CC=C1)=O,0.15492957746478872,0.4260075772364941
CC1=CC=C2C=C(C#N)C(NCCNC(=O)C34CC5CC(CC(C5)C3)C4)=[NH+]C2=C1C,,0.0,0.0
CC1=CC=C2C=C(C#N)C(NCCNC(=O)C34CC5CC(CC(C5)C3)C4)=[NH+]C2=C1C,,0.0,0.0
CC1=CC=C2C=C(C#N)C(NCCNC(=O)C34CC5CC(CC(C5)C3)C4)=[NH+]C2=C1C,,0.0,0.0
CC1=CC=C2C=C(C#N)C(NCCNC(=O)C34CC5CC(CC(C5)C3)C4)=[NH+]C2=C1C,,0.0,0.0
CC1=CC=C2C=C(C#N)C(NCCNC(=O)C34CC5CC(CC(C5)C3)C4)=[NH+]C2=C1C,,0.0,0.0
CC1=CC=C2C=C(C#N)C(NCCNC(=O)C34CC5CC(CC(C5)C3)C4)=[NH+]C2=C1C,,0.0,0.0
CC1=CC=C2C=C(C#N)C(NCCNC(=O)C34CC5CC(CC(C5)C3)C4)=[NH+]C2=C1C,,0.0,0.0
CC1=CC=C2C=C(C#N)C(NCCNC(=O)C34CC5CC(CC(C5)C3)C4)=[NH+]C2=C1C,,0.0,0.0
CC1=CC=C2C=C(C#N)C(NCCNC(=O)C34CC5CC(CC(C5)C3)C4)=[NH+]C2=C1C,,0.0,0.0
CC1=CC=C2C=C(C#N)C(NCCNC(=O)C34CC5CC(CC(C5)C3)C4)=[NH+]C2=C1C,,0.0,0.0
CC1=CC=C2C=C(C#N)C(NCCNC(=O)C34CC5CC(CC(C5)C3)C4)=[NH+]C2=C1C,,0.0,0.0
CC1=CC=C2C=C(C#N)C(NCCNC(=O)C34CC5CC(CC(C5)C3)C4)=[NH+]C2=C1C,,0.0,0.0
CC1=CC=C2C=C(C#N)C(NCCNC(=O)C34CC5CC(CC(C5)C3)C4)=[NH+]C2=C1C,,0.0,0.0
CC1=CC=C2C=C(C#N)C(NCCNC(=O)C34CC5CC(CC(C5)C3)C4)=[NH+]C2=C1C,,0.0,0.0
CC1=CC=C2C=C(C#N)C(NCCNC(=O)C34CC5CC(CC(C5)C3)C4)=[NH+]C2=C1C,,0.0,0.0
CC1=CC=C2C=C(C#N)C(NCCNC(=O)C34CC5CC(CC(C5)C3)C4)=[NH+]C2=C1C,,0.0,0.0
CC1=CC=C2C=C(C#N)C(NCCNC(=O)C34CC5CC(CC(C5)C3)C4)=[NH+]C2=C1C,,0.0,0.0
CC1=CC=C2C=C(C#N)C(NCCNC(=O)C34CC5CC(CC(C5)C3)C4)=[NH+]C2=C1C,,0.0,0.0
CC1=CC=C2C=C(C#N)C(NCCNC(=O)C34CC5CC(CC(C5)C3)C4)=[NH+]C2=C1C,,0.0,0.0
CC1=CC=C2C=C(C#N)C(NCCNC(=O)C34CC5CC(CC(C5)C3)C4)=[NH+]C2=C1C,,0.0,0.0
O=C([O-])C(CC1=CC=CC=C1)NC(=O)N(C1=CC=CC=C1)C1=CC=CC=C1,,0.0,0.0
O=C([O-])C(CC1=CC=CC=C1)NC(=O)N(C1=CC=CC=C1)C1=CC=CC=C1,,0.0,0.0
O=C([O-])C(CC1=CC=CC=C1)NC(=O)N(C1=CC=CC=C1)C1=CC=CC=C1,,0.0,0.0
O=C([O-])C(CC1=CC=CC=C1)NC(=O)N(C1=CC=CC=C1)C1=CC=CC=C1,,0.0,0.0
O=C([O-])C(CC1=CC=CC=C1)NC(=O)N(C1=CC=CC=C1)C1=CC=CC=C1,,0.0,0.0
O=C([O-])C(CC1=CC=CC=C1)NC(=O)N(C1=CC=CC=C1)C1=CC=CC=C1,,0.0,0.0
O=C([O-])C(CC1=CC=CC=C1)NC(=O)N(C1=CC=CC=C1)C1=CC=CC=C1,CCCCCCCCCCCC(OC1=CC=C1)C,0.07142857142857142,0.39968696939613824
O=C([O-])C(CC1=CC=CC=C1)NC(=O)N(C1=CC=CC=C1)C1=CC=CC=C1,,0.0,0.0
O=C([O-])C(CC1=CC=CC=C1)NC(=O)N(C1=CC=CC=C1)C1=CC=CC=C1,CCCCCCCCCCCCCCCCCCCCCCCCCC(OC1=CC=C1)C,0.07142857142857142,0.11998187199207484
O=C([O-])C(CC1=CC=CC=C1)NC(=O)N(C1=CC=CC=C1)C1=CC=CC=C1,CCCCCCCCCCCC(OC1=CC=C1)C,0.07142857142857142,0.39968696939613824
O=C([O-])C(CC1=CC=CC=C1)NC(=O)N(C1=CC=CC=C1)C1=CC=CC=C1,,0.0,0.0
O=C([O-])C(CC1=CC=CC=C1)NC(=O)N(C1=CC=CC=C1)C1=CC=CC=C1,CCCCCCCCCCCC(OC1=CC=C1)C,0.07142857142857142,0.39968696939613824
O=C([O-])C(CC1=CC=CC=C1)NC(=O)N(C1=CC=CC=C1)C1=CC=CC=C1,CCCCCCCCCCCC(OC1=CC=C1)=O,0.10909090909090909,0.3847244621791592
O=C([O-])C(CC1=CC=CC=C1)NC(=O)N(C1=CC=CC=C1)C1=CC=CC=C1,CCCCCCCCCCCC(OC1=CC=C1)=O,0.10909090909090909,0.3847244621791592
O=C([O-])C(CC1=CC=CC=C1)NC(=O)N(C1=CC=CC=C1)C1=CC=CC=C1,CCCCCCCCCCCC(OC1=CC=C1)C,0.07142857142857142,0.39968696939613824
O=C([O-])C(CC1=CC=CC=C1)NC(=O)N(C1=CC=CC=C1)C1=CC=CC=C1,CCCCCCCCCCCC(OC1=CC=C1)=O,0.10909090909090909,0.3847244621791592
O=C([O-])C(CC1=CC=CC=C1)NC(=O)N(C1=CC=CC=C1)C1=CC=CC=C1,,0.0,0.0
O=C([O-])C(CC1=CC=CC=C1)NC(=O)N(C1=CC=CC=C1)C1=CC=CC=C1,CCCCCCCCCCCC(OC1=CC=C1)C,0.07142857142857142,0.39968696939613824
O=C([O-])C(CC1=CC=CC=C1)NC(=O)N(C1=CC=CC=C1)C1=CC=CC=C1,CCCCCCCCCCCC(OC1=CC=C1)=O,0.10909090909090909,0.3847244621791592
O=C([O-])C(CC1=CC=CC=C1)NC(=O)N(C1=CC=CC=C1)C1=CC=CC=C1,CCCCCCCCCCCC(OC1=CC=C1)=O,0.10909090909090909,0.3847244621791592
CSC1=C(C#N)C(=O)OC(C2=CC=CS2)=C1,C(CCO)(CCO)CCCCCCCCCCSC1=NN=C(O1)C2=CC=C(C(C)(C)C)C=N2,0.11538461538461539,0.20069412505516868
CSC1=C(C#N)C(=O)OC(C2=CC=CS2)=C1,C(CCO)(CCO)CCCCCCCCCCSC1=NN=C(O1)C2=CC=C(C(C)(C)C)C=N2,0.11538461538461539,0.20069412505516868
CSC1=C(C#N)C(=O)OC(C2=CC=CS2)=C1,C(CCO)(CCCO)CCCCCCCCCCSC1=NN=C(O1)C2=CC=C(C(C)(C)C)C=N2,0.1125,0.17482503336395672
CSC1=C(C#N)C(=O)OC(C2=CC=CS2)=C1,C(CCO)(CCO)CCCCCCCCCCSC1=NN=C(O1)C2=CC=C(C(C)(C)C)C=N2,0.11538461538461539,0.20069412505516868
CSC1=C(C#N)C(=O)OC(C2=CC=CS2)=C1,C(CCO)(CCO)CCCCCCCCCCSC1=NN=C(O1)C2=CC=C(C(C)(C)C)C=N2,0.11538461538461539,0.20069412505516868
CSC1=C(C#N)C(=O)OC(C2=CC=CS2)=C1,C(CCO)(CCO)CCCCCCCCCCSC1=NN=C(O1)C2=CC=C(C(C)(C)C)C=N2,0.11538461538461539,0.20069412505516868
CSC1=C(C#N)C(=O)OC(C2=CC=CS2)=C1,C(CCO)(CCO)CCCCCCCCCCSC1=NN=C(O1)C2=CC=C(C(C)(C)C)C=N2,0.11538461538461539,0.20069412505516868
CSC1=C(C#N)C(=O)OC(C2=CC=CS2)=C1,C(CCO)(CCO)CCCCCCCCCCSC1=NN=C(O1)C2=CC=C(C(C)(C)C)C=N2,0.11538461538461539,0.20069412505516868
CSC1=C(C#N)C(=O)OC(C2=CC=CS2)=C1,C(CCO)(CCCO)CCCCCCCCCCSC1=NN=C(O1)C2=CC=C(C(C)(C)C)C=N2,0.1125,0.17482503336395672
CSC1=C(C#N)C(=O)OC(C2=CC=CS2)=C1,C(CCO)(CCO)CCCCCCCCCCSC1=NN=C(O1)C2=CC=C(C(C)(C)C)C=N2,0.11538461538461539,0.20069412505516868
CSC1=C(C#N)C(=O)OC(C2=CC=CS2)=C1,C(CCO)(CCO)CCCCCCCCCCSC1=NN=C(O1)C2=CC=C(C(C)(C)C)C=N2,0.11538461538461539,0.20069412505516868
CSC1=C(C#N)C(=O)OC(C2=CC=CS2)=C1,C(CCO)(CCCO)CCCCCCCCCCSC1=NN=C(O1)C2=CC=C(C(C)(C)C)C=N2,0.1125,0.17482503336395672
CSC1=C(C#N)C(=O)OC(C2=CC=CS2)=C1,C(CCO)(CCO)CCCCCCCCCCSC1=NN=C(O1)C2=CC=C(C(C)(C)C)C=N2,0.11538461538461539,0.20069412505516868
CSC1=C(C#N)C(=O)OC(C2=CC=CS2)=C1,C(CCO)(CCO)CCCCCCCCCCSC1=NN=C(O1)C2=CC=C(C(C)(C)C)C=N2,0.11538461538461539,0.20069412505516868
CSC1=C(C#N)C(=O)OC(C2=CC=CS2)=C1,C(CCO)(CCO)CCCCCCCCCCSC1=NN=C(O1)C2=CC=C(C(C)(C)C)C=N2,0.11538461538461539,0.20069412505516868
CSC1=C(C#N)C(=O)OC(C2=CC=CS2)=C1,C(CCO)(CCO)CCCCCCCCCCSC1=NN=C(O1)C2=CC=C(C(C)(C)C)C=N2,0.11538461538461539,0.20069412505516868
CSC1=C(C#N)C(=O)OC(C2=CC=CS2)=C1,C(CCO)(CCO)CCCCCCCCCCSC1=NN=C(O1)C2=CC=C(C(C)(C)C)C=N2,0.11538461538461539,0.20069412505516868
CSC1=C(C#N)C(=O)OC(C2=CC=CS2)=C1,C(CCO)(CCO)CCCCCCCCCCSC1=NN=C(O1)C2=CC=C(C(C)(C)C)C=N2,0.11538461538461539,0.20069412505516868
CSC1=C(C#N)C(=O)OC(C2=CC=CS2)=C1,C(CCO)(CCO)CCCCCCCCCCSC1=NN=C(O1)C2=CC=C(C(C)(C)C)C=N2,0.11538461538461539,0.20069412505516868
CSC1=C(C#N)C(=O)OC(C2=CC=CS2)=C1,C(CCO)(CCCO)CCCCCCCCCCSC1=NN=C(O1)C2=CC=C(C(C)(C)C)C=N2,0.1125,0.17482503336395672
CN(C)C(=O)OC1CCCCC1C[NH3+],CCCCCCCCCCCCCCCCCCCCCCCCCCCCCCCCCCCCCCCCCCCCCCCCCCCCCCCCCCCCCCCCCCCCCCCCCCCCCCCCCCCCCCCCCCCCCCCCCCCCCCCCCCCCCCCCCCCCCCCCCCCCCCC,0.05714285714285714,0.05326173681819871
CN(C)C(=O)OC1CCCCC1C[NH3+],CCCCCCCCCCCCCCCCCCCCCCCCCCCCCCCCCCCCCCCCCCCCCCCCCCCCCCCCCCCCCCCCCCCCCCCCCCCCCCCCCCCCCCCCCCCCCCCCCCCCCCCCCCCCCCCCCCCCCCCCCCCCCCC,0.05714285714285714,0.05326173681819871
CN(C)C(=O)OC1CCCCC1C[NH3+],CCCCCCCCCCCCCCCCCCCCCCCCCCCCCCCCCCCCCCCCCCCCCCCCCCCCCCCCCCCCCCCCCCCCCCCCCCCCCCCCCCCCCCCCCCCCCCCCCCCCCCCCCCCCCCCCCCCCCCCCCCCCCCC,0.05714285714285714,0.05326173681819871
CN(C)C(=O)OC1CCCCC1C[NH3+],CCCCCCCCCCCCCCCCCCCCCCCCCCCCCCCCCCCCCCCCCCCCCCCCCCCCCCCCCCCCCCCCCCCCCCCCCCCCCCCCCCCCCCCCCCCCCCCCCCCCCCCCCCCCCCCCCCCCCCCCCCCCCCC,0.05714285714285714,0.05326173681819871
CN(C)C(=O)OC1CCCCC1C[NH3+],CCCCCCCCCCCCCCCCCCCCCCCCCCCCCCCCCCCCCCCCCCCCCCCCCCCCCCCCCCCCCCCCCCCCCCCCCCCCCCCCCCCCCCCCCCCCCCCCCCCCCCCCCCCCCCCCCCCCCCCCCCCCCCC,0.05714285714285714,0.05326173681819871
CN(C)C(=O)OC1CCCCC1C[NH3+],CCCCCCCCCCCCCCCCCCCCCCCCCCCCCCCCCCCCCCCCCCCCCCCCCCCCCCCCCCCCCCCCCCCCCCCCCCCCCCCCCCCCCCCCCCCCCCCCCCCCCCCCCCCCCCCCCCCCCCCCCCCCCCC,0.05714285714285714,0.05326173681819871
CN(C)C(=O)OC1CCCCC1C[NH3+],CCCCCCCCCCCCCCCCCCCCCCCCCCCCCCCCCCCCCCCCCCCCCCCCCCCCCCCCCCCCCCCCCCCCCCCCCCCCCCCCCCCCCCCCCCCCCCCCCCCCCCCCCCCCCCCCCCCCCCCCCCCCCCC,0.05714285714285714,0.05326173681819871
CN(C)C(=O)OC1CCCCC1C[NH3+],CCCCCCCCCCCCCCCCCCCCCCCCCCCCCCCCCCCCCCCCCCCCCCCCCCCCCCCCCCCCCCCCCCCCCCCCCCCCCCCCCCCCCCCCCCCCCCCCCCCCCCCCCCCCCCCCCCCCCCCCCCCCCCC,0.05714285714285714,0.05326173681819871
CN(C)C(=O)OC1CCCCC1C[NH3+],CCCCCCCCCCCCCCCCCCCCCCCCCCCCCCCCCCCCCCCCCCCCCCCCCCCCCCCCCCCCCCCCCCCCCCCCCCCCCCCCCCCCCCCCCCCCCCCCCCCCCCCCCCCCCCCCCCCCCCCCCCCCCCC,0.05714285714285714,0.05326173681819871
CN(C)C(=O)OC1CCCCC1C[NH3+],CCCCCCCCCCCCCCCCCCCCCCCCCCCCCCCCCCCCCCCCCCCCCCCCCCCCCCCCCCCCCCCCCCCCCCCCCCCCCCCCCCCCCCCCCCCCCCCCCCCCCCCCCCCCCCCCCCCCCCCCCCCCCCC,0.05714285714285714,0.05326173681819871
CN(C)C(=O)OC1CCCCC1C[NH3+],CCCCCCCCCCCCCCCCCCCCCCCCCCCCCCCCCCCCCCCCCCCCCCCCCCCCCCCCCCCCCCCCCCCCCCCCCCCCCCCCCCCCCCCCCCCCCCCCCCCCCCCCCCCCCCCCCCCCCCCCCCCCCCC,0.05714285714285714,0.05326173681819871
CN(C)C(=O)OC1CCCCC1C[NH3+],CCCCCCCCCCCCCCCCCCCCCCCCCCCCCCCCCCCCCCCCCCCCCCCCCCCCCCCCCCCCCCCCCCCCCCCCCCCCCCCCCCCCCCCCCCCCCCCCCCCCCCCCCCCCCCCCCCCCCCCCCCCCCCC,0.05714285714285714,0.05326173681819871
CN(C)C(=O)OC1CCCCC1C[NH3+],CCCCCCCCCCCCCCCCCCCCCCCCCCCCCCCCCCCCCCCCCCCCCCCCCCCCCCCCCCCCCCCCCCCCCCCCCCCCCCCCCCCCCCCCCCCCCCCCCCCCCCCCCCCCCCCCCCCCCCCCCCCCCCC,0.05714285714285714,0.05326173681819871
CN(C)C(=O)OC1CCCCC1C[NH3+],CCCCCCCCCCCCCCCCCCCCCCCCCCCCCCCCCCCCCCCCCCCCCCCCCCCCCCCCCCCCCCCCCCCCCCCCCCCCCCCCCCCCCCCCCCCCCCCCCCCCCCCCCCCCCCCCCCCCCCCCCCCCCCC,0.05714285714285714,0.05326173681819871
CN(C)C(=O)OC1CCCCC1C[NH3+],CCCCCCCCCCCCCCCCCCCCCCCCCCCCCCCCCCCCCCCCCCCCCCCCCCCCCCCCCCCCCCCCCCCCCCCCCCCCCCCCCCCCCCCCCCCCCCCCCCCCCCCCCCCCCCCCCCCCCCCCCCCCCCC,0.05714285714285714,0.05326173681819871
CN(C)C(=O)OC1CCCCC1C[NH3+],CCCCCCCCCCCCCCCCCCCCCCCCCCCCCCCCCCCCCCCCCCCCCCCCCCCCCCCCCCCCCCCCCCCCCCCCCCCCCCCCCCCCCCCCCCCCCCCCCCCCCCCCCCCCCCCCCCCCCCCCCCCCCCC,0.05714285714285714,0.05326173681819871
CN(C)C(=O)OC1CCCCC1C[NH3+],CCCCCCCCCCCCCCCCCCCCCCCCCCCCCCCCCCCCCCCCCCCCCCCCCCCCCCCCCCCCCCCCCCCCCCCCCCCCCCCCCCCCCCCCCCCCCCCCCCCCCCCCCCCCCCCCCCCCCCCCCCCCCCC,0.05714285714285714,0.05326173681819871
CN(C)C(=O)OC1CCCCC1C[NH3+],CCCCCCCCCCCCCCCCCCCCCCCCCCCCCCCCCCCCCCCCCCCCCCCCCCCCCCCCCCCCCCCCCCCCCCCCCCCCCCCCCCCCCCCCCCCCCCCCCCCCCCCCCCCCCCCCCCCCCCCCCCCCCCC,0.05714285714285714,0.05326173681819871
CN(C)C(=O)OC1CCCCC1C[NH3+],CCCCCCCCCCCCCCCCCCCCCCCCCCCCCCCCCCCCCCCCCCCCCCCCCCCCCCCCCCCCCCCCCCCCCCCCCCCCCCCCCCCCCCCCCCCCCCCCCCCCCCCCCCCCCCCCCCCCCCCCCCCCCCC,0.05714285714285714,0.05326173681819871
CN(C)C(=O)OC1CCCCC1C[NH3+],CCCCCCCCCCCCCCCCCCCCCCCCCCCCCCCCCCCCCCCCCCCCCCCCCCCCCCCCCCCCCCCCCCCCCCCCCCCCCCCCCCCCCCCCCCCCCCCCCCCCCCCCCCCCCCCCCCCCCCCCCCCCCCC,0.05714285714285714,0.05326173681819871
NC(=O)C1CCCC1NC(=O)NC1=CN(C2=CC=CC=C2F)N=C1,,0.0,0.0
NC(=O)C1CCCC1NC(=O)NC1=CN(C2=CC=CC=C2F)N=C1,,0.0,0.0
NC(=O)C1CCCC1NC(=O)NC1=CN(C2=CC=CC=C2F)N=C1,,0.0,0.0
NC(=O)C1CCCC1NC(=O)NC1=CN(C2=CC=CC=C2F)N=C1,,0.0,0.0
NC(=O)C1CCCC1NC(=O)NC1=CN(C2=CC=CC=C2F)N=C1,,0.0,0.0
NC(=O)C1CCCC1NC(=O)NC1=CN(C2=CC=CC=C2F)N=C1,,0.0,0.0
NC(=O)C1CCCC1NC(=O)NC1=CN(C2=CC=CC=C2F)N=C1,,0.0,0.0
NC(=O)C1CCCC1NC(=O)NC1=CN(C2=CC=CC=C2F)N=C1,,0.0,0.0
NC(=O)C1CCCC1NC(=O)NC1=CN(C2=CC=CC=C2F)N=C1,,0.0,0.0
NC(=O)C1CCCC1NC(=O)NC1=CN(C2=CC=CC=C2F)N=C1,,0.0,0.0
NC(=O)C1CCCC1NC(=O)NC1=CN(C2=CC=CC=C2F)N=C1,,0.0,0.0
NC(=O)C1CCCC1NC(=O)NC1=CN(C2=CC=CC=C2F)N=C1,,0.0,0.0
NC(=O)C1CCCC1NC(=O)NC1=CN(C2=CC=CC=C2F)N=C1,,0.0,0.0
NC(=O)C1CCCC1NC(=O)NC1=CN(C2=CC=CC=C2F)N=C1,,0.0,0.0
NC(=O)C1CCCC1NC(=O)NC1=CN(C2=CC=CC=C2F)N=C1,,0.0,0.0
NC(=O)C1CCCC1NC(=O)NC1=CN(C2=CC=CC=C2F)N=C1,,0.0,0.0
NC(=O)C1CCCC1NC(=O)NC1=CN(C2=CC=CC=C2F)N=C1,,0.0,0.0
NC(=O)C1CCCC1NC(=O)NC1=CN(C2=CC=CC=C2F)N=C1,,0.0,0.0
NC(=O)C1CCCC1NC(=O)NC1=CN(C2=CC=CC=C2F)N=C1,,0.0,0.0
NC(=O)C1CCCC1NC(=O)NC1=CN(C2=CC=CC=C2F)N=C1,,0.0,0.0
CC1=CC=C(OC2=CC=CC(C(=O)NC3=NC=CS3)=C2)N=N1,CC1=C2C(COC(CCCCC)O2)=C(C(CC3=C(COC(C)(C)O4)C4=C(C)N=C3)(C)C)C=N1,0.06315789473684211,0.4729635084227723
CC1=CC=C(OC2=CC=CC(C(=O)NC3=NC=CS3)=C2)N=N1,CC1=C2C(COC(CCCCC)O2)=C(C(CC3=C(COC(C)(C)O4)C4=C(C)N=C3)(C)C)C=N1,0.06315789473684211,0.4729635084227723
CC1=CC=C(OC2=CC=CC(C(=O)NC3=NC=CS3)=C2)N=N1,CC1=C2C(COC(CCCCC)O2)=C(C(CC3=C(COC(C)(C)O4)C4=C(C)N=C3)(C)C)C=N1,0.06315789473684211,0.4729635084227723
CC1=CC=C(OC2=CC=CC(C(=O)NC3=NC=CS3)=C2)N=N1,CC1=C2C(COC(C)(C)O2)=C(C(CC3=C(COC(C)(C)O4)C4=C(C)N=C3)(C)C)C=N1,0.0759493670886076,0.714208444238621
CC1=CC=C(OC2=CC=CC(C(=O)NC3=NC=CS3)=C2)N=N1,,0.0,0.0
CC1=CC=C(OC2=CC=CC(C(=O)NC3=NC=CS3)=C2)N=N1,CC1=C2C(COC(C)(C)O2)=C(C(CC3=C(COC(C)(C)O4)C4=C(C)N=C3)(C)C)C=N1,0.0759493670886076,0.714208444238621
CC1=CC=C(OC2=CC=CC(C(=O)NC3=NC=CS3)=C2)N=N1,,0.0,0.0
CC1=CC=C(OC2=CC=CC(C(=O)NC3=NC=CS3)=C2)N=N1,CC1=C2C(COC(C)(C)O2)=C(C(CC3=C(COC(C)(C)O4)C4=C(C)N=C3)(C)C)C=N1,0.0759493670886076,0.714208444238621
CC1=CC=C(OC2=CC=CC(C(=O)NC3=NC=CS3)=C2)N=N1,CC1=C2C(COC(C)(C)O2)=C(C(CC3=C(COC(C)(C)O4)C4=C(C)N=C3)(C)C)C=N1,0.0759493670886076,0.714208444238621
CC1=CC=C(OC2=CC=CC(C(=O)NC3=NC=CS3)=C2)N=N1,CC1=C2C(COC(C)(C)O2)=C(C(CC3=C(COC(C)(C)O4)C4=C(C)N=C3)(C)C)C=N1,0.0759493670886076,0.714208444238621
CC1=CC=C(OC2=CC=CC(C(=O)NC3=NC=CS3)=C2)N=N1,CC1=C2C(COC(C)(C)O2)=C(C(CC3=C(COC(C)(C)O4)C4=C(C)N=C3)(C)C)C=N1,0.0759493670886076,0.714208444238621
CC1=CC=C(OC2=CC=CC(C(=O)NC3=NC=CS3)=C2)N=N1,CC1=C2C(COC(CCCCC)O2)=C(C(CC3=C(COC(C)(C)O4)C4=C(C)N=C3)(C)C)C=N1,0.06315789473684211,0.4729635084227723
CC1=CC=C(OC2=CC=CC(C(=O)NC3=NC=CS3)=C2)N=N1,CC1=C2C(COC(C)(C)O2)=C(C(CC3=C(COC(C)(C)O4)C4=C(C)N=C3)(C)C)C=N1,0.0759493670886076,0.714208444238621
CC1=CC=C(OC2=CC=CC(C(=O)NC3=NC=CS3)=C2)N=N1,CC1=C2C(COC(CCCCC)O2)=C(C(CC3=C(COC(C)(C)O4)C4=C(C)N=C3)(C)C)C=N1,0.06315789473684211,0.4729635084227723
CC1=CC=C(OC2=CC=CC(C(=O)NC3=NC=CS3)=C2)N=N1,,0.0,0.0
CC1=CC=C(OC2=CC=CC(C(=O)NC3=NC=CS3)=C2)N=N1,CC1=C2C(COC(CCCCC)O2)=C(C(CC3=C(COC(C)(C)O4)C4=C(C)N=C3)(C)C)C=N1,0.06315789473684211,0.4729635084227723
CC1=CC=C(OC2=CC=CC(C(=O)NC3=NC=CS3)=C2)N=N1,CC1=C2C(COC(C)(C)O2)=C(C(CC3=C(COC(C)(C)O4)C4=C(C)N=C3)(C)C)C=N1,0.0759493670886076,0.714208444238621
CC1=CC=C(OC2=CC=CC(C(=O)NC3=NC=CS3)=C2)N=N1,CC1=C2C(COC(C)(C)O2)=C(C(CC3=C(COC(C)(C)O4)C4=C(C)N=C3)(C)C)C=N1,0.0759493670886076,0.714208444238621
CC1=CC=C(OC2=CC=CC(C(=O)NC3=NC=CS3)=C2)N=N1,CC1=C2C(COC(C)(C)O2)=C(C(CC3=C(COC(C)(C)O4)C4=C(C)N=C3)(C)C)C=N1,0.0759493670886076,0.714208444238621
CC1=CC=C(OC2=CC=CC(C(=O)NC3=NC=CS3)=C2)N=N1,,0.0,0.0
COC1=CC(C[NH+]2CCC(NCC3=C(C)N=CS3)C2)=CC(OC)=C1,,0.0,0.0
COC1=CC(C[NH+]2CCC(NCC3=C(C)N=CS3)C2)=CC(OC)=C1,,0.0,0.0
COC1=CC(C[NH+]2CCC(NCC3=C(C)N=CS3)C2)=CC(OC)=C1,,0.0,0.0
COC1=CC(C[NH+]2CCC(NCC3=C(C)N=CS3)C2)=CC(OC)=C1,,0.0,0.0
COC1=CC(C[NH+]2CCC(NCC3=C(C)N=CS3)C2)=CC(OC)=C1,,0.0,0.0
COC1=CC(C[NH+]2CCC(NCC3=C(C)N=CS3)C2)=CC(OC)=C1,C(C)(CCCCCCCCCCC(OC)=C(CC)CCCOC(C)(C)O2)=C(C(C)(C)C)C=N2,0.11627906976744186,0.4096894528410519
COC1=CC(C[NH+]2CCC(NCC3=C(C)N=CS3)C2)=CC(OC)=C1,,0.0,0.0
COC1=CC(C[NH+]2CCC(NCC3=C(C)N=CS3)C2)=CC(OC)=C1,,0.0,0.0
COC1=CC(C[NH+]2CCC(NCC3=C(C)N=CS3)C2)=CC(OC)=C1,,0.0,0.0
COC1=CC(C[NH+]2CCC(NCC3=C(C)N=CS3)C2)=CC(OC)=C1,,0.0,0.0
COC1=CC(C[NH+]2CCC(NCC3=C(C)N=CS3)C2)=CC(OC)=C1,C(C)(CCCCCCCCCCC(OC)=O)CC2=CC=C(C(C)(C)C)C=N2,0.1111111111111111,0.2867045462379988
COC1=CC(C[NH+]2CCC(NCC3=C(C)N=CS3)C2)=CC(OC)=C1,,0.0,0.0
COC1=CC(C[NH+]2CCC(NCC3=C(C)N=CS3)C2)=CC(OC)=C1,,0.0,0.0
COC1=CC(C[NH+]2CCC(NCC3=C(C)N=CS3)C2)=CC(OC)=C1,,0.0,0.0
COC1=CC(C[NH+]2CCC(NCC3=C(C)N=CS3)C2)=CC(OC)=C1,,0.0,0.0
COC1=CC(C[NH+]2CCC(NCC3=C(C)N=CS3)C2)=CC(OC)=C1,,0.0,0.0
COC1=CC(C[NH+]2CCC(NCC3=C(C)N=CS3)C2)=CC(OC)=C1,,0.0,0.0
COC1=CC(C[NH+]2CCC(NCC3=C(C)N=CS3)C2)=CC(OC)=C1,,0.0,0.0
COC1=CC(C[NH+]2CCC(NCC3=C(C)N=CS3)C2)=CC(OC)=C1,,0.0,0.0
COC1=CC(C[NH+]2CCC(NCC3=C(C)N=CS3)C2)=CC(OC)=C1,,0.0,0.0
COCCCC(=O)N1CCCC(C2=NC3=CC=CC=C3N2C(C)C)C1,CC1=C2C(COC(C)(C)O2)=C(C(CC3=C(COC(C)(C)O4)C4=C(C)N=C3)(C)C)C=N1,0.08333333333333333,0.714208444238621
COCCCC(=O)N1CCCC(C2=NC3=CC=CC=C3N2C(C)C)C1,CC1=C2C(COC(C)(C)O2)=C(C(CC3=C(COC(C)(C)O4)C4=C(C)N=C3)(C)C)C=N1,0.08333333333333333,0.714208444238621
COCCCC(=O)N1CCCC(C2=NC3=CC=CC=C3N2C(C)C)C1,CC1=C2C(COC(C)(C)O2)=C(C(CC3=C(COC(C)(C)O4)C4=C(C)N=C3)(C)C)C=N1,0.08333333333333333,0.714208444238621
COCCCC(=O)N1CCCC(C2=NC3=CC=CC=C3N2C(C)C)C1,CC1=C2C(COC(CCCCCCCCCCC)O2)=C(C(CC3=C(COC(C)(C)O4)C4=C(C)N=C3)(C)C)C=N1,0.09090909090909091,0.2385738012077454
COCCCC(=O)N1CCCC(C2=NC3=CC=CC=C3N2C(C)C)C1,CC1=C2C(COC(C)(C)O2)=C(C(CC3=C(COC(C)(C)O4)C4=C(C)N=C3)(C)C)C=N1,0.08333333333333333,0.714208444238621
COCCCC(=O)N1CCCC(C2=NC3=CC=CC=C3N2C(C)C)C1,CC1=C2C(COC(C)(C)O2)=C(C(CC3=C(COC(C)(C)O4)C4=C(C)N=C3)(C)C)C=N1,0.08333333333333333,0.714208444238621
COCCCC(=O)N1CCCC(C2=NC3=CC=CC=C3N2C(C)C)C1,CC1=C2C(COC(C)(C)O2)=C(C(CC3=C(COC(C)(C)O4)C4=C(C)N=C3)(C)C)C=N1,0.08333333333333333,0.714208444238621
COCCCC(=O)N1CCCC(C2=NC3=CC=CC=C3N2C(C)C)C1,CC1=C2C(COC(C)(C)O2)=C(C(CC3=C(COC(C)(C)O4)C4=C(C)N=C3)(C)C)C=N1,0.08333333333333333,0.714208444238621
COCCCC(=O)N1CCCC(C2=NC3=CC=CC=C3N2C(C)C)C1,CC1=C2C(COC(C)(C)O2)=C(C(CC3=C(COC(C)(C)O4)C4=C(C)N=C3)(C)C)C=N1,0.08333333333333333,0.714208444238621
COCCCC(=O)N1CCCC(C2=NC3=CC=CC=C3N2C(C)C)C1,CC1=C2C(COC(C)(C)O2)=C(C(CC3=C(COC(C)(C)O4)C4=C(C)N=C3)(C)C)C=N1,0.08333333333333333,0.714208444238621
COCCCC(=O)N1CCCC(C2=NC3=CC=CC=C3N2C(C)C)C1,CC1=C2C(COC(C)(C)O2)=C(C(CC3=C(COC(C)(C)O4)C4=C(C)N=C3)(C)C)C=N1,0.08333333333333333,0.714208444238621
COCCCC(=O)N1CCCC(C2=NC3=CC=CC=C3N2C(C)C)C1,CC1=C2C(COC(C)(C)O2)=C(C(CC3=C(COC(C)(C)O4)C4=C(C)N=C3)(C)C)C=N1,0.08333333333333333,0.714208444238621
COCCCC(=O)N1CCCC(C2=NC3=CC=CC=C3N2C(C)C)C1,CC1=C2C(COC(C)(C)O2)=C(C(CC3=C(COC(C)(C)O4)C4=C(C)N=C3)(C)C)C=N1,0.08333333333333333,0.714208444238621
COCCCC(=O)N1CCCC(C2=NC3=CC=CC=C3N2C(C)C)C1,CC1=C2C(COC(C)(C)O2)=C(C(CC3=C(COC(C)(C)O4)C4=C(C)N=C3)(C)C)C=N1,0.08333333333333333,0.714208444238621
COCCCC(=O)N1CCCC(C2=NC3=CC=CC=C3N2C(C)C)C1,CC1=C2C(COC(C)(C)O2)=C(C(CC3=C(COC(C)(C)O4)C4=C(C)N=C3)(C)C)C=N1,0.08333333333333333,0.714208444238621
COCCCC(=O)N1CCCC(C2=NC3=CC=CC=C3N2C(C)C)C1,CC1=C2C(COC(C)(C)O2)=C(C(CC3=C(COC(C)(C)O4)C4=C(C)N=C3)(C)C)C=N1,0.08333333333333333,0.714208444238621
COCCCC(=O)N1CCCC(C2=NC3=CC=CC=C3N2C(C)C)C1,CC1=C2C(COC(C)(C)O2)=C(C(CC3=C(COC(C)(C)O4)C4=C(C)N=C3)(C)C)C=N1,0.08333333333333333,0.714208444238621
COCCCC(=O)N1CCCC(C2=NC3=CC=CC=C3N2C(C)C)C1,CC1=C2C(COC(C)(C)O2)=C(C(CC3=C(COC(C)(C)O4)C4=C(C)N=C3)(C)C)C=N1,0.08333333333333333,0.714208444238621
COCCCC(=O)N1CCCC(C2=NC3=CC=CC=C3N2C(C)C)C1,CC1=C2C(COC(C)(C)O2)=C(C(CC3=C(COC(C)(C)O4)C4=C(C)N=C3)(C)C)C=N1,0.08333333333333333,0.714208444238621
COCCCC(=O)N1CCCC(C2=NC3=CC=CC=C3N2C(C)C)C1,CC1=C2C(COC(C)(C)O2)=C(C(CC3=C(COC(C)(C)O4)C4=C(C)N=C3)(C)C)C=N1,0.08333333333333333,0.714208444238621
CCCN1N=CN=C1CC([NH3+])CSC1=CC=CC=C1Cl,,0.0,0.0
CCCN1N=CN=C1CC([NH3+])CSC1=CC=CC=C1Cl,,0.0,0.0
CCCN1N=CN=C1CC([NH3+])CSC1=CC=CC=C1Cl,,0.0,0.0
CCCN1N=CN=C1CC([NH3+])CSC1=CC=CC=C1Cl,,0.0,0.0
CCCN1N=CN=C1CC([NH3+])CSC1=CC=CC=C1Cl,,0.0,0.0
CCCN1N=CN=C1CC([NH3+])CSC1=CC=CC=C1Cl,,0.0,0.0
CCCN1N=CN=C1CC([NH3+])CSC1=CC=CC=C1Cl,,0.0,0.0
CCCN1N=CN=C1CC([NH3+])CSC1=CC=CC=C1Cl,,0.0,0.0
CCCN1N=CN=C1CC([NH3+])CSC1=CC=CC=C1Cl,,0.0,0.0
CCCN1N=CN=C1CC([NH3+])CSC1=CC=CC=C1Cl,,0.0,0.0
CCCN1N=CN=C1CC([NH3+])CSC1=CC=CC=C1Cl,,0.0,0.0
CCCN1N=CN=C1CC([NH3+])CSC1=CC=CC=C1Cl,,0.0,0.0
CCCN1N=CN=C1CC([NH3+])CSC1=CC=CC=C1Cl,,0.0,0.0
CCCN1N=CN=C1CC([NH3+])CSC1=CC=CC=C1Cl,,0.0,0.0
CCCN1N=CN=C1CC([NH3+])CSC1=CC=CC=C1Cl,,0.0,0.0
CCCN1N=CN=C1CC([NH3+])CSC1=CC=CC=C1Cl,,0.0,0.0
CCCN1N=CN=C1CC([NH3+])CSC1=CC=CC=C1Cl,,0.0,0.0
CCCN1N=CN=C1CC([NH3+])CSC1=CC=CC=C1Cl,,0.0,0.0
CCCN1N=CN=C1CC([NH3+])CSC1=CC=CC=C1Cl,,0.0,0.0
CCCN1N=CN=C1CC([NH3+])CSC1=CC=CC=C1Cl,,0.0,0.0
CC1=CC2=C(C=C1C)C(C[NH+]1CCCC1CS(N)(=O)=O)=CC(=O)O2,CC1=C2C(COC(C)(C)O2)=C(C(CC3=C(COC(C)(C)O4)C4=C(C)N=C3)(C)C)C=N1,0.1038961038961039,0.714208444238621
CC1=CC2=C(C=C1C)C(C[NH+]1CCCC1CS(N)(=O)=O)=CC(=O)O2,CC1=C2C(COC(C)(C)O2)=C(C(CC3=C(COC(C)(C)O4)C4=C(C)N=C3)(C)C)C=N1,0.1038961038961039,0.714208444238621
CC1=CC2=C(C=C1C)C(C[NH+]1CCCC1CS(N)(=O)=O)=CC(=O)O2,CC1=C2C(COC(C)(C)O2)=C(C(CC3=C(COC(C)(C)O4)C4=C(C)N=C3)(C)C)C=N1,0.1038961038961039,0.714208444238621
CC1=CC2=C(C=C1C)C(C[NH+]1CCCC1CS(N)(=O)=O)=CC(=O)O2,CC1=C2C(COC(C)(C)O2)=C(C(CC3=C(COC(C)(C)O4)C4=C(C)N=C3)(C)C)C=N1,0.1038961038961039,0.714208444238621
CC1=CC2=C(C=C1C)C(C[NH+]1CCCC1CS(N)(=O)=O)=CC(=O)O2,,0.0,0.0
CC1=CC2=C(C=C1C)C(C[NH+]1CCCC1CS(N)(=O)=O)=CC(=O)O2,CC1=C2C(COC(C)(C)O2)=C(C(CC3=C(COC(C)(C)O4)C4=C(C)N=C3)(C)C)C=N1,0.1038961038961039,0.714208444238621
CC1=CC2=C(C=C1C)C(C[NH+]1CCCC1CS(N)(=O)=O)=CC(=O)O2,CC1=C2C(COC(C)(C)O2)=C(C(CC3=C(COC(C)(C)O4)C4=C(C)N=C3)(C)C)C=N1,0.1038961038961039,0.714208444238621
CC1=CC2=C(C=C1C)C(C[NH+]1CCCC1CS(N)(=O)=O)=CC(=O)O2,CC1=C2C(COC(C)(C)O2)=C(C(CC3=C(COC(C)(C)O4)C4=C(C)N=C3)(C)C)C=C1,0.10975609756097561,0.666568674435271
CC1=CC2=C(C=C1C)C(C[NH+]1CCCC1CS(N)(=O)=O)=CC(=O)O2,CC1=C2C(COC(C)(C)O2)=C(C(CC3=C(COC(C)(C)O4)C4=C(C)N=C3)(C)C)C=N1,0.1038961038961039,0.714208444238621
CC1=CC2=C(C=C1C)C(C[NH+]1CCCC1CS(N)(=O)=O)=CC(=O)O2,CC1=C2C(COC(C)(C)O2)=C(C(CC3=C(COC(C)(C)O4)C4=C(C)N=C3)(C)C)C=N1,0.1038961038961039,0.714208444238621
CC1=CC2=C(C=C1C)C(C[NH+]1CCCC1CS(N)(=O)=O)=CC(=O)O2,CC1=C2C(COC(C)(C)O2)=C(C(CC3=C(COC(C)(C)O4)C4=C(C)N=C3)(C)C)C=N1,0.1038961038961039,0.714208444238621
CC1=CC2=C(C=C1C)C(C[NH+]1CCCC1CS(N)(=O)=O)=CC(=O)O2,CC1=C2C(COC(C)(C)O2)=C(C(CC3=C(COC(C)(C)O4)C4=C(C)N=C3)(C)C)C=N1,0.1038961038961039,0.714208444238621
CC1=CC2=C(C=C1C)C(C[NH+]1CCCC1CS(N)(=O)=O)=CC(=O)O2,CC1=C2C(COC(C)(C)O2)=C(C(CC3=C(COC(C)(C)O4)C4=C(C)N=C3)(C)C)C=N1,0.1038961038961039,0.714208444238621
CC1=CC2=C(C=C1C)C(C[NH+]1CCCC1CS(N)(=O)=O)=CC(=O)O2,CC1=C2C(COC(C)(C)O2)=C(C(CC3=C(COC(C)(C)O4)C4=C(C)N=C3)(C)C)C=C1,0.10975609756097561,0.666568674435271
CC1=CC2=C(C=C1C)C(C[NH+]1CCCC1CS(N)(=O)=O)=CC(=O)O2,CC1=C2C(COC(C)(C)O2)=C(C(CC3=C(COC(C)(C)O4)C4=C(C)N=C3)(C)C)C=N1,0.1038961038961039,0.714208444238621
CC1=CC2=C(C=C1C)C(C[NH+]1CCCC1CS(N)(=O)=O)=CC(=O)O2,CC1=C2C(COC(C)(C)O2)=C(C(CC3=C(COC(C)(C)O4)C4=C(C)N=C3)(C)C)C=N1,0.1038961038961039,0.714208444238621
CC1=CC2=C(C=C1C)C(C[NH+]1CCCC1CS(N)(=O)=O)=CC(=O)O2,CC1=C2C(COC(C)(C)O2)=C(C(CC3=C(COC(C)(C)O4)C4=C(C)N=C3)(C)C)C=N1,0.1038961038961039,0.714208444238621
CC1=CC2=C(C=C1C)C(C[NH+]1CCCC1CS(N)(=O)=O)=CC(=O)O2,CC1=C2C(COC(C)(C)O2)=C(C(CC3=C(COC(C)(C)O4)C4=C(C)N=C3)(C)C)C=N1,0.1038961038961039,0.714208444238621
CC1=CC2=C(C=C1C)C(C[NH+]1CCCC1CS(N)(=O)=O)=CC(=O)O2,CC1=C2C(COC(C)(C)O2)=C(C(CC3=C(COC(C)(C)O4)C4=C(C)N=C3)(C)C)C=N1,0.1038961038961039,0.714208444238621
CC1=CC2=C(C=C1C)C(C[NH+]1CCCC1CS(N)(=O)=O)=CC(=O)O2,CC1=C2C(COC(CCCC)O2)=C(C(C)(C)CCCCCCCCCCCCCCCCCC)C=N1,0.0975609756097561,0.15692149817781226
CC(CO)NC(=O)NCC1CC2=CC=CC=C2O1,C(CCO)(CCO)CCCCCCCCCCSC1=NN=C(O1)C2=CC=C(C(C)(C)C)C=N2,0.13924050632911392,0.20069412505516868
CC(CO)NC(=O)NCC1CC2=CC=CC=C2O1,C(CCO)(CCO)CCCCCCCCCCSC1=NN=C(O1)C2=CC=C(C(C)(C)C)C=N2,0.13924050632911392,0.20069412505516868
CC(CO)NC(=O)NCC1CC2=CC=CC=C2O1,C(CCO)(CCO)CCCCCCCCCCSC1=NN=C(O1)C2=CC=C(C(C)(C)C)C=N2,0.13924050632911392,0.20069412505516868
CC(CO)NC(=O)NCC1CC2=CC=CC=C2O1,C(CCO)(CCCO)CCCCCCCCCCSC1=NN=C(O1)C2=CC=C(C(C)(C)C)C=N2,0.13580246913580246,0.17482503336395672
CC(CO)NC(=O)NCC1CC2=CC=CC=C2O1,C(CCO)(CCO)CCCCCCCCCCSC1=NN=C(O1)C2=CC=C(C(C)(C)C)C=N2,0.13924050632911392,0.20069412505516868
CC(CO)NC(=O)NCC1CC2=CC=CC=C2O1,C(CCO)(CCO)CCCCCCCCCCSC1=NN=C(O1)C2=CC=C(C(C)(C)C)C=N2,0.13924050632911392,0.20069412505516868
CC(CO)NC(=O)NCC1CC2=CC=CC=C2O1,C(CCCCCCCCCCCC)(C)CC2=CC=C(C(C)(C)C)C=N2,0.10144927536231885,0.3313537151214166
CC(CO)NC(=O)NCC1CC2=CC=CC=C2O1,C(CCO)(CCO)CCCCCCCCCCSC1=NN=C(O1)C2=CC=C(C(C)(C)C)C=N2,0.13924050632911392,0.20069412505516868
CC(CO)NC(=O)NCC1CC2=CC=CC=C2O1,C(CCCCCCCCCCCC)(C)CC2=CC=C(C(C)(C)C)C=N2,0.10144927536231885,0.3313537151214166
CC(CO)NC(=O)NCC1CC2=CC=CC=C2O1,C(CCO)(CCO)CCCCCCCCCCSC1=NN=C(O1)C2=CC=C(C(C)(C)C)C=N2,0.13924050632911392,0.20069412505516868
CC(CO)NC(=O)NCC1CC2=CC=CC=C2O1,C(CCO)(CCO)CCCCCCCCCCSC1=NN=C(O1)C2=CC=C(C(C)(C)C)C=N2,0.13924050632911392,0.20069412505516868
CC(CO)NC(=O)NCC1CC2=CC=CC=C2O1,C(CCO)(CCO)CCCCCCCCCCSC1=NN=C(O1)C2=CC=C(C(C)(C)C)C=N2,0.13924050632911392,0.20069412505516868
CC(CO)NC(=O)NCC1CC2=CC=CC=C2O1,C(CCO)(CCO)CCCCCCCCCCSC1=NN=C(O1)C2=CC=C(C(C)(C)C)C=N2,0.13924050632911392,0.20069412505516868
CC(CO)NC(=O)NCC1CC2=CC=CC=C2O1,C(CCO)(CCO)CCCCCCCCCCSC1=NN=C(O1)C2=CC=C(C(C)(C)C)C=N2,0.13924050632911392,0.20069412505516868
CC(CO)NC(=O)NCC1CC2=CC=CC=C2O1,C(CCO)(CCO)CCCCCCCCCCSC1=NN=C(O1)C2=CC=C(C(C)(C)C)C=N2,0.13924050632911392,0.20069412505516868
CC(CO)NC(=O)NCC1CC2=CC=CC=C2O1,C(CCO)(CCO)CCCCCCCCCCSC1=NN=C(O1)C2=CC=C(C(C)(C)C)C=N2,0.13924050632911392,0.20069412505516868
CC(CO)NC(=O)NCC1CC2=CC=CC=C2O1,C(CCO)(CCO)CCCCCCCCCCSC1=NN=C(O1)C2=CC=C(C(C)(C)C)C=N2,0.13924050632911392,0.20069412505516868
CC(CO)NC(=O)NCC1CC2=CC=CC=C2O1,C(CCO)(CCO)CCCCCCCCCCSC1=NN=C(O1)C2=CC=C(C(C)(C)C)C=N2,0.13924050632911392,0.20069412505516868
CC(CO)NC(=O)NCC1CC2=CC=CC=C2O1,C(CCO)(CCO)CCCCCCCCCCSC1=NN=C(O1)C2=CC=C(C(C)(C)C)C=N2,0.13924050632911392,0.20069412505516868
CC(CO)NC(=O)NCC1CC2=CC=CC=C2O1,C(CCO)(CCO)CCCCCCCCCCSC1=NN=C(O1)C2=CC=C(C(C)(C)C)C=N2,0.13924050632911392,0.20069412505516868
CC(CN1C=CC=N1)[NH2+]CC(=O)N1CC(C(N)=O)OC2=CC=CC=C21,,0.0,0.0
CC(CN1C=CC=N1)[NH2+]CC(=O)N1CC(C(N)=O)OC2=CC=CC=C21,,0.0,0.0
CC(CN1C=CC=N1)[NH2+]CC(=O)N1CC(C(N)=O)OC2=CC=CC=C21,,0.0,0.0
CC(CN1C=CC=N1)[NH2+]CC(=O)N1CC(C(N)=O)OC2=CC=CC=C21,,0.0,0.0
CC(CN1C=CC=N1)[NH2+]CC(=O)N1CC(C(N)=O)OC2=CC=CC=C21,,0.0,0.0
CC(CN1C=CC=N1)[NH2+]CC(=O)N1CC(C(N)=O)OC2=CC=CC=C21,,0.0,0.0
CC(CN1C=CC=N1)[NH2+]CC(=O)N1CC(C(N)=O)OC2=CC=CC=C21,,0.0,0.0
CC(CN1C=CC=N1)[NH2+]CC(=O)N1CC(C(N)=O)OC2=CC=CC=C21,CCCCCCCCCCCC(OC1=NC=CC=C1)C,0.18055555555555555,0.4523960247988492
CC(CN1C=CC=N1)[NH2+]CC(=O)N1CC(C(N)=O)OC2=CC=CC=C21,,0.0,0.0
CC(CN1C=CC=N1)[NH2+]CC(=O)N1CC(C(N)=O)OC2=CC=CC=C21,,0.0,0.0
CC(CN1C=CC=N1)[NH2+]CC(=O)N1CC(C(N)=O)OC2=CC=CC=C21,,0.0,0.0
CC(CN1C=CC=N1)[NH2+]CC(=O)N1CC(C(N)=O)OC2=CC=CC=C21,C(CCCCCCCCCCCC(CCCCCCCCCCCCCCC)=O)CC2=CC=C(C(C)(C)C)C=N2,0.15384615384615385,0.09621666250223898
CC(CN1C=CC=N1)[NH2+]CC(=O)N1CC(C(N)=O)OC2=CC=CC=C21,,0.0,0.0
CC(CN1C=CC=N1)[NH2+]CC(=O)N1CC(C(N)=O)OC2=CC=CC=C21,CCCCCCCCCCCC(OC1=NC=CC=C1)C,0.18055555555555555,0.4523960247988492
CC(CN1C=CC=N1)[NH2+]CC(=O)N1CC(C(N)=O)OC2=CC=CC=C21,CCCCCCCCCCCC(OC1=NC=CC=C1)C,0.18055555555555555,0.4523960247988492
CC(CN1C=CC=N1)[NH2+]CC(=O)N1CC(C(N)=O)OC2=CC=CC=C21,C(CCCCCCCCCCCC(OCCC(CCCCCCCCCCC)(C)C)=O)CC2=CC=C(C(C)(C)C)C=N2,0.1348314606741573,0.07610502094807772
CC(CN1C=CC=N1)[NH2+]CC(=O)N1CC(C(N)=O)OC2=CC=CC=C21,CCCCCCCCCCCC(OC1=NC=CC=C1)C,0.18055555555555555,0.4523960247988492
CC(CN1C=CC=N1)[NH2+]CC(=O)N1CC(C(N)=O)OC2=CC=CC=C21,,0.0,0.0
CC(CN1C=CC=N1)[NH2+]CC(=O)N1CC(C(N)=O)OC2=CC=CC=C21,,0.0,0.0
CC(CN1C=CC=N1)[NH2+]CC(=O)N1CC(C(N)=O)OC2=CC=CC=C21,,0.0,0.0
O=C(NC1CCCCC1)C1SC(=S)N2C1=NC(=O)C1=CC3=C(C=C12)OCO3,,0.0,0.0
O=C(NC1CCCCC1)C1SC(=S)N2C1=NC(=O)C1=CC3=C(C=C12)OCO3,,0.0,0.0
O=C(NC1CCCCC1)C1SC(=S)N2C1=NC(=O)C1=CC3=C(C=C12)OCO3,,0.0,0.0
O=C(NC1CCCCC1)C1SC(=S)N2C1=NC(=O)C1=CC3=C(C=C12)OCO3,,0.0,0.0
O=C(NC1CCCCC1)C1SC(=S)N2C1=NC(=O)C1=CC3=C(C=C12)OCO3,,0.0,0.0
O=C(NC1CCCCC1)C1SC(=S)N2C1=NC(=O)C1=CC3=C(C=C12)OCO3,,0.0,0.0
O=C(NC1CCCCC1)C1SC(=S)N2C1=NC(=O)C1=CC3=C(C=C12)OCO3,,0.0,0.0
O=C(NC1CCCCC1)C1SC(=S)N2C1=NC(=O)C1=CC3=C(C=C12)OCO3,,0.0,0.0
O=C(NC1CCCCC1)C1SC(=S)N2C1=NC(=O)C1=CC3=C(C=C12)OCO3,,0.0,0.0
O=C(NC1CCCCC1)C1SC(=S)N2C1=NC(=O)C1=CC3=C(C=C12)OCO3,,0.0,0.0
O=C(NC1CCCCC1)C1SC(=S)N2C1=NC(=O)C1=CC3=C(C=C12)OCO3,,0.0,0.0
O=C(NC1CCCCC1)C1SC(=S)N2C1=NC(=O)C1=CC3=C(C=C12)OCO3,,0.0,0.0
O=C(NC1CCCCC1)C1SC(=S)N2C1=NC(=O)C1=CC3=C(C=C12)OCO3,,0.0,0.0
O=C(NC1CCCCC1)C1SC(=S)N2C1=NC(=O)C1=CC3=C(C=C12)OCO3,,0.0,0.0
O=C(NC1CCCCC1)C1SC(=S)N2C1=NC(=O)C1=CC3=C(C=C12)OCO3,,0.0,0.0
O=C(NC1CCCCC1)C1SC(=S)N2C1=NC(=O)C1=CC3=C(C=C12)OCO3,,0.0,0.0
O=C(NC1CCCCC1)C1SC(=S)N2C1=NC(=O)C1=CC3=C(C=C12)OCO3,,0.0,0.0
O=C(NC1CCCCC1)C1SC(=S)N2C1=NC(=O)C1=CC3=C(C=C12)OCO3,,0.0,0.0
O=C(NC1CCCCC1)C1SC(=S)N2C1=NC(=O)C1=CC3=C(C=C12)OCO3,,0.0,0.0
O=C(NC1CCCCC1)C1SC(=S)N2C1=NC(=O)C1=CC3=C(C=C12)OCO3,,0.0,0.0
COC1=CC=C2C=NN(CC(=O)NC3=CC=CN=C3)C(=O)C2=C1OC,,0.0,0.0
COC1=CC=C2C=NN(CC(=O)NC3=CC=CN=C3)C(=O)C2=C1OC,,0.0,0.0
COC1=CC=C2C=NN(CC(=O)NC3=CC=CN=C3)C(=O)C2=C1OC,,0.0,0.0
COC1=CC=C2C=NN(CC(=O)NC3=CC=CN=C3)C(=O)C2=C1OC,,0.0,0.0
COC1=CC=C2C=NN(CC(=O)NC3=CC=CN=C3)C(=O)C2=C1OC,,0.0,0.0
COC1=CC=C2C=NN(CC(=O)NC3=CC=CN=C3)C(=O)C2=C1OC,,0.0,0.0
COC1=CC=C2C=NN(CC(=O)NC3=CC=CN=C3)C(=O)C2=C1OC,,0.0,0.0
COC1=CC=C2C=NN(CC(=O)NC3=CC=CN=C3)C(=O)C2=C1OC,,0.0,0.0
COC1=CC=C2C=NN(CC(=O)NC3=CC=CN=C3)C(=O)C2=C1OC,,0.0,0.0
COC1=CC=C2C=NN(CC(=O)NC3=CC=CN=C3)C(=O)C2=C1OC,,0.0,0.0
COC1=CC=C2C=NN(CC(=O)NC3=CC=CN=C3)C(=O)C2=C1OC,,0.0,0.0
COC1=CC=C2C=NN(CC(=O)NC3=CC=CN=C3)C(=O)C2=C1OC,,0.0,0.0
COC1=CC=C2C=NN(CC(=O)NC3=CC=CN=C3)C(=O)C2=C1OC,,0.0,0.0
COC1=CC=C2C=NN(CC(=O)NC3=CC=CN=C3)C(=O)C2=C1OC,,0.0,0.0
COC1=CC=C2C=NN(CC(=O)NC3=CC=CN=C3)C(=O)C2=C1OC,,0.0,0.0
COC1=CC=C2C=NN(CC(=O)NC3=CC=CN=C3)C(=O)C2=C1OC,,0.0,0.0
COC1=CC=C2C=NN(CC(=O)NC3=CC=CN=C3)C(=O)C2=C1OC,,0.0,0.0
COC1=CC=C2C=NN(CC(=O)NC3=CC=CN=C3)C(=O)C2=C1OC,,0.0,0.0
COC1=CC=C2C=NN(CC(=O)NC3=CC=CN=C3)C(=O)C2=C1OC,,0.0,0.0
COC1=CC=C2C=NN(CC(=O)NC3=CC=CN=C3)C(=O)C2=C1OC,,0.0,0.0
CCC(C)C(=O)NC1=CC=CC=N1,,0.0,0.0
CCC(C)C(=O)NC1=CC=CC=N1,,0.0,0.0
CCC(C)C(=O)NC1=CC=CC=N1,,0.0,0.0
CCC(C)C(=O)NC1=CC=CC=N1,CC1=C2C(COC(C)(C)O2)=C(C(CCCCCCCCCCC)=O)C2=C1OC(CCC)OC2,0.0945945945945946,0.2221281422927703
CCC(C)C(=O)NC1=CC=CC=N1,,0.0,0.0
CCC(C)C(=O)NC1=CC=CC=N1,CC1=C2C(COC(C)(C)O2)=C(C(CCCCCCCCCCCC)=O)C2=C1OC(CCC)OC2,0.0945945945945946,0.20096672036957056
CCC(C)C(=O)NC1=CC=CC=N1,,0.0,0.0
CCC(C)C(=O)NC1=CC=CC=N1,,0.0,0.0
CCC(C)C(=O)NC1=CC=CC=N1,,0.0,0.0
CCC(C)C(=O)NC1=CC=CC=N1,,0.0,0.0
CCC(C)C(=O)NC1=CC=CC=N1,,0.0,0.0
CCC(C)C(=O)NC1=CC=CC=N1,,0.0,0.0
CCC(C)C(=O)NC1=CC=CC=N1,,0.0,0.0
CCC(C)C(=O)NC1=CC=CC=N1,,0.0,0.0
CCC(C)C(=O)NC1=CC=CC=N1,,0.0,0.0
CCC(C)C(=O)NC1=CC=CC=N1,,0.0,0.0
CCC(C)C(=O)NC1=CC=CC=N1,,0.0,0.0
CCC(C)C(=O)NC1=CC=CC=N1,,0.0,0.0
CCC(C)C(=O)NC1=CC=CC=N1,,0.0,0.0
CCC(C)C(=O)NC1=CC=CC=N1,,0.0,0.0
CCN1N=NC2=C1N=CN(CC(=O)NC1CC1)C2=O,,0.0,0.0
CCN1N=NC2=C1N=CN(CC(=O)NC1CC1)C2=O,,0.0,0.0
CCN1N=NC2=C1N=CN(CC(=O)NC1CC1)C2=O,,0.0,0.0
CCN1N=NC2=C1N=CN(CC(=O)NC1CC1)C2=O,,0.0,0.0
CCN1N=NC2=C1N=CN(CC(=O)NC1CC1)C2=O,,0.0,0.0
CCN1N=NC2=C1N=CN(CC(=O)NC1CC1)C2=O,,0.0,0.0
CCN1N=NC2=C1N=CN(CC(=O)NC1CC1)C2=O,,0.0,0.0
CCN1N=NC2=C1N=CN(CC(=O)NC1CC1)C2=O,,0.0,0.0
CCN1N=NC2=C1N=CN(CC(=O)NC1CC1)C2=O,,0.0,0.0
CCN1N=NC2=C1N=CN(CC(=O)NC1CC1)C2=O,,0.0,0.0
CCN1N=NC2=C1N=CN(CC(=O)NC1CC1)C2=O,,0.0,0.0
CCN1N=NC2=C1N=CN(CC(=O)NC1CC1)C2=O,,0.0,0.0
CCN1N=NC2=C1N=CN(CC(=O)NC1CC1)C2=O,,0.0,0.0
CCN1N=NC2=C1N=CN(CC(=O)NC1CC1)C2=O,,0.0,0.0
CCN1N=NC2=C1N=CN(CC(=O)NC1CC1)C2=O,,0.0,0.0
CCN1N=NC2=C1N=CN(CC(=O)NC1CC1)C2=O,,0.0,0.0
CCN1N=NC2=C1N=CN(CC(=O)NC1CC1)C2=O,,0.0,0.0
CCN1N=NC2=C1N=CN(CC(=O)NC1CC1)C2=O,,0.0,0.0
CCN1N=NC2=C1N=CN(CC(=O)NC1CC1)C2=O,,0.0,0.0
CCN1N=NC2=C1N=CN(CC(=O)NC1CC1)C2=O,,0.0,0.0
CC(C1=NC(C2=CC=CN=C2OC2=CC=CC=C2)=NO1)[NH+]1CCSCC1,,0.0,0.0
CC(C1=NC(C2=CC=CN=C2OC2=CC=CC=C2)=NO1)[NH+]1CCSCC1,,0.0,0.0
CC(C1=NC(C2=CC=CN=C2OC2=CC=CC=C2)=NO1)[NH+]1CCSCC1,,0.0,0.0
CC(C1=NC(C2=CC=CN=C2OC2=CC=CC=C2)=NO1)[NH+]1CCSCC1,,0.0,0.0
CC(C1=NC(C2=CC=CN=C2OC2=CC=CC=C2)=NO1)[NH+]1CCSCC1,,0.0,0.0
CC(C1=NC(C2=CC=CN=C2OC2=CC=CC=C2)=NO1)[NH+]1CCSCC1,CCCCCCCCCCCCCCCCCCCCCCCCCCCCCCC(OC1=NC=CC=C1)C,0.208955223880597,0.08685249236993983
CC(C1=NC(C2=CC=CN=C2OC2=CC=CC=C2)=NO1)[NH+]1CCSCC1,,0.0,0.0
CC(C1=NC(C2=CC=CN=C2OC2=CC=CC=C2)=NO1)[NH+]1CCSCC1,,0.0,0.0
CC(C1=NC(C2=CC=CN=C2OC2=CC=CC=C2)=NO1)[NH+]1CCSCC1,,0.0,0.0
CC(C1=NC(C2=CC=CN=C2OC2=CC=CC=C2)=NO1)[NH+]1CCSCC1,,0.0,0.0
CC(C1=NC(C2=CC=CN=C2OC2=CC=CC=C2)=NO1)[NH+]1CCSCC1,,0.0,0.0
CC(C1=NC(C2=CC=CN=C2OC2=CC=CC=C2)=NO1)[NH+]1CCSCC1,,0.0,0.0
CC(C1=NC(C2=CC=CN=C2OC2=CC=CC=C2)=NO1)[NH+]1CCSCC1,,0.0,0.0
CC(C1=NC(C2=CC=CN=C2OC2=CC=CC=C2)=NO1)[NH+]1CCSCC1,CCCCCCCCCCCCCCCCCCCCCCCCCCCCCCCCCCCCCCCCCCCCCCCCCCCCCCCCCCCCCCCCCCCCCCCCCCCCCCCCCCCCCCCCCCCCCCCCCCCCCCCCCCCCCCCCCCCCCCCCCCCCCCC,0.03636363636363636,0.05326173681819871
CC(C1=NC(C2=CC=CN=C2OC2=CC=CC=C2)=NO1)[NH+]1CCSCC1,,0.0,0.0
CC(C1=NC(C2=CC=CN=C2OC2=CC=CC=C2)=NO1)[NH+]1CCSCC1,,0.0,0.0
CC(C1=NC(C2=CC=CN=C2OC2=CC=CC=C2)=NO1)[NH+]1CCSCC1,,0.0,0.0
CC(C1=NC(C2=CC=CN=C2OC2=CC=CC=C2)=NO1)[NH+]1CCSCC1,,0.0,0.0
CC(C1=NC(C2=CC=CN=C2OC2=CC=CC=C2)=NO1)[NH+]1CCSCC1,,0.0,0.0
CC(C1=NC(C2=CC=CN=C2OC2=CC=CC=C2)=NO1)[NH+]1CCSCC1,,0.0,0.0
COC1=CC=C(OCCOC2=CC=CC(Br)=C2)C=C1,,0.0,0.0
COC1=CC=C(OCCOC2=CC=CC(Br)=C2)C=C1,CCCCCCCCCCCC(OC1=NC=CC=C1)C,0.15384615384615385,0.4523960247988492
COC1=CC=C(OCCOC2=CC=CC(Br)=C2)C=C1,,0.0,0.0
COC1=CC=C(OCCOC2=CC=CC(Br)=C2)C=C1,CCCCCCCCCCCC(OC1=NC=CC=C1)C,0.15384615384615385,0.4523960247988492
COC1=CC=C(OCCOC2=CC=CC(Br)=C2)C=C1,CCCCCCCCCCCC(OC1=NC=CC=C1)C,0.15384615384615385,0.4523960247988492
COC1=CC=C(OCCOC2=CC=CC(Br)=C2)C=C1,CCCCCCCCCCCC(OC1=NC=CC=C1)C,0.15384615384615385,0.4523960247988492
COC1=CC=C(OCCOC2=CC=CC(Br)=C2)C=C1,CCCCCCCCCCCC(OC1=NC=CC=C1)C,0.15384615384615385,0.4523960247988492
COC1=CC=C(OCCOC2=CC=CC(Br)=C2)C=C1,,0.0,0.0
COC1=CC=C(OCCOC2=CC=CC(Br)=C2)C=C1,CCCCCCCCCCCC(OC1=NC=CC=C1)C,0.15384615384615385,0.4523960247988492
COC1=CC=C(OCCOC2=CC=CC(Br)=C2)C=C1,CCCCCCCCCCCC(OC1=NC=CC=C1)C,0.15384615384615385,0.4523960247988492
COC1=CC=C(OCCOC2=CC=CC(Br)=C2)C=C1,CCCCCCCCCCCC(OC1=NC=CC=C1)C,0.15384615384615385,0.4523960247988492
COC1=CC=C(OCCOC2=CC=CC(Br)=C2)C=C1,CCCCCCCCCCCC(OC1=NC=CC=C1)C,0.15384615384615385,0.4523960247988492
COC1=CC=C(OCCOC2=CC=CC(Br)=C2)C=C1,CCCCCCCCCCCC(OC1=NC=CC=C1)C,0.15384615384615385,0.4523960247988492
COC1=CC=C(OCCOC2=CC=CC(Br)=C2)C=C1,,0.0,0.0
COC1=CC=C(OCCOC2=CC=CC(Br)=C2)C=C1,CCCCCCCCCCCC(OC1=NC=CC=C1)C,0.15384615384615385,0.4523960247988492
COC1=CC=C(OCCOC2=CC=CC(Br)=C2)C=C1,CCCCCCCCCCCC(OC1=NC=CC=C1)C,0.15384615384615385,0.4523960247988492
COC1=CC=C(OCCOC2=CC=CC(Br)=C2)C=C1,,0.0,0.0
COC1=CC=C(OCCOC2=CC=CC(Br)=C2)C=C1,,0.0,0.0
COC1=CC=C(OCCOC2=CC=CC(Br)=C2)C=C1,CCCCCCCCCCCC(OC1=NC=CC=C1)C,0.15384615384615385,0.4523960247988492
COC1=CC=C(OCCOC2=CC=CC(Br)=C2)C=C1,CCCCCCCCCCCC(OC1=NC=CC=C1)C,0.15384615384615385,0.4523960247988492
CCN1C=C[NH+]=C1C1CCCN(C(=O)CSCC[NH+]2CCCC2)C1,,0.0,0.0
CCN1C=C[NH+]=C1C1CCCN(C(=O)CSCC[NH+]2CCCC2)C1,,0.0,0.0
CCN1C=C[NH+]=C1C1CCCN(C(=O)CSCC[NH+]2CCCC2)C1,,0.0,0.0
CCN1C=C[NH+]=C1C1CCCN(C(=O)CSCC[NH+]2CCCC2)C1,,0.0,0.0
CCN1C=C[NH+]=C1C1CCCN(C(=O)CSCC[NH+]2CCCC2)C1,,0.0,0.0
CCN1C=C[NH+]=C1C1CCCN(C(=O)CSCC[NH+]2CCCC2)C1,,0.0,0.0
CCN1C=C[NH+]=C1C1CCCN(C(=O)CSCC[NH+]2CCCC2)C1,,0.0,0.0
CCN1C=C[NH+]=C1C1CCCN(C(=O)CSCC[NH+]2CCCC2)C1,,0.0,0.0
CCN1C=C[NH+]=C1C1CCCN(C(=O)CSCC[NH+]2CCCC2)C1,,0.0,0.0
CCN1C=C[NH+]=C1C1CCCN(C(=O)CSCC[NH+]2CCCC2)C1,,0.0,0.0
CCN1C=C[NH+]=C1C1CCCN(C(=O)CSCC[NH+]2CCCC2)C1,,0.0,0.0
CCN1C=C[NH+]=C1C1CCCN(C(=O)CSCC[NH+]2CCCC2)C1,,0.0,0.0
CCN1C=C[NH+]=C1C1CCCN(C(=O)CSCC[NH+]2CCCC2)C1,,0.0,0.0
CCN1C=C[NH+]=C1C1CCCN(C(=O)CSCC[NH+]2CCCC2)C1,,0.0,0.0
CCN1C=C[NH+]=C1C1CCCN(C(=O)CSCC[NH+]2CCCC2)C1,,0.0,0.0
CCN1C=C[NH+]=C1C1CCCN(C(=O)CSCC[NH+]2CCCC2)C1,,0.0,0.0
CCN1C=C[NH+]=C1C1CCCN(C(=O)CSCC[NH+]2CCCC2)C1,,0.0,0.0
CCN1C=C[NH+]=C1C1CCCN(C(=O)CSCC[NH+]2CCCC2)C1,,0.0,0.0
CCN1C=C[NH+]=C1C1CCCN(C(=O)CSCC[NH+]2CCCC2)C1,,0.0,0.0
CCN1C=C[NH+]=C1C1CCCN(C(=O)CSCC[NH+]2CCCC2)C1,,0.0,0.0
CC1=NOC(C)=C1CCCNC(=O)NC1CC(=O)N(C2CC2)C1,C(CC1=C(OC(C)(C)OC2)C2=C(CO)C(CO)=N1)(C/C=C/C#CC(C)(C)C)CC3=CC=CC4=CC=CC=C43,0.08571428571428572,0.3479060997562587
CC1=NOC(C)=C1CCCNC(=O)NC1CC(=O)N(C2CC2)C1,C(CCO)(CCO)CCCCCCCCCCCCCCC,0.07936507936507936,0.31155344201459356
CC1=NOC(C)=C1CCCNC(=O)NC1CC(=O)N(C2CC2)C1,C(CC1=C(OC(C)(C)OC2)C2=C(CO)C(CO)=N1)(C/C=C/C#CC(C)(C)C)CC3=CC=CC4=CC=CC=C43,0.08571428571428572,0.3479060997562587
CC1=NOC(C)=C1CCCNC(=O)NC1CC(=O)N(C2CC2)C1,C(CC1=C(OC(C)(C)OC2)C2=C(CO)C(CO)=N1)(C/C=C/C#CC(C)(C)C)CC3=CC=CC4=CC=CC=C43,0.08571428571428572,0.3479060997562587
CC1=NOC(C)=C1CCCNC(=O)NC1CC(=O)N(C2CC2)C1,,0.0,0.0
CC1=NOC(C)=C1CCCNC(=O)NC1CC(=O)N(C2CC2)C1,C(CC1=C(OC(C)(C)OC2)C2=C(CO)C(CO)=N1)(C/C=C/C#CC(C)(C)C)CC3=CC=CC4=CC=CC=C43,0.08571428571428572,0.3479060997562587
CC1=NOC(C)=C1CCCNC(=O)NC1CC(=O)N(C2CC2)C1,C(CCO)(CCO)CCCCCCCCCCSC1=NN=C(O1)C2=CC=C(C(C)(C)C)C=N2,0.08888888888888889,0.20069412505516868
CC1=NOC(C)=C1CCCNC(=O)NC1CC(=O)N(C2CC2)C1,C(CCO)(CCO)CCCCCCCCCCSC1=NN=C(O1)C2=CC=C(C(C)(C)C)C=N2,0.08888888888888889,0.20069412505516868
CC1=NOC(C)=C1CCCNC(=O)NC1CC(=O)N(C2CC2)C1,C(CCO)(CCCO)CCCCCCCCCCCCCCCCSC1=NN=C(O1)C2=CC=C(C(C)(C)C)C=N2,0.08695652173913043,0.09518788965472637
CC1=NOC(C)=C1CCCNC(=O)NC1CC(=O)N(C2CC2)C1,C(CC1=C(OC(C)(C)OC2)C2=C(CO)C(CO)=N1)(C/C=C/C#CC(C)(C)C)CC3=CC=CC4=CC=CC=C43,0.08571428571428572,0.3479060997562587
CC1=NOC(C)=C1CCCNC(=O)NC1CC(=O)N(C2CC2)C1,C(CCO)(CCO)CCCCCCCCCCSC1=NN=C(O1)C2=CC=C(C(C)(C)C)C=N2,0.08888888888888889,0.20069412505516868
CC1=NOC(C)=C1CCCNC(=O)NC1CC(=O)N(C2CC2)C1,C(CC1=C(OC(C)(C)OC2)C2=C(CO)C(CO)=N1)(C/C=C/C#CC(C)(C)C)CC3=CC=CC4=CC=CC=C43,0.08571428571428572,0.3479060997562587
CC1=NOC(C)=C1CCCNC(=O)NC1CC(=O)N(C2CC2)C1,,0.0,0.0
CC1=NOC(C)=C1CCCNC(=O)NC1CC(=O)N(C2CC2)C1,C(CC1=C(OC(C)(C)OC2)C2=C(CO)C(CO)=N1)(C/C=C/C#CC(C)(C)C)CC3=CC=CC4=CC=CC=C43,0.08571428571428572,0.3479060997562587
CC1=NOC(C)=C1CCCNC(=O)NC1CC(=O)N(C2CC2)C1,C(CC1=C(OC(C)(C)OC2)C2=C(CO)C(CO)=N1)(C/C=C/C#CC(C)(C)C)CC3=CC=CC4=CC=CC=C43,0.08571428571428572,0.3479060997562587
CC1=NOC(C)=C1CCCNC(=O)NC1CC(=O)N(C2CC2)C1,C(CC1=C(OC(C)(C)OC2)C2=C(CO)C(CO)=N1)(C/C=C/C#CC(C)(C)C)CC3=CC=CC4=CC=CC=C43,0.08571428571428572,0.3479060997562587
CC1=NOC(C)=C1CCCNC(=O)NC1CC(=O)N(C2CC2)C1,C(CCO)(CCO)CCCCCCCCCCSC1=NN=C(O1)C2=CC=C(C(C)(C)C)C=N2,0.08888888888888889,0.20069412505516868
CC1=NOC(C)=C1CCCNC(=O)NC1CC(=O)N(C2CC2)C1,C(CCO)(CCCO)CCCCCCCCCCSC1=NN=C(O1)C2=CC=C(C(C)(C)C)C=N2,0.08695652173913043,0.17482503336395672
CC1=NOC(C)=C1CCCNC(=O)NC1CC(=O)N(C2CC2)C1,C(CC1=C(OC(C)(C)OC2)C2=C(CO)C(CO)=N1)(C/C=C/C#CC(C)(C)C)CC3=CC=CC4=CC=CC=C43,0.08571428571428572,0.3479060997562587
CC1=NOC(C)=C1CCCNC(=O)NC1CC(=O)N(C2CC2)C1,C(CC1=C(OC(C)(C)OC2)C2=C(CO)C(CO)=N1)(C/C=C/C#CC(C)(C)C)CC3=CC=CC4=CC=CC=C43,0.08571428571428572,0.3479060997562587
COC1=CC=CC=C1C(C)NC(=O)C1=CN=C2C(C)=CC=CN2C1=O,,0.0,0.0
COC1=CC=CC=C1C(C)NC(=O)C1=CN=C2C(C)=CC=CN2C1=O,,0.0,0.0
COC1=CC=CC=C1C(C)NC(=O)C1=CN=C2C(C)=CC=CN2C1=O,,0.0,0.0
COC1=CC=CC=C1C(C)NC(=O)C1=CN=C2C(C)=CC=CN2C1=O,,0.0,0.0
COC1=CC=CC=C1C(C)NC(=O)C1=CN=C2C(C)=CC=CN2C1=O,,0.0,0.0
COC1=CC=CC=C1C(C)NC(=O)C1=CN=C2C(C)=CC=CN2C1=O,,0.0,0.0
COC1=CC=CC=C1C(C)NC(=O)C1=CN=C2C(C)=CC=CN2C1=O,,0.0,0.0
COC1=CC=CC=C1C(C)NC(=O)C1=CN=C2C(C)=CC=CN2C1=O,,0.0,0.0
COC1=CC=CC=C1C(C)NC(=O)C1=CN=C2C(C)=CC=CN2C1=O,,0.0,0.0
COC1=CC=CC=C1C(C)NC(=O)C1=CN=C2C(C)=CC=CN2C1=O,,0.0,0.0
COC1=CC=CC=C1C(C)NC(=O)C1=CN=C2C(C)=CC=CN2C1=O,,0.0,0.0
COC1=CC=CC=C1C(C)NC(=O)C1=CN=C2C(C)=CC=CN2C1=O,,0.0,0.0
COC1=CC=CC=C1C(C)NC(=O)C1=CN=C2C(C)=CC=CN2C1=O,,0.0,0.0
COC1=CC=CC=C1C(C)NC(=O)C1=CN=C2C(C)=CC=CN2C1=O,,0.0,0.0
COC1=CC=CC=C1C(C)NC(=O)C1=CN=C2C(C)=CC=CN2C1=O,,0.0,0.0
COC1=CC=CC=C1C(C)NC(=O)C1=CN=C2C(C)=CC=CN2C1=O,,0.0,0.0
COC1=CC=CC=C1C(C)NC(=O)C1=CN=C2C(C)=CC=CN2C1=O,,0.0,0.0
COC1=CC=CC=C1C(C)NC(=O)C1=CN=C2C(C)=CC=CN2C1=O,,0.0,0.0
COC1=CC=CC=C1C(C)NC(=O)C1=CN=C2C(C)=CC=CN2C1=O,,0.0,0.0
COC1=CC=CC=C1C(C)NC(=O)C1=CN=C2C(C)=CC=CN2C1=O,,0.0,0.0
O=C(NCC1=CC2=CC=CC=C2O1)NC1=CC=CN=C1,CCCCCCCCCCCC(OC1=NC=CC=C1)=O,0.171875,0.4260075772364941
O=C(NCC1=CC2=CC=CC=C2O1)NC1=CC=CN=C1,CCCCCCCCCCCC(OC1=NC=CC=C1)=O,0.171875,0.4260075772364941
O=C(NCC1=CC2=CC=CC=C2O1)NC1=CC=CN=C1,CCCCCCCCCCCC(OC1=NC=CC=C1)=O,0.171875,0.4260075772364941
O=C(NCC1=CC2=CC=CC=C2O1)NC1=CC=CN=C1,CCCCCCCCCCCC(OC1=NC=CC=C1)=O,0.171875,0.4260075772364941
O=C(NCC1=CC2=CC=CC=C2O1)NC1=CC=CN=C1,CCCCCCCCCCCC(OC1=NC=CC=C1)=O,0.171875,0.4260075772364941
O=C(NCC1=CC2=CC=CC=C2O1)NC1=CC=CN=C1,CCCCCCCCCCCC(OC1=NC=CC=C1)=O,0.171875,0.4260075772364941
O=C(NCC1=CC2=CC=CC=C2O1)NC1=CC=CN=C1,CCCCCCCCCCCC(OC1=NC=CC=C1)=O,0.171875,0.4260075772364941
O=C(NCC1=CC2=CC=CC=C2O1)NC1=CC=CN=C1,CCCCCCCCCCCC(OC1=NC=CC=C1)=O,0.171875,0.4260075772364941
O=C(NCC1=CC2=CC=CC=C2O1)NC1=CC=CN=C1,CCCCCCCCCCCC(OC1=NC=CC=C1)=O,0.171875,0.4260075772364941
O=C(NCC1=CC2=CC=CC=C2O1)NC1=CC=CN=C1,CCCCCCCCCCCC(OC1=NC=CC=C1)=O,0.171875,0.4260075772364941
O=C(NCC1=CC2=CC=CC=C2O1)NC1=CC=CN=C1,CCCCCCCCCCCC(OC1=NC=CC=C1)=O,0.171875,0.4260075772364941
O=C(NCC1=CC2=CC=CC=C2O1)NC1=CC=CN=C1,CCCCCCCCCCCC(OC1=NC=CC=C1)=O,0.171875,0.4260075772364941
O=C(NCC1=CC2=CC=CC=C2O1)NC1=CC=CN=C1,CCCCCCCCCCCC(OC1=NC=CC=C1)=O,0.171875,0.4260075772364941
O=C(NCC1=CC2=CC=CC=C2O1)NC1=CC=CN=C1,CCCCCCCCCCCC(OC1=NC=CC=C1)=O,0.171875,0.4260075772364941
O=C(NCC1=CC2=CC=CC=C2O1)NC1=CC=CN=C1,CCCCCCCCCCCC(OC1=NC=CC=C1)=O,0.171875,0.4260075772364941
O=C(NCC1=CC2=CC=CC=C2O1)NC1=CC=CN=C1,CCCCCCCCCCCC(OC1=NC=CC=C1)=O,0.171875,0.4260075772364941
O=C(NCC1=CC2=CC=CC=C2O1)NC1=CC=CN=C1,CCCCCCCCCCCC(OC1=NC=CC=C1)=O,0.171875,0.4260075772364941
O=C(NCC1=CC2=CC=CC=C2O1)NC1=CC=CN=C1,CCCCCCCCCCCC(OC1=NC=CC=C1)=O,0.171875,0.4260075772364941
O=C(NCC1=CC2=CC=CC=C2O1)NC1=CC=CN=C1,CCCCCCCCCCCC(OC1=NC=CC=C1)=O,0.171875,0.4260075772364941
O=C(NCC1=CC2=CC=CC=C2O1)NC1=CC=CN=C1,CCCCCCCCCCCC(OC1=NC=CC=C1)=O,0.171875,0.4260075772364941
CC(C)CCOC1=CC=CC=C1C(=O)NNC(=O)C1=CC=C(Cl)C=C1,C(CCCCCCCCCCCC)(C)CC2=CC=C(C(C)(C)C)C=N2,0.15151515151515152,0.3313537151214166
CC(C)CCOC1=CC=CC=C1C(=O)NNC(=O)C1=CC=C(Cl)C=C1,,0.0,0.0
CC(C)CCOC1=CC=CC=C1C(=O)NNC(=O)C1=CC=C(Cl)C=C1,C(C)(CCCCCCCCCCC(OC)=O)CC2=CC=C(C(C)(C)C)C=N2,0.21739130434782608,0.2867045462379988
CC(C)CCOC1=CC=CC=C1C(=O)NNC(=O)C1=CC=C(Cl)C=C1,,0.0,0.0
CC(C)CCOC1=CC=CC=C1C(=O)NNC(=O)C1=CC=C(Cl)C=C1,C(CCCCCCCCCCCC)(C)CC2=CC=C(C(C)(C)C)C=N2,0.15151515151515152,0.3313537151214166
CC(C)CCOC1=CC=CC=C1C(=O)NNC(=O)C1=CC=C(Cl)C=C1,C(C)(CCCCCCCCCCC(OC)=O)CC2=CC=C(C(C)(C)C)C=N2,0.21739130434782608,0.2867045462379988
CC(C)CCOC1=CC=CC=C1C(=O)NNC(=O)C1=CC=C(Cl)C=C1,C(C)(CCCCCCCCCCC(OC)=O)CC2=CC=C(C(C)(C)C)C=N2,0.21739130434782608,0.2867045462379988
CC(C)CCOC1=CC=CC=C1C(=O)NNC(=O)C1=CC=C(Cl)C=C1,,0.0,0.0
CC(C)CCOC1=CC=CC=C1C(=O)NNC(=O)C1=CC=C(Cl)C=C1,C(C)(CCCCCCCCCCC(OC)=O)CC2=CC=C(C(C)(C)C)C=N2,0.21739130434782608,0.2867045462379988
CC(C)CCOC1=CC=CC=C1C(=O)NNC(=O)C1=CC=C(Cl)C=C1,C(C)(CCCCCCCCCCC(OC)=O)CC2=CC=C(C(C)(C)C)C=N2,0.21739130434782608,0.2867045462379988
CC(C)CCOC1=CC=CC=C1C(=O)NNC(=O)C1=CC=C(Cl)C=C1,,0.0,0.0
CC(C)CCOC1=CC=CC=C1C(=O)NNC(=O)C1=CC=C(Cl)C=C1,C(CCCCCCCCCCCC)(C)CC2=CC=C(C(C)(C)C)C=N2,0.15151515151515152,0.3313537151214166
CC(C)CCOC1=CC=CC=C1C(=O)NNC(=O)C1=CC=C(Cl)C=C1,C(CCCCCCCCCCCC)(C)CC2=CC=C(C(C)(C)C)C=N2,0.15151515151515152,0.3313537151214166
CC(C)CCOC1=CC=CC=C1C(=O)NNC(=O)C1=CC=C(Cl)C=C1,,0.0,0.0
CC(C)CCOC1=CC=CC=C1C(=O)NNC(=O)C1=CC=C(Cl)C=C1,C(C)(CCCCCCCCCCC(OC)=O)CC2=CC=C(C(C)(C)C)C=N2,0.21739130434782608,0.2867045462379988
CC(C)CCOC1=CC=CC=C1C(=O)NNC(=O)C1=CC=C(Cl)C=C1,C(C)(CCCCCCCCCCC(OC)=O)CC2=CC=C(C(C)(C)C)C=N2,0.21739130434782608,0.2867045462379988
CC(C)CCOC1=CC=CC=C1C(=O)NNC(=O)C1=CC=C(Cl)C=C1,,0.0,0.0
CC(C)CCOC1=CC=CC=C1C(=O)NNC(=O)C1=CC=C(Cl)C=C1,C(C)(CCCCCCCCCCC(OC)=O)CC2=CC=C(C(C)(C)C)C=N2,0.21739130434782608,0.2867045462379988
CC(C)CCOC1=CC=CC=C1C(=O)NNC(=O)C1=CC=C(Cl)C=C1,,0.0,0.0
CC(C)CCOC1=CC=CC=C1C(=O)NNC(=O)C1=CC=C(Cl)C=C1,C(C)(CCCCCCCCCCC(OC)=O)CC2=CC=C(C(C)(C)C)C=N2,0.21739130434782608,0.2867045462379988
O=C(CSC1=CC=C(Cl)C=C1)N1CCC(C(F)(F)F)CC1,,0.0,0.0
O=C(CSC1=CC=C(Cl)C=C1)N1CCC(C(F)(F)F)CC1,,0.0,0.0
O=C(CSC1=CC=C(Cl)C=C1)N1CCC(C(F)(F)F)CC1,,0.0,0.0
O=C(CSC1=CC=C(Cl)C=C1)N1CCC(C(F)(F)F)CC1,,0.0,0.0
O=C(CSC1=CC=C(Cl)C=C1)N1CCC(C(F)(F)F)CC1,,0.0,0.0
O=C(CSC1=CC=C(Cl)C=C1)N1CCC(C(F)(F)F)CC1,,0.0,0.0
O=C(CSC1=CC=C(Cl)C=C1)N1CCC(C(F)(F)F)CC1,,0.0,0.0
O=C(CSC1=CC=C(Cl)C=C1)N1CCC(C(F)(F)F)CC1,,0.0,0.0
O=C(CSC1=CC=C(Cl)C=C1)N1CCC(C(F)(F)F)CC1,,0.0,0.0
O=C(CSC1=CC=C(Cl)C=C1)N1CCC(C(F)(F)F)CC1,,0.0,0.0
O=C(CSC1=CC=C(Cl)C=C1)N1CCC(C(F)(F)F)CC1,,0.0,0.0
O=C(CSC1=CC=C(Cl)C=C1)N1CCC(C(F)(F)F)CC1,,0.0,0.0
O=C(CSC1=CC=C(Cl)C=C1)N1CCC(C(F)(F)F)CC1,,0.0,0.0
O=C(CSC1=CC=C(Cl)C=C1)N1CCC(C(F)(F)F)CC1,,0.0,0.0
O=C(CSC1=CC=C(Cl)C=C1)N1CCC(C(F)(F)F)CC1,,0.0,0.0
O=C(CSC1=CC=C(Cl)C=C1)N1CCC(C(F)(F)F)CC1,,0.0,0.0
O=C(CSC1=CC=C(Cl)C=C1)N1CCC(C(F)(F)F)CC1,,0.0,0.0
O=C(CSC1=CC=C(Cl)C=C1)N1CCC(C(F)(F)F)CC1,C1=C(C)C(C)(C)CCC=C(C)C=C1,0.05,0.5171945958761857
O=C(CSC1=CC=C(Cl)C=C1)N1CCC(C(F)(F)F)CC1,,0.0,0.0
O=C(CSC1=CC=C(Cl)C=C1)N1CCC(C(F)(F)F)CC1,,0.0,0.0
COCCNC(=O)NC1CCCN(S(=O)(=O)C2=CC=C(C)C=C2)C1,C(CC1=C(OC(C)(C)OC2)C2=C(CO)C(CO)=N1)(C/C=C/C#CC(C)(C)C)CC3=CC=CC4=CC=CC=C43,0.07547169811320754,0.3479060997562587
COCCNC(=O)NC1CCCN(S(=O)(=O)C2=CC=C(C)C=C2)C1,C(CC1=C(OC(C)(C)OC2)C2=C(CO)C(CO)=N1)(C/C=C/C#CC(C)(C)C)CC3=CC=CC4=CC=CC=C43,0.07547169811320754,0.3479060997562587
COCCNC(=O)NC1CCCN(S(=O)(=O)C2=CC=C(C)C=C2)C1,C(CC1=C(OC(C)(C)OC2)C2=C(CO)C(CO)=N1)(C/C=C/C#CC(C)(C)C)CC3=CC=CC4=CC=CC=C43,0.07547169811320754,0.3479060997562587
COCCNC(=O)NC1CCCN(S(=O)(=O)C2=CC=C(C)C=C2)C1,C(CC1=C(CO)C(COC(CCC)O2)=C2C(C)=N1)(C/C=C/C#CC(C)(C)C)CC3=CC=CC4=CC=CC=C43,0.08108108108108109,0.3028625859599558
COCCNC(=O)NC1CCCN(S(=O)(=O)C2=CC=C(C)C=C2)C1,C(CC1=C(OC(C)(C)OC2)C2=C(CO)C(CO)=N1)(C/C=C/C#CC(C)(C)C)CC3=CC=CC4=CC=CC=C43,0.07547169811320754,0.3479060997562587
COCCNC(=O)NC1CCCN(S(=O)(=O)C2=CC=C(C)C=C2)C1,C(CC1=C(OC(C)(C)OC2)C2=C(CO)C(CO)=N1)(C/C=C/C#CC(C)(C)C)CC3=CC=CC4=CC=CC=C43,0.07547169811320754,0.3479060997562587
COCCNC(=O)NC1CCCN(S(=O)(=O)C2=CC=C(C)C=C2)C1,C(CC1=C(OC(C)(C)OC2)C2=C(CO)C(CO)=N1)(C/C=C/C#CC(C)(C)C)CC3=CC=CC4=CC=CC=C43,0.07547169811320754,0.3479060997562587
COCCNC(=O)NC1CCCN(S(=O)(=O)C2=CC=C(C)C=C2)C1,C(CC1=C(OC(C)(C)OC2)C2=C(CO)C(CO)=N1)(C/C=C/C#CC(C)(C)C)CC3=CC=CC4=CC=CC=C43,0.07547169811320754,0.3479060997562587
COCCNC(=O)NC1CCCN(S(=O)(=O)C2=CC=C(C)C=C2)C1,C(CC1=C(OC(C)(C)OC2)C2=C(CO)C(CO)=N1)(C/C=C/C#CC(C)(C)C)CC3=CC=CC4=CC=CC=C43,0.07547169811320754,0.3479060997562587
COCCNC(=O)NC1CCCN(S(=O)(=O)C2=CC=C(C)C=C2)C1,C(CC1=C(OC(C)(C)OC2)C2=C(CO)C(CO)=N1)(C/C=C/C#CC(C)(C)C)CC3=CC=CC4=CC=CC=C43,0.07547169811320754,0.3479060997562587
COCCNC(=O)NC1CCCN(S(=O)(=O)C2=CC=C(C)C=C2)C1,C(CC1=C(OC(C)(C)OC2)C2=C(CO)C(CO)=N1)(C/C=C/C#CC(C)(C)C)CC3=CC=CC4=CC=CC=C43,0.07547169811320754,0.3479060997562587
COCCNC(=O)NC1CCCN(S(=O)(=O)C2=CC=C(C)C=C2)C1,C(CC1=C(OC(C)(C)OC2)C2=C(CO)C(CO)=N1)(C/C=C/C#CC(C)(C)C)CC3=CC=CC4=CC=CC=C43,0.07547169811320754,0.3479060997562587
COCCNC(=O)NC1CCCN(S(=O)(=O)C2=CC=C(C)C=C2)C1,C(CC1=C(CO)C(COC(C)(C)O2)=C2C(C)=N1)(C/C=C/C#CC(C)(C)C)CC3=CC=CC4=CC=CC=C43,0.08333333333333333,0.3545264191791608
COCCNC(=O)NC1CCCN(S(=O)(=O)C2=CC=C(C)C=C2)C1,C(CC1=C(OC(C)(C)OC2)C2=C(CO)C(CO)=N1)(C/C=C/C#CC(C)(C)C)CC3=CC=CC4=CC=CC=C43,0.07547169811320754,0.3479060997562587
COCCNC(=O)NC1CCCN(S(=O)(=O)C2=CC=C(C)C=C2)C1,C(CC1=C(OC(C)(C)OC2)C2=C(CO)C(CO)=N1)(C/C=C/C#CC(C)(C)C)CC3=CC=CC4=CC=CC=C43,0.07547169811320754,0.3479060997562587
COCCNC(=O)NC1CCCN(S(=O)(=O)C2=CC=C(C)C=C2)C1,C(CC1=C(OC(C)(C)OC2)C2=C(CO)C(CO)=N1)(C/C=C/C#CC(C)(C)C)CC3=CC=CC4=CC=CC=C43,0.07547169811320754,0.3479060997562587
COCCNC(=O)NC1CCCN(S(=O)(=O)C2=CC=C(C)C=C2)C1,C(CC1=C(OC(C)(C)OC2)C2=C(CO)C(CO)=N1)(C/C=C/C#CC(C)(C)C)CC3=CC=CC4=CC=CC=C43,0.07547169811320754,0.3479060997562587
COCCNC(=O)NC1CCCN(S(=O)(=O)C2=CC=C(C)C=C2)C1,C(CC1=C(OC(C)(C)OC2)C2=C(CO)C(CO)=N1)(C/C=C/C#CC(C)(C)C)CC3=CC=CC4=CC=CC=C43,0.07547169811320754,0.3479060997562587
COCCNC(=O)NC1CCCN(S(=O)(=O)C2=CC=C(C)C=C2)C1,C(CC1=C(OC(C)(C)OC2)C2=C(CO)C(CO)=N1)(C/C=C/C#CC(C)(C)C)CC3=CC=CC4=CC=CC=C43,0.07547169811320754,0.3479060997562587
COCCNC(=O)NC1CCCN(S(=O)(=O)C2=CC=C(C)C=C2)C1,C(CC1=C(OC(C)(C)OC2)C2=C(CO)C(CO)=N1)(C/C=C/C#CC(C)(C)C)CC3=CC=CC4=CC=CC=C43,0.07547169811320754,0.3479060997562587
CC(CO)NC(=O)C1=CC=C(F)C(F)=C1F,,0.0,0.0
CC(CO)NC(=O)C1=CC=C(F)C(F)=C1F,,0.0,0.0
CC(CO)NC(=O)C1=CC=C(F)C(F)=C1F,,0.0,0.0
CC(CO)NC(=O)C1=CC=C(F)C(F)=C1F,CC1=C2C(COC(CCCCCCCC)O2)=C(C(CC3=C(COC(C)(C)O4)C4=C(C)N=C3)(C)C)C=N1,0.04878048780487805,0.3230008769501578
CC(CO)NC(=O)C1=CC=C(F)C(F)=C1F,,0.0,0.0
CC(CO)NC(=O)C1=CC=C(F)C(F)=C1F,,0.0,0.0
CC(CO)NC(=O)C1=CC=C(F)C(F)=C1F,,0.0,0.0
CC(CO)NC(=O)C1=CC=C(F)C(F)=C1F,,0.0,0.0
CC(CO)NC(=O)C1=CC=C(F)C(F)=C1F,,0.0,0.0
CC(CO)NC(=O)C1=CC=C(F)C(F)=C1F,,0.0,0.0
CC(CO)NC(=O)C1=CC=C(F)C(F)=C1F,CC1=C2C(COC(CCCCCCCC)O2)=C(C(CC3=C(COC(C)(C)OC4)C4=C(C)N=C3)(C)C)C=N1,0.04938271604938271,0.3107386021999721
CC(CO)NC(=O)C1=CC=C(F)C(F)=C1F,,0.0,0.0
CC(CO)NC(=O)C1=CC=C(F)C(F)=C1F,,0.0,0.0
CC(CO)NC(=O)C1=CC=C(F)C(F)=C1F,,0.0,0.0
CC(CO)NC(=O)C1=CC=C(F)C(F)=C1F,,0.0,0.0
CC(CO)NC(=O)C1=CC=C(F)C(F)=C1F,,0.0,0.0
CC(CO)NC(=O)C1=CC=C(F)C(F)=C1F,,0.0,0.0
CC(CO)NC(=O)C1=CC=C(F)C(F)=C1F,,0.0,0.0
CC(CO)NC(=O)C1=CC=C(F)C(F)=C1F,,0.0,0.0
CC(CO)NC(=O)C1=CC=C(F)C(F)=C1F,,0.0,0.0
O=C(C[NH+]1CCC(CO)CC1)NCC1=CC(Br)=CS1,,0.0,0.0
O=C(C[NH+]1CCC(CO)CC1)NCC1=CC(Br)=CS1,,0.0,0.0
O=C(C[NH+]1CCC(CO)CC1)NCC1=CC(Br)=CS1,,0.0,0.0
O=C(C[NH+]1CCC(CO)CC1)NCC1=CC(Br)=CS1,,0.0,0.0
O=C(C[NH+]1CCC(CO)CC1)NCC1=CC(Br)=CS1,,0.0,0.0
O=C(C[NH+]1CCC(CO)CC1)NCC1=CC(Br)=CS1,,0.0,0.0
O=C(C[NH+]1CCC(CO)CC1)NCC1=CC(Br)=CS1,,0.0,0.0
O=C(C[NH+]1CCC(CO)CC1)NCC1=CC(Br)=CS1,,0.0,0.0
O=C(C[NH+]1CCC(CO)CC1)NCC1=CC(Br)=CS1,,0.0,0.0
O=C(C[NH+]1CCC(CO)CC1)NCC1=CC(Br)=CS1,,0.0,0.0
O=C(C[NH+]1CCC(CO)CC1)NCC1=CC(Br)=CS1,,0.0,0.0
O=C(C[NH+]1CCC(CO)CC1)NCC1=CC(Br)=CS1,,0.0,0.0
O=C(C[NH+]1CCC(CO)CC1)NCC1=CC(Br)=CS1,,0.0,0.0
O=C(C[NH+]1CCC(CO)CC1)NCC1=CC(Br)=CS1,,0.0,0.0
O=C(C[NH+]1CCC(CO)CC1)NCC1=CC(Br)=CS1,,0.0,0.0
O=C(C[NH+]1CCC(CO)CC1)NCC1=CC(Br)=CS1,,0.0,0.0
O=C(C[NH+]1CCC(CO)CC1)NCC1=CC(Br)=CS1,,0.0,0.0
O=C(C[NH+]1CCC(CO)CC1)NCC1=CC(Br)=CS1,,0.0,0.0
O=C(C[NH+]1CCC(CO)CC1)NCC1=CC(Br)=CS1,,0.0,0.0
O=C(C[NH+]1CCC(CO)CC1)NCC1=CC(Br)=CS1,,0.0,0.0
CC1=C(C(=O)N2CCCC2C2=NC3=C(CCCN3CC3CCCCC3)C(C)=[NH+]2)SC=N1,CC1=C2C(COC(CCCCC)O2)=C(C(CC3=C(COC(C)(C)O4)C4=C(C)N=C3)(C)C)C=N1,0.11764705882352941,0.4729635084227723
CC1=C(C(=O)N2CCCC2C2=NC3=C(CCCN3CC3CCCCC3)C(C)=[NH+]2)SC=N1,CC1=C2C(COC(CCCCCCCCCCC)O2)=C(C(CC3=C(COC(C)(C)O4)C4=C(C)N=C3)(C)C)C=N1,0.11650485436893204,0.2385738012077454
CC1=C(C(=O)N2CCCC2C2=NC3=C(CCCN3CC3CCCCC3)C(C)=[NH+]2)SC=N1,CC1=C2C(COC(CCCC)O2)=C(C(CC3=C(COC(C)(C)O4)C4=C(C)N=C3)(C)C)C=N1,0.1188118811881188,0.5754594165575513
CC1=C(C(=O)N2CCCC2C2=NC3=C(CCCN3CC3CCCCC3)C(C)=[NH+]2)SC=N1,CC1=C2C(COC(CCCCCCCCC)O2)=C(C(CC3=C(COC(C)(C)O4)C4=C(C)N=C3)(C)C)C=N1,0.11650485436893204,0.28956587412824697
CC1=C(C(=O)N2CCCC2C2=NC3=C(CCCN3CC3CCCCC3)C(C)=[NH+]2)SC=N1,CC1=C2C(COC(CCCCC)O2)=C(C(CC3=C(COC(C)(C)O4)C4=C(C)N=C3)(C)C)C=N1,0.11764705882352941,0.4729635084227723
CC1=C(C(=O)N2CCCC2C2=NC3=C(CCCN3CC3CCCCC3)C(C)=[NH+]2)SC=N1,CC1=C2C(COC(CCCCC)O2)=C(C(CC3=C(COC(C)(C)O4)C4=C(C)N=C3)(C)C)C=N1,0.11764705882352941,0.4729635084227723
CC1=C(C(=O)N2CCCC2C2=NC3=C(CCCN3CC3CCCCC3)C(C)=[NH+]2)SC=N1,CC1=C2C(COC(CCCCC)O2)=C(C(CC3=C(COC(C)(C)O4)C4=C(C)N=C3)(C)C)C=N1,0.11764705882352941,0.4729635084227723
CC1=C(C(=O)N2CCCC2C2=NC3=C(CCCN3CC3CCCCC3)C(C)=[NH+]2)SC=N1,CC1=C2C(COC(CCCCCCCCCCC)O2)=C(C(CC3=C(COC(C)(C)O4)C4=C(C)N=C3)(C)C)C=N1,0.11650485436893204,0.2385738012077454
CC1=C(C(=O)N2CCCC2C2=NC3=C(CCCN3CC3CCCCC3)C(C)=[NH+]2)SC=N1,CC1=C2C(COC(CCCC)O2)=C(C(CC3=C(COC(C)(C)O4)C4=C(C)N=C3)(C)C)C=N1,0.1188118811881188,0.5754594165575513
CC1=C(C(=O)N2CCCC2C2=NC3=C(CCCN3CC3CCCCC3)C(C)=[NH+]2)SC=N1,CC1=C2C(COC(CCCCCCCCCCC)O2)=C(C(CC3=C(COC(C)(C)O4)C4=C(C)N=C3)(C)C)C=N1,0.11650485436893204,0.2385738012077454
CC1=C(C(=O)N2CCCC2C2=NC3=C(CCCN3CC3CCCCC3)C(C)=[NH+]2)SC=N1,CC1=C2C(COC(CCCCC)O2)=C(C(CC3=C(COC(C)(C)O4)C4=C(C)N=C3)(C)C)C=N1,0.11764705882352941,0.4729635084227723
CC1=C(C(=O)N2CCCC2C2=NC3=C(CCCN3CC3CCCCC3)C(C)=[NH+]2)SC=N1,CC1=C2C(COC(CCCCC)O2)=C(C(CC3=C(COC(C)(C)O4)C4=C(C)N=C3)(C)C)C=N1,0.11764705882352941,0.4729635084227723
CC1=C(C(=O)N2CCCC2C2=NC3=C(CCCN3CC3CCCCC3)C(C)=[NH+]2)SC=N1,CC1=C2C(COC(CCCC)O2)=C(C(CC3=C(COC(C)(C)O4)C4=C(C)N=C3)(C)C)C=N1,0.1188118811881188,0.5754594165575513
CC1=C(C(=O)N2CCCC2C2=NC3=C(CCCN3CC3CCCCC3)C(C)=[NH+]2)SC=N1,CC1=C2C(COC(CCCC)O2)=C(C(CC3=C(COC(C)(C)O4)C4=C(C)N=C3)(C)C)C=N1,0.1188118811881188,0.5754594165575513
CC1=C(C(=O)N2CCCC2C2=NC3=C(CCCN3CC3CCCCC3)C(C)=[NH+]2)SC=N1,CC1=C2C(COC(CCCCC)O2)=C(C(CC3=C(COC(C)(C)O4)C4=C(C)N=C3)(C)C)C=N1,0.11764705882352941,0.4729635084227723
CC1=C(C(=O)N2CCCC2C2=NC3=C(CCCN3CC3CCCCC3)C(C)=[NH+]2)SC=N1,CC1=C2C(COC(CCCCCCCCCCC)O2)=C(C(CC3=C(COC(C)(C)O4)C4=C(C)N=C3)(C)C)C=N1,0.11650485436893204,0.2385738012077454
CC1=C(C(=O)N2CCCC2C2=NC3=C(CCCN3CC3CCCCC3)C(C)=[NH+]2)SC=N1,CC1=C2C(COC(CCCCC)O2)=C(C(CC3=C(COC(C)(C)O4)C4=C(C)N=C3)(C)C)C=N1,0.11764705882352941,0.4729635084227723
CC1=C(C(=O)N2CCCC2C2=NC3=C(CCCN3CC3CCCCC3)C(C)=[NH+]2)SC=N1,CC1=C2C(COC(CCCC)O2)=C(C(CC3=C(COC(C)(C)O4)C4=C(C)N=C3)(C)C)C=N1,0.1188118811881188,0.5754594165575513
CC1=C(C(=O)N2CCCC2C2=NC3=C(CCCN3CC3CCCCC3)C(C)=[NH+]2)SC=N1,CC1=C2C(COC(CCCC)O2)=C(C(CC3=C(COC(C)(C)O4)C4=C(C)N=C3)(C)C)C=N1,0.1188118811881188,0.5754594165575513
CC1=C(C(=O)N2CCCC2C2=NC3=C(CCCN3CC3CCCCC3)C(C)=[NH+]2)SC=N1,CC1=C2C(COC(CCCC)O2)=C(C(CC3=C(COC(C)(C)O4)C4=C(C)N=C3)(C)C)C=N1,0.1188118811881188,0.5754594165575513
CC(Br)CC(C)CC1=[NH+]C=CN1C,,0.0,0.0
CC(Br)CC(C)CC1=[NH+]C=CN1C,,0.0,0.0
CC(Br)CC(C)CC1=[NH+]C=CN1C,,0.0,0.0
CC(Br)CC(C)CC1=[NH+]C=CN1C,,0.0,0.0
CC(Br)CC(C)CC1=[NH+]C=CN1C,,0.0,0.0
CC(Br)CC(C)CC1=[NH+]C=CN1C,,0.0,0.0
CC(Br)CC(C)CC1=[NH+]C=CN1C,,0.0,0.0
CC(Br)CC(C)CC1=[NH+]C=CN1C,,0.0,0.0
CC(Br)CC(C)CC1=[NH+]C=CN1C,,0.0,0.0
CC(Br)CC(C)CC1=[NH+]C=CN1C,,0.0,0.0
CC(Br)CC(C)CC1=[NH+]C=CN1C,,0.0,0.0
CC(Br)CC(C)CC1=[NH+]C=CN1C,,0.0,0.0
CC(Br)CC(C)CC1=[NH+]C=CN1C,,0.0,0.0
CC(Br)CC(C)CC1=[NH+]C=CN1C,,0.0,0.0
CC(Br)CC(C)CC1=[NH+]C=CN1C,,0.0,0.0
CC(Br)CC(C)CC1=[NH+]C=CN1C,,0.0,0.0
CC(Br)CC(C)CC1=[NH+]C=CN1C,,0.0,0.0
CC(Br)CC(C)CC1=[NH+]C=CN1C,,0.0,0.0
CC(Br)CC(C)CC1=[NH+]C=CN1C,,0.0,0.0
CC(Br)CC(C)CC1=[NH+]C=CN1C,,0.0,0.0
O=C(NCCNC1=NC=CC=N1)C1COC2=CC=CC=C2O1,CCCCCCCCCCCC(OC1=NC=CC=C1)=O,0.21311475409836064,0.4260075772364941
O=C(NCCNC1=NC=CC=N1)C1COC2=CC=CC=C2O1,,0.0,0.0
O=C(NCCNC1=NC=CC=N1)C1COC2=CC=CC=C2O1,CCCCCCCCCCCCCC(OC1=NC=CC=C1)=O,0.21311475409836064,0.34703821409423774
O=C(NCCNC1=NC=CC=N1)C1COC2=CC=CC=C2O1,CCCCCCCCCCCC(OC1=NC=CC=C1)=O,0.21311475409836064,0.4260075772364941
O=C(NCCNC1=NC=CC=N1)C1COC2=CC=CC=C2O1,CCCCCCCCCCCC(OC1=NC=CC=C1)=O,0.21311475409836064,0.4260075772364941
O=C(NCCNC1=NC=CC=N1)C1COC2=CC=CC=C2O1,CCCCCCCCCCCC(OC1=NC=CC=C1)=O,0.21311475409836064,0.4260075772364941
O=C(NCCNC1=NC=CC=N1)C1COC2=CC=CC=C2O1,CCCCCCCCCCCC(OC1=NC=CC=C1)=O,0.21311475409836064,0.4260075772364941
O=C(NCCNC1=NC=CC=N1)C1COC2=CC=CC=C2O1,,0.0,0.0
O=C(NCCNC1=NC=CC=N1)C1COC2=CC=CC=C2O1,CCCCCCCCCCCC(OC1=NC=CC=C1)=O,0.21311475409836064,0.4260075772364941
O=C(NCCNC1=NC=CC=N1)C1COC2=CC=CC=C2O1,CCCCCCCCCCCC(OC1=NC=CC=C1)=O,0.21311475409836064,0.4260075772364941
O=C(NCCNC1=NC=CC=N1)C1COC2=CC=CC=C2O1,CCCCCCCCCCCC(OC1=NC=CC=C1)=O,0.21311475409836064,0.4260075772364941
O=C(NCCNC1=NC=CC=N1)C1COC2=CC=CC=C2O1,,0.0,0.0
O=C(NCCNC1=NC=CC=N1)C1COC2=CC=CC=C2O1,,0.0,0.0
O=C(NCCNC1=NC=CC=N1)C1COC2=CC=CC=C2O1,,0.0,0.0
O=C(NCCNC1=NC=CC=N1)C1COC2=CC=CC=C2O1,CCC1=CC=C(C1)C2=CC=C(C)C=C2,0.08196721311475409,0.6482740251039354
O=C(NCCNC1=NC=CC=N1)C1COC2=CC=CC=C2O1,CCCCCCCCCCCC(OC1=NC=CC=C1)=O,0.21311475409836064,0.4260075772364941
O=C(NCCNC1=NC=CC=N1)C1COC2=CC=CC=C2O1,,0.0,0.0
O=C(NCCNC1=NC=CC=N1)C1COC2=CC=CC=C2O1,CCCCCCCCCCCC(OC1=NC=CC=C1)=O,0.21311475409836064,0.4260075772364941
O=C(NCCNC1=NC=CC=N1)C1COC2=CC=CC=C2O1,CCCCCCCCCCCCCCC(OC1=NC=CC=C1)=O,0.21311475409836064,0.308037786376624
O=C(NCCNC1=NC=CC=N1)C1COC2=CC=CC=C2O1,CCCCCCCCCCCC(OC1=NC=CC=C1)=O,0.21311475409836064,0.4260075772364941
CN(CC(=O)NCC(C)(C)C1=CC=NC=C1)S(=O)(=O)C1=CC=C(Cl)C=C1,CCCCCCCCCCCC(OC1=NC=CC=C1)=O,0.14705882352941177,0.4260075772364941
CN(CC(=O)NCC(C)(C)C1=CC=NC=C1)S(=O)(=O)C1=CC=C(Cl)C=C1,CCCCCCCCCCCC(OC1=NC=CC=C1)=O,0.14705882352941177,0.4260075772364941
CN(CC(=O)NCC(C)(C)C1=CC=NC=C1)S(=O)(=O)C1=CC=C(Cl)C=C1,CCCCCCCCCCCC(OC1=NC=CC=C1)=O,0.14705882352941177,0.4260075772364941
CN(CC(=O)NCC(C)(C)C1=CC=NC=C1)S(=O)(=O)C1=CC=C(Cl)C=C1,CCCCCCCCCCCC(OC1=NC=CC=C1)=O,0.14705882352941177,0.4260075772364941
CN(CC(=O)NCC(C)(C)C1=CC=NC=C1)S(=O)(=O)C1=CC=C(Cl)C=C1,CCCCCCCCCCCC(OC1=NC=CC=C1)=O,0.14705882352941177,0.4260075772364941
CN(CC(=O)NCC(C)(C)C1=CC=NC=C1)S(=O)(=O)C1=CC=C(Cl)C=C1,CCCCCCCCCCCC(OC1=NC=CC=C1)=O,0.14705882352941177,0.4260075772364941
CN(CC(=O)NCC(C)(C)C1=CC=NC=C1)S(=O)(=O)C1=CC=C(Cl)C=C1,CCCCCCCCCCCC(OC1=NC=CC=C1)=O,0.14705882352941177,0.4260075772364941
CN(CC(=O)NCC(C)(C)C1=CC=NC=C1)S(=O)(=O)C1=CC=C(Cl)C=C1,CCCCCCCCCCCC(OC1=NC=CC=C1)=O,0.14705882352941177,0.4260075772364941
CN(CC(=O)NCC(C)(C)C1=CC=NC=C1)S(=O)(=O)C1=CC=C(Cl)C=C1,CCCCCCCCCCCC(OC1=NC=CC=C1)=O,0.14705882352941177,0.4260075772364941
CN(CC(=O)NCC(C)(C)C1=CC=NC=C1)S(=O)(=O)C1=CC=C(Cl)C=C1,CCCCCCCCCCCC(OC1=NC=CC=C1)=O,0.14705882352941177,0.4260075772364941
CN(CC(=O)NCC(C)(C)C1=CC=NC=C1)S(=O)(=O)C1=CC=C(Cl)C=C1,CCCCCCCCCCCC(OC1=NC=CC=C1)=O,0.14705882352941177,0.4260075772364941
CN(CC(=O)NCC(C)(C)C1=CC=NC=C1)S(=O)(=O)C1=CC=C(Cl)C=C1,CCCCCCCCCCCC(OC1=NC=CC=C1)=O,0.14705882352941177,0.4260075772364941
CN(CC(=O)NCC(C)(C)C1=CC=NC=C1)S(=O)(=O)C1=CC=C(Cl)C=C1,CCCCCCCCCCCC(OC1=NC=CC=C1)=O,0.14705882352941177,0.4260075772364941
CN(CC(=O)NCC(C)(C)C1=CC=NC=C1)S(=O)(=O)C1=CC=C(Cl)C=C1,CCCCCCCCCCCC(OC1=NC=CC=C1)=O,0.14705882352941177,0.4260075772364941
CN(CC(=O)NCC(C)(C)C1=CC=NC=C1)S(=O)(=O)C1=CC=C(Cl)C=C1,CCCCCCCCCCCC(OC1=NC=CC=C1)=O,0.14705882352941177,0.4260075772364941
CN(CC(=O)NCC(C)(C)C1=CC=NC=C1)S(=O)(=O)C1=CC=C(Cl)C=C1,CCCCCCCCCCCC(OC1=NC=CC=C1)=O,0.14705882352941177,0.4260075772364941
CN(CC(=O)NCC(C)(C)C1=CC=NC=C1)S(=O)(=O)C1=CC=C(Cl)C=C1,CCCCCCCCCCCC(OC1=NC=CC=C1)=O,0.14705882352941177,0.4260075772364941
CN(CC(=O)NCC(C)(C)C1=CC=NC=C1)S(=O)(=O)C1=CC=C(Cl)C=C1,CCCCCCCCCCCC(OC1=NC=CC=C1)=O,0.14705882352941177,0.4260075772364941
CN(CC(=O)NCC(C)(C)C1=CC=NC=C1)S(=O)(=O)C1=CC=C(Cl)C=C1,CCCCCCCCCCCC(OC1=NC=CC=C1)=O,0.14705882352941177,0.4260075772364941
CN(CC(=O)NCC(C)(C)C1=CC=NC=C1)S(=O)(=O)C1=CC=C(Cl)C=C1,CCCCCCCCCCCC(OC1=NC=CC=C1)=O,0.14705882352941177,0.4260075772364941
CC1=CC=C(Cl)C(NC(=O)COC(=O)C23CC4CC(CC(O)(C4)C2)C3)=C1Cl,CCCCCCCCCCCC(OC1=NC=CC=C1)=O,0.12162162162162163,0.4260075772364941
CC1=CC=C(Cl)C(NC(=O)COC(=O)C23CC4CC(CC(O)(C4)C2)C3)=C1Cl,CCCCCCCCCCCC(OC1=NC=CC=C1)=O,0.12162162162162163,0.4260075772364941
CC1=CC=C(Cl)C(NC(=O)COC(=O)C23CC4CC(CC(O)(C4)C2)C3)=C1Cl,CCCCCCCCCCCC(OC1=NC=CC=C1)=O,0.12162162162162163,0.4260075772364941
CC1=CC=C(Cl)C(NC(=O)COC(=O)C23CC4CC(CC(O)(C4)C2)C3)=C1Cl,CCCCCCCCCCCC(OC1=NC=CC=C1)=O,0.12162162162162163,0.4260075772364941
CC1=CC=C(Cl)C(NC(=O)COC(=O)C23CC4CC(CC(O)(C4)C2)C3)=C1Cl,CCCCCCCCCCCC(OC1=NC=CC=C1)=O,0.12162162162162163,0.4260075772364941
CC1=CC=C(Cl)C(NC(=O)COC(=O)C23CC4CC(CC(O)(C4)C2)C3)=C1Cl,CCCCCCCCCCCC(OC1=NC=CC=C1)=O,0.12162162162162163,0.4260075772364941
CC1=CC=C(Cl)C(NC(=O)COC(=O)C23CC4CC(CC(O)(C4)C2)C3)=C1Cl,CCCCCCCCCCCC(OC1=NC=CC=C1)=O,0.12162162162162163,0.4260075772364941
CC1=CC=C(Cl)C(NC(=O)COC(=O)C23CC4CC(CC(O)(C4)C2)C3)=C1Cl,CCCCCCCCCCCC(OC1=NC=CC=C1)=O,0.12162162162162163,0.4260075772364941
CC1=CC=C(Cl)C(NC(=O)COC(=O)C23CC4CC(CC(O)(C4)C2)C3)=C1Cl,CCCCCCCCCCCC(OC1=NC=CC=C1)=O,0.12162162162162163,0.4260075772364941
CC1=CC=C(Cl)C(NC(=O)COC(=O)C23CC4CC(CC(O)(C4)C2)C3)=C1Cl,CCCCCCCCCCCC(OC1=NC=CC=C1)=O,0.12162162162162163,0.4260075772364941
CC1=CC=C(Cl)C(NC(=O)COC(=O)C23CC4CC(CC(O)(C4)C2)C3)=C1Cl,CCCCCCCCCCCC(OC1=NC=CC=C1)=O,0.12162162162162163,0.4260075772364941
CC1=CC=C(Cl)C(NC(=O)COC(=O)C23CC4CC(CC(O)(C4)C2)C3)=C1Cl,CCCCCCCCCCCC(OC1=NC=CC=C1)=O,0.12162162162162163,0.4260075772364941
CC1=CC=C(Cl)C(NC(=O)COC(=O)C23CC4CC(CC(O)(C4)C2)C3)=C1Cl,CCCCCCCCCCCC(OC1=NC=CC=C1)=O,0.12162162162162163,0.4260075772364941
CC1=CC=C(Cl)C(NC(=O)COC(=O)C23CC4CC(CC(O)(C4)C2)C3)=C1Cl,CCCCCCCCCCCC(OC1=NC=CC=C1)=O,0.12162162162162163,0.4260075772364941
CC1=CC=C(Cl)C(NC(=O)COC(=O)C23CC4CC(CC(O)(C4)C2)C3)=C1Cl,CCCCCCCCCCCC(OC1=NC=CC=C1)=O,0.12162162162162163,0.4260075772364941
CC1=CC=C(Cl)C(NC(=O)COC(=O)C23CC4CC(CC(O)(C4)C2)C3)=C1Cl,CCCCCCCCCCCC(OC1=NC=CC=C1)=O,0.12162162162162163,0.4260075772364941
CC1=CC=C(Cl)C(NC(=O)COC(=O)C23CC4CC(CC(O)(C4)C2)C3)=C1Cl,CCCCCCCCCCCC(OC1=NC=CC=C1)=O,0.12162162162162163,0.4260075772364941
CC1=CC=C(Cl)C(NC(=O)COC(=O)C23CC4CC(CC(O)(C4)C2)C3)=C1Cl,CCCCCCCCCCCC(OC1=NC=CC=C1)=O,0.12162162162162163,0.4260075772364941
CC1=CC=C(Cl)C(NC(=O)COC(=O)C23CC4CC(CC(O)(C4)C2)C3)=C1Cl,CCCCCCCCCCCC(OC1=NC=CC=C1)=O,0.12162162162162163,0.4260075772364941
CC1=CC=C(Cl)C(NC(=O)COC(=O)C23CC4CC(CC(O)(C4)C2)C3)=C1Cl,CCCCCCCCCCCC(OC1=NC=CC=C1)=O,0.12162162162162163,0.4260075772364941
CN1C=C(C(=O)N2CC(C3=CC=CC=C3)C(C3=NNC(C(F)F)=C3)C2)C=CC1=O,,0.0,0.0
CN1C=C(C(=O)N2CC(C3=CC=CC=C3)C(C3=NNC(C(F)F)=C3)C2)C=CC1=O,,0.0,0.0
CN1C=C(C(=O)N2CC(C3=CC=CC=C3)C(C3=NNC(C(F)F)=C3)C2)C=CC1=O,,0.0,0.0
CN1C=C(C(=O)N2CC(C3=CC=CC=C3)C(C3=NNC(C(F)F)=C3)C2)C=CC1=O,,0.0,0.0
CN1C=C(C(=O)N2CC(C3=CC=CC=C3)C(C3=NNC(C(F)F)=C3)C2)C=CC1=O,CCCCCCCCCCCCCC(CCCCCC(C)CCCCCCCCCC(C)CCC(CCCCCCCCCCCCCCCCCCCCCC)CCC1C(C)CCCCCCCCCCCCCCCCCCC)OC1,0.07692307692307693,0.055175349236331314
CN1C=C(C(=O)N2CC(C3=CC=CC=C3)C(C3=NNC(C(F)F)=C3)C2)C=CC1=O,,0.0,0.0
CN1C=C(C(=O)N2CC(C3=CC=CC=C3)C(C3=NNC(C(F)F)=C3)C2)C=CC1=O,,0.0,0.0
CN1C=C(C(=O)N2CC(C3=CC=CC=C3)C(C3=NNC(C(F)F)=C3)C2)C=CC1=O,,0.0,0.0
CN1C=C(C(=O)N2CC(C3=CC=CC=C3)C(C3=NNC(C(F)F)=C3)C2)C=CC1=O,,0.0,0.0
CN1C=C(C(=O)N2CC(C3=CC=CC=C3)C(C3=NNC(C(F)F)=C3)C2)C=CC1=O,,0.0,0.0
CN1C=C(C(=O)N2CC(C3=CC=CC=C3)C(C3=NNC(C(F)F)=C3)C2)C=CC1=O,,0.0,0.0
CN1C=C(C(=O)N2CC(C3=CC=CC=C3)C(C3=NNC(C(F)F)=C3)C2)C=CC1=O,,0.0,0.0
CN1C=C(C(=O)N2CC(C3=CC=CC=C3)C(C3=NNC(C(F)F)=C3)C2)C=CC1=O,,0.0,0.0
CN1C=C(C(=O)N2CC(C3=CC=CC=C3)C(C3=NNC(C(F)F)=C3)C2)C=CC1=O,,0.0,0.0
CN1C=C(C(=O)N2CC(C3=CC=CC=C3)C(C3=NNC(C(F)F)=C3)C2)C=CC1=O,,0.0,0.0
CN1C=C(C(=O)N2CC(C3=CC=CC=C3)C(C3=NNC(C(F)F)=C3)C2)C=CC1=O,,0.0,0.0
CN1C=C(C(=O)N2CC(C3=CC=CC=C3)C(C3=NNC(C(F)F)=C3)C2)C=CC1=O,,0.0,0.0
CN1C=C(C(=O)N2CC(C3=CC=CC=C3)C(C3=NNC(C(F)F)=C3)C2)C=CC1=O,,0.0,0.0
CN1C=C(C(=O)N2CC(C3=CC=CC=C3)C(C3=NNC(C(F)F)=C3)C2)C=CC1=O,,0.0,0.0
CN1C=C(C(=O)N2CC(C3=CC=CC=C3)C(C3=NNC(C(F)F)=C3)C2)C=CC1=O,,0.0,0.0
COC(=O)CC1=CC=C(S(=O)(=O)N(C)C2CCCC(C)C2)S1,,0.0,0.0
COC(=O)CC1=CC=C(S(=O)(=O)N(C)C2CCCC(C)C2)S1,,0.0,0.0
COC(=O)CC1=CC=C(S(=O)(=O)N(C)C2CCCC(C)C2)S1,,0.0,0.0
COC(=O)CC1=CC=C(S(=O)(=O)N(C)C2CCCC(C)C2)S1,,0.0,0.0
COC(=O)CC1=CC=C(S(=O)(=O)N(C)C2CCCC(C)C2)S1,,0.0,0.0
COC(=O)CC1=CC=C(S(=O)(=O)N(C)C2CCCC(C)C2)S1,,0.0,0.0
COC(=O)CC1=CC=C(S(=O)(=O)N(C)C2CCCC(C)C2)S1,,0.0,0.0
COC(=O)CC1=CC=C(S(=O)(=O)N(C)C2CCCC(C)C2)S1,,0.0,0.0
COC(=O)CC1=CC=C(S(=O)(=O)N(C)C2CCCC(C)C2)S1,,0.0,0.0
COC(=O)CC1=CC=C(S(=O)(=O)N(C)C2CCCC(C)C2)S1,,0.0,0.0
COC(=O)CC1=CC=C(S(=O)(=O)N(C)C2CCCC(C)C2)S1,,0.0,0.0
COC(=O)CC1=CC=C(S(=O)(=O)N(C)C2CCCC(C)C2)S1,,0.0,0.0
COC(=O)CC1=CC=C(S(=O)(=O)N(C)C2CCCC(C)C2)S1,,0.0,0.0
COC(=O)CC1=CC=C(S(=O)(=O)N(C)C2CCCC(C)C2)S1,,0.0,0.0
COC(=O)CC1=CC=C(S(=O)(=O)N(C)C2CCCC(C)C2)S1,,0.0,0.0
COC(=O)CC1=CC=C(S(=O)(=O)N(C)C2CCCC(C)C2)S1,,0.0,0.0
COC(=O)CC1=CC=C(S(=O)(=O)N(C)C2CCCC(C)C2)S1,,0.0,0.0
COC(=O)CC1=CC=C(S(=O)(=O)N(C)C2CCCC(C)C2)S1,,0.0,0.0
COC(=O)CC1=CC=C(S(=O)(=O)N(C)C2CCCC(C)C2)S1,,0.0,0.0
COC(=O)CC1=CC=C(S(=O)(=O)N(C)C2CCCC(C)C2)S1,,0.0,0.0
CCC(=O)NC1=CC=C(C(=O)COC2=CC=C(C(N)=O)C=C2)C=C1,,0.0,0.0
CCC(=O)NC1=CC=C(C(=O)COC2=CC=C(C(N)=O)C=C2)C=C1,,0.0,0.0
CCC(=O)NC1=CC=C(C(=O)COC2=CC=C(C(N)=O)C=C2)C=C1,,0.0,0.0
CCC(=O)NC1=CC=C(C(=O)COC2=CC=C(C(N)=O)C=C2)C=C1,,0.0,0.0
CCC(=O)NC1=CC=C(C(=O)COC2=CC=C(C(N)=O)C=C2)C=C1,,0.0,0.0
CCC(=O)NC1=CC=C(C(=O)COC2=CC=C(C(N)=O)C=C2)C=C1,,0.0,0.0
CCC(=O)NC1=CC=C(C(=O)COC2=CC=C(C(N)=O)C=C2)C=C1,,0.0,0.0
CCC(=O)NC1=CC=C(C(=O)COC2=CC=C(C(N)=O)C=C2)C=C1,,0.0,0.0
CCC(=O)NC1=CC=C(C(=O)COC2=CC=C(C(N)=O)C=C2)C=C1,,0.0,0.0
CCC(=O)NC1=CC=C(C(=O)COC2=CC=C(C(N)=O)C=C2)C=C1,C(CCO)(CCO)CCCCCCCCCCCCCCCCSC1=NN=C(O1)C2=CC=C(C(C)(C)C)C=N2,0.08860759493670886,0.1034395484602228
CCC(=O)NC1=CC=C(C(=O)COC2=CC=C(C(N)=O)C=C2)C=C1,,0.0,0.0
CCC(=O)NC1=CC=C(C(=O)COC2=CC=C(C(N)=O)C=C2)C=C1,C(CCCCCCCCCCC)(CCO)CCCCCCCCCCCCCCC,0.07692307692307693,0.13683576536778785
CCC(=O)NC1=CC=C(C(=O)COC2=CC=C(C(N)=O)C=C2)C=C1,C(CCCCCCCCCCC)(CCO)CCCCCCCCCCCCCCC,0.07692307692307693,0.13683576536778785
CCC(=O)NC1=CC=C(C(=O)COC2=CC=C(C(N)=O)C=C2)C=C1,,0.0,0.0
CCC(=O)NC1=CC=C(C(=O)COC2=CC=C(C(N)=O)C=C2)C=C1,,0.0,0.0
CCC(=O)NC1=CC=C(C(=O)COC2=CC=C(C(N)=O)C=C2)C=C1,,0.0,0.0
CCC(=O)NC1=CC=C(C(=O)COC2=CC=C(C(N)=O)C=C2)C=C1,,0.0,0.0
CCC(=O)NC1=CC=C(C(=O)COC2=CC=C(C(N)=O)C=C2)C=C1,,0.0,0.0
CCC(=O)NC1=CC=C(C(=O)COC2=CC=C(C(N)=O)C=C2)C=C1,,0.0,0.0
CCC(=O)NC1=CC=C(C(=O)COC2=CC=C(C(N)=O)C=C2)C=C1,,0.0,0.0
O=C(OCC1CC(=O)N(C2=CC=CC=C2)C1)C1CCC[NH+]1CC1=CC=CC=C1,CCCCCCCCCCCC(OC1=NC=CC=C1)=O,0.1527777777777778,0.4260075772364941
O=C(OCC1CC(=O)N(C2=CC=CC=C2)C1)C1CCC[NH+]1CC1=CC=CC=C1,,0.0,0.0
O=C(OCC1CC(=O)N(C2=CC=CC=C2)C1)C1CCC[NH+]1CC1=CC=CC=C1,CCCCCCCCCCCC(OC1=NC=CC=C1)=O,0.1527777777777778,0.4260075772364941
O=C(OCC1CC(=O)N(C2=CC=CC=C2)C1)C1CCC[NH+]1CC1=CC=CC=C1,CCCCCCCCCCCC(OC1=NC=CC=C1)=O,0.1527777777777778,0.4260075772364941
O=C(OCC1CC(=O)N(C2=CC=CC=C2)C1)C1CCC[NH+]1CC1=CC=CC=C1,,0.0,0.0
O=C(OCC1CC(=O)N(C2=CC=CC=C2)C1)C1CCC[NH+]1CC1=CC=CC=C1,CCCCCCCCCCCC(OC1=NC=CC=C1)=O,0.1527777777777778,0.4260075772364941
O=C(OCC1CC(=O)N(C2=CC=CC=C2)C1)C1CCC[NH+]1CC1=CC=CC=C1,CCCCCCCCCCCC(OC1=NC=CC=C1)=O,0.1527777777777778,0.4260075772364941
O=C(OCC1CC(=O)N(C2=CC=CC=C2)C1)C1CCC[NH+]1CC1=CC=CC=C1,CCCCCCCCCCCC(OC1=NC=CC=C1)=O,0.1527777777777778,0.4260075772364941
O=C(OCC1CC(=O)N(C2=CC=CC=C2)C1)C1CCC[NH+]1CC1=CC=CC=C1,CCCCCCCCCCCC(OC1=NC=CC=C1)=O,0.1527777777777778,0.4260075772364941
O=C(OCC1CC(=O)N(C2=CC=CC=C2)C1)C1CCC[NH+]1CC1=CC=CC=C1,,0.0,0.0
O=C(OCC1CC(=O)N(C2=CC=CC=C2)C1)C1CCC[NH+]1CC1=CC=CC=C1,CCCCCCCCCCCC(OC1=NC=CC=C1)=O,0.1527777777777778,0.4260075772364941
O=C(OCC1CC(=O)N(C2=CC=CC=C2)C1)C1CCC[NH+]1CC1=CC=CC=C1,CCCCCCCCCCCC(OC1=NC=CC=C1)=O,0.1527777777777778,0.4260075772364941
O=C(OCC1CC(=O)N(C2=CC=CC=C2)C1)C1CCC[NH+]1CC1=CC=CC=C1,CCCCCCCCCCCC(OC1=NC=CC=C1)=O,0.1527777777777778,0.4260075772364941
O=C(OCC1CC(=O)N(C2=CC=CC=C2)C1)C1CCC[NH+]1CC1=CC=CC=C1,CCCCCCCCCCCC(OC1=NC=CC=C1)=O,0.1527777777777778,0.4260075772364941
O=C(OCC1CC(=O)N(C2=CC=CC=C2)C1)C1CCC[NH+]1CC1=CC=CC=C1,CCCCCCCCCCCC(OC1=NC=CC=C1)=O,0.1527777777777778,0.4260075772364941
O=C(OCC1CC(=O)N(C2=CC=CC=C2)C1)C1CCC[NH+]1CC1=CC=CC=C1,CCCCCCCCCCCC(OC1=NC=CC=C1)=O,0.1527777777777778,0.4260075772364941
O=C(OCC1CC(=O)N(C2=CC=CC=C2)C1)C1CCC[NH+]1CC1=CC=CC=C1,CCCCCCCCCCCC(OC1=NC=CC=C1)=O,0.1527777777777778,0.4260075772364941
O=C(OCC1CC(=O)N(C2=CC=CC=C2)C1)C1CCC[NH+]1CC1=CC=CC=C1,,0.0,0.0
O=C(OCC1CC(=O)N(C2=CC=CC=C2)C1)C1CCC[NH+]1CC1=CC=CC=C1,CCCCCCCCCCCC(OC1=NC=CC=C1)=O,0.1527777777777778,0.4260075772364941
O=C(OCC1CC(=O)N(C2=CC=CC=C2)C1)C1CCC[NH+]1CC1=CC=CC=C1,CCCCCCCCCCCC(OC1=NC=CC=C1)=O,0.1527777777777778,0.4260075772364941
CCCC(CC(=O)OC)NC(=O)C1OCCC1C,,0.0,0.0
CCCC(CC(=O)OC)NC(=O)C1OCCC1C,C(C)(CCCCCCCCCCCCCCCCCCCCCCCC)C,0.1276595744680851,0.1545358511829147
CCCC(CC(=O)OC)NC(=O)C1OCCC1C,C(C)(CCCCCCCCCCCCCCCCCC)C,0.1276595744680851,0.23672511981997416
CCCC(CC(=O)OC)NC(=O)C1OCCC1C,,0.0,0.0
CCCC(CC(=O)OC)NC(=O)C1OCCC1C,,0.0,0.0
CCCC(CC(=O)OC)NC(=O)C1OCCC1C,,0.0,0.0
CCCC(CC(=O)OC)NC(=O)C1OCCC1C,,0.0,0.0
CCCC(CC(=O)OC)NC(=O)C1OCCC1C,,0.0,0.0
CCCC(CC(=O)OC)NC(=O)C1OCCC1C,,0.0,0.0
CCCC(CC(=O)OC)NC(=O)C1OCCC1C,C(C)(CCCCCCCCCCCCCC)C,0.1276595744680851,0.3128922261769072
CCCC(CC(=O)OC)NC(=O)C1OCCC1C,C1C(C)CC(C)(C)CCCCCCCCCCCCCCCCCCCCCCCCCCCCCCCCCCCCCCCCCCCCCCCCCCCCCCC(C)CC1,0.09090909090909091,0.22717463283262868
CCCC(CC(=O)OC)NC(=O)C1OCCC1C,,0.0,0.0
CCCC(CC(=O)OC)NC(=O)C1OCCC1C,,0.0,0.0
CCCC(CC(=O)OC)NC(=O)C1OCCC1C,,0.0,0.0
CCCC(CC(=O)OC)NC(=O)C1OCCC1C,C(C)(CCCCCCCCCCCCCC)C,0.1276595744680851,0.3128922261769072
CCCC(CC(=O)OC)NC(=O)C1OCCC1C,,0.0,0.0
CCCC(CC(=O)OC)NC(=O)C1OCCC1C,C(C)(CCCCCCCCCCCCCC)C,0.1276595744680851,0.3128922261769072
CCCC(CC(=O)OC)NC(=O)C1OCCC1C,,0.0,0.0
CCCC(CC(=O)OC)NC(=O)C1OCCC1C,C(C)(CCCCCCCCCCCCCCCCCC)C,0.1276595744680851,0.23672511981997416
CCCC(CC(=O)OC)NC(=O)C1OCCC1C,,0.0,0.0
CC(C1=CC=CC=N1)N(C)C(=O)C1=CC(C(F)(F)F)=CC(C(F)(F)F)=C1,,0.0,0.0
CC(C1=CC=CC=N1)N(C)C(=O)C1=CC(C(F)(F)F)=CC(C(F)(F)F)=C1,,0.0,0.0
CC(C1=CC=CC=N1)N(C)C(=O)C1=CC(C(F)(F)F)=CC(C(F)(F)F)=C1,,0.0,0.0
CC(C1=CC=CC=N1)N(C)C(=O)C1=CC(C(F)(F)F)=CC(C(F)(F)F)=C1,,0.0,0.0
CC(C1=CC=CC=N1)N(C)C(=O)C1=CC(C(F)(F)F)=CC(C(F)(F)F)=C1,C(C)(CCCCCCCCCCCCCCCCCCCCCCCCCC)C,0.057692307692307696,0.13167109896660784
CC(C1=CC=CC=N1)N(C)C(=O)C1=CC(C(F)(F)F)=CC(C(F)(F)F)=C1,,0.0,0.0
CC(C1=CC=CC=N1)N(C)C(=O)C1=CC(C(F)(F)F)=CC(C(F)(F)F)=C1,,0.0,0.0
CC(C1=CC=CC=N1)N(C)C(=O)C1=CC(C(F)(F)F)=CC(C(F)(F)F)=C1,C(C)(CCCCCCCCCCCCCCCCCCCCC)C,0.057692307692307696,0.19380037781450365
CC(C1=CC=CC=N1)N(C)C(=O)C1=CC(C(F)(F)F)=CC(C(F)(F)F)=C1,,0.0,0.0
CC(C1=CC=CC=N1)N(C)C(=O)C1=CC(C(F)(F)F)=CC(C(F)(F)F)=C1,,0.0,0.0
CC(C1=CC=CC=N1)N(C)C(=O)C1=CC(C(F)(F)F)=CC(C(F)(F)F)=C1,,0.0,0.0
CC(C1=CC=CC=N1)N(C)C(=O)C1=CC(C(F)(F)F)=CC(C(F)(F)F)=C1,,0.0,0.0
CC(C1=CC=CC=N1)N(C)C(=O)C1=CC(C(F)(F)F)=CC(C(F)(F)F)=C1,,0.0,0.0
CC(C1=CC=CC=N1)N(C)C(=O)C1=CC(C(F)(F)F)=CC(C(F)(F)F)=C1,,0.0,0.0
CC(C1=CC=CC=N1)N(C)C(=O)C1=CC(C(F)(F)F)=CC(C(F)(F)F)=C1,,0.0,0.0
CC(C1=CC=CC=N1)N(C)C(=O)C1=CC(C(F)(F)F)=CC(C(F)(F)F)=C1,,0.0,0.0
CC(C1=CC=CC=N1)N(C)C(=O)C1=CC(C(F)(F)F)=CC(C(F)(F)F)=C1,,0.0,0.0
CC(C1=CC=CC=N1)N(C)C(=O)C1=CC(C(F)(F)F)=CC(C(F)(F)F)=C1,C(C)(CCCCCCCCCCCCCCCCC)C,0.057692307692307696,0.25226800371984803
CC(C1=CC=CC=N1)N(C)C(=O)C1=CC(C(F)(F)F)=CC(C(F)(F)F)=C1,,0.0,0.0
CC(C1=CC=CC=N1)N(C)C(=O)C1=CC(C(F)(F)F)=CC(C(F)(F)F)=C1,,0.0,0.0
O=C(CS(=O)CC1=CN2C=CC=CC2=N1)NCCC1=CC=C(F)C=C1,,0.0,0.0
O=C(CS(=O)CC1=CN2C=CC=CC2=N1)NCCC1=CC=C(F)C=C1,,0.0,0.0
O=C(CS(=O)CC1=CN2C=CC=CC2=N1)NCCC1=CC=C(F)C=C1,C1=CC=C(C=C(CO)C(CO)=C1)C,0.05970149253731343,0.669553425916173
O=C(CS(=O)CC1=CN2C=CC=CC2=N1)NCCC1=CC=C(F)C=C1,,0.0,0.0
O=C(CS(=O)CC1=CN2C=CC=CC2=N1)NCCC1=CC=C(F)C=C1,,0.0,0.0
O=C(CS(=O)CC1=CN2C=CC=CC2=N1)NCCC1=CC=C(F)C=C1,,0.0,0.0
O=C(CS(=O)CC1=CN2C=CC=CC2=N1)NCCC1=CC=C(F)C=C1,,0.0,0.0
O=C(CS(=O)CC1=CN2C=CC=CC2=N1)NCCC1=CC=C(F)C=C1,,0.0,0.0
O=C(CS(=O)CC1=CN2C=CC=CC2=N1)NCCC1=CC=C(F)C=C1,,0.0,0.0
O=C(CS(=O)CC1=CN2C=CC=CC2=N1)NCCC1=CC=C(F)C=C1,,0.0,0.0
O=C(CS(=O)CC1=CN2C=CC=CC2=N1)NCCC1=CC=C(F)C=C1,,0.0,0.0
O=C(CS(=O)CC1=CN2C=CC=CC2=N1)NCCC1=CC=C(F)C=C1,,0.0,0.0
O=C(CS(=O)CC1=CN2C=CC=CC2=N1)NCCC1=CC=C(F)C=C1,,0.0,0.0
O=C(CS(=O)CC1=CN2C=CC=CC2=N1)NCCC1=CC=C(F)C=C1,,0.0,0.0
O=C(CS(=O)CC1=CN2C=CC=CC2=N1)NCCC1=CC=C(F)C=C1,,0.0,0.0
O=C(CS(=O)CC1=CN2C=CC=CC2=N1)NCCC1=CC=C(F)C=C1,,0.0,0.0
O=C(CS(=O)CC1=CN2C=CC=CC2=N1)NCCC1=CC=C(F)C=C1,,0.0,0.0
O=C(CS(=O)CC1=CN2C=CC=CC2=N1)NCCC1=CC=C(F)C=C1,,0.0,0.0
O=C(CS(=O)CC1=CN2C=CC=CC2=N1)NCCC1=CC=C(F)C=C1,,0.0,0.0
O=C(CS(=O)CC1=CN2C=CC=CC2=N1)NCCC1=CC=C(F)C=C1,,0.0,0.0
C[NH2+]C1CCN(C(=O)C2(C)CCCC2)CC1,,0.0,0.0
C[NH2+]C1CCN(C(=O)C2(C)CCCC2)CC1,,0.0,0.0
C[NH2+]C1CCN(C(=O)C2(C)CCCC2)CC1,,0.0,0.0
C[NH2+]C1CCN(C(=O)C2(C)CCCC2)CC1,,0.0,0.0
C[NH2+]C1CCN(C(=O)C2(C)CCCC2)CC1,,0.0,0.0
C[NH2+]C1CCN(C(=O)C2(C)CCCC2)CC1,,0.0,0.0
C[NH2+]C1CCN(C(=O)C2(C)CCCC2)CC1,,0.0,0.0
C[NH2+]C1CCN(C(=O)C2(C)CCCC2)CC1,,0.0,0.0
C[NH2+]C1CCN(C(=O)C2(C)CCCC2)CC1,,0.0,0.0
C[NH2+]C1CCN(C(=O)C2(C)CCCC2)CC1,,0.0,0.0
C[NH2+]C1CCN(C(=O)C2(C)CCCC2)CC1,,0.0,0.0
C[NH2+]C1CCN(C(=O)C2(C)CCCC2)CC1,,0.0,0.0
C[NH2+]C1CCN(C(=O)C2(C)CCCC2)CC1,,0.0,0.0
C[NH2+]C1CCN(C(=O)C2(C)CCCC2)CC1,,0.0,0.0
C[NH2+]C1CCN(C(=O)C2(C)CCCC2)CC1,,0.0,0.0
C[NH2+]C1CCN(C(=O)C2(C)CCCC2)CC1,,0.0,0.0
C[NH2+]C1CCN(C(=O)C2(C)CCCC2)CC1,,0.0,0.0
C[NH2+]C1CCN(C(=O)C2(C)CCCC2)CC1,,0.0,0.0
C[NH2+]C1CCN(C(=O)C2(C)CCCC2)CC1,,0.0,0.0
C[NH2+]C1CCN(C(=O)C2(C)CCCC2)CC1,,0.0,0.0
CCC(C)[NH2+]CC(CC)OC1=CC=CC=C1,,0.0,0.0
CCC(C)[NH2+]CC(CC)OC1=CC=CC=C1,CCCCCCCCCCCC(OC1=NC=CC=C1)=O,0.16981132075471697,0.4260075772364941
CCC(C)[NH2+]CC(CC)OC1=CC=CC=C1,CCCCCCCCCCCC(OC1=NC=CC=C1)=O,0.16981132075471697,0.4260075772364941
CCC(C)[NH2+]CC(CC)OC1=CC=CC=C1,CCCCCCCCCCCC(OC1=NC=CC=C1)=O,0.16981132075471697,0.4260075772364941
CCC(C)[NH2+]CC(CC)OC1=CC=CC=C1,CCCCCCCCCCCC(OC1=NC=CC=C1)C,0.24489795918367346,0.4523960247988492
CCC(C)[NH2+]CC(CC)OC1=CC=CC=C1,CCCCCCCCCCCCCCCCCCC(CC1=NC=CC=C1)C,0.2,0.22049112049115127
CCC(C)[NH2+]CC(CC)OC1=CC=CC=C1,CCCCCCCCCCCCCCCCCCC(OC1=NC=CC=C1)=O,0.16981132075471697,0.19536789871278365
CCC(C)[NH2+]CC(CC)OC1=CC=CC=C1,CCCCCCCCCCCC(OC1=NC=CC=C1)=O,0.16981132075471697,0.4260075772364941
CCC(C)[NH2+]CC(CC)OC1=CC=CC=C1,CCCCCCCCCCCC(OC1=NC=CC=C1)=O,0.16981132075471697,0.4260075772364941
CCC(C)[NH2+]CC(CC)OC1=CC=CC=C1,CCCCCCCCCCCC(OC1=NC=CC=C1)=O,0.16981132075471697,0.4260075772364941
CCC(C)[NH2+]CC(CC)OC1=CC=CC=C1,CCCCCCCCCCCC(OC1=NC=CC=C1)=O,0.16981132075471697,0.4260075772364941
CCC(C)[NH2+]CC(CC)OC1=CC=CC=C1,,0.0,0.0
CCC(C)[NH2+]CC(CC)OC1=CC=CC=C1,CCCCCCCCCCCC(OC1=NC=CC=C1)=O,0.16981132075471697,0.4260075772364941
CCC(C)[NH2+]CC(CC)OC1=CC=CC=C1,CCCCCCCCCCCC(OC1=NC=CC=C1)=O,0.16981132075471697,0.4260075772364941
CCC(C)[NH2+]CC(CC)OC1=CC=CC=C1,CCCCCCCCCCCC(OC1=NC=CC=C1)=O,0.16981132075471697,0.4260075772364941
CCC(C)[NH2+]CC(CC)OC1=CC=CC=C1,CCCCCCCCCCCC(OC1=NC=CC=C1)=O,0.16981132075471697,0.4260075772364941
CCC(C)[NH2+]CC(CC)OC1=CC=CC=C1,CCCCCCCCCCCC(OC1=NC=CC=C1)=O,0.16981132075471697,0.4260075772364941
CCC(C)[NH2+]CC(CC)OC1=CC=CC=C1,CCCCCCCCCCCC(OC1=NC=CC=C1)=O,0.16981132075471697,0.4260075772364941
CCC(C)[NH2+]CC(CC)OC1=CC=CC=C1,CCCCCCCCCCCC(OC1=NC=CC=C1)=O,0.16981132075471697,0.4260075772364941
CCC(C)[NH2+]CC(CC)OC1=CC=CC=C1,CCCCCCCCCCCC(OC1=NC=CC=C1)C,0.24489795918367346,0.4523960247988492
CC1=CC(F)=CC=C1CCNC(=O)CCNS(C)(=O)=O,CC1=C2C(COC(C(C)CCCCCCCCC)O2)=C(C(CC3=C(COC(C)(C)O4)C4=C(C)N=C3)(C)C)C=N1,0.06521739130434782,0.25345714109403655
CC1=CC(F)=CC=C1CCNC(=O)CCNS(C)(=O)=O,,0.0,0.0
CC1=CC(F)=CC=C1CCNC(=O)CCNS(C)(=O)=O,CC1=C2C(COC(C(C)CCCCCCCCC)O2)=C(C(CC3=C(COC(C)(C)O4)C4=C(C)N=C3)(C)C)C=N1,0.06521739130434782,0.25345714109403655
CC1=CC(F)=CC=C1CCNC(=O)CCNS(C)(=O)=O,CC1=C2C(COC(C(C)CCCCCCCCC)O2)=C(C(CC3=C(COC(C)(C)O4)C4=C(C)N=C3)(C)C)C=N1,0.06521739130434782,0.25345714109403655
CC1=CC(F)=CC=C1CCNC(=O)CCNS(C)(=O)=O,CC1=C2C(COC(C(C)CCCCCCCCC)O2)=C(C(CC3=C(COC(C)(C)O4)C4=C(C)N=C3)(C)C)C=N1,0.06521739130434782,0.25345714109403655
CC1=CC(F)=CC=C1CCNC(=O)CCNS(C)(=O)=O,CC1=C2C(COC(C(C)CCCCCCCCC)O2)=C(C(CC3=C(COC(C)(C)O4)C4=C(C)N=C3)(C)C)C=N1,0.06521739130434782,0.25345714109403655
CC1=CC(F)=CC=C1CCNC(=O)CCNS(C)(=O)=O,CC1=C2C(COC(C(C)CCCCCCCCC)O2)=C(C(CC3=C(COC(C)(C)O4)C4=C(C)N=C3)(C)C)C=N1,0.06521739130434782,0.25345714109403655
CC1=CC(F)=CC=C1CCNC(=O)CCNS(C)(=O)=O,CC1=C2C(COC(C(C)CCCCCCCCC)O2)=C(C(CC3=C(COC(C)(C)O4)C4=C(C)N=C3)(C)C)C=N1,0.06521739130434782,0.25345714109403655
CC1=CC(F)=CC=C1CCNC(=O)CCNS(C)(=O)=O,CC1=C2C(COC(C(C)CCCCCCCCC)O2)=C(C(CC3=C(COC(C)(C)O4)C4=C(C)N=C3)(C)C)C=N1,0.06521739130434782,0.25345714109403655
CC1=CC(F)=CC=C1CCNC(=O)CCNS(C)(=O)=O,CC1=C2C(COC(C(C)CCCCCCCCC)O2)=C(C(CC3=C(COC(C)(C)O4)C4=C(C)N=C3)(C)C)C=N1,0.06521739130434782,0.25345714109403655
CC1=CC(F)=CC=C1CCNC(=O)CCNS(C)(=O)=O,CC1=C2C(COC(C(C)CCCCCCCCC)O2)=C(C(CC3=C(COC(C)(C)O4)C4=C(C)N=C3)(C)C)C=N1,0.06521739130434782,0.25345714109403655
CC1=CC(F)=CC=C1CCNC(=O)CCNS(C)(=O)=O,CC1=C2C(COC(C(C)CCCCCCCCC)O2)=C(C(CC3=C(COC(C)(C)O4)C4=C(C)N=C3)(C)C)C=N1,0.06521739130434782,0.25345714109403655
CC1=CC(F)=CC=C1CCNC(=O)CCNS(C)(=O)=O,CC1=C2C(COC(C(C)CCCCCCCCC)O2)=C(C(CC3=C(COC(C)(C)O4)C4=C(C)N=C3)(C)C)C=N1,0.06521739130434782,0.25345714109403655
CC1=CC(F)=CC=C1CCNC(=O)CCNS(C)(=O)=O,CC1=C2C(COC(C(C)CCCCCCCCC)O2)=C(C(CC3=C(COC(C)(C)O4)C4=C(C)N=C3)(C)C)C=N1,0.06521739130434782,0.25345714109403655
CC1=CC(F)=CC=C1CCNC(=O)CCNS(C)(=O)=O,CC1=C2C(COC(C(C)CCCCCCCCC)O2)=C(C(CC3=C(COC(C)(C)O4)C4=C(C)N=C3)(C)C)C=N1,0.06521739130434782,0.25345714109403655
CC1=CC(F)=CC=C1CCNC(=O)CCNS(C)(=O)=O,CC1=C2C(COC(C(C)CCCCCCCCC)O2)=C(C(CC3=C(COC(C)(C)O4)C4=C(C)N=C3)(C)C)C=N1,0.06521739130434782,0.25345714109403655
CC1=CC(F)=CC=C1CCNC(=O)CCNS(C)(=O)=O,CC1=C2C(COC(C(C)CCCCCCCCC)O2)=C(C(CC3=C(COC(C)(C)O4)C4=C(C)N=C3)(C)C)C=N1,0.06521739130434782,0.25345714109403655
CC1=CC(F)=CC=C1CCNC(=O)CCNS(C)(=O)=O,CC1=C2C(COC(C(C)CCCCCCCCC)O2)=C(C(CC3=C(COC(C)(C)O4)C4=C(C)N=C3)(C)C)C=N1,0.06521739130434782,0.25345714109403655
CC1=CC(F)=CC=C1CCNC(=O)CCNS(C)(=O)=O,CC1=C2C(COC(C(C)CCCCCCCCC)O2)=C(C(CC3=C(COC(C)(C)O4)C4=C(C)N=C3)(C)C)C=N1,0.06521739130434782,0.25345714109403655
CC1=CC(F)=CC=C1CCNC(=O)CCNS(C)(=O)=O,CC1=C2C(COC(C(C)CCCCCCCCC)O2)=C(C(CC3=C(COC(C)(C)O4)C4=C(C)N=C3)(C)C)C=N1,0.06521739130434782,0.25345714109403655
C[NH+](C)CCN(C(=O)C1=CN=CC=N1)C1=NC2=C(F)C=C(F)C=C2S1,CCCCCCCCCC(CCCCCCC(CCCCCCCCCCCCCCCCCCCCCCCCCCCCCCCCCCCCCCCCCCCCCCCCCCCCCCCCCCCCCCCCCCCCCCCCCCCCCCCCCCCCCCCCCCCCCCCCCCCCCCC)=O)C,0.07142857142857142,0.05548763092639489
C[NH+](C)CCN(C(=O)C1=CN=CC=N1)C1=NC2=C(F)C=C(F)C=C2S1,,0.0,0.0
C[NH+](C)CCN(C(=O)C1=CN=CC=N1)C1=NC2=C(F)C=C(F)C=C2S1,,0.0,0.0
C[NH+](C)CCN(C(=O)C1=CN=CC=N1)C1=NC2=C(F)C=C(F)C=C2S1,,0.0,0.0
C[NH+](C)CCN(C(=O)C1=CN=CC=N1)C1=NC2=C(F)C=C(F)C=C2S1,,0.0,0.0
C[NH+](C)CCN(C(=O)C1=CN=CC=N1)C1=NC2=C(F)C=C(F)C=C2S1,,0.0,0.0
C[NH+](C)CCN(C(=O)C1=CN=CC=N1)C1=NC2=C(F)C=C(F)C=C2S1,,0.0,0.0
C[NH+](C)CCN(C(=O)C1=CN=CC=N1)C1=NC2=C(F)C=C(F)C=C2S1,,0.0,0.0
C[NH+](C)CCN(C(=O)C1=CN=CC=N1)C1=NC2=C(F)C=C(F)C=C2S1,,0.0,0.0
C[NH+](C)CCN(C(=O)C1=CN=CC=N1)C1=NC2=C(F)C=C(F)C=C2S1,,0.0,0.0
C[NH+](C)CCN(C(=O)C1=CN=CC=N1)C1=NC2=C(F)C=C(F)C=C2S1,,0.0,0.0
C[NH+](C)CCN(C(=O)C1=CN=CC=N1)C1=NC2=C(F)C=C(F)C=C2S1,,0.0,0.0
C[NH+](C)CCN(C(=O)C1=CN=CC=N1)C1=NC2=C(F)C=C(F)C=C2S1,,0.0,0.0
C[NH+](C)CCN(C(=O)C1=CN=CC=N1)C1=NC2=C(F)C=C(F)C=C2S1,,0.0,0.0
C[NH+](C)CCN(C(=O)C1=CN=CC=N1)C1=NC2=C(F)C=C(F)C=C2S1,,0.0,0.0
C[NH+](C)CCN(C(=O)C1=CN=CC=N1)C1=NC2=C(F)C=C(F)C=C2S1,,0.0,0.0
C[NH+](C)CCN(C(=O)C1=CN=CC=N1)C1=NC2=C(F)C=C(F)C=C2S1,,0.0,0.0
C[NH+](C)CCN(C(=O)C1=CN=CC=N1)C1=NC2=C(F)C=C(F)C=C2S1,,0.0,0.0
C[NH+](C)CCN(C(=O)C1=CN=CC=N1)C1=NC2=C(F)C=C(F)C=C2S1,,0.0,0.0
C[NH+](C)CCN(C(=O)C1=CN=CC=N1)C1=NC2=C(F)C=C(F)C=C2S1,,0.0,0.0
CC1=C(C[NH+]2CCC(N3CCOCC3)C(O)C2)NC2=C(C)C=CC=C12,C(CCO)(CCO)CCCCCCCCCCSC1=NN=C(O1)C2=CC=C(C(C)(C)C)C=N2,0.07446808510638298,0.20069412505516868
CC1=C(C[NH+]2CCC(N3CCOCC3)C(O)C2)NC2=C(C)C=CC=C12,C(CCO)(CCO)CCCCCCCCCCSC1=NN=C(O1)C2=CC=C(C(C)(C)C)C=N2,0.07446808510638298,0.20069412505516868
CC1=C(C[NH+]2CCC(N3CCOCC3)C(O)C2)NC2=C(C)C=CC=C12,C(CCO)(CCO)CCCCCCCCCCSC1=NN=C(O1)C2=CC=C(C(C)(C)C)C=N2,0.07446808510638298,0.20069412505516868
CC1=C(C[NH+]2CCC(N3CCOCC3)C(O)C2)NC2=C(C)C=CC=C12,C(CCO)(CCO)CCCCCCCCCCSC1=NN=C(O1)C2=CC=C(C(C)(C)C)C=N2,0.07446808510638298,0.20069412505516868
CC1=C(C[NH+]2CCC(N3CCOCC3)C(O)C2)NC2=C(C)C=CC=C12,C(CCO)(CCO)CCCCCCCCCCSC1=NN=C(O1)C2=CC=C(C(C)(C)C)C=N2,0.07446808510638298,0.20069412505516868
CC1=C(C[NH+]2CCC(N3CCOCC3)C(O)C2)NC2=C(C)C=CC=C12,C(CCO)(CCO)CCCCCCCCCCSC1=NN=C(O1)C2=CC=C(C(C)(C)C)C=N2,0.07446808510638298,0.20069412505516868
CC1=C(C[NH+]2CCC(N3CCOCC3)C(O)C2)NC2=C(C)C=CC=C12,C(CCO)(CCO)CCCCCCCCCCSC1=NN=C(O1)C2=CC=C(C(C)(C)C)C=N2,0.07446808510638298,0.20069412505516868
CC1=C(C[NH+]2CCC(N3CCOCC3)C(O)C2)NC2=C(C)C=CC=C12,C(CCO)(CCO)CCCCCCCCCCSC1=NN=C(O1)C2=CC=C(C(C)(C)C)C=N2,0.07446808510638298,0.20069412505516868
CC1=C(C[NH+]2CCC(N3CCOCC3)C(O)C2)NC2=C(C)C=CC=C12,C(CCO)(CCO)CCCCCCCCCCSC1=NN=C(O1)C2=CC=C(C(C)(C)C)C=N2,0.07446808510638298,0.20069412505516868
CC1=C(C[NH+]2CCC(N3CCOCC3)C(O)C2)NC2=C(C)C=CC=C12,C(CCO)(CCO)CCCCCCCCCCSC1=NN=C(O1)C2=CC=C(C(C)(C)C)C=N2,0.07446808510638298,0.20069412505516868
CC1=C(C[NH+]2CCC(N3CCOCC3)C(O)C2)NC2=C(C)C=CC=C12,C(CCO)(CCO)CCCCCCCCCCSC1=NN=C(O1)C2=CC=C(C(C)(C)C)C=N2,0.07446808510638298,0.20069412505516868
CC1=C(C[NH+]2CCC(N3CCOCC3)C(O)C2)NC2=C(C)C=CC=C12,C(CCO)(CCO)CCCCCCCCCCSC1=NN=C(O1)C2=CC=C(C(C)(C)C)C=N2,0.07446808510638298,0.20069412505516868
CC1=C(C[NH+]2CCC(N3CCOCC3)C(O)C2)NC2=C(C)C=CC=C12,C(CCO)(CCO)CCCCCCCCCCSC1=NN=C(O1)C2=CC=C(C(C)(C)C)C=N2,0.07446808510638298,0.20069412505516868
CC1=C(C[NH+]2CCC(N3CCOCC3)C(O)C2)NC2=C(C)C=CC=C12,C(CCO)(CCO)CCCCCCCCCCSC1=NN=C(O1)C2=CC=C(C(C)(C)C)C=N2,0.07446808510638298,0.20069412505516868
CC1=C(C[NH+]2CCC(N3CCOCC3)C(O)C2)NC2=C(C)C=CC=C12,C(CCO)(CCO)CCCCCCCCCCSC1=NN=C(O1)C2=CC=C(C(C)(C)C)C=N2,0.07446808510638298,0.20069412505516868
CC1=C(C[NH+]2CCC(N3CCOCC3)C(O)C2)NC2=C(C)C=CC=C12,C(CCO)(CCO)CCCCCCCCCCSC1=NN=C(O1)C2=CC=C(C(C)(C)C)C=N2,0.07446808510638298,0.20069412505516868
CC1=C(C[NH+]2CCC(N3CCOCC3)C(O)C2)NC2=C(C)C=CC=C12,C(CCO)(CCO)CCCCCCCCCCSC1=NN=C(O1)C2=CC=C(C(C)(C)C)C=N2,0.07446808510638298,0.20069412505516868
CC1=C(C[NH+]2CCC(N3CCOCC3)C(O)C2)NC2=C(C)C=CC=C12,C(CCO)(CCO)CCCCCCCCCCSC1=NN=C(O1)C2=CC=C(C(C)(C)C)C=N2,0.07446808510638298,0.20069412505516868
CC1=C(C[NH+]2CCC(N3CCOCC3)C(O)C2)NC2=C(C)C=CC=C12,C(CCO)(CCO)CCCCCCCCCCSC1=NN=C(O1)C2=CC=C(C(C)(C)C)C=N2,0.07446808510638298,0.20069412505516868
CC1=C(C[NH+]2CCC(N3CCOCC3)C(O)C2)NC2=C(C)C=CC=C12,C(CCO)(CCO)CCCCCCCCCCSC1=NN=C(O1)C2=CC=C(C(C)(C)C)C=N2,0.07446808510638298,0.20069412505516868
CCC(C(=O)NC1=CC(Cl)=CC(Br)=C1O)N1CCCC1=O,CCCCCCCCCCC(OC1=NC=CC=C1)=O,0.1111111111111111,0.4600379261906965
CCC(C(=O)NC1=CC(Cl)=CC(Br)=C1O)N1CCCC1=O,CCCCCCCCCCCC(OCCC1=CC=CC=C1)=O,0.11267605633802817,0.34531302226071275
CCC(C(=O)NC1=CC(Cl)=CC(Br)=C1O)N1CCCC1=O,CCCCCCCCCCCC(OCCC1=CC=CC=C1)=O,0.11267605633802817,0.34531302226071275
CCC(C(=O)NC1=CC(Cl)=CC(Br)=C1O)N1CCCC1=O,CCCCCCCCCCC(OC1=NC=CC=C1)=O,0.1111111111111111,0.4600379261906965
CCC(C(=O)NC1=CC(Cl)=CC(Br)=C1O)N1CCCC1=O,,0.0,0.0
CCC(C(=O)NC1=CC(Cl)=CC(Br)=C1O)N1CCCC1=O,CCCCCCCCCCCC(OCCC1=CC=CC=C1)=O,0.11267605633802817,0.34531302226071275
CCC(C(=O)NC1=CC(Cl)=CC(Br)=C1O)N1CCCC1=O,,0.0,0.0
CCC(C(=O)NC1=CC(Cl)=CC(Br)=C1O)N1CCCC1=O,CCCCCCCCCCC(OC1=NC=CC=C1)=O,0.1111111111111111,0.4600379261906965
CCC(C(=O)NC1=CC(Cl)=CC(Br)=C1O)N1CCCC1=O,,0.0,0.0
CCC(C(=O)NC1=CC(Cl)=CC(Br)=C1O)N1CCCC1=O,CCCCCCCCCCC(OC1=NC=CC=C1)=O,0.1111111111111111,0.4600379261906965
CCC(C(=O)NC1=CC(Cl)=CC(Br)=C1O)N1CCCC1=O,CCCCCCCCCCCC(OCCC1=CC=CC=C1)=O,0.11267605633802817,0.34531302226071275
CCC(C(=O)NC1=CC(Cl)=CC(Br)=C1O)N1CCCC1=O,CCCCCCCCCCCC(OCCC1=CC=CC=C1)=O,0.11267605633802817,0.34531302226071275
CCC(C(=O)NC1=CC(Cl)=CC(Br)=C1O)N1CCCC1=O,,0.0,0.0
CCC(C(=O)NC1=CC(Cl)=CC(Br)=C1O)N1CCCC1=O,,0.0,0.0
CCC(C(=O)NC1=CC(Cl)=CC(Br)=C1O)N1CCCC1=O,CCCCCCCCCCCC(OCCC1=CC=CC=C1)=O,0.11267605633802817,0.34531302226071275
CCC(C(=O)NC1=CC(Cl)=CC(Br)=C1O)N1CCCC1=O,,0.0,0.0
CCC(C(=O)NC1=CC(Cl)=CC(Br)=C1O)N1CCCC1=O,CCCCCCCCCCCC(OCCC1=CC=CC=C1)=O,0.11267605633802817,0.34531302226071275
CCC(C(=O)NC1=CC(Cl)=CC(Br)=C1O)N1CCCC1=O,CCCCCCCCCCCC(OCCC1=CC=CC=C1)=O,0.11267605633802817,0.34531302226071275
CCC(C(=O)NC1=CC(Cl)=CC(Br)=C1O)N1CCCC1=O,CCCCCCCCCCCC(OCCC1=CC=CC=C1)=O,0.11267605633802817,0.34531302226071275
CCC(C(=O)NC1=CC(Cl)=CC(Br)=C1O)N1CCCC1=O,,0.0,0.0
COC1=CC=CC=C1C(NC1=NC=CN(C)C1=O)C1=CC=CC=N1,,0.0,0.0
COC1=CC=CC=C1C(NC1=NC=CN(C)C1=O)C1=CC=CC=N1,,0.0,0.0
COC1=CC=CC=C1C(NC1=NC=CN(C)C1=O)C1=CC=CC=N1,,0.0,0.0
COC1=CC=CC=C1C(NC1=NC=CN(C)C1=O)C1=CC=CC=N1,,0.0,0.0
COC1=CC=CC=C1C(NC1=NC=CN(C)C1=O)C1=CC=CC=N1,,0.0,0.0
COC1=CC=CC=C1C(NC1=NC=CN(C)C1=O)C1=CC=CC=N1,,0.0,0.0
COC1=CC=CC=C1C(NC1=NC=CN(C)C1=O)C1=CC=CC=N1,,0.0,0.0
COC1=CC=CC=C1C(NC1=NC=CN(C)C1=O)C1=CC=CC=N1,,0.0,0.0
COC1=CC=CC=C1C(NC1=NC=CN(C)C1=O)C1=CC=CC=N1,,0.0,0.0
COC1=CC=CC=C1C(NC1=NC=CN(C)C1=O)C1=CC=CC=N1,,0.0,0.0
COC1=CC=CC=C1C(NC1=NC=CN(C)C1=O)C1=CC=CC=N1,,0.0,0.0
COC1=CC=CC=C1C(NC1=NC=CN(C)C1=O)C1=CC=CC=N1,,0.0,0.0
COC1=CC=CC=C1C(NC1=NC=CN(C)C1=O)C1=CC=CC=N1,,0.0,0.0
COC1=CC=CC=C1C(NC1=NC=CN(C)C1=O)C1=CC=CC=N1,,0.0,0.0
COC1=CC=CC=C1C(NC1=NC=CN(C)C1=O)C1=CC=CC=N1,,0.0,0.0
COC1=CC=CC=C1C(NC1=NC=CN(C)C1=O)C1=CC=CC=N1,,0.0,0.0
COC1=CC=CC=C1C(NC1=NC=CN(C)C1=O)C1=CC=CC=N1,,0.0,0.0
COC1=CC=CC=C1C(NC1=NC=CN(C)C1=O)C1=CC=CC=N1,,0.0,0.0
COC1=CC=CC=C1C(NC1=NC=CN(C)C1=O)C1=CC=CC=N1,,0.0,0.0
COC1=CC=CC=C1C(NC1=NC=CN(C)C1=O)C1=CC=CC=N1,,0.0,0.0
CC1=CC=C(F)C(S(=O)(=O)N2CCCC2C2=NC3=CC=CC=C3N2)=C1,CC1=C2C(COC(C)(C)O2)=C(C(CC3=C(COC(C)(C)O4)C4=C(C)N=C3)(C)C)C=N1,0.08536585365853659,0.714208444238621
CC1=CC=C(F)C(S(=O)(=O)N2CCCC2C2=NC3=CC=CC=C3N2)=C1,CC1=C2C(COC(C)(C)O2)=C(C(CC3=C(COC(C)(C)O4)C4=C(C)N=C3)(C)C)C=N1,0.08536585365853659,0.714208444238621
CC1=CC=C(F)C(S(=O)(=O)N2CCCC2C2=NC3=CC=CC=C3N2)=C1,CC1=C2C(COC(C)(C)O2)=C(C(CC3=C(COC(C)(C)O4)C4=C(C)N=C3)(C)C)C=N1,0.08536585365853659,0.714208444238621
CC1=CC=C(F)C(S(=O)(=O)N2CCCC2C2=NC3=CC=CC=C3N2)=C1,CC1=C2C(COC(C)(C)O2)=C(C(CC3=C(COC(C)(C)O4)C4=C(C)N=C3)(C)C)C=N1,0.08536585365853659,0.714208444238621
CC1=CC=C(F)C(S(=O)(=O)N2CCCC2C2=NC3=CC=CC=C3N2)=C1,CC1=C2C(COC(C)(C)O2)=C(C(CC3=C(COC(C)(C)O4)C4=C(C)N=C3)(C)C)C=N1,0.08536585365853659,0.714208444238621
CC1=CC=C(F)C(S(=O)(=O)N2CCCC2C2=NC3=CC=CC=C3N2)=C1,CC1=C2C(COC(C)(C)O2)=C(C(CC3=C(COC(C)(C)O4)C4=C(C)N=C3)(C)C)C=N1,0.08536585365853659,0.714208444238621
CC1=CC=C(F)C(S(=O)(=O)N2CCCC2C2=NC3=CC=CC=C3N2)=C1,CC1=C2C(COC(C)(C)O2)=C(C(CC3=C(COC(C)(C)O4)C4=C(C)N=C3)(C)C)C=N1,0.08536585365853659,0.714208444238621
CC1=CC=C(F)C(S(=O)(=O)N2CCCC2C2=NC3=CC=CC=C3N2)=C1,CC1=C2C(COC(C)(C)O2)=C(C(CC3=C(COC(C)(C)O4)C4=C(C)N=C3)(C)C)C=N1,0.08536585365853659,0.714208444238621
CC1=CC=C(F)C(S(=O)(=O)N2CCCC2C2=NC3=CC=CC=C3N2)=C1,CC1=C2C(COC(C)(C)O2)=C(C(CC3=C(COC(C)(C)O4)C4=C(C)N=C3)(C)C)C=N1,0.08536585365853659,0.714208444238621
CC1=CC=C(F)C(S(=O)(=O)N2CCCC2C2=NC3=CC=CC=C3N2)=C1,CC1=C2C(COC(C)(C)O2)=C(C(CC3=C(COC(C)(C)O4)C4=C(C)N=C3)(C)C)C=N1,0.08536585365853659,0.714208444238621
CC1=CC=C(F)C(S(=O)(=O)N2CCCC2C2=NC3=CC=CC=C3N2)=C1,CC1=C2C(COC(C)(C)O2)=C(C(CC3=C(COC(C)(C)O4)C4=C(C)N=C3)(C)C)C=N1,0.08536585365853659,0.714208444238621
CC1=CC=C(F)C(S(=O)(=O)N2CCCC2C2=NC3=CC=CC=C3N2)=C1,CC1=C2C(COC(CCCC)O2)=C(C(CC3=C(COC(C)(C)O4)C4=C(C)N=C3)(C)C)C=N1,0.09473684210526316,0.5754594165575513
CC1=CC=C(F)C(S(=O)(=O)N2CCCC2C2=NC3=CC=CC=C3N2)=C1,CC1=C2C(COC(C)(C)O2)=C(C(CC3=C(COC(C)(C)O4)C4=C(C)N=C3)(C)C)C=N1,0.08536585365853659,0.714208444238621
CC1=CC=C(F)C(S(=O)(=O)N2CCCC2C2=NC3=CC=CC=C3N2)=C1,CC1=C2C(COC(C)(C)O2)=C(C(CC3=C(COC(C)(C)O4)C4=C(C)N=C3)(C)C)C=N1,0.08536585365853659,0.714208444238621
CC1=CC=C(F)C(S(=O)(=O)N2CCCC2C2=NC3=CC=CC=C3N2)=C1,CC1=C2C(COC(C)(C)O2)=C(C(CC3=C(COC(C)(C)O4)C4=C(C)N=C3)(C)C)C=N1,0.08536585365853659,0.714208444238621
CC1=CC=C(F)C(S(=O)(=O)N2CCCC2C2=NC3=CC=CC=C3N2)=C1,CC1=C2C(COC(C)(C)O2)=C(C(CC3=C(COC(C)(C)O4)C4=C(C)N=C3)(C)C)C=N1,0.08536585365853659,0.714208444238621
CC1=CC=C(F)C(S(=O)(=O)N2CCCC2C2=NC3=CC=CC=C3N2)=C1,CC1=C2C(COC(C)(C)O2)=C(C(CC3=C(COC(C)(C)O4)C4=C(C)N=C3)(C)C)C=N1,0.08536585365853659,0.714208444238621
CC1=CC=C(F)C(S(=O)(=O)N2CCCC2C2=NC3=CC=CC=C3N2)=C1,CC1=C2C(COC(C)(C)O2)=C(C(CC3=C(COC(C)(C)O4)C4=C(C)N=C3)(C)C)C=N1,0.08536585365853659,0.714208444238621
CC1=CC=C(F)C(S(=O)(=O)N2CCCC2C2=NC3=CC=CC=C3N2)=C1,CC1=C2C(COC(C)(C)O2)=C(C(CC3=C(OC(C)(C)O4)C4=C(C)N=C3)(C)C)C=N1,0.08333333333333333,0.7423635396942612
CC1=CC=C(F)C(S(=O)(=O)N2CCCC2C2=NC3=CC=CC=C3N2)=C1,CC1=C2C(COC(CCCC)O2)=C(C(CC3=C(COC(C)(C)O4)C4=C(C)N=C3)(C)C)C=N1,0.09473684210526316,0.5754594165575513
COC1=CC=CC=C1C1CCCN1C(=O)NC1=CC=C(C(=O)NCC(C)C)C=C1,C(CCO)(CCO)CCCCCCCCCCSC1=NN=C(O1)C2=CC=C(C(C)(C)C)C=N2,0.08421052631578947,0.20069412505516868
COC1=CC=CC=C1C1CCCN1C(=O)NC1=CC=C(C(=O)NCC(C)C)C=C1,,0.0,0.0
COC1=CC=CC=C1C1CCCN1C(=O)NC1=CC=C(C(=O)NCC(C)C)C=C1,C(CC1=C(OC(CCC)OC2)C2=C(CO)C(CO)=N1)(C/C=C/C#CC(C)(C)C)CC4=CC=CC5=CC=CC=C54,0.10810810810810811,0.2888735329849041
COC1=CC=CC=C1C1CCCN1C(=O)NC1=CC=C(C(=O)NCC(C)C)C=C1,,0.0,0.0
COC1=CC=CC=C1C1CCCN1C(=O)NC1=CC=C(C(=O)NCC(C)C)C=C1,,0.0,0.0
COC1=CC=CC=C1C1CCCN1C(=O)NC1=CC=C(C(=O)NCC(C)C)C=C1,,0.0,0.0
COC1=CC=CC=C1C1CCCN1C(=O)NC1=CC=C(C(=O)NCC(C)C)C=C1,,0.0,0.0
COC1=CC=CC=C1C1CCCN1C(=O)NC1=CC=C(C(=O)NCC(C)C)C=C1,,0.0,0.0
COC1=CC=CC=C1C1CCCN1C(=O)NC1=CC=C(C(=O)NCC(C)C)C=C1,C(C)(CCCCCCCCCCC(OC)=O)CC2=CC=C(C(C)(C)C)C=N2,0.18292682926829268,0.2867045462379988
COC1=CC=CC=C1C1CCCN1C(=O)NC1=CC=C(C(=O)NCC(C)C)C=C1,,0.0,0.0
COC1=CC=CC=C1C1CCCN1C(=O)NC1=CC=C(C(=O)NCC(C)C)C=C1,,0.0,0.0
COC1=CC=CC=C1C1CCCN1C(=O)NC1=CC=C(C(=O)NCC(C)C)C=C1,C(C)(CCCCCCCCCCC(OC)=O)CC2=CC=C(C(C)(C)C)C=N2,0.18292682926829268,0.2867045462379988
COC1=CC=CC=C1C1CCCN1C(=O)NC1=CC=C(C(=O)NCC(C)C)C=C1,C(CC1=C(OC(C)(C)OC2)C2=C(CO)C(CO)=N1)(C/C=C/C#CC(C)(C)C)CC4=CC=CC5=CC=CC=C54,0.10185185185185185,0.3479060997562587
COC1=CC=CC=C1C1CCCN1C(=O)NC1=CC=C(C(=O)NCC(C)C)C=C1,C(CC1=C(OC(C)(C)OC2)C2=C(CO)C(CO)=N1)(C/C=C/C#CC(C)(C)C)CC4=CC=CC5=CC=CC=C54,0.10185185185185185,0.3479060997562587
COC1=CC=CC=C1C1CCCN1C(=O)NC1=CC=C(C(=O)NCC(C)C)C=C1,,0.0,0.0
COC1=CC=CC=C1C1CCCN1C(=O)NC1=CC=C(C(=O)NCC(C)C)C=C1,,0.0,0.0
COC1=CC=CC=C1C1CCCN1C(=O)NC1=CC=C(C(=O)NCC(C)C)C=C1,C(C)(CCCCCCCCCCC(OC)=O)CC2=CC=C(C(C)(C)C)C=N2,0.18292682926829268,0.2867045462379988
COC1=CC=CC=C1C1CCCN1C(=O)NC1=CC=C(C(=O)NCC(C)C)C=C1,C(CC1=C(OC(C)(C)OC2)C2=C(CO)C(CO)=N1)(C/C=C/C#CC(C)(C)C)CC4=CC=CC5=CC=CC=C54,0.10185185185185185,0.3479060997562587
COC1=CC=CC=C1C1CCCN1C(=O)NC1=CC=C(C(=O)NCC(C)C)C=C1,C(CC1=C(OC(C)(C)OC2)C2=C(CO)C(CO)=N1)(C/C=C/C#CC(C)(C)C)CC4=CC=CC5=CC=CC=C54,0.10185185185185185,0.3479060997562587
COC1=CC=CC=C1C1CCCN1C(=O)NC1=CC=C(C(=O)NCC(C)C)C=C1,,0.0,0.0
CC[NH+]1CCOC(=O)C1CC(=O)NC1=CC=C(C(C)C)C=C1,,0.0,0.0
CC[NH+]1CCOC(=O)C1CC(=O)NC1=CC=C(C(C)C)C=C1,,0.0,0.0
CC[NH+]1CCOC(=O)C1CC(=O)NC1=CC=C(C(C)C)C=C1,,0.0,0.0
CC[NH+]1CCOC(=O)C1CC(=O)NC1=CC=C(C(C)C)C=C1,,0.0,0.0
CC[NH+]1CCOC(=O)C1CC(=O)NC1=CC=C(C(C)C)C=C1,,0.0,0.0
CC[NH+]1CCOC(=O)C1CC(=O)NC1=CC=C(C(C)C)C=C1,,0.0,0.0
CC[NH+]1CCOC(=O)C1CC(=O)NC1=CC=C(C(C)C)C=C1,,0.0,0.0
CC[NH+]1CCOC(=O)C1CC(=O)NC1=CC=C(C(C)C)C=C1,,0.0,0.0
CC[NH+]1CCOC(=O)C1CC(=O)NC1=CC=C(C(C)C)C=C1,,0.0,0.0
CC[NH+]1CCOC(=O)C1CC(=O)NC1=CC=C(C(C)C)C=C1,,0.0,0.0
CC[NH+]1CCOC(=O)C1CC(=O)NC1=CC=C(C(C)C)C=C1,,0.0,0.0
CC[NH+]1CCOC(=O)C1CC(=O)NC1=CC=C(C(C)C)C=C1,,0.0,0.0
CC[NH+]1CCOC(=O)C1CC(=O)NC1=CC=C(C(C)C)C=C1,,0.0,0.0
CC[NH+]1CCOC(=O)C1CC(=O)NC1=CC=C(C(C)C)C=C1,,0.0,0.0
CC[NH+]1CCOC(=O)C1CC(=O)NC1=CC=C(C(C)C)C=C1,,0.0,0.0
CC[NH+]1CCOC(=O)C1CC(=O)NC1=CC=C(C(C)C)C=C1,,0.0,0.0
CC[NH+]1CCOC(=O)C1CC(=O)NC1=CC=C(C(C)C)C=C1,,0.0,0.0
CC[NH+]1CCOC(=O)C1CC(=O)NC1=CC=C(C(C)C)C=C1,,0.0,0.0
CC[NH+]1CCOC(=O)C1CC(=O)NC1=CC=C(C(C)C)C=C1,,0.0,0.0
CC[NH+]1CCOC(=O)C1CC(=O)NC1=CC=C(C(C)C)C=C1,,0.0,0.0
CC(C)OC1=CC=C(C2=NC(C(=O)OC(C)C3CCOC3)=CS2)C=C1,C(CC1=C(OC(C)(C)OC2)C2=C(CO)C(CO)=N1)(C/C=C/C#CC(C)(C)C)CC3=CC=CC4=CC=CC=C43,0.09523809523809523,0.3479060997562587
CC(C)OC1=CC=C(C2=NC(C(=O)OC(C)C3CCOC3)=CS2)C=C1,C(CC1=C(OC(C)(C)OC2)C2=C(CO)C(CO)=N1)(C/C=C/C#CC(C)(C)C)CC3=CC=CC4=CC=CC=C43,0.09523809523809523,0.3479060997562587
CC(C)OC1=CC=C(C2=NC(C(=O)OC(C)C3CCOC3)=CS2)C=C1,C(CC1=C(OC(C)(C)OC2)C2=C(CO)C(CO)=N1)(C/C=C/C#CC(C)(C)C)CC4=CC=CC5=CC=CC=C54,0.09523809523809523,0.3479060997562587
CC(C)OC1=CC=C(C2=NC(C(=O)OC(C)C3CCOC3)=CS2)C=C1,C(CC1=C(OC(C)(C)OC2)C2=C(CO)C(CO)=N1)(C/C=C/C#CC(C)(C)C)CC4=CC=CC5=CC=CC=C54,0.09523809523809523,0.3479060997562587
CC(C)OC1=CC=C(C2=NC(C(=O)OC(C)C3CCOC3)=CS2)C=C1,C(CC1=C(OC(C)(C)OC2)C2=C(CO)C(CO)=N1)(C/C=C/C#CC(C)(C)C)CC4=CC=CC5=CC=CC=C54,0.09523809523809523,0.3479060997562587
CC(C)OC1=CC=C(C2=NC(C(=O)OC(C)C3CCOC3)=CS2)C=C1,C(CC1=C(OC(CCC)OC2)C2=C(COC(C(CCCCCCCCC)C)OC3)C(C)(C)CC3=C(CO)C(CO)=N1)(C/C=C/C#CC(C)(C)C)CC3=CC=CC4=CC=CC=C43,0.08888888888888889,0.10820676529947117
CC(C)OC1=CC=C(C2=NC(C(=O)OC(C)C3CCOC3)=CS2)C=C1,C(CC1=C(OC(C)(C)OC2)C2=C(CO)C(CO)=N1)(C/C=C/C#CC(C)(C)C)CC4=CC=CC5=CC=CC=C54,0.09523809523809523,0.3479060997562587
CC(C)OC1=CC=C(C2=NC(C(=O)OC(C)C3CCOC3)=CS2)C=C1,C(CC1=C(OC(C)(C)OC2)C2=C(CO)C(CO)=N1)(C/C=C/C#CC(C)(C)C)CC4=CC=CC5=CC=CC=C54,0.09523809523809523,0.3479060997562587
CC(C)OC1=CC=C(C2=NC(C(=O)OC(C)C3CCOC3)=CS2)C=C1,C(CC1=C(OC(C)(C)OC2)C2=C(CO)C(CO)=N1)(C/C=C/C#CC(C)(C)C)CC4=CC=CC5=CC=CC=C54,0.09523809523809523,0.3479060997562587
CC(C)OC1=CC=C(C2=NC(C(=O)OC(C)C3CCOC3)=CS2)C=C1,C(CC1=C(OC(C)(C)OC2)C2=C(CO)C(CO)=N1)(C/C=C/C#CC(C)(C)C)CC3=CC=CC4=CC=CC=C43,0.09523809523809523,0.3479060997562587
CC(C)OC1=CC=C(C2=NC(C(=O)OC(C)C3CCOC3)=CS2)C=C1,C(CC1=C(OC(C)(C)OC2)C2=C(CO)C(CO)=N1)(C/C=C/C#CC(C)(C)C)CC3=CC=CC4=CC=CC=C43,0.09523809523809523,0.3479060997562587
CC(C)OC1=CC=C(C2=NC(C(=O)OC(C)C3CCOC3)=CS2)C=C1,C(CC1=C(OC(C)(C)OC2)C2=C(CO)C(CO)=N1)(C/C=C/C#CC(C)(C)C)CC4=CC=CC5=CC=CC=C54,0.09523809523809523,0.3479060997562587
CC(C)OC1=CC=C(C2=NC(C(=O)OC(C)C3CCOC3)=CS2)C=C1,C(CC1=C(OC(C)(C)OC2)C2=C(CO)C(CO)=N1)(C/C=C/C#CC(C)(C)C)CC3=CC=CC4=CC=CC=C43,0.09523809523809523,0.3479060997562587
CC(C)OC1=CC=C(C2=NC(C(=O)OC(C)C3CCOC3)=CS2)C=C1,C(CC1=C(OC(C)(C)OC2)C2=C(CO)C(CO)=N1)(C/C=C/C#CC(C)(C)C)CC3=CC=CC4=CC=CC=C43,0.09523809523809523,0.3479060997562587
CC(C)OC1=CC=C(C2=NC(C(=O)OC(C)C3CCOC3)=CS2)C=C1,C(CC1=C(OC(C)(C)OC2)C2=C(CO)C(CO)=N1)(C/C=C/C#CC(C)(C)C)CC4=CC=CC5=CC=CC=C54,0.09523809523809523,0.3479060997562587
CC(C)OC1=CC=C(C2=NC(C(=O)OC(C)C3CCOC3)=CS2)C=C1,C(CC1=C(OC(C)(C)OC2)C2=C(CO)C(CO)=N1)(C/C=C/C#CC(C)(C)C)CC4=CC=CC5=CC=CC=C54,0.09523809523809523,0.3479060997562587
CC(C)OC1=CC=C(C2=NC(C(=O)OC(C)C3CCOC3)=CS2)C=C1,C(CC1=C(OC(C)(C)OC2)C2=C(CO)C(CO)=N1)(C/C=C/C#CC(C)(C)C)CC3=CC=CC4=CC=CC=C43,0.09523809523809523,0.3479060997562587
CC(C)OC1=CC=C(C2=NC(C(=O)OC(C)C3CCOC3)=CS2)C=C1,C(CC1=C(OC(C)(C)OC2)C2=C(CO)C(CO)=N1)(C/C=C/C#CC(C)(C)C)CC3=CC=CC4=CC=CC=C43,0.09523809523809523,0.3479060997562587
CC(C)OC1=CC=C(C2=NC(C(=O)OC(C)C3CCOC3)=CS2)C=C1,C(CC1=C(OC(C)(C)OC2)C2=C(CO)C(CO)=N1)(C/C=C/C#CC(C)(C)C)CC4=CC=CC5=CC=CC=C54,0.09523809523809523,0.3479060997562587
CC(C)OC1=CC=C(C2=NC(C(=O)OC(C)C3CCOC3)=CS2)C=C1,C(CC1=C(OC(C)(C)OC2)C2=C(CO)C(CO)=N1)(C/C=C/C#CC(C)(C)C)CC3=CC=CC4=CC=CC=C43,0.09523809523809523,0.3479060997562587
COC1=CC2=CC(CN(C3=CC=C(C)C(C)=C3)S(C)(=O)=O)C(=O)[NH+]=C2C=C1,,0.0,0.0
COC1=CC2=CC(CN(C3=CC=C(C)C(C)=C3)S(C)(=O)=O)C(=O)[NH+]=C2C=C1,,0.0,0.0
COC1=CC2=CC(CN(C3=CC=C(C)C(C)=C3)S(C)(=O)=O)C(=O)[NH+]=C2C=C1,,0.0,0.0
COC1=CC2=CC(CN(C3=CC=C(C)C(C)=C3)S(C)(=O)=O)C(=O)[NH+]=C2C=C1,,0.0,0.0
COC1=CC2=CC(CN(C3=CC=C(C)C(C)=C3)S(C)(=O)=O)C(=O)[NH+]=C2C=C1,,0.0,0.0
COC1=CC2=CC(CN(C3=CC=C(C)C(C)=C3)S(C)(=O)=O)C(=O)[NH+]=C2C=C1,,0.0,0.0
COC1=CC2=CC(CN(C3=CC=C(C)C(C)=C3)S(C)(=O)=O)C(=O)[NH+]=C2C=C1,,0.0,0.0
COC1=CC2=CC(CN(C3=CC=C(C)C(C)=C3)S(C)(=O)=O)C(=O)[NH+]=C2C=C1,,0.0,0.0
COC1=CC2=CC(CN(C3=CC=C(C)C(C)=C3)S(C)(=O)=O)C(=O)[NH+]=C2C=C1,,0.0,0.0
COC1=CC2=CC(CN(C3=CC=C(C)C(C)=C3)S(C)(=O)=O)C(=O)[NH+]=C2C=C1,,0.0,0.0
COC1=CC2=CC(CN(C3=CC=C(C)C(C)=C3)S(C)(=O)=O)C(=O)[NH+]=C2C=C1,,0.0,0.0
COC1=CC2=CC(CN(C3=CC=C(C)C(C)=C3)S(C)(=O)=O)C(=O)[NH+]=C2C=C1,,0.0,0.0
COC1=CC2=CC(CN(C3=CC=C(C)C(C)=C3)S(C)(=O)=O)C(=O)[NH+]=C2C=C1,,0.0,0.0
COC1=CC2=CC(CN(C3=CC=C(C)C(C)=C3)S(C)(=O)=O)C(=O)[NH+]=C2C=C1,,0.0,0.0
COC1=CC2=CC(CN(C3=CC=C(C)C(C)=C3)S(C)(=O)=O)C(=O)[NH+]=C2C=C1,,0.0,0.0
COC1=CC2=CC(CN(C3=CC=C(C)C(C)=C3)S(C)(=O)=O)C(=O)[NH+]=C2C=C1,,0.0,0.0
COC1=CC2=CC(CN(C3=CC=C(C)C(C)=C3)S(C)(=O)=O)C(=O)[NH+]=C2C=C1,,0.0,0.0
COC1=CC2=CC(CN(C3=CC=C(C)C(C)=C3)S(C)(=O)=O)C(=O)[NH+]=C2C=C1,,0.0,0.0
COC1=CC2=CC(CN(C3=CC=C(C)C(C)=C3)S(C)(=O)=O)C(=O)[NH+]=C2C=C1,,0.0,0.0
COC1=CC2=CC(CN(C3=CC=C(C)C(C)=C3)S(C)(=O)=O)C(=O)[NH+]=C2C=C1,,0.0,0.0
COC1=CN(C2=CC=CC=C2)N=C1C(=O)NC1=CC=C(OC(F)(F)F)C=C1,,0.0,0.0
COC1=CN(C2=CC=CC=C2)N=C1C(=O)NC1=CC=C(OC(F)(F)F)C=C1,,0.0,0.0
COC1=CN(C2=CC=CC=C2)N=C1C(=O)NC1=CC=C(OC(F)(F)F)C=C1,,0.0,0.0
COC1=CN(C2=CC=CC=C2)N=C1C(=O)NC1=CC=C(OC(F)(F)F)C=C1,,0.0,0.0
COC1=CN(C2=CC=CC=C2)N=C1C(=O)NC1=CC=C(OC(F)(F)F)C=C1,,0.0,0.0
COC1=CN(C2=CC=CC=C2)N=C1C(=O)NC1=CC=C(OC(F)(F)F)C=C1,,0.0,0.0
COC1=CN(C2=CC=CC=C2)N=C1C(=O)NC1=CC=C(OC(F)(F)F)C=C1,,0.0,0.0
COC1=CN(C2=CC=CC=C2)N=C1C(=O)NC1=CC=C(OC(F)(F)F)C=C1,,0.0,0.0
COC1=CN(C2=CC=CC=C2)N=C1C(=O)NC1=CC=C(OC(F)(F)F)C=C1,,0.0,0.0
COC1=CN(C2=CC=CC=C2)N=C1C(=O)NC1=CC=C(OC(F)(F)F)C=C1,,0.0,0.0
COC1=CN(C2=CC=CC=C2)N=C1C(=O)NC1=CC=C(OC(F)(F)F)C=C1,,0.0,0.0
COC1=CN(C2=CC=CC=C2)N=C1C(=O)NC1=CC=C(OC(F)(F)F)C=C1,CCCCCCCCCCCC(OC(C1=C(CO)C(CO)(C)OC2)C2=C(CO)C(CO)=N1)(C/C=C/C#CC(C)(C)C)CC4=CC=CC5=CC=CC=C54,0.08333333333333333,0.08139344656455753
COC1=CN(C2=CC=CC=C2)N=C1C(=O)NC1=CC=C(OC(F)(F)F)C=C1,,0.0,0.0
COC1=CN(C2=CC=CC=C2)N=C1C(=O)NC1=CC=C(OC(F)(F)F)C=C1,CCCCCCCCCCCC(OC(C(C)(CCCCCCCCCCC(OC)=O)CCCCCCCCCCCCCCCCCCCCCC)=O)CN,0.1,0.04919722163890094
COC1=CN(C2=CC=CC=C2)N=C1C(=O)NC1=CC=C(OC(F)(F)F)C=C1,,0.0,0.0
COC1=CN(C2=CC=CC=C2)N=C1C(=O)NC1=CC=C(OC(F)(F)F)C=C1,,0.0,0.0
COC1=CN(C2=CC=CC=C2)N=C1C(=O)NC1=CC=C(OC(F)(F)F)C=C1,,0.0,0.0
COC1=CN(C2=CC=CC=C2)N=C1C(=O)NC1=CC=C(OC(F)(F)F)C=C1,,0.0,0.0
COC1=CN(C2=CC=CC=C2)N=C1C(=O)NC1=CC=C(OC(F)(F)F)C=C1,,0.0,0.0
COC1=CN(C2=CC=CC=C2)N=C1C(=O)NC1=CC=C(OC(F)(F)F)C=C1,,0.0,0.0
CC1=CN=C(C(NC(=O)NC(CCO)C2=CC=CC=C2)C2CC2)S1,,0.0,0.0
CC1=CN=C(C(NC(=O)NC(CCO)C2=CC=CC=C2)C2CC2)S1,,0.0,0.0
CC1=CN=C(C(NC(=O)NC(CCO)C2=CC=CC=C2)C2CC2)S1,,0.0,0.0
CC1=CN=C(C(NC(=O)NC(CCO)C2=CC=CC=C2)C2CC2)S1,,0.0,0.0
CC1=CN=C(C(NC(=O)NC(CCO)C2=CC=CC=C2)C2CC2)S1,,0.0,0.0
CC1=CN=C(C(NC(=O)NC(CCO)C2=CC=CC=C2)C2CC2)S1,,0.0,0.0
CC1=CN=C(C(NC(=O)NC(CCO)C2=CC=CC=C2)C2CC2)S1,,0.0,0.0
CC1=CN=C(C(NC(=O)NC(CCO)C2=CC=CC=C2)C2CC2)S1,,0.0,0.0
CC1=CN=C(C(NC(=O)NC(CCO)C2=CC=CC=C2)C2CC2)S1,,0.0,0.0
CC1=CN=C(C(NC(=O)NC(CCO)C2=CC=CC=C2)C2CC2)S1,,0.0,0.0
CC1=CN=C(C(NC(=O)NC(CCO)C2=CC=CC=C2)C2CC2)S1,,0.0,0.0
CC1=CN=C(C(NC(=O)NC(CCO)C2=CC=CC=C2)C2CC2)S1,,0.0,0.0
CC1=CN=C(C(NC(=O)NC(CCO)C2=CC=CC=C2)C2CC2)S1,,0.0,0.0
CC1=CN=C(C(NC(=O)NC(CCO)C2=CC=CC=C2)C2CC2)S1,,0.0,0.0
CC1=CN=C(C(NC(=O)NC(CCO)C2=CC=CC=C2)C2CC2)S1,,0.0,0.0
CC1=CN=C(C(NC(=O)NC(CCO)C2=CC=CC=C2)C2CC2)S1,,0.0,0.0
CC1=CN=C(C(NC(=O)NC(CCO)C2=CC=CC=C2)C2CC2)S1,,0.0,0.0
CC1=CN=C(C(NC(=O)NC(CCO)C2=CC=CC=C2)C2CC2)S1,,0.0,0.0
CC1=CN=C(C(NC(=O)NC(CCO)C2=CC=CC=C2)C2CC2)S1,,0.0,0.0
CC1=CN=C(C(NC(=O)NC(CCO)C2=CC=CC=C2)C2CC2)S1,,0.0,0.0
CN(C)C(=O)CC(C[NH3+])N1CCOCC1(C)C,CCCCCCCCCCCC(OC1=NC=CC=C1)C,0.06153846153846154,0.4523960247988492
CN(C)C(=O)CC(C[NH3+])N1CCOCC1(C)C,CCCCCCCCCCCC(OC1=NC=CC=C1)C,0.06153846153846154,0.4523960247988492
CN(C)C(=O)CC(C[NH3+])N1CCOCC1(C)C,CCCCCCCCCCCC(OC1=NC=CC=C1)O,0.06060606060606061,0.44523756338800596
CN(C)C(=O)CC(C[NH3+])N1CCOCC1(C)C,CCCCCCCCCCCC(OC1=NC=CC=C1)C,0.06153846153846154,0.4523960247988492
CN(C)C(=O)CC(C[NH3+])N1CCOCC1(C)C,CCCCCCCCCCCC(OC1=NC=CC=C1)O,0.06060606060606061,0.44523756338800596
CN(C)C(=O)CC(C[NH3+])N1CCOCC1(C)C,CCCCCCCCCCCC(OC1=NC=CC=C1)O,0.06060606060606061,0.44523756338800596
CN(C)C(=O)CC(C[NH3+])N1CCOCC1(C)C,CCCCCCCCCCCC(OC1=NC=CC=C1)C,0.06153846153846154,0.4523960247988492
CN(C)C(=O)CC(C[NH3+])N1CCOCC1(C)C,CCCCCCCCCCCC(OC1=NC=CC=C1)O,0.06060606060606061,0.44523756338800596
CN(C)C(=O)CC(C[NH3+])N1CCOCC1(C)C,CCCCCCCCCCCC(OC1=NC=CC=C1)=O,0.07692307692307693,0.4260075772364941
CN(C)C(=O)CC(C[NH3+])N1CCOCC1(C)C,CCCCCCCCCCCC(OC1=NC=CC=C1)=O,0.07692307692307693,0.4260075772364941
CN(C)C(=O)CC(C[NH3+])N1CCOCC1(C)C,CCCCCCCCCCCC(OC1=NC=CC=C1)C,0.06153846153846154,0.4523960247988492
CN(C)C(=O)CC(C[NH3+])N1CCOCC1(C)C,CCCCCCCCCCCC(OC1=NC=CC=C1)C,0.06153846153846154,0.4523960247988492
CN(C)C(=O)CC(C[NH3+])N1CCOCC1(C)C,CCCCCCCCCCCC(OC1=NC=CC=C1)O,0.06060606060606061,0.44523756338800596
CN(C)C(=O)CC(C[NH3+])N1CCOCC1(C)C,CCCCCCCCCCCC(OC1=NC=CC=C1)C,0.06153846153846154,0.4523960247988492
CN(C)C(=O)CC(C[NH3+])N1CCOCC1(C)C,CCCCCCCCCCCC(OC1=NC=CC=C1)O,0.06060606060606061,0.44523756338800596
CN(C)C(=O)CC(C[NH3+])N1CCOCC1(C)C,CCCCCCCCCCCC(OC1=NC=CC=C1)O,0.06060606060606061,0.44523756338800596
CN(C)C(=O)CC(C[NH3+])N1CCOCC1(C)C,CCCCCCCCCCCC(OC1=NC=CC=C1)=O,0.07692307692307693,0.4260075772364941
CN(C)C(=O)CC(C[NH3+])N1CCOCC1(C)C,CCCCCCCCCCCC(OC1=NC=CC=C1)C,0.06153846153846154,0.4523960247988492
CN(C)C(=O)CC(C[NH3+])N1CCOCC1(C)C,CCCCCCCCCCCC(OC1=NC=CC=C1)=O,0.07692307692307693,0.4260075772364941
CN(C)C(=O)CC(C[NH3+])N1CCOCC1(C)C,CCCCCCCCCCCC(OC1=NC=CC=C1)=O,0.07692307692307693,0.4260075772364941
CSC1=CC=C2C(C)=CC(N3CCOC(C(F)(F)F)C3)=NC2=C1,,0.0,0.0
CSC1=CC=C2C(C)=CC(N3CCOC(C(F)(F)F)C3)=NC2=C1,,0.0,0.0
CSC1=CC=C2C(C)=CC(N3CCOC(C(F)(F)F)C3)=NC2=C1,,0.0,0.0
CSC1=CC=C2C(C)=CC(N3CCOC(C(F)(F)F)C3)=NC2=C1,,0.0,0.0
CSC1=CC=C2C(C)=CC(N3CCOC(C(F)(F)F)C3)=NC2=C1,,0.0,0.0
CSC1=CC=C2C(C)=CC(N3CCOC(C(F)(F)F)C3)=NC2=C1,,0.0,0.0
CSC1=CC=C2C(C)=CC(N3CCOC(C(F)(F)F)C3)=NC2=C1,,0.0,0.0
CSC1=CC=C2C(C)=CC(N3CCOC(C(F)(F)F)C3)=NC2=C1,CCCCCCCCCCCC(OC1=NC=CC=C1)=O,0.06578947368421052,0.4260075772364941
CSC1=CC=C2C(C)=CC(N3CCOC(C(F)(F)F)C3)=NC2=C1,,0.0,0.0
CSC1=CC=C2C(C)=CC(N3CCOC(C(F)(F)F)C3)=NC2=C1,,0.0,0.0
CSC1=CC=C2C(C)=CC(N3CCOC(C(F)(F)F)C3)=NC2=C1,CCCCCCCCCCCC(OC1=NC=CC=C1)=O,0.06578947368421052,0.4260075772364941
CSC1=CC=C2C(C)=CC(N3CCOC(C(F)(F)F)C3)=NC2=C1,,0.0,0.0
CSC1=CC=C2C(C)=CC(N3CCOC(C(F)(F)F)C3)=NC2=C1,CCCCCCCCCCCC(OC1=NC=CC=C1)=O,0.06578947368421052,0.4260075772364941
CSC1=CC=C2C(C)=CC(N3CCOC(C(F)(F)F)C3)=NC2=C1,,0.0,0.0
CSC1=CC=C2C(C)=CC(N3CCOC(C(F)(F)F)C3)=NC2=C1,,0.0,0.0
CSC1=CC=C2C(C)=CC(N3CCOC(C(F)(F)F)C3)=NC2=C1,,0.0,0.0
CSC1=CC=C2C(C)=CC(N3CCOC(C(F)(F)F)C3)=NC2=C1,CCCCCCCCCCCC(OC1=NC=CC=C1)=O,0.06578947368421052,0.4260075772364941
CSC1=CC=C2C(C)=CC(N3CCOC(C(F)(F)F)C3)=NC2=C1,,0.0,0.0
CSC1=CC=C2C(C)=CC(N3CCOC(C(F)(F)F)C3)=NC2=C1,,0.0,0.0
CSC1=CC=C2C(C)=CC(N3CCOC(C(F)(F)F)C3)=NC2=C1,,0.0,0.0
NC(=O)C(NC1=CC=CC(OC2=CC=CC=C2)=C1)C1=CC=C(F)C=C1,,0.0,0.0
NC(=O)C(NC1=CC=CC(OC2=CC=CC=C2)=C1)C1=CC=C(F)C=C1,,0.0,0.0
NC(=O)C(NC1=CC=CC(OC2=CC=CC=C2)=C1)C1=CC=C(F)C=C1,,0.0,0.0
NC(=O)C(NC1=CC=CC(OC2=CC=CC=C2)=C1)C1=CC=C(F)C=C1,,0.0,0.0
NC(=O)C(NC1=CC=CC(OC2=CC=CC=C2)=C1)C1=CC=C(F)C=C1,,0.0,0.0
NC(=O)C(NC1=CC=CC(OC2=CC=CC=C2)=C1)C1=CC=C(F)C=C1,,0.0,0.0
NC(=O)C(NC1=CC=CC(OC2=CC=CC=C2)=C1)C1=CC=C(F)C=C1,,0.0,0.0
NC(=O)C(NC1=CC=CC(OC2=CC=CC=C2)=C1)C1=CC=C(F)C=C1,,0.0,0.0
NC(=O)C(NC1=CC=CC(OC2=CC=CC=C2)=C1)C1=CC=C(F)C=C1,,0.0,0.0
NC(=O)C(NC1=CC=CC(OC2=CC=CC=C2)=C1)C1=CC=C(F)C=C1,,0.0,0.0
NC(=O)C(NC1=CC=CC(OC2=CC=CC=C2)=C1)C1=CC=C(F)C=C1,,0.0,0.0
NC(=O)C(NC1=CC=CC(OC2=CC=CC=C2)=C1)C1=CC=C(F)C=C1,,0.0,0.0
NC(=O)C(NC1=CC=CC(OC2=CC=CC=C2)=C1)C1=CC=C(F)C=C1,,0.0,0.0
NC(=O)C(NC1=CC=CC(OC2=CC=CC=C2)=C1)C1=CC=C(F)C=C1,,0.0,0.0
NC(=O)C(NC1=CC=CC(OC2=CC=CC=C2)=C1)C1=CC=C(F)C=C1,,0.0,0.0
NC(=O)C(NC1=CC=CC(OC2=CC=CC=C2)=C1)C1=CC=C(F)C=C1,,0.0,0.0
NC(=O)C(NC1=CC=CC(OC2=CC=CC=C2)=C1)C1=CC=C(F)C=C1,,0.0,0.0
NC(=O)C(NC1=CC=CC(OC2=CC=CC=C2)=C1)C1=CC=C(F)C=C1,,0.0,0.0
NC(=O)C(NC1=CC=CC(OC2=CC=CC=C2)=C1)C1=CC=C(F)C=C1,,0.0,0.0
NC(=O)C(NC1=CC=CC(OC2=CC=CC=C2)=C1)C1=CC=C(F)C=C1,,0.0,0.0
CC1CCCCN1C1=CC=C(N2CCN(C(=O)C=CC3=CC=CC=C3)CC2)N=N1,,0.0,0.0
CC1CCCCN1C1=CC=C(N2CCN(C(=O)C=CC3=CC=CC=C3)CC2)N=N1,,0.0,0.0
CC1CCCCN1C1=CC=C(N2CCN(C(=O)C=CC3=CC=CC=C3)CC2)N=N1,,0.0,0.0
CC1CCCCN1C1=CC=C(N2CCN(C(=O)C=CC3=CC=CC=C3)CC2)N=N1,,0.0,0.0
CC1CCCCN1C1=CC=C(N2CCN(C(=O)C=CC3=CC=CC=C3)CC2)N=N1,,0.0,0.0
CC1CCCCN1C1=CC=C(N2CCN(C(=O)C=CC3=CC=CC=C3)CC2)N=N1,,0.0,0.0
CC1CCCCN1C1=CC=C(N2CCN(C(=O)C=CC3=CC=CC=C3)CC2)N=N1,,0.0,0.0
CC1CCCCN1C1=CC=C(N2CCN(C(=O)C=CC3=CC=CC=C3)CC2)N=N1,,0.0,0.0
CC1CCCCN1C1=CC=C(N2CCN(C(=O)C=CC3=CC=CC=C3)CC2)N=N1,,0.0,0.0
CC1CCCCN1C1=CC=C(N2CCN(C(=O)C=CC3=CC=CC=C3)CC2)N=N1,,0.0,0.0
CC1CCCCN1C1=CC=C(N2CCN(C(=O)C=CC3=CC=CC=C3)CC2)N=N1,,0.0,0.0
CC1CCCCN1C1=CC=C(N2CCN(C(=O)C=CC3=CC=CC=C3)CC2)N=N1,CCCCCCCCCCCCCCCCCCCCCCCCCCCCCCCCCCCCCCC(C)(CC1C(CCCCCCCCCCCC)CCC1C(C)CCCCCCCCCCC)CCC1C(C(C)CCCCCCCCCCC)C(C1)(C)CCCCCCCCCCCCCCCC,0.05263157894736842,0.053261748652449106
CC1CCCCN1C1=CC=C(N2CCN(C(=O)C=CC3=CC=CC=C3)CC2)N=N1,,0.0,0.0
CC1CCCCN1C1=CC=C(N2CCN(C(=O)C=CC3=CC=CC=C3)CC2)N=N1,,0.0,0.0
CC1CCCCN1C1=CC=C(N2CCN(C(=O)C=CC3=CC=CC=C3)CC2)N=N1,,0.0,0.0
CC1CCCCN1C1=CC=C(N2CCN(C(=O)C=CC3=CC=CC=C3)CC2)N=N1,,0.0,0.0
CC1CCCCN1C1=CC=C(N2CCN(C(=O)C=CC3=CC=CC=C3)CC2)N=N1,,0.0,0.0
CC1CCCCN1C1=CC=C(N2CCN(C(=O)C=CC3=CC=CC=C3)CC2)N=N1,,0.0,0.0
CC1CCCCN1C1=CC=C(N2CCN(C(=O)C=CC3=CC=CC=C3)CC2)N=N1,,0.0,0.0
CC1CCCCN1C1=CC=C(N2CCN(C(=O)C=CC3=CC=CC=C3)CC2)N=N1,,0.0,0.0
CC1CCCC(C)N1C(=O)C1CC1C1=CC=CC=C1Cl,,0.0,0.0
CC1CCCC(C)N1C(=O)C1CC1C1=CC=CC=C1Cl,,0.0,0.0
CC1CCCC(C)N1C(=O)C1CC1C1=CC=CC=C1Cl,,0.0,0.0
CC1CCCC(C)N1C(=O)C1CC1C1=CC=CC=C1Cl,,0.0,0.0
CC1CCCC(C)N1C(=O)C1CC1C1=CC=CC=C1Cl,,0.0,0.0
CC1CCCC(C)N1C(=O)C1CC1C1=CC=CC=C1Cl,,0.0,0.0
CC1CCCC(C)N1C(=O)C1CC1C1=CC=CC=C1Cl,,0.0,0.0
CC1CCCC(C)N1C(=O)C1CC1C1=CC=CC=C1Cl,,0.0,0.0
CC1CCCC(C)N1C(=O)C1CC1C1=CC=CC=C1Cl,,0.0,0.0
CC1CCCC(C)N1C(=O)C1CC1C1=CC=CC=C1Cl,,0.0,0.0
CC1CCCC(C)N1C(=O)C1CC1C1=CC=CC=C1Cl,,0.0,0.0
CC1CCCC(C)N1C(=O)C1CC1C1=CC=CC=C1Cl,,0.0,0.0
CC1CCCC(C)N1C(=O)C1CC1C1=CC=CC=C1Cl,,0.0,0.0
CC1CCCC(C)N1C(=O)C1CC1C1=CC=CC=C1Cl,,0.0,0.0
CC1CCCC(C)N1C(=O)C1CC1C1=CC=CC=C1Cl,,0.0,0.0
CC1CCCC(C)N1C(=O)C1CC1C1=CC=CC=C1Cl,,0.0,0.0
CC1CCCC(C)N1C(=O)C1CC1C1=CC=CC=C1Cl,,0.0,0.0
CC1CCCC(C)N1C(=O)C1CC1C1=CC=CC=C1Cl,,0.0,0.0
CC1CCCC(C)N1C(=O)C1CC1C1=CC=CC=C1Cl,,0.0,0.0
CC1CCCC(C)N1C(=O)C1CC1C1=CC=CC=C1Cl,,0.0,0.0
COC1=CC=CC=C1C1C[NH+](CC2=CC(C(C)=O)=CN2C)CC1C(=O)[O-],CCCCCCCCCCCCCCCCCCCCCCCCCCCCCCCCCCCCCCCCCCCCCCCCCCCCCCCCCCCCCCCCCCCCCCCCCCCCCCCCCCCCCCCCCCCCCCCCCCCCCCCCCCCCCCCCCCCCCCCCCCCCCCC,0.03389830508474576,0.05326173681819871
COC1=CC=CC=C1C1C[NH+](CC2=CC(C(C)=O)=CN2C)CC1C(=O)[O-],CCCCCCCCCCCCCCCCCCCCCCCCCCCCCCCCCCCCCCCCCCCCCCCCCCCCCCCCCCCCCCCCCCCCCCCCCCCCCCCCCCCCCCCCCCCCCCCCCCCCCCCCCCCCCCCCCCCCCCCCCCCCCCC,0.03389830508474576,0.05326173681819871
COC1=CC=CC=C1C1C[NH+](CC2=CC(C(C)=O)=CN2C)CC1C(=O)[O-],CCCCCCCCCCCCCCCCCCCCCCCCCCCCCCCCCCCCCCCCCCCCCCCCCCCCCCCCCCCCCCCCCCCCCCCCCCCCCCCCCCCCCCCCCCCCCCCCCCCCCCCCCCCCCCCCCCCCCCCCCCCCCCC,0.03389830508474576,0.05326173681819871
COC1=CC=CC=C1C1C[NH+](CC2=CC(C(C)=O)=CN2C)CC1C(=O)[O-],CCCCCCCCCCCCCCCCCCCCCCCCCCCCCCCCCCCCCCCCCCCCCCCCCCCCCCCCCCCCCCCCCCCCCCCCCCCCCCCCCCCCCCCCCCCCCCCCCCCCCCCCCCCCCCCCCCCCCCCCCCCCCCC,0.03389830508474576,0.05326173681819871
COC1=CC=CC=C1C1C[NH+](CC2=CC(C(C)=O)=CN2C)CC1C(=O)[O-],CCCCCCCCCCCCCCCCCCCCCCCCCCCCCCCCCCCCCCCCCCCCCCCCCCCCCCCCCCCCCCCCCCCCCCCCCCCCCCCCCCCCCCCCCCCCCCCCCCCCCCCCCCCCCCCCCCCCCCCCCCCCCCC,0.03389830508474576,0.05326173681819871
COC1=CC=CC=C1C1C[NH+](CC2=CC(C(C)=O)=CN2C)CC1C(=O)[O-],CCCCCCCCCCCCCCCCCCCCCCCCCCCCCCCCCCCCCCCCCCCCCCCCCCCCCCCCCCCCCCCCCCCCCCCCCCCCCCCCCCCCCCCCCCCCCCCCCCCCCCCCCCCCCCCCCCCCCCCCCCCCCCC,0.03389830508474576,0.05326173681819871
COC1=CC=CC=C1C1C[NH+](CC2=CC(C(C)=O)=CN2C)CC1C(=O)[O-],CCCCCCCCCCCCCCCCCCCCCCCCCCCCCCCCCCCCCCCCCCCCCCCCCCCCCCCCCCCCCCCCCCCCCCCCCCCCCCCCCCCCCCCCCCCCCCCCCCCCCCCCCCCCCCCCCCCCCCCCCCCCCCC,0.03389830508474576,0.05326173681819871
COC1=CC=CC=C1C1C[NH+](CC2=CC(C(C)=O)=CN2C)CC1C(=O)[O-],CCCCCCCCCCCCCCCCCCCCCCCCCCCCCCCCCCCCCCCCCCCCCCCCCCCCCCCCCCCCCCCCCCCCCCCCCCCCCCCCCCCCCCCCCCCCCCCCCCCCCCCCCCCCCCCCCCCCCCCCCCCCCCC,0.03389830508474576,0.05326173681819871
COC1=CC=CC=C1C1C[NH+](CC2=CC(C(C)=O)=CN2C)CC1C(=O)[O-],CCCCCCCCCCCCCCCCCCCCCCCCCCCCCCCCCCCCCCCCCCCCCCCCCCCCCCCCCCCCCCCCCCCCCCCCCCCCCCCCCCCCCCCCCCCCCCCCCCCCCCCCCCCCCCCCCCCCCCCCCCCCCCC,0.03389830508474576,0.05326173681819871
COC1=CC=CC=C1C1C[NH+](CC2=CC(C(C)=O)=CN2C)CC1C(=O)[O-],CCCCCCCCCCCCCCCCCCCCCCCCCCCCCCCCCCCCCCCCCCCCCCCCCCCCCCCCCCCCCCCCCCCCCCCCCCCCCCCCCCCCCCCCCCCCCCCCCCCCCCCCCCCCCCCCCCCCCCCCCCCCCCC,0.03389830508474576,0.05326173681819871
COC1=CC=CC=C1C1C[NH+](CC2=CC(C(C)=O)=CN2C)CC1C(=O)[O-],CCCCCCCCCCCCCCCCCCCCCCCCCCCCCCCCCCCCCCCCCCCCCCCCCCCCCCCCCCCCCCCCCCCCCCCCCCCCCCCCCCCCCCCCCCCCCCCCCCCCCCCCCCCCCCCCCCCCCCCCCCCCCCC,0.03389830508474576,0.05326173681819871
COC1=CC=CC=C1C1C[NH+](CC2=CC(C(C)=O)=CN2C)CC1C(=O)[O-],CCCCCCCCCCCCCCCCCCCCCCCCCCCCCCCCCCCCCCCCCCCCCCCCCCCCCCCCCCCCCCCCCCCCCCCCCCCCCCCCCCCCCCCCCCCCCCCCCCCCCCCCCCCCCCCCCCCCCCCCCCCCCCC,0.03389830508474576,0.05326173681819871
COC1=CC=CC=C1C1C[NH+](CC2=CC(C(C)=O)=CN2C)CC1C(=O)[O-],CCCCCCCCCCCCCCCCCCCCCCCCCCCCCCCCCCCCCCCCCCCCCCCCCCCCCCCCCCCCCCCCCCCCCCCCCCCCCCCCCCCCCCCCCCCCCCCCCCCCCCCCCCCCCCCCCCCCCCCCCCCCCCC,0.03389830508474576,0.05326173681819871
COC1=CC=CC=C1C1C[NH+](CC2=CC(C(C)=O)=CN2C)CC1C(=O)[O-],CCCCCCCCCCCCCCCCCCCCCCCCCCCCCCCCCCCCCCCCCCCCCCCCCCCCCCCCCCCCCCCCCCCCCCCCCCCCCCCCCCCCCCCCCCCCCCCCCCCCCCCCCCCCCCCCCCCCCCCCCCCCCCC,0.03389830508474576,0.05326173681819871
COC1=CC=CC=C1C1C[NH+](CC2=CC(C(C)=O)=CN2C)CC1C(=O)[O-],CCCCCCCCCCCCCCCCCCCCCCCCCCCCCCCCCCCCCCCCCCCCCCCCCCCCCCCCCCCCCCCCCCCCCCCCCCCCCCCCCCCCCCCCCCCCCCCCCCCCCCCCCCCCCCCCCCCCCCCCCCCCCCC,0.03389830508474576,0.05326173681819871
COC1=CC=CC=C1C1C[NH+](CC2=CC(C(C)=O)=CN2C)CC1C(=O)[O-],CCCCCCCCCCCCCCCCCCCCCCCCCCCCCCCCCCCCCCCCCCCCCCCCCCCCCCCCCCCCCCCCCCCCCCCCCCCCCCCCCCCCCCCCCCCCCCCCCCCCCCCCCCCCCCCCCCCCCCCCCCCCCCC,0.03389830508474576,0.05326173681819871
COC1=CC=CC=C1C1C[NH+](CC2=CC(C(C)=O)=CN2C)CC1C(=O)[O-],CCCCCCCCCCCCCCCCCCCCCCCCCCCCCCCCCCCCCCCCCCCCCCCCCCCCCCCCCCCCCCCCCCCCCCCCCCCCCCCCCCCCCCCCCCCCCCCCCCCCCCCCCCCCCCCCCCCCCCCCCCCCCCC,0.03389830508474576,0.05326173681819871
COC1=CC=CC=C1C1C[NH+](CC2=CC(C(C)=O)=CN2C)CC1C(=O)[O-],CCCCCCCCCCCCCCCCCCCCCCCCCCCCCCCCCCCCCCCCCCCCCCCCCCCCCCCCCCCCCCCCCCCCCCCCCCCCCCCCCCCCCCCCCCCCCCCCCCCCCCCCCCCCCCCCCCCCCCCCCCCCCCC,0.03389830508474576,0.05326173681819871
COC1=CC=CC=C1C1C[NH+](CC2=CC(C(C)=O)=CN2C)CC1C(=O)[O-],CCCCCCCCCCCCCCCCCCCCCCCCCCCCCCCCCCCCCCCCCCCCCCCCCCCCCCCCCCCCCCCCCCCCCCCCCCCCCCCCCCCCCCCCCCCCCCCCCCCCCCCCCCCCCCCCCCCCCCCCCCCCCCC,0.03389830508474576,0.05326173681819871
COC1=CC=CC=C1C1C[NH+](CC2=CC(C(C)=O)=CN2C)CC1C(=O)[O-],CCCCCCCCCCCCCCCCCCCCCCCCCCCCCCCCCCCCCCCCCCCCCCCCCCCCCCCCCCCCCCCCCCCCCCCCCCCCCCCCCCCCCCCCCCCCCCCCCCCCCCCCCCCCCCCCCCCCCCCCCCCCCCC,0.03389830508474576,0.05326173681819871
CCNS(=O)(=O)C1=CC=CC=C1NC(C)CC1CCC[NH2+]1,,0.0,0.0
CCNS(=O)(=O)C1=CC=CC=C1NC(C)CC1CCC[NH2+]1,,0.0,0.0
CCNS(=O)(=O)C1=CC=CC=C1NC(C)CC1CCC[NH2+]1,,0.0,0.0
CCNS(=O)(=O)C1=CC=CC=C1NC(C)CC1CCC[NH2+]1,,0.0,0.0
CCNS(=O)(=O)C1=CC=CC=C1NC(C)CC1CCC[NH2+]1,,0.0,0.0
CCNS(=O)(=O)C1=CC=CC=C1NC(C)CC1CCC[NH2+]1,,0.0,0.0
CCNS(=O)(=O)C1=CC=CC=C1NC(C)CC1CCC[NH2+]1,,0.0,0.0
CCNS(=O)(=O)C1=CC=CC=C1NC(C)CC1CCC[NH2+]1,,0.0,0.0
CCNS(=O)(=O)C1=CC=CC=C1NC(C)CC1CCC[NH2+]1,,0.0,0.0
CCNS(=O)(=O)C1=CC=CC=C1NC(C)CC1CCC[NH2+]1,,0.0,0.0
CCNS(=O)(=O)C1=CC=CC=C1NC(C)CC1CCC[NH2+]1,,0.0,0.0
CCNS(=O)(=O)C1=CC=CC=C1NC(C)CC1CCC[NH2+]1,,0.0,0.0
CCNS(=O)(=O)C1=CC=CC=C1NC(C)CC1CCC[NH2+]1,,0.0,0.0
CCNS(=O)(=O)C1=CC=CC=C1NC(C)CC1CCC[NH2+]1,,0.0,0.0
CCNS(=O)(=O)C1=CC=CC=C1NC(C)CC1CCC[NH2+]1,,0.0,0.0
CCNS(=O)(=O)C1=CC=CC=C1NC(C)CC1CCC[NH2+]1,,0.0,0.0
CCNS(=O)(=O)C1=CC=CC=C1NC(C)CC1CCC[NH2+]1,,0.0,0.0
CCNS(=O)(=O)C1=CC=CC=C1NC(C)CC1CCC[NH2+]1,,0.0,0.0
CCNS(=O)(=O)C1=CC=CC=C1NC(C)CC1CCC[NH2+]1,,0.0,0.0
CCNS(=O)(=O)C1=CC=CC=C1NC(C)CC1CCC[NH2+]1,,0.0,0.0
CC1=CC=CC(OCCNC2=NN=NN2C2=CC=CC=C2)=C1,C(CCO)(CCO)CCCCCCCCCCSC1=NN=C(O1)C2=CC=C(C(C)(C)C)C=N2,0.09523809523809523,0.20069412505516868
CC1=CC=CC(OCCNC2=NN=NN2C2=CC=CC=C2)=C1,C(CCO)(CCO)CCCCCCCCCCSC1=NN=C(O1)C2=CC=C(C(C)(C)C)C=N2,0.09523809523809523,0.20069412505516868
CC1=CC=CC(OCCNC2=NN=NN2C2=CC=CC=C2)=C1,C(CCO)(CCO)CCCCCCCCCCSC1=NN=C(O1)C2=CC=C(C(C)(C)C)C=N2,0.09523809523809523,0.20069412505516868
CC1=CC=CC(OCCNC2=NN=NN2C2=CC=CC=C2)=C1,C(CCO)(CCO)CCCCCCCCCCSC1=NN=C(O1)C2=CC=C(C(C)(C)C)C=N2,0.09523809523809523,0.20069412505516868
CC1=CC=CC(OCCNC2=NN=NN2C2=CC=CC=C2)=C1,C(CCO)(CCO)CCCCCCCCCCSC1=NN=C(O1)C2=CC=C(C(C)(C)C)C=N2,0.09523809523809523,0.20069412505516868
CC1=CC=CC(OCCNC2=NN=NN2C2=CC=CC=C2)=C1,C(CCO)(CCO)CCCCCCCCCCSC1=NN=C(O1)C2=CC=C(C(C)(C)C)C=N2,0.09523809523809523,0.20069412505516868
CC1=CC=CC(OCCNC2=NN=NN2C2=CC=CC=C2)=C1,C(CCO)(CCO)CCCCCCCCCCSC1=NN=C(O1)C2=CC=C(C(C)(C)C)C=N2,0.09523809523809523,0.20069412505516868
CC1=CC=CC(OCCNC2=NN=NN2C2=CC=CC=C2)=C1,C(CCO)(CCO)CCCCCCCCCCSC1=NN=C(O1)C2=CC=C(C(C)(C)C)C=N2,0.09523809523809523,0.20069412505516868
CC1=CC=CC(OCCNC2=NN=NN2C2=CC=CC=C2)=C1,C(CCO)(CCO)CCCCCCCCCCSC1=NN=C(O1)C2=CC=C(C(C)(C)C)C=N2,0.09523809523809523,0.20069412505516868
CC1=CC=CC(OCCNC2=NN=NN2C2=CC=CC=C2)=C1,C(CCO)(CCO)CCCCCCCCCCSC1=NN=C(O1)C2=CC=C(C(C)(C)C)C=N2,0.09523809523809523,0.20069412505516868
CC1=CC=CC(OCCNC2=NN=NN2C2=CC=CC=C2)=C1,C(CCO)(CCO)CCCCCCCCCCSC1=NN=C(O1)C2=CC=C(C(C)(C)C)C=N2,0.09523809523809523,0.20069412505516868
CC1=CC=CC(OCCNC2=NN=NN2C2=CC=CC=C2)=C1,C(CCO)(CCO)CCCCCCCCCCSC1=NN=C(O1)C2=CC=C(C(C)(C)C)C=N2,0.09523809523809523,0.20069412505516868
CC1=CC=CC(OCCNC2=NN=NN2C2=CC=CC=C2)=C1,C(CCO)(CCO)CCCCCCCCCCSC1=NN=C(O1)C2=CC=C(C(C)(C)C)C=N2,0.09523809523809523,0.20069412505516868
CC1=CC=CC(OCCNC2=NN=NN2C2=CC=CC=C2)=C1,C(CCO)(CCO)CCCCCCCCCCSC1=NN=C(O1)C2=CC=C(C(C)(C)C)C=N2,0.09523809523809523,0.20069412505516868
CC1=CC=CC(OCCNC2=NN=NN2C2=CC=CC=C2)=C1,C(CCO)(CCO)CCCCCCCCCCSC1=NN=C(O1)C2=CC=C(C(C)(C)C)C=N2,0.09523809523809523,0.20069412505516868
CC1=CC=CC(OCCNC2=NN=NN2C2=CC=CC=C2)=C1,C(CCO)(CCO)CCCCCCCCCCSC1=NN=C(O1)C2=CC=C(C(C)(C)C)C=N2,0.09523809523809523,0.20069412505516868
CC1=CC=CC(OCCNC2=NN=NN2C2=CC=CC=C2)=C1,C(CCO)(CCO)CCCCCCCCCCSC1=NN=C(O1)C2=CC=C(C(C)(C)C)C=N2,0.09523809523809523,0.20069412505516868
CC1=CC=CC(OCCNC2=NN=NN2C2=CC=CC=C2)=C1,C(CCO)(CCO)CCCCCCCCCCSC1=NN=C(O1)C2=CC=C(C(C)(C)C)C=N2,0.09523809523809523,0.20069412505516868
CC1=CC=CC(OCCNC2=NN=NN2C2=CC=CC=C2)=C1,C(CCO)(CCO)CCCCCCCCCCSC1=NN=C(O1)C2=CC=C(C(C)(C)C)C=N2,0.09523809523809523,0.20069412505516868
CC1=CC=CC(OCCNC2=NN=NN2C2=CC=CC=C2)=C1,C(CCO)(CCO)CCCCCCCCCCSC1=NN=C(O1)C2=CC=C(C(C)(C)C)C=N2,0.09523809523809523,0.20069412505516868
COC1CC[NH+](CCNC2=NC=CN(C)C2=O)CC1,,0.0,0.0
COC1CC[NH+](CCNC2=NC=CN(C)C2=O)CC1,,0.0,0.0
COC1CC[NH+](CCNC2=NC=CN(C)C2=O)CC1,,0.0,0.0
COC1CC[NH+](CCNC2=NC=CN(C)C2=O)CC1,,0.0,0.0
COC1CC[NH+](CCNC2=NC=CN(C)C2=O)CC1,CCCCCC(CCCCCCCCCCCCC(OCCCCCCCCCCC)=O)CC,0.057971014492753624,0.08214342051932347
COC1CC[NH+](CCNC2=NC=CN(C)C2=O)CC1,,0.0,0.0
COC1CC[NH+](CCNC2=NC=CN(C)C2=O)CC1,,0.0,0.0
COC1CC[NH+](CCNC2=NC=CN(C)C2=O)CC1,,0.0,0.0
COC1CC[NH+](CCNC2=NC=CN(C)C2=O)CC1,,0.0,0.0
COC1CC[NH+](CCNC2=NC=CN(C)C2=O)CC1,,0.0,0.0
COC1CC[NH+](CCNC2=NC=CN(C)C2=O)CC1,,0.0,0.0
COC1CC[NH+](CCNC2=NC=CN(C)C2=O)CC1,CCCCCCCCCCCC(OCCCCCCCCCC(OC)=O)CCCCCCCCCCCCCCCCCSC1=NN=C(O1)C,0.09411764705882353,0.037907321726285456
COC1CC[NH+](CCNC2=NC=CN(C)C2=O)CC1,CCCCCC(CCCCC(CCCCCCCCCCCCCCCCCCCCCCCCCC)=O)CCN,0.04477611940298507,0.07523477694207782
COC1CC[NH+](CCNC2=NC=CN(C)C2=O)CC1,,0.0,0.0
COC1CC[NH+](CCNC2=NC=CN(C)C2=O)CC1,,0.0,0.0
COC1CC[NH+](CCNC2=NC=CN(C)C2=O)CC1,,0.0,0.0
COC1CC[NH+](CCNC2=NC=CN(C)C2=O)CC1,,0.0,0.0
COC1CC[NH+](CCNC2=NC=CN(C)C2=O)CC1,,0.0,0.0
COC1CC[NH+](CCNC2=NC=CN(C)C2=O)CC1,,0.0,0.0
COC1CC[NH+](CCNC2=NC=CN(C)C2=O)CC1,,0.0,0.0
ClC1=CC=C(C(NCCC2=NN=C3C=CC=CN23)C2CC2)C=C1Cl,,0.0,0.0
ClC1=CC=C(C(NCCC2=NN=C3C=CC=CN23)C2CC2)C=C1Cl,,0.0,0.0
ClC1=CC=C(C(NCCC2=NN=C3C=CC=CN23)C2CC2)C=C1Cl,,0.0,0.0
ClC1=CC=C(C(NCCC2=NN=C3C=CC=CN23)C2CC2)C=C1Cl,,0.0,0.0
ClC1=CC=C(C(NCCC2=NN=C3C=CC=CN23)C2CC2)C=C1Cl,,0.0,0.0
ClC1=CC=C(C(NCCC2=NN=C3C=CC=CN23)C2CC2)C=C1Cl,,0.0,0.0
ClC1=CC=C(C(NCCC2=NN=C3C=CC=CN23)C2CC2)C=C1Cl,,0.0,0.0
ClC1=CC=C(C(NCCC2=NN=C3C=CC=CN23)C2CC2)C=C1Cl,,0.0,0.0
ClC1=CC=C(C(NCCC2=NN=C3C=CC=CN23)C2CC2)C=C1Cl,,0.0,0.0
ClC1=CC=C(C(NCCC2=NN=C3C=CC=CN23)C2CC2)C=C1Cl,,0.0,0.0
ClC1=CC=C(C(NCCC2=NN=C3C=CC=CN23)C2CC2)C=C1Cl,,0.0,0.0
ClC1=CC=C(C(NCCC2=NN=C3C=CC=CN23)C2CC2)C=C1Cl,,0.0,0.0
ClC1=CC=C(C(NCCC2=NN=C3C=CC=CN23)C2CC2)C=C1Cl,,0.0,0.0
ClC1=CC=C(C(NCCC2=NN=C3C=CC=CN23)C2CC2)C=C1Cl,,0.0,0.0
ClC1=CC=C(C(NCCC2=NN=C3C=CC=CN23)C2CC2)C=C1Cl,,0.0,0.0
ClC1=CC=C(C(NCCC2=NN=C3C=CC=CN23)C2CC2)C=C1Cl,,0.0,0.0
ClC1=CC=C(C(NCCC2=NN=C3C=CC=CN23)C2CC2)C=C1Cl,,0.0,0.0
ClC1=CC=C(C(NCCC2=NN=C3C=CC=CN23)C2CC2)C=C1Cl,,0.0,0.0
ClC1=CC=C(C(NCCC2=NN=C3C=CC=CN23)C2CC2)C=C1Cl,,0.0,0.0
ClC1=CC=C(C(NCCC2=NN=C3C=CC=CN23)C2CC2)C=C1Cl,,0.0,0.0
CC1=CC=CC2=C1N=C(NC(C)C1=CC=CC(F)=C1)S2,CC1=C2C(COC(CCC)O2)=C(C(C)(C)CCCCCCCCCCCCCCCCCCCC)C=N1,0.0641025641025641,0.14385143883375207
CC1=CC=CC2=C1N=C(NC(C)C1=CC=CC(F)=C1)S2,CC1=C2C(COC(C(C)CCCCCCCCC)O2)=C(C(C)(C)CCCCCCCCCCCCCCCCCC)C=N1,0.0875,0.09424825033537548
CC1=CC=CC2=C1N=C(NC(C)C1=CC=CC(F)=C1)S2,CC1=C2C(COC(CCC)O2)=C(C(CC3=C(COC(C)(C)O4)C4=C(C)N=C3)(C)C)C=N1,0.05813953488372093,0.6469640220350343
CC1=CC=CC2=C1N=C(NC(C)C1=CC=CC(F)=C1)S2,,0.0,0.0
CC1=CC=CC2=C1N=C(NC(C)C1=CC=CC(F)=C1)S2,CC1=C2C(COC(C(C)CCCCCCCCC)O2)=C(C(C)(C)CCCCCCCCCCCCCCCCCCCC)C=N1,0.0875,0.082803108243447
CC1=CC=CC2=C1N=C(NC(C)C1=CC=CC(F)=C1)S2,CC1=C2C(COC(C(C)CCCCCCCCC)O2)=C(C(C)(C)CCCCCCCCCCCCCCCCCCCC)C=N1,0.0875,0.082803108243447
CC1=CC=CC2=C1N=C(NC(C)C1=CC=CC(F)=C1)S2,CC1=C2C(COC(CCC)O2)=C(C(C)(C)CCCCCCCCCCCCCCCCCCCC)C=N1,0.0641025641025641,0.14385143883375207
CC1=CC=CC2=C1N=C(NC(C)C1=CC=CC(F)=C1)S2,,0.0,0.0
CC1=CC=CC2=C1N=C(NC(C)C1=CC=CC(F)=C1)S2,CC1=C2C(COC(C(C)CCCCCCCCC)O2)=C(C(C)(C)CCCCCCCCCCCCCCCCCC)C=N1,0.0875,0.09424825033537548
CC1=CC=CC2=C1N=C(NC(C)C1=CC=CC(F)=C1)S2,CC1=C2C(COC(CCC)O2)=C(C(C)(C)CCCCCCCCCCCCCCCCCCCC)C=N1,0.0641025641025641,0.14385143883375207
CC1=CC=CC2=C1N=C(NC(C)C1=CC=CC(F)=C1)S2,CC1=C2C(COC(C)(C)O2)=C(C(CC3=C(COC(C)(C)O4)C4=C(C)N=C3)(C)C)C=N1,0.0684931506849315,0.714208444238621
CC1=CC=CC2=C1N=C(NC(C)C1=CC=CC(F)=C1)S2,CC1=C2C(COC(C)(C)O2)=C(C(CC3=C(COC(C)(C)O4)C4=C(C)N=C3)(C)C)C=N1,0.0684931506849315,0.714208444238621
CC1=CC=CC2=C1N=C(NC(C)C1=CC=CC(F)=C1)S2,CC1=C2C(COC(C)(C)O2)=C(C(CC3=C(COC(C)(C)O4)C4=C(C)N=C3)(C)C)C=N1,0.0684931506849315,0.714208444238621
CC1=CC=CC2=C1N=C(NC(C)C1=CC=CC(F)=C1)S2,,0.0,0.0
CC1=CC=CC2=C1N=C(NC(C)C1=CC=CC(F)=C1)S2,CC1=C2C(COC(CCCC)O2)=C(C(C)(C)CCCCCCCCCCCCCCCCCCCC)C=N1,0.0641025641025641,0.13206093968931698
CC1=CC=CC2=C1N=C(NC(C)C1=CC=CC(F)=C1)S2,CC1=C2C(COC(C)(C)O2)=C(C(CC3=C(COC(C)(C)O4)C4=C(C)N=C3)(C)C)C=N1,0.0684931506849315,0.714208444238621
CC1=CC=CC2=C1N=C(NC(C)C1=CC=CC(F)=C1)S2,CC1=C2C(COC(C)(C)O2)=C(C(CC3=C(COC(C)(C)O4)C4=C(C)N=C3)(C)C)C=N1,0.0684931506849315,0.714208444238621
CC1=CC=CC2=C1N=C(NC(C)C1=CC=CC(F)=C1)S2,CC1=C2C(COC(C)(C)O2)=C(C(CC3=C(COC(C)(C)O4)C4=C(C)N=C3)(C)C)C=N1,0.0684931506849315,0.714208444238621
CC1=CC=CC2=C1N=C(NC(C)C1=CC=CC(F)=C1)S2,CC1=C2C(COC(C)(C)O2)=C(C(CC3=C(COC(C)(C)O4)C4=C(C)N=C3)(C)C)C=N1,0.0684931506849315,0.714208444238621
CC1=CC=CC2=C1N=C(NC(C)C1=CC=CC(F)=C1)S2,CC1=C2C(COC(C)(C)O2)=C(C(CC3=C(COC(C)(C)O4)C4=C(C)N=C3)(C)C)C=N1,0.0684931506849315,0.714208444238621
OC1(C[NH2+]C2CCN(C3CCCCC3)CC2)CCOC1,OC1C2(CCCCCCCCCCCC)CCC1CC2,0.125,0.47071083220111803
OC1(C[NH2+]C2CCN(C3CCCCC3)CC2)CCOC1,,0.0,0.0
OC1(C[NH2+]C2CCN(C3CCCCC3)CC2)CCOC1,,0.0,0.0
OC1(C[NH2+]C2CCN(C3CCCCC3)CC2)CCOC1,,0.0,0.0
OC1(C[NH2+]C2CCN(C3CCCCC3)CC2)CCOC1,OC1C2(CCCCCCCCCCCCCC)CCC1CC2,0.125,0.3785615377000748
OC1(C[NH2+]C2CCN(C3CCCCC3)CC2)CCOC1,,0.0,0.0
OC1(C[NH2+]C2CCN(C3CCCCC3)CC2)CCOC1,,0.0,0.0
OC1(C[NH2+]C2CCN(C3CCCCC3)CC2)CCOC1,OC1C2(CCCCCCCCCCCCCC)CCC1CC2,0.125,0.3785615377000748
OC1(C[NH2+]C2CCN(C3CCCCC3)CC2)CCOC1,,0.0,0.0
OC1(C[NH2+]C2CCN(C3CCCCC3)CC2)CCOC1,OC1C2(CCCCCCCCCCCCCC)CCC1CC2,0.125,0.3785615377000748
OC1(C[NH2+]C2CCN(C3CCCCC3)CC2)CCOC1,OC1C2(CCCCCCCCCCCCCC)CCC1CC2,0.125,0.3785615377000748
OC1(C[NH2+]C2CCN(C3CCCCC3)CC2)CCOC1,,0.0,0.0
OC1(C[NH2+]C2CCN(C3CCCCC3)CC2)CCOC1,,0.0,0.0
OC1(C[NH2+]C2CCN(C3CCCCC3)CC2)CCOC1,,0.0,0.0
OC1(C[NH2+]C2CCN(C3CCCCC3)CC2)CCOC1,OC1C2(CCCCCCCCCCCCCC)CCC1CC2,0.125,0.3785615377000748
OC1(C[NH2+]C2CCN(C3CCCCC3)CC2)CCOC1,,0.0,0.0
OC1(C[NH2+]C2CCN(C3CCCCC3)CC2)CCOC1,,0.0,0.0
OC1(C[NH2+]C2CCN(C3CCCCC3)CC2)CCOC1,,0.0,0.0
OC1(C[NH2+]C2CCN(C3CCCCC3)CC2)CCOC1,,0.0,0.0
OC1(C[NH2+]C2CCN(C3CCCCC3)CC2)CCOC1,OC1C2(CCCCCCCCCCCCCC)CCC1CC2,0.125,0.3785615377000748
O=C(NCC1=NOC(C2=CC=CO2)=N1)C1=CC=C(OCC2CC2)N=C1,C(C)(CCCCCCCCCCC(OC)=O)CC2=CC=C(C(C)(C)C)C=N2,0.13953488372093023,0.2867045462379988
O=C(NCC1=NOC(C2=CC=CO2)=N1)C1=CC=C(OCC2CC2)N=C1,C(C)(CCCCCCCCCCC(OC)=O)CC2=CC=C(C(C)(C)C)C=N2,0.13953488372093023,0.2867045462379988
O=C(NCC1=NOC(C2=CC=CO2)=N1)C1=CC=C(OCC2CC2)N=C1,C(C)(CCCCCCCCCCC(OC)=O)CC2=CC=C(C(C)(C)C)C=N2,0.13953488372093023,0.2867045462379988
O=C(NCC1=NOC(C2=CC=CO2)=N1)C1=CC=C(OCC2CC2)N=C1,C(C)(CCCCCCCCCCC(OC)=O)CC2=CC=C(C(C)(C)C)C=N2,0.13953488372093023,0.2867045462379988
O=C(NCC1=NOC(C2=CC=CO2)=N1)C1=CC=C(OCC2CC2)N=C1,C(C)(CCCCCCCCCCC(OC)=O)CC2=CC=C(C(C)(C)C)C=N2,0.13953488372093023,0.2867045462379988
O=C(NCC1=NOC(C2=CC=CO2)=N1)C1=CC=C(OCC2CC2)N=C1,C(C)(CCCCCCCCCCC(OC)=O)CC2=CC=C(C(C)(C)C)C=N2,0.13953488372093023,0.2867045462379988
O=C(NCC1=NOC(C2=CC=CO2)=N1)C1=CC=C(OCC2CC2)N=C1,C(C)(CCCCCCCCCCC(OC)=O)CC2=CC=C(C(C)(C)C)C=N2,0.13953488372093023,0.2867045462379988
O=C(NCC1=NOC(C2=CC=CO2)=N1)C1=CC=C(OCC2CC2)N=C1,C(C)(CCCCCCCCCCC(OC)=O)CC2=CC=C(C(C)(C)C)C=N2,0.13953488372093023,0.2867045462379988
O=C(NCC1=NOC(C2=CC=CO2)=N1)C1=CC=C(OCC2CC2)N=C1,C(C)(CCCCCCCCCCC(OC)=O)CC2=CC=C(C(C)(C)C)C=N2,0.13953488372093023,0.2867045462379988
O=C(NCC1=NOC(C2=CC=CO2)=N1)C1=CC=C(OCC2CC2)N=C1,C(C)(CCCCCCCCCCC(OC)=O)CC2=CC=C(C(C)(C)C)C=N2,0.13953488372093023,0.2867045462379988
O=C(NCC1=NOC(C2=CC=CO2)=N1)C1=CC=C(OCC2CC2)N=C1,C(C)(CCCCCCCCCCC(OC)=O)CC2=CC=C(C(C)(C)C)C=N2,0.13953488372093023,0.2867045462379988
O=C(NCC1=NOC(C2=CC=CO2)=N1)C1=CC=C(OCC2CC2)N=C1,C(C)(CCCCCCCCCCC(OC)=O)CC2=CC=C(C(C)(C)C)C=N2,0.13953488372093023,0.2867045462379988
O=C(NCC1=NOC(C2=CC=CO2)=N1)C1=CC=C(OCC2CC2)N=C1,C(C)(CCCCCCCCCCC(OC)=O)CC2=CC=C(C(C)(C)C)C=N2,0.13953488372093023,0.2867045462379988
O=C(NCC1=NOC(C2=CC=CO2)=N1)C1=CC=C(OCC2CC2)N=C1,CCCCCCCCCCCC(OC1=NC=CC=C1)=O,0.15789473684210525,0.4260075772364941
O=C(NCC1=NOC(C2=CC=CO2)=N1)C1=CC=C(OCC2CC2)N=C1,C(C)(CCCCCCCCCCC(OC)=O)CC2=CC=C(C(C)(C)C)C=N2,0.13953488372093023,0.2867045462379988
O=C(NCC1=NOC(C2=CC=CO2)=N1)C1=CC=C(OCC2CC2)N=C1,C(C)(CCCCCCCCCCC(OC)=O)CC2=CC=C(C(C)(C)C)C=N2,0.13953488372093023,0.2867045462379988
O=C(NCC1=NOC(C2=CC=CO2)=N1)C1=CC=C(OCC2CC2)N=C1,C(C)(CCCCCCCCCCC(OC)=O)CC2=CC=C(C(C)(C)C)C=N2,0.13953488372093023,0.2867045462379988
O=C(NCC1=NOC(C2=CC=CO2)=N1)C1=CC=C(OCC2CC2)N=C1,C(C)(CCCCCCCCCCC(OC)=O)CC2=CC=C(C(C)(C)C)C=N2,0.13953488372093023,0.2867045462379988
O=C(NCC1=NOC(C2=CC=CO2)=N1)C1=CC=C(OCC2CC2)N=C1,C(C)(CCCCCCCCCCC(OC)=O)CC2=CC=C(C(C)(C)C)C=N2,0.13953488372093023,0.2867045462379988
O=C(NCC1=NOC(C2=CC=CO2)=N1)C1=CC=C(OCC2CC2)N=C1,C(C)(CCCCCCCCCCC(OC)=O)CC2=CC=C(C(C)(C)C)C=N2,0.13953488372093023,0.2867045462379988
CCOC(=O)CN1CCN(C2=CC=C(OC)C=C2)CC1,C(CCCCCCCCCCC)(CCCC)CCCCCCCCCCCN=C(C)C=C,0.06451612903225806,0.09226299497205928
CCOC(=O)CN1CCN(C2=CC=C(OC)C=C2)CC1,,0.0,0.0
CCOC(=O)CN1CCN(C2=CC=C(OC)C=C2)CC1,,0.0,0.0
CCOC(=O)CN1CCN(C2=CC=C(OC)C=C2)CC1,,0.0,0.0
CCOC(=O)CN1CCN(C2=CC=C(OC)C=C2)CC1,,0.0,0.0
CCOC(=O)CN1CCN(C2=CC=C(OC)C=C2)CC1,,0.0,0.0
CCOC(=O)CN1CCN(C2=CC=C(OC)C=C2)CC1,,0.0,0.0
CCOC(=O)CN1CCN(C2=CC=C(OC)C=C2)CC1,,0.0,0.0
CCOC(=O)CN1CCN(C2=CC=C(OC)C=C2)CC1,,0.0,0.0
CCOC(=O)CN1CCN(C2=CC=C(OC)C=C2)CC1,,0.0,0.0
CCOC(=O)CN1CCN(C2=CC=C(OC)C=C2)CC1,,0.0,0.0
CCOC(=O)CN1CCN(C2=CC=C(OC)C=C2)CC1,,0.0,0.0
CCOC(=O)CN1CCN(C2=CC=C(OC)C=C2)CC1,,0.0,0.0
CCOC(=O)CN1CCN(C2=CC=C(OC)C=C2)CC1,,0.0,0.0
CCOC(=O)CN1CCN(C2=CC=C(OC)C=C2)CC1,,0.0,0.0
CCOC(=O)CN1CCN(C2=CC=C(OC)C=C2)CC1,,0.0,0.0
CCOC(=O)CN1CCN(C2=CC=C(OC)C=C2)CC1,,0.0,0.0
CCOC(=O)CN1CCN(C2=CC=C(OC)C=C2)CC1,,0.0,0.0
CCOC(=O)CN1CCN(C2=CC=C(OC)C=C2)CC1,,0.0,0.0
CCOC(=O)CN1CCN(C2=CC=C(OC)C=C2)CC1,,0.0,0.0
CC1=CN2C(CN(C)C(=O)C3OC4=CC=CC=C4C3C)=C(C)N=C2S1,CC1=C2C(COC(CCCCC)O2)=C(C(CC3=C(COC(C)(C)O4)C4=C(C)N=C3)(C)C)C=N1,0.1276595744680851,0.4729635084227723
CC1=CN2C(CN(C)C(=O)C3OC4=CC=CC=C4C3C)=C(C)N=C2S1,CC1=C2C(COC(C)(C)O2)=C(C(CC3=C(COC(C)(C)O4)C4=C(C)N=C3)(C)C)C=N1,0.1111111111111111,0.714208444238621
CC1=CN2C(CN(C)C(=O)C3OC4=CC=CC=C4C3C)=C(C)N=C2S1,CC1=C2C(COC(C)(C)O2)=C(C(CC3=C(COC(C)(C)O4)C4=C(C)N=C3)(C)C)C=N1,0.1111111111111111,0.714208444238621
CC1=CN2C(CN(C)C(=O)C3OC4=CC=CC=C4C3C)=C(C)N=C2S1,CC1=C2C(COC(C)(C)O2)=C(C(CC3=C(COC(C)(C)O4)C4=C(C)N=C3)(C)C)C=N1,0.1111111111111111,0.714208444238621
CC1=CN2C(CN(C)C(=O)C3OC4=CC=CC=C4C3C)=C(C)N=C2S1,CC1=C2C(COC(C)(C)O2)=C(C(CC3=C(COC(C)(C)O4)C4=C(C)N=C3)(C)C)C=N1,0.1111111111111111,0.714208444238621
CC1=CN2C(CN(C)C(=O)C3OC4=CC=CC=C4C3C)=C(C)N=C2S1,CC1=C2C(COC(C)(C)O2)=C(C(CC3=C(COC(C)(C)O4)C4=C(C)N=C3)(C)C)C=N1,0.1111111111111111,0.714208444238621
CC1=CN2C(CN(C)C(=O)C3OC4=CC=CC=C4C3C)=C(C)N=C2S1,CC1=C2C(COC(C)(C)O2)=C(C(CC3=C(COC(C)(C)O4)C4=C(C)N=C3)(C)C)C=N1,0.1111111111111111,0.714208444238621
CC1=CN2C(CN(C)C(=O)C3OC4=CC=CC=C4C3C)=C(C)N=C2S1,CC1=C2C(COC(C)(C)O2)=C(C(CC3=C(COC(C)(C)O4)C4=C(C)N=C3)(C)C)C=N1,0.1111111111111111,0.714208444238621
CC1=CN2C(CN(C)C(=O)C3OC4=CC=CC=C4C3C)=C(C)N=C2S1,CC1=C2C(COC(C)(C)O2)=C(C(CC3=C(COC(C)(C)O4)C4=C(C)N=C3)(C)C)C=N1,0.1111111111111111,0.714208444238621
CC1=CN2C(CN(C)C(=O)C3OC4=CC=CC=C4C3C)=C(C)N=C2S1,CC1=C2C(COC(C)(C)O2)=C(C(CC3=C(COC(C)(C)O4)C4=C(C)N=C3)(C)C)C=N1,0.1111111111111111,0.714208444238621
CC1=CN2C(CN(C)C(=O)C3OC4=CC=CC=C4C3C)=C(C)N=C2S1,CC1=C2C(COC(C)(C)O2)=C(C(CC3=C(COC(C)(C)O4)C4=C(C)N=C3)(C)C)C=N1,0.1111111111111111,0.714208444238621
CC1=CN2C(CN(C)C(=O)C3OC4=CC=CC=C4C3C)=C(C)N=C2S1,CC1=C2C(COC(CCC)O2)=C(C(CC3=C(COC(C)(C)O4)C4=C(C)N=C3)(C)C)C=N1,0.11956521739130435,0.6469640220350343
CC1=CN2C(CN(C)C(=O)C3OC4=CC=CC=C4C3C)=C(C)N=C2S1,CC1=C2C(COC(CCCCC)O2)=C(C(CC3=C(COC(C)(C)O4)C4=C(C)N=C3)(C)C)C=N1,0.1276595744680851,0.4729635084227723
CC1=CN2C(CN(C)C(=O)C3OC4=CC=CC=C4C3C)=C(C)N=C2S1,CC1=C2C(COC(C)(C)O2)=C(C(CC3=C(COC(C)(C)O4)C4=C(C)N=C3)(C)C)C=N1,0.1111111111111111,0.714208444238621
CC1=CN2C(CN(C)C(=O)C3OC4=CC=CC=C4C3C)=C(C)N=C2S1,CC1=C2C(COC(C)(C)O2)=C(C(CC3=C(COC(C)(C)O4)C4=C(C)N=C3)(C)C)C=N1,0.1111111111111111,0.714208444238621
CC1=CN2C(CN(C)C(=O)C3OC4=CC=CC=C4C3C)=C(C)N=C2S1,CC1=C2C(COC(C)(C)O2)=C(C(CC3=C(COC(C)(C)O4)C4=C(C)N=C3)(C)C)C=N1,0.1111111111111111,0.714208444238621
CC1=CN2C(CN(C)C(=O)C3OC4=CC=CC=C4C3C)=C(C)N=C2S1,CC1=C2C(COC(C)(C)O2)=C(C(CC3=C(COC(C)(C)O4)C4=C(C)N=C3)(C)C)C=N1,0.1111111111111111,0.714208444238621
CC1=CN2C(CN(C)C(=O)C3OC4=CC=CC=C4C3C)=C(C)N=C2S1,CC1=C2C(COC(C(C)CCCCCCCCC)O2)=C(C(CC3=C(COC(C)(C)O4)C4=C(C)N=C3)(C)C)C=N1,0.11,0.25345714109403655
CC1=CN2C(CN(C)C(=O)C3OC4=CC=CC=C4C3C)=C(C)N=C2S1,CC1=C2C(COC(C)(C)O2)=C(C(CC3=C(COC(C)(C)O4)C4=C(C)N=C3)(C)C)C=N1,0.1111111111111111,0.714208444238621
CC1=CN2C(CN(C)C(=O)C3OC4=CC=CC=C4C3C)=C(C)N=C2S1,CC1=C2C(COC(C)(C)O2)=C(C(CC3=C(COC(C)(C)O4)C4=C(C)N=C3)(C)C)C=N1,0.1111111111111111,0.714208444238621
CCCNC(=O)NC(=O)COC(=O)C1(C2=CC=C(Cl)C=C2)CCCC1,,0.0,0.0
CCCNC(=O)NC(=O)COC(=O)C1(C2=CC=C(Cl)C=C2)CCCC1,CCCCCCCCCCCC(OC1=CC=CC=C1)=O,0.1774193548387097,0.3023245649136244
CCCNC(=O)NC(=O)COC(=O)C1(C2=CC=C(Cl)C=C2)CCCC1,,0.0,0.0
CCCNC(=O)NC(=O)COC(=O)C1(C2=CC=C(Cl)C=C2)CCCC1,,0.0,0.0
CCCNC(=O)NC(=O)COC(=O)C1(C2=CC=C(Cl)C=C2)CCCC1,,0.0,0.0
CCCNC(=O)NC(=O)COC(=O)C1(C2=CC=C(Cl)C=C2)CCCC1,,0.0,0.0
CCCNC(=O)NC(=O)COC(=O)C1(C2=CC=C(Cl)C=C2)CCCC1,,0.0,0.0
CCCNC(=O)NC(=O)COC(=O)C1(C2=CC=C(Cl)C=C2)CCCC1,,0.0,0.0
CCCNC(=O)NC(=O)COC(=O)C1(C2=CC=C(Cl)C=C2)CCCC1,,0.0,0.0
CCCNC(=O)NC(=O)COC(=O)C1(C2=CC=C(Cl)C=C2)CCCC1,,0.0,0.0
CCCNC(=O)NC(=O)COC(=O)C1(C2=CC=C(Cl)C=C2)CCCC1,,0.0,0.0
CCCNC(=O)NC(=O)COC(=O)C1(C2=CC=C(Cl)C=C2)CCCC1,,0.0,0.0
CCCNC(=O)NC(=O)COC(=O)C1(C2=CC=C(Cl)C=C2)CCCC1,,0.0,0.0
CCCNC(=O)NC(=O)COC(=O)C1(C2=CC=C(Cl)C=C2)CCCC1,,0.0,0.0
CCCNC(=O)NC(=O)COC(=O)C1(C2=CC=C(Cl)C=C2)CCCC1,,0.0,0.0
CCCNC(=O)NC(=O)COC(=O)C1(C2=CC=C(Cl)C=C2)CCCC1,,0.0,0.0
CCCNC(=O)NC(=O)COC(=O)C1(C2=CC=C(Cl)C=C2)CCCC1,,0.0,0.0
CCCNC(=O)NC(=O)COC(=O)C1(C2=CC=C(Cl)C=C2)CCCC1,CCCCCCCCCCCC(OC1=CC=CC=C1)=O,0.1774193548387097,0.3023245649136244
CCCNC(=O)NC(=O)COC(=O)C1(C2=CC=C(Cl)C=C2)CCCC1,,0.0,0.0
CCCNC(=O)NC(=O)COC(=O)C1(C2=CC=C(Cl)C=C2)CCCC1,,0.0,0.0
O=S1(=O)CCC([NH2+]C2CCCC2C2CCCC[NH2+]2)C1,,0.0,0.0
O=S1(=O)CCC([NH2+]C2CCCC2C2CCCC[NH2+]2)C1,,0.0,0.0
O=S1(=O)CCC([NH2+]C2CCCC2C2CCCC[NH2+]2)C1,,0.0,0.0
O=S1(=O)CCC([NH2+]C2CCCC2C2CCCC[NH2+]2)C1,,0.0,0.0
O=S1(=O)CCC([NH2+]C2CCCC2C2CCCC[NH2+]2)C1,,0.0,0.0
O=S1(=O)CCC([NH2+]C2CCCC2C2CCCC[NH2+]2)C1,,0.0,0.0
O=S1(=O)CCC([NH2+]C2CCCC2C2CCCC[NH2+]2)C1,,0.0,0.0
O=S1(=O)CCC([NH2+]C2CCCC2C2CCCC[NH2+]2)C1,,0.0,0.0
O=S1(=O)CCC([NH2+]C2CCCC2C2CCCC[NH2+]2)C1,,0.0,0.0
O=S1(=O)CCC([NH2+]C2CCCC2C2CCCC[NH2+]2)C1,,0.0,0.0
O=S1(=O)CCC([NH2+]C2CCCC2C2CCCC[NH2+]2)C1,,0.0,0.0
O=S1(=O)CCC([NH2+]C2CCCC2C2CCCC[NH2+]2)C1,,0.0,0.0
O=S1(=O)CCC([NH2+]C2CCCC2C2CCCC[NH2+]2)C1,,0.0,0.0
O=S1(=O)CCC([NH2+]C2CCCC2C2CCCC[NH2+]2)C1,,0.0,0.0
O=S1(=O)CCC([NH2+]C2CCCC2C2CCCC[NH2+]2)C1,,0.0,0.0
O=S1(=O)CCC([NH2+]C2CCCC2C2CCCC[NH2+]2)C1,,0.0,0.0
O=S1(=O)CCC([NH2+]C2CCCC2C2CCCC[NH2+]2)C1,,0.0,0.0
O=S1(=O)CCC([NH2+]C2CCCC2C2CCCC[NH2+]2)C1,,0.0,0.0
O=S1(=O)CCC([NH2+]C2CCCC2C2CCCC[NH2+]2)C1,,0.0,0.0
O=S1(=O)CCC([NH2+]C2CCCC2C2CCCC[NH2+]2)C1,,0.0,0.0
CC(C)(C)OC(=O)N1CCC2=C(C1)C(=O)N(CC1=CC(F)=C(F)C(F)=C1)C=N2,,0.0,0.0
CC(C)(C)OC(=O)N1CCC2=C(C1)C(=O)N(CC1=CC(F)=C(F)C(F)=C1)C=N2,CC1=C2C(COC(C)(C)O2)=C(C(CC3=C(COC(C)(C)O4)C4=C(C)N=C3)(C)C)C=N1,0.125,0.714208444238621
CC(C)(C)OC(=O)N1CCC2=C(C1)C(=O)N(CC1=CC(F)=C(F)C(F)=C1)C=N2,CC1=C2C(COC(C)(C)O2)=C(C(CC3=C(COC(C)(C)O4)C4=C(C)N=C3)(C)C)C=N1,0.125,0.714208444238621
CC(C)(C)OC(=O)N1CCC2=C(C1)C(=O)N(CC1=CC(F)=C(F)C(F)=C1)C=N2,,0.0,0.0
CC(C)(C)OC(=O)N1CCC2=C(C1)C(=O)N(CC1=CC(F)=C(F)C(F)=C1)C=N2,CC1=C2C(COC(C)(C)O2)=C(C(CC3=C(COC(C)(C)O4)C4=C(C)N=C3)(C)C)C=N1,0.125,0.714208444238621
CC(C)(C)OC(=O)N1CCC2=C(C1)C(=O)N(CC1=CC(F)=C(F)C(F)=C1)C=N2,CC1=C2C(COC(C)(C)O2)=C(C(CC3=C(COC(C)(C)O4)C4=C(C)N=C3)(C)C)C=N1,0.125,0.714208444238621
CC(C)(C)OC(=O)N1CCC2=C(C1)C(=O)N(CC1=CC(F)=C(F)C(F)=C1)C=N2,CC1=C2C(COC(CCCCC)O2)=C(C(CC3=C(COC(C)(C)O4)C4=C(C)N=C3)(C)C)C=N1,0.11578947368421053,0.4729635084227723
CC(C)(C)OC(=O)N1CCC2=C(C1)C(=O)N(CC1=CC(F)=C(F)C(F)=C1)C=N2,CC1=C2C(COC(C)(C)O2)=C(C(CC3=C(COC(C)(C)O4)C4=C(C)N=C3)(C)C)C=N1,0.125,0.714208444238621
CC(C)(C)OC(=O)N1CCC2=C(C1)C(=O)N(CC1=CC(F)=C(F)C(F)=C1)C=N2,CC1=C2C(COC(C)(C)O2)=C(C(CC3=C(COC(C)(C)O4)C4=C(C)N=C3)(C)C)C=N1,0.125,0.714208444238621
CC(C)(C)OC(=O)N1CCC2=C(C1)C(=O)N(CC1=CC(F)=C(F)C(F)=C1)C=N2,CC1=C2C(COC(C)(C)O2)=C(C(CC3=C(COC(C)(C)O4)C4=C(C)N=C3)(C)C)C=N1,0.125,0.714208444238621
CC(C)(C)OC(=O)N1CCC2=C(C1)C(=O)N(CC1=CC(F)=C(F)C(F)=C1)C=N2,,0.0,0.0
CC(C)(C)OC(=O)N1CCC2=C(C1)C(=O)N(CC1=CC(F)=C(F)C(F)=C1)C=N2,CC1=C2C(COC(C)(C)O2)=C(C(CC3=C(COC(C)(C)O4)C4=C(C)N=C3)(C)C)C=N1,0.125,0.714208444238621
CC(C)(C)OC(=O)N1CCC2=C(C1)C(=O)N(CC1=CC(F)=C(F)C(F)=C1)C=N2,,0.0,0.0
CC(C)(C)OC(=O)N1CCC2=C(C1)C(=O)N(CC1=CC(F)=C(F)C(F)=C1)C=N2,CC1=C2C(COC(C)(C)O2)=C(C(CC3=C(COC(C)(C)O4)C4=C(C)N=C3)(C)C)C=N1,0.125,0.714208444238621
CC(C)(C)OC(=O)N1CCC2=C(C1)C(=O)N(CC1=CC(F)=C(F)C(F)=C1)C=N2,CC1=C2C(COC(C)(C)O2)=C(C(CC3=C(COC(C)(C)O4)C4=C(C)N=C3)(C)C)C=N1,0.125,0.714208444238621
CC(C)(C)OC(=O)N1CCC2=C(C1)C(=O)N(CC1=CC(F)=C(F)C(F)=C1)C=N2,CC1=C2C(COC(C)(C)O2)=C(C(CC3=C(COC(C)(C)O4)C4=C(C)N=C3)(C)C)C=N1,0.125,0.714208444238621
CC(C)(C)OC(=O)N1CCC2=C(C1)C(=O)N(CC1=CC(F)=C(F)C(F)=C1)C=N2,,0.0,0.0
CC(C)(C)OC(=O)N1CCC2=C(C1)C(=O)N(CC1=CC(F)=C(F)C(F)=C1)C=N2,,0.0,0.0
CC(C)(C)OC(=O)N1CCC2=C(C1)C(=O)N(CC1=CC(F)=C(F)C(F)=C1)C=N2,,0.0,0.0
CC(C)(C)OC(=O)N1CCC2=C(C1)C(=O)N(CC1=CC(F)=C(F)C(F)=C1)C=N2,CC1=C2C(COC(C)(C)O2)=C(C(CC3=C(COC(C)(C)O4)C4=C(C)N=C3)(C)C)C=N1,0.125,0.714208444238621
CN1C=C[NH+]=C1CC1CCC[NH+](CC2=NC=C(C3=CC=CC=C3Cl)O2)C1,,0.0,0.0
CN1C=C[NH+]=C1CC1CCC[NH+](CC2=NC=C(C3=CC=CC=C3Cl)O2)C1,,0.0,0.0
CN1C=C[NH+]=C1CC1CCC[NH+](CC2=NC=C(C3=CC=CC=C3Cl)O2)C1,,0.0,0.0
CN1C=C[NH+]=C1CC1CCC[NH+](CC2=NC=C(C3=CC=CC=C3Cl)O2)C1,,0.0,0.0
CN1C=C[NH+]=C1CC1CCC[NH+](CC2=NC=C(C3=CC=CC=C3Cl)O2)C1,,0.0,0.0
CN1C=C[NH+]=C1CC1CCC[NH+](CC2=NC=C(C3=CC=CC=C3Cl)O2)C1,,0.0,0.0
CN1C=C[NH+]=C1CC1CCC[NH+](CC2=NC=C(C3=CC=CC=C3Cl)O2)C1,,0.0,0.0
CN1C=C[NH+]=C1CC1CCC[NH+](CC2=NC=C(C3=CC=CC=C3Cl)O2)C1,,0.0,0.0
CN1C=C[NH+]=C1CC1CCC[NH+](CC2=NC=C(C3=CC=CC=C3Cl)O2)C1,,0.0,0.0
CN1C=C[NH+]=C1CC1CCC[NH+](CC2=NC=C(C3=CC=CC=C3Cl)O2)C1,,0.0,0.0
CN1C=C[NH+]=C1CC1CCC[NH+](CC2=NC=C(C3=CC=CC=C3Cl)O2)C1,,0.0,0.0
CN1C=C[NH+]=C1CC1CCC[NH+](CC2=NC=C(C3=CC=CC=C3Cl)O2)C1,,0.0,0.0
CN1C=C[NH+]=C1CC1CCC[NH+](CC2=NC=C(C3=CC=CC=C3Cl)O2)C1,,0.0,0.0
CN1C=C[NH+]=C1CC1CCC[NH+](CC2=NC=C(C3=CC=CC=C3Cl)O2)C1,,0.0,0.0
CN1C=C[NH+]=C1CC1CCC[NH+](CC2=NC=C(C3=CC=CC=C3Cl)O2)C1,,0.0,0.0
CN1C=C[NH+]=C1CC1CCC[NH+](CC2=NC=C(C3=CC=CC=C3Cl)O2)C1,,0.0,0.0
CN1C=C[NH+]=C1CC1CCC[NH+](CC2=NC=C(C3=CC=CC=C3Cl)O2)C1,,0.0,0.0
CN1C=C[NH+]=C1CC1CCC[NH+](CC2=NC=C(C3=CC=CC=C3Cl)O2)C1,,0.0,0.0
CN1C=C[NH+]=C1CC1CCC[NH+](CC2=NC=C(C3=CC=CC=C3Cl)O2)C1,CCCCCCCCCCCCCC(C)(CCCCCCCCCCCCCCCCCCCCCC)CCC1C(CCCCCCCCCCCC)CCC1CC=O,0.06741573033707865,0.044107170169630214
CN1C=C[NH+]=C1CC1CCC[NH+](CC2=NC=C(C3=CC=CC=C3Cl)O2)C1,,0.0,0.0
CCOC(=O)CN(CC1CC1)C(=O)C1SCCC2=C1C=CS2,CC1=C2C(COC(C)(C)O2)=C(C(CC3=C(COC(C)(C)O4)C4=C(C)N=C3)(C)C)C=N1,0.075,0.714208444238621
CCOC(=O)CN(CC1CC1)C(=O)C1SCCC2=C1C=CS2,CC1=C2C(COC(C)(C)O2)=C(C(CC3=C(COC(C)(C)O4)C4=C(C)N=C3)(C)C)C=N1,0.075,0.714208444238621
CCOC(=O)CN(CC1CC1)C(=O)C1SCCC2=C1C=CS2,CC1=C2C(COC(C)(C)O2)=C(C(CC3=C(COC(C)(C)O4)C4=C(C)N=C3)(C)C)C=N1,0.075,0.714208444238621
CCOC(=O)CN(CC1CC1)C(=O)C1SCCC2=C1C=CS2,CC1=C2C(COC(C)(C)O2)=C(C(CC3=C(COC(C)(C)O4)C4=C(C)N=C3)(C)C)C=N1,0.075,0.714208444238621
CCOC(=O)CN(CC1CC1)C(=O)C1SCCC2=C1C=CS2,CC1=C2C(COC(C(C)CCCCCCCCC)O2)=C(C(CC3=C(COC(C)(C)O4)C4=C(C)N=C3)(C)C)C=N1,0.08080808080808081,0.25345714109403655
CCOC(=O)CN(CC1CC1)C(=O)C1SCCC2=C1C=CS2,CC1=C2C(COC(C)(C)O2)=C(C(CC3=C(COC(C)(C)O4)C4=C(C)N=C3)(C)C)C=N1,0.075,0.714208444238621
CCOC(=O)CN(CC1CC1)C(=O)C1SCCC2=C1C=CS2,CC1=C2C(COC(C)(C)O2)=C(C(CC3=C(COC(C)(C)O4)C4=C(C)N=C3)(C)C)C=N1,0.075,0.714208444238621
CCOC(=O)CN(CC1CC1)C(=O)C1SCCC2=C1C=CS2,CC1=C2C(COC(CCCCCCCC)O2)=C(C(CC3=C(COC(C)(C)O4)C4=C(C)N=C3)(C)C)C=N1,0.08421052631578947,0.3230008769501578
CCOC(=O)CN(CC1CC1)C(=O)C1SCCC2=C1C=CS2,CC1=C2C(COC(C)(C)O2)=C(C(CC3=C(COC(C)(C)O4)C4=C(C)N=C3)(C)C)C=N1,0.075,0.714208444238621
CCOC(=O)CN(CC1CC1)C(=O)C1SCCC2=C1C=CS2,CC1=C2C(COC(C)(C)O2)=C(C(CC3=C(COC(C)(C)O4)C4=C(C)N=C3)(C)C)C=N1,0.075,0.714208444238621
CCOC(=O)CN(CC1CC1)C(=O)C1SCCC2=C1C=CS2,CC1=C2C(COC(C)(C)O2)=C(C(CC3=C(COC(C)(C)O4)C4=C(C)N=C3)(C)C)C=N1,0.075,0.714208444238621
CCOC(=O)CN(CC1CC1)C(=O)C1SCCC2=C1C=CS2,CC1=C2C(COC(C)(C)O2)=C(C(CC3=C(COC(C)(C)O4)C4=C(C)N=C3)(C)C)C=N1,0.075,0.714208444238621
CCOC(=O)CN(CC1CC1)C(=O)C1SCCC2=C1C=CS2,CC1=C2C(COC(C(C)CCCCCCCCC)O2)=C(C(CC3=C(COC(C)(C)O4)C4=C(C)N=C3)(C)C)C=N1,0.08080808080808081,0.25345714109403655
CCOC(=O)CN(CC1CC1)C(=O)C1SCCC2=C1C=CS2,CC1=C2C(COC(C)(C)O2)=C(C(CC3=C(COC(C)(C)O4)C4=C(C)N=C3)(C)C)C=N1,0.075,0.714208444238621
CCOC(=O)CN(CC1CC1)C(=O)C1SCCC2=C1C=CS2,CC1=C2C(COC(C)(C)O2)=C(C(CC3=C(COC(C)(C)O4)C4=C(C)N=C3)(C)C)C=N1,0.075,0.714208444238621
CCOC(=O)CN(CC1CC1)C(=O)C1SCCC2=C1C=CS2,CC1=C2C(COC(C)(C)O2)=C(C(CC3=C(COC(C)(C)O4)C4=C(C)N=C3)(C)C)C=N1,0.075,0.714208444238621
CCOC(=O)CN(CC1CC1)C(=O)C1SCCC2=C1C=CS2,CC1=C2C(COC(C)(C)O2)=C(C(CC3=C(COC(C)(C)O4)C4=C(C)N=C3)(C)C)C=N1,0.075,0.714208444238621
CCOC(=O)CN(CC1CC1)C(=O)C1SCCC2=C1C=CS2,,0.0,0.0
CCOC(=O)CN(CC1CC1)C(=O)C1SCCC2=C1C=CS2,CC1=C2C(COC(C)(C)O2)=C(C(CC3=C(COC(C)(C)O4)C4=C(C)N=C3)(C)C)C=N1,0.075,0.714208444238621
CCOC(=O)CN(CC1CC1)C(=O)C1SCCC2=C1C=CS2,CC1=C2C(COC(C)(C)O2)=C(C(CC3=C(COC(C)(C)O4)C4=C(C)N=C3)(C)C)C=N1,0.075,0.714208444238621
C[NH2+]C1(C(=O)[O-])CCCC(OCC2CCCCC2)C1,,0.0,0.0
C[NH2+]C1(C(=O)[O-])CCCC(OCC2CCCCC2)C1,CCCCCCCCCCCCCCCC(CCCCCCCCCCCCCCCC)C,0.04,0.09648912827629387
C[NH2+]C1(C(=O)[O-])CCCC(OCC2CCCCC2)C1,CCCCCCCCCCCCCCCC(CCCCCCCCCCCCCCCC)C,0.04,0.09648912827629387
C[NH2+]C1(C(=O)[O-])CCCC(OCC2CCCCC2)C1,CCCCCCCCCCCCCCCC(CCCCCCCCCCCCCCCC)C,0.04,0.09648912827629387
C[NH2+]C1(C(=O)[O-])CCCC(OCC2CCCCC2)C1,,0.0,0.0
C[NH2+]C1(C(=O)[O-])CCCC(OCC2CCCCC2)C1,,0.0,0.0
C[NH2+]C1(C(=O)[O-])CCCC(OCC2CCCCC2)C1,,0.0,0.0
C[NH2+]C1(C(=O)[O-])CCCC(OCC2CCCCC2)C1,,0.0,0.0
C[NH2+]C1(C(=O)[O-])CCCC(OCC2CCCCC2)C1,,0.0,0.0
C[NH2+]C1(C(=O)[O-])CCCC(OCC2CCCCC2)C1,,0.0,0.0
C[NH2+]C1(C(=O)[O-])CCCC(OCC2CCCCC2)C1,,0.0,0.0
C[NH2+]C1(C(=O)[O-])CCCC(OCC2CCCCC2)C1,,0.0,0.0
C[NH2+]C1(C(=O)[O-])CCCC(OCC2CCCCC2)C1,,0.0,0.0
C[NH2+]C1(C(=O)[O-])CCCC(OCC2CCCCC2)C1,CCCCCCCCCCCCCCCC(OCC(CCCCC(CCCCCCCCCCCC)=O)CC2=CC=C(O)CCO)C2,0.11688311688311688,0.05428358410859364
C[NH2+]C1(C(=O)[O-])CCCC(OCC2CCCCC2)C1,,0.0,0.0
C[NH2+]C1(C(=O)[O-])CCCC(OCC2CCCCC2)C1,,0.0,0.0
C[NH2+]C1(C(=O)[O-])CCCC(OCC2CCCCC2)C1,,0.0,0.0
C[NH2+]C1(C(=O)[O-])CCCC(OCC2CCCCC2)C1,CCCCCCCCCCCCCCCC(CCCCCCCCCCCCCCCC)C,0.04,0.09648912827629387
C[NH2+]C1(C(=O)[O-])CCCC(OCC2CCCCC2)C1,,0.0,0.0
C[NH2+]C1(C(=O)[O-])CCCC(OCC2CCCCC2)C1,,0.0,0.0
CC1=CSC=C1C[NH2+]CCC1CSCCN1,CC1=C2C(COC(CCCCC)O2)=C(C(CC3=C(COC(C)(C)O4)C4=C(C)N=C3)(C)C)C=N1,0.12048192771084337,0.4729635084227723
CC1=CSC=C1C[NH2+]CCC1CSCCN1,CC1=C2C(COC(CCCCC)O2)=C(C(CC3=C(COC(C)(C)O4)C4=C(C)N=C3)(C)C)C=N1,0.12048192771084337,0.4729635084227723
CC1=CSC=C1C[NH2+]CCC1CSCCN1,CC1=C2C(COC(CCCCC)O2)=C(C(CC3=C(COC(C)(C)O4)C4=C(C)N=C3)(C)C)C=N1,0.12048192771084337,0.4729635084227723
CC1=CSC=C1C[NH2+]CCC1CSCCN1,CC1=C2C(COC(CCCCC)O2)=C(C(CC3=C(COC(C)(C)O4)C4=C(C)N=C3)(C)C)C=N1,0.12048192771084337,0.4729635084227723
CC1=CSC=C1C[NH2+]CCC1CSCCN1,CC1=C2C(COC(CCCCC)O2)=C(C(CC3=C(COC(C)(C)O4)C4=C(C)N=C3)(C)C)C=N1,0.12048192771084337,0.4729635084227723
CC1=CSC=C1C[NH2+]CCC1CSCCN1,CC1=C2C(COC(CCCCC)O2)=C(C(CC3=C(COC(C)(C)O4)C4=C(C)N=C3)(C)C)C=N1,0.12048192771084337,0.4729635084227723
CC1=CSC=C1C[NH2+]CCC1CSCCN1,CC1=C2C(COC(C)(C)O2)=C(C(CC3=C(COC(C)(C)O4)C4=C(C)N=C3)(C)C)C=N1,0.11594202898550725,0.714208444238621
CC1=CSC=C1C[NH2+]CCC1CSCCN1,CC1=C2C(COC(CCCCCCCCCCC)O2)=C(C(CC3=C(COC(C)(C)O4)C4=C(C)N=C3)(C)C)C=N1,0.11904761904761904,0.2385738012077454
CC1=CSC=C1C[NH2+]CCC1CSCCN1,CC1=C2C(COC(CCCCCCCC)O2)=C(C(CC3=C(COC(C)(C)O4)C4=C(C)N=C3)(C)C)C=N1,0.11904761904761904,0.3230008769501578
CC1=CSC=C1C[NH2+]CCC1CSCCN1,CC1=C2C(COC(CCCCC)O2)=C(C(CC3=C(COC(C)(C)O4)C4=C(C)N=C3)(C)C)C=N1,0.12048192771084337,0.4729635084227723
CC1=CSC=C1C[NH2+]CCC1CSCCN1,CC1=C2C(COC(C)(C)O2)=C(C(CC3=C(COC(C)(C)O4)C4=C(C)N=C3)(C)C)C=N1,0.11594202898550725,0.714208444238621
CC1=CSC=C1C[NH2+]CCC1CSCCN1,CC1=C2C(COC(CCCCC)O2)=C(C(CC3=C(COC(C)(C)O4)C4=C(C)N=C3)(C)C)C=N1,0.12048192771084337,0.4729635084227723
CC1=CSC=C1C[NH2+]CCC1CSCCN1,CC1=C2C(COC(CCCCCCCCCCC)O2)=C(C(CC3=C(COC(C)(C)O4)C4=C(C)N=C3)(C)C)C=N1,0.11904761904761904,0.2385738012077454
CC1=CSC=C1C[NH2+]CCC1CSCCN1,CC1=C2C(COC(CCCCC)O2)=C(C(CC3=C(COC(C)(C)O4)C4=C(C)N=C3)(C)C)C=N1,0.12048192771084337,0.4729635084227723
CC1=CSC=C1C[NH2+]CCC1CSCCN1,CC1=C2C(COC(CCCCC)O2)=C(C(CC3=C(COC(C)(C)O4)C4=C(C)N=C3)(C)C)C=N1,0.12048192771084337,0.4729635084227723
CC1=CSC=C1C[NH2+]CCC1CSCCN1,CC1=C2C(COC(CCCCC)O2)=C(C(CC3=C(COC(C)(C)O4)C4=C(C)N=C3)(C)C)C=N1,0.12048192771084337,0.4729635084227723
CC1=CSC=C1C[NH2+]CCC1CSCCN1,CC1=C2C(COC(CCCCC)O2)=C(C(CC3=C(COC(C)(C)O4)C4=C(C)N=C3)(C)C)C=N1,0.12048192771084337,0.4729635084227723
CC1=CSC=C1C[NH2+]CCC1CSCCN1,CC1=C2C(COC(CCCCC)O2)=C(C(CC3=C(COC(C)(C)O4)C4=C(C)N=C3)(C)C)C=N1,0.12048192771084337,0.4729635084227723
CC1=CSC=C1C[NH2+]CCC1CSCCN1,CC1=C2C(COC(CCCCC)O2)=C(C(CC3=C(COC(C)(C)O4)C4=C(C)N=C3)(C)C)C=N1,0.12048192771084337,0.4729635084227723
CC1=CSC=C1C[NH2+]CCC1CSCCN1,CC1=C2C(COC(CCCCC)O2)=C(C(CC3=C(COC(C)(C)O4)C4=C(C)N=C3)(C)C)C=N1,0.12048192771084337,0.4729635084227723
O=C(CCC1=NN=CN1C1=CC=CC=C1)NC1=CC=CN=C1Cl,CCCCCCCCCCCC(OC1=NC=CC=C1)=O,0.2153846153846154,0.4260075772364941
O=C(CCC1=NN=CN1C1=CC=CC=C1)NC1=CC=CN=C1Cl,CCCCCCCCCCCC(OC1=NC=CC=C1)=O,0.2153846153846154,0.4260075772364941
O=C(CCC1=NN=CN1C1=CC=CC=C1)NC1=CC=CN=C1Cl,CCCCCCCCCCCC(OC1=NC=CC=C1)=O,0.2153846153846154,0.4260075772364941
O=C(CCC1=NN=CN1C1=CC=CC=C1)NC1=CC=CN=C1Cl,CCCCCCCCCCCC(OC1=NC=CC=C1)=O,0.2153846153846154,0.4260075772364941
O=C(CCC1=NN=CN1C1=CC=CC=C1)NC1=CC=CN=C1Cl,CCCCCCCCCCCC(OC1=NC=CC=C1)=O,0.2153846153846154,0.4260075772364941
O=C(CCC1=NN=CN1C1=CC=CC=C1)NC1=CC=CN=C1Cl,CCCCCCCCCCCC(OC1=NC=CC=C1)=O,0.2153846153846154,0.4260075772364941
O=C(CCC1=NN=CN1C1=CC=CC=C1)NC1=CC=CN=C1Cl,CCCCCCCCCCCC(OC1=NC=CC=C1)=O,0.2153846153846154,0.4260075772364941
O=C(CCC1=NN=CN1C1=CC=CC=C1)NC1=CC=CN=C1Cl,CCCCCCCCCCCC(OC1=NC=CC=C1)=O,0.2153846153846154,0.4260075772364941
O=C(CCC1=NN=CN1C1=CC=CC=C1)NC1=CC=CN=C1Cl,CCCCCCCCCCCC(OC1=NC=CC=C1)=O,0.2153846153846154,0.4260075772364941
O=C(CCC1=NN=CN1C1=CC=CC=C1)NC1=CC=CN=C1Cl,CCCCCCCCCCCC(OC1=NC=CC=C1)=O,0.2153846153846154,0.4260075772364941
O=C(CCC1=NN=CN1C1=CC=CC=C1)NC1=CC=CN=C1Cl,CCCCCCCCCCCC(OC1=NC=CC=C1)=O,0.2153846153846154,0.4260075772364941
O=C(CCC1=NN=CN1C1=CC=CC=C1)NC1=CC=CN=C1Cl,CCCCCCCCCCCC(OC1=NC=CC=C1)=O,0.2153846153846154,0.4260075772364941
O=C(CCC1=NN=CN1C1=CC=CC=C1)NC1=CC=CN=C1Cl,CCCCCCCCCCCC(OC1=NC=CC=C1)=O,0.2153846153846154,0.4260075772364941
O=C(CCC1=NN=CN1C1=CC=CC=C1)NC1=CC=CN=C1Cl,CCCCCCCCCCCC(OC1=NC=CC=C1)=O,0.2153846153846154,0.4260075772364941
O=C(CCC1=NN=CN1C1=CC=CC=C1)NC1=CC=CN=C1Cl,CCCCCCCCCCCC(OC1=NC=CC=C1)=O,0.2153846153846154,0.4260075772364941
O=C(CCC1=NN=CN1C1=CC=CC=C1)NC1=CC=CN=C1Cl,CCCCCCCCCCCC(OC1=NC=CC=C1)=O,0.2153846153846154,0.4260075772364941
O=C(CCC1=NN=CN1C1=CC=CC=C1)NC1=CC=CN=C1Cl,CCCCCCCCCCCC(OC1=NC=CC=C1)=O,0.2153846153846154,0.4260075772364941
O=C(CCC1=NN=CN1C1=CC=CC=C1)NC1=CC=CN=C1Cl,CCCCCCCCCCCC(OC1=NC=CC=C1)=O,0.2153846153846154,0.4260075772364941
O=C(CCC1=NN=CN1C1=CC=CC=C1)NC1=CC=CN=C1Cl,CCCCCCCCCCCC(OC1=NC=CC=C1)=O,0.2153846153846154,0.4260075772364941
O=C(CCC1=NN=CN1C1=CC=CC=C1)NC1=CC=CN=C1Cl,CCCCCCCCCCCC(OC1=NC=CC=C1)=O,0.2153846153846154,0.4260075772364941
CCSCCC(C)N(C)C(=O)C1=CC(=O)N(C2=CC=C(C)C=C2)N1,CC1=C2C(COC(C)(C)O2)=C(C(CC3=C(COC(C)(C)O4)C4=C(C)N=C3)(C)C)C=N1,0.06172839506172839,0.714208444238621
CCSCCC(C)N(C)C(=O)C1=CC(=O)N(C2=CC=C(C)C=C2)N1,CC1=C2C(COC(C)(C)O2)=C(C(CC3=C(COC(C)(C)O4)C4=C(C)N=C3)(C)C)C=N1,0.06172839506172839,0.714208444238621
CCSCCC(C)N(C)C(=O)C1=CC(=O)N(C2=CC=C(C)C=C2)N1,CC1=C2C(COC(C)(C)O2)=C(C(CC3=C(COC(C)(C)O4)C4=C(C)N=C3)(C)C)C=N1,0.06172839506172839,0.714208444238621
CCSCCC(C)N(C)C(=O)C1=CC(=O)N(C2=CC=C(C)C=C2)N1,CC1=C2C(COC(C)(C)O2)=C(C(CC3=C(COC(C)(C)O4)C4=C(C)N=C3)(C)C)C=N1,0.06172839506172839,0.714208444238621
CCSCCC(C)N(C)C(=O)C1=CC(=O)N(C2=CC=C(C)C=C2)N1,CC1=C2C(COC(C)(C)O2)=C(C(CC3=C(COC(C)(C)O4)C4=C(C)N=C3)(C)C)C=N1,0.06172839506172839,0.714208444238621
CCSCCC(C)N(C)C(=O)C1=CC(=O)N(C2=CC=C(C)C=C2)N1,CC1=C2C(COC(C)(C)O2)=C(C(CC3=C(COC(C)(C)O4)C4=C(C)N=C3)(C)C)C=N1,0.06172839506172839,0.714208444238621
CCSCCC(C)N(C)C(=O)C1=CC(=O)N(C2=CC=C(C)C=C2)N1,CC1=C2C(COC(C)(C)O2)=C(C(CC3=C(COC(C)(C)O4)C4=C(C)N=C3)(C)C)C=N1,0.06172839506172839,0.714208444238621
CCSCCC(C)N(C)C(=O)C1=CC(=O)N(C2=CC=C(C)C=C2)N1,CC1=C2C(COC(C)(C)O2)=C(C(CC3=C(COC(C)(C)O4)C4=C(C)N=C3)(C)C)C=N1,0.06172839506172839,0.714208444238621
CCSCCC(C)N(C)C(=O)C1=CC(=O)N(C2=CC=C(C)C=C2)N1,CC1=C2C(COC(C)(C)O2)=C(C(CC3=C(COC(C)(C)O4)C4=C(C)N=C3)(C)C)C=N1,0.06172839506172839,0.714208444238621
CCSCCC(C)N(C)C(=O)C1=CC(=O)N(C2=CC=C(C)C=C2)N1,CC1=C2C(COC(C)(C)O2)=C(C(CC3=C(COC(C)(C)O4)C4=C(C)N=C3)(C)C)C=N1,0.06172839506172839,0.714208444238621
CCSCCC(C)N(C)C(=O)C1=CC(=O)N(C2=CC=C(C)C=C2)N1,CC1=C2C(COC(CCC)O2)=C(C(CC3=C(COC(C)(C)O4)C4=C(C)N=C3)(C)C)C=N1,0.06451612903225806,0.6469640220350343
CCSCCC(C)N(C)C(=O)C1=CC(=O)N(C2=CC=C(C)C=C2)N1,CC1=C2C(COC(C)(C)O2)=C(C(CC3=C(COC(C)(C)O4)C4=C(C)N=C3)(C)C)C=N1,0.06172839506172839,0.714208444238621
CCSCCC(C)N(C)C(=O)C1=CC(=O)N(C2=CC=C(C)C=C2)N1,CC1=C2C(COC(C)(C)O2)=C(C(CC3=C(COC(C)(C)O4)C4=C(C)N=C3)(C)C)C=N1,0.06172839506172839,0.714208444238621
CCSCCC(C)N(C)C(=O)C1=CC(=O)N(C2=CC=C(C)C=C2)N1,CC1=C2C(COC(C)(C)O2)=C(C(CC3=C(COC(C)(C)O4)C4=C(C)N=C3)(C)C)C=N1,0.06172839506172839,0.714208444238621
CCSCCC(C)N(C)C(=O)C1=CC(=O)N(C2=CC=C(C)C=C2)N1,CC1=C2C(COC(C)(C)O2)=C(C(CC3=C(COC(C)(C)O4)C4=C(C)N=C3)(C)C)C=N1,0.06172839506172839,0.714208444238621
CCSCCC(C)N(C)C(=O)C1=CC(=O)N(C2=CC=C(C)C=C2)N1,CC1=C2C(COC(C)(C)O2)=C(C(CC3=C(COC(C)(C)O4)C4=C(C)N=C3)(C)C)C=N1,0.06172839506172839,0.714208444238621
CCSCCC(C)N(C)C(=O)C1=CC(=O)N(C2=CC=C(C)C=C2)N1,CC1=C2C(COC(C)(C)O2)=C(C(CC3=C(COC(C)(C)O4)C4=C(C)N=C3)(C)C)C=N1,0.06172839506172839,0.714208444238621
CCSCCC(C)N(C)C(=O)C1=CC(=O)N(C2=CC=C(C)C=C2)N1,CC1=C2C(COC(C)(C)O2)=C(C(CC3=C(COC(C)(C)O4)C4=C(C)N=C3)(C)C)C=N1,0.06172839506172839,0.714208444238621
CCSCCC(C)N(C)C(=O)C1=CC(=O)N(C2=CC=C(C)C=C2)N1,CC1=C2C(COC(C)(C)O2)=C(C(CC3=C(COC(C)(C)O4)C4=C(C)N=C3)(C)C)C=N1,0.06172839506172839,0.714208444238621
CCSCCC(C)N(C)C(=O)C1=CC(=O)N(C2=CC=C(C)C=C2)N1,CC1=C2C(COC(C)(C)O2)=C(C(CC3=C(COC(C)(C)O4)C4=C(C)N=C3)(C)C)C=N1,0.06172839506172839,0.714208444238621
CC1=NOC(C)=C1C(C)NC(=O)NC1=CC=C(NC(=O)C2CCCO2)C=C1,,0.0,0.0
CC1=NOC(C)=C1C(C)NC(=O)NC1=CC=C(NC(=O)C2CCCO2)C=C1,,0.0,0.0
CC1=NOC(C)=C1C(C)NC(=O)NC1=CC=C(NC(=O)C2CCCO2)C=C1,,0.0,0.0
CC1=NOC(C)=C1C(C)NC(=O)NC1=CC=C(NC(=O)C2CCCO2)C=C1,,0.0,0.0
CC1=NOC(C)=C1C(C)NC(=O)NC1=CC=C(NC(=O)C2CCCO2)C=C1,,0.0,0.0
CC1=NOC(C)=C1C(C)NC(=O)NC1=CC=C(NC(=O)C2CCCO2)C=C1,,0.0,0.0
CC1=NOC(C)=C1C(C)NC(=O)NC1=CC=C(NC(=O)C2CCCO2)C=C1,,0.0,0.0
CC1=NOC(C)=C1C(C)NC(=O)NC1=CC=C(NC(=O)C2CCCO2)C=C1,,0.0,0.0
CC1=NOC(C)=C1C(C)NC(=O)NC1=CC=C(NC(=O)C2CCCO2)C=C1,,0.0,0.0
CC1=NOC(C)=C1C(C)NC(=O)NC1=CC=C(NC(=O)C2CCCO2)C=C1,,0.0,0.0
CC1=NOC(C)=C1C(C)NC(=O)NC1=CC=C(NC(=O)C2CCCO2)C=C1,,0.0,0.0
CC1=NOC(C)=C1C(C)NC(=O)NC1=CC=C(NC(=O)C2CCCO2)C=C1,,0.0,0.0
CC1=NOC(C)=C1C(C)NC(=O)NC1=CC=C(NC(=O)C2CCCO2)C=C1,,0.0,0.0
CC1=NOC(C)=C1C(C)NC(=O)NC1=CC=C(NC(=O)C2CCCO2)C=C1,,0.0,0.0
CC1=NOC(C)=C1C(C)NC(=O)NC1=CC=C(NC(=O)C2CCCO2)C=C1,,0.0,0.0
CC1=NOC(C)=C1C(C)NC(=O)NC1=CC=C(NC(=O)C2CCCO2)C=C1,,0.0,0.0
CC1=NOC(C)=C1C(C)NC(=O)NC1=CC=C(NC(=O)C2CCCO2)C=C1,,0.0,0.0
CC1=NOC(C)=C1C(C)NC(=O)NC1=CC=C(NC(=O)C2CCCO2)C=C1,,0.0,0.0
CC1=NOC(C)=C1C(C)NC(=O)NC1=CC=C(NC(=O)C2CCCO2)C=C1,,0.0,0.0
CC1=NOC(C)=C1C(C)NC(=O)NC1=CC=C(NC(=O)C2CCCO2)C=C1,,0.0,0.0
CC1CN(S(=O)(=O)C(C)C2=CN=CC=N2)CC[NH2+]1,,0.0,0.0
CC1CN(S(=O)(=O)C(C)C2=CN=CC=N2)CC[NH2+]1,,0.0,0.0
CC1CN(S(=O)(=O)C(C)C2=CN=CC=N2)CC[NH2+]1,,0.0,0.0
CC1CN(S(=O)(=O)C(C)C2=CN=CC=N2)CC[NH2+]1,,0.0,0.0
CC1CN(S(=O)(=O)C(C)C2=CN=CC=N2)CC[NH2+]1,,0.0,0.0
CC1CN(S(=O)(=O)C(C)C2=CN=CC=N2)CC[NH2+]1,,0.0,0.0
CC1CN(S(=O)(=O)C(C)C2=CN=CC=N2)CC[NH2+]1,,0.0,0.0
CC1CN(S(=O)(=O)C(C)C2=CN=CC=N2)CC[NH2+]1,,0.0,0.0
CC1CN(S(=O)(=O)C(C)C2=CN=CC=N2)CC[NH2+]1,,0.0,0.0
CC1CN(S(=O)(=O)C(C)C2=CN=CC=N2)CC[NH2+]1,,0.0,0.0
CC1CN(S(=O)(=O)C(C)C2=CN=CC=N2)CC[NH2+]1,,0.0,0.0
CC1CN(S(=O)(=O)C(C)C2=CN=CC=N2)CC[NH2+]1,,0.0,0.0
CC1CN(S(=O)(=O)C(C)C2=CN=CC=N2)CC[NH2+]1,,0.0,0.0
CC1CN(S(=O)(=O)C(C)C2=CN=CC=N2)CC[NH2+]1,,0.0,0.0
CC1CN(S(=O)(=O)C(C)C2=CN=CC=N2)CC[NH2+]1,,0.0,0.0
CC1CN(S(=O)(=O)C(C)C2=CN=CC=N2)CC[NH2+]1,,0.0,0.0
CC1CN(S(=O)(=O)C(C)C2=CN=CC=N2)CC[NH2+]1,,0.0,0.0
CC1CN(S(=O)(=O)C(C)C2=CN=CC=N2)CC[NH2+]1,,0.0,0.0
CC1CN(S(=O)(=O)C(C)C2=CN=CC=N2)CC[NH2+]1,,0.0,0.0
CC1CN(S(=O)(=O)C(C)C2=CN=CC=N2)CC[NH2+]1,,0.0,0.0
CC(C)C(NC(=O)C1=CC=C(NS(C)(=O)=O)C=C1)C(=O)[O-],,0.0,0.0
CC(C)C(NC(=O)C1=CC=C(NS(C)(=O)=O)C=C1)C(=O)[O-],,0.0,0.0
CC(C)C(NC(=O)C1=CC=C(NS(C)(=O)=O)C=C1)C(=O)[O-],,0.0,0.0
CC(C)C(NC(=O)C1=CC=C(NS(C)(=O)=O)C=C1)C(=O)[O-],,0.0,0.0
CC(C)C(NC(=O)C1=CC=C(NS(C)(=O)=O)C=C1)C(=O)[O-],,0.0,0.0
CC(C)C(NC(=O)C1=CC=C(NS(C)(=O)=O)C=C1)C(=O)[O-],,0.0,0.0
CC(C)C(NC(=O)C1=CC=C(NS(C)(=O)=O)C=C1)C(=O)[O-],,0.0,0.0
CC(C)C(NC(=O)C1=CC=C(NS(C)(=O)=O)C=C1)C(=O)[O-],,0.0,0.0
CC(C)C(NC(=O)C1=CC=C(NS(C)(=O)=O)C=C1)C(=O)[O-],,0.0,0.0
CC(C)C(NC(=O)C1=CC=C(NS(C)(=O)=O)C=C1)C(=O)[O-],,0.0,0.0
CC(C)C(NC(=O)C1=CC=C(NS(C)(=O)=O)C=C1)C(=O)[O-],,0.0,0.0
CC(C)C(NC(=O)C1=CC=C(NS(C)(=O)=O)C=C1)C(=O)[O-],,0.0,0.0
CC(C)C(NC(=O)C1=CC=C(NS(C)(=O)=O)C=C1)C(=O)[O-],,0.0,0.0
CC(C)C(NC(=O)C1=CC=C(NS(C)(=O)=O)C=C1)C(=O)[O-],,0.0,0.0
CC(C)C(NC(=O)C1=CC=C(NS(C)(=O)=O)C=C1)C(=O)[O-],,0.0,0.0
CC(C)C(NC(=O)C1=CC=C(NS(C)(=O)=O)C=C1)C(=O)[O-],,0.0,0.0
CC(C)C(NC(=O)C1=CC=C(NS(C)(=O)=O)C=C1)C(=O)[O-],,0.0,0.0
CC(C)C(NC(=O)C1=CC=C(NS(C)(=O)=O)C=C1)C(=O)[O-],,0.0,0.0
CC(C)C(NC(=O)C1=CC=C(NS(C)(=O)=O)C=C1)C(=O)[O-],,0.0,0.0
CC(C)C(NC(=O)C1=CC=C(NS(C)(=O)=O)C=C1)C(=O)[O-],,0.0,0.0
CCOC(=O)C1C=C(C#N)OC(C2=CC=C(C)C=C2)C1,,0.0,0.0
CCOC(=O)C1C=C(C#N)OC(C2=CC=C(C)C=C2)C1,,0.0,0.0
CCOC(=O)C1C=C(C#N)OC(C2=CC=C(C)C=C2)C1,,0.0,0.0
CCOC(=O)C1C=C(C#N)OC(C2=CC=C(C)C=C2)C1,C(CCO)(CCCO)CCCCCCCCCCCCCCCCCC,0.06779661016949153,0.19473314650349638
CCOC(=O)C1C=C(C#N)OC(C2=CC=C(C)C=C2)C1,,0.0,0.0
CCOC(=O)C1C=C(C#N)OC(C2=CC=C(C)C=C2)C1,,0.0,0.0
CCOC(=O)C1C=C(C#N)OC(C2=CC=C(C)C=C2)C1,,0.0,0.0
CCOC(=O)C1C=C(C#N)OC(C2=CC=C(C)C=C2)C1,,0.0,0.0
CCOC(=O)C1C=C(C#N)OC(C2=CC=C(C)C=C2)C1,,0.0,0.0
CCOC(=O)C1C=C(C#N)OC(C2=CC=C(C)C=C2)C1,,0.0,0.0
CCOC(=O)C1C=C(C#N)OC(C2=CC=C(C)C=C2)C1,,0.0,0.0
CCOC(=O)C1C=C(C#N)OC(C2=CC=C(C)C=C2)C1,,0.0,0.0
CCOC(=O)C1C=C(C#N)OC(C2=CC=C(C)C=C2)C1,,0.0,0.0
CCOC(=O)C1C=C(C#N)OC(C2=CC=C(C)C=C2)C1,,0.0,0.0
CCOC(=O)C1C=C(C#N)OC(C2=CC=C(C)C=C2)C1,,0.0,0.0
CCOC(=O)C1C=C(C#N)OC(C2=CC=C(C)C=C2)C1,,0.0,0.0
CCOC(=O)C1C=C(C#N)OC(C2=CC=C(C)C=C2)C1,C(CCO)(CCCO)CCCCCCCCCCCCCCC,0.06779661016949153,0.2755211655582002
CCOC(=O)C1C=C(C#N)OC(C2=CC=C(C)C=C2)C1,,0.0,0.0
CCOC(=O)C1C=C(C#N)OC(C2=CC=C(C)C=C2)C1,,0.0,0.0
CCOC(=O)C1C=C(C#N)OC(C2=CC=C(C)C=C2)C1,,0.0,0.0
COC1=CC=CC(NC2=NC(C3=CC=C4OCOC4=C3)=CS2)=C1,CCCCCCCCCC(C)(CC1=C(C)C(OC(C)=O)=C(C)N=C1)C,0.08641975308641975,0.34648454331069145
COC1=CC=CC(NC2=NC(C3=CC=C4OCOC4=C3)=CS2)=C1,CCCCCCCCCC(C)(CC1=C(C)C(OC(C)=O)=C(C)N=C1)C,0.08641975308641975,0.34648454331069145
COC1=CC=CC(NC2=NC(C3=CC=C4OCOC4=C3)=CS2)=C1,CCCCCCCCCC(C)(CC1=C(C)C(OC(C)=O)=C(C)N=C1)C,0.08641975308641975,0.34648454331069145
COC1=CC=CC(NC2=NC(C3=CC=C4OCOC4=C3)=CS2)=C1,CCCCCCCCCC(C)(CC1=C(C)C(OC(C)=O)=C(C)N=C1)C,0.08641975308641975,0.34648454331069145
COC1=CC=CC(NC2=NC(C3=CC=C4OCOC4=C3)=CS2)=C1,CCCCCCCCCC(C)(CC1=C(C)C(OC(C)=O)=C(C)N=C1)C,0.08641975308641975,0.34648454331069145
COC1=CC=CC(NC2=NC(C3=CC=C4OCOC4=C3)=CS2)=C1,CCCCCCCCCC(C)(CC1=C(C)C(OC(C)=O)=C(C)N=C1)C,0.08641975308641975,0.34648454331069145
COC1=CC=CC(NC2=NC(C3=CC=C4OCOC4=C3)=CS2)=C1,,0.0,0.0
COC1=CC=CC(NC2=NC(C3=CC=C4OCOC4=C3)=CS2)=C1,CCCCCCCCCC(C)(CC1=C(C)C(OC(C)=O)=C(C)N=C1)C,0.08641975308641975,0.34648454331069145
COC1=CC=CC(NC2=NC(C3=CC=C4OCOC4=C3)=CS2)=C1,CCCCCCCCCC(C)(CC1=C(C)C(OC(C)=O)=C(C)N=C1)C,0.08641975308641975,0.34648454331069145
COC1=CC=CC(NC2=NC(C3=CC=C4OCOC4=C3)=CS2)=C1,CCCCCCCCCC(C)(CC1=C(C)C(OC(C)=O)=C(C)N=C1)C,0.08641975308641975,0.34648454331069145
COC1=CC=CC(NC2=NC(C3=CC=C4OCOC4=C3)=CS2)=C1,CCCCCCCCCC(C)(CC1=C(C)C(OC(C)=O)=C(C)N=C1)C,0.08641975308641975,0.34648454331069145
COC1=CC=CC(NC2=NC(C3=CC=C4OCOC4=C3)=CS2)=C1,CCCCCCCCCC(C)(CC1=C(C)C(OC(C)=O)=C(C)N=C1)C,0.08641975308641975,0.34648454331069145
COC1=CC=CC(NC2=NC(C3=CC=C4OCOC4=C3)=CS2)=C1,CCCCCCCCCC(C)(CC1=C(C)C(OC(C)=O)=C(C)N=C1)C,0.08641975308641975,0.34648454331069145
COC1=CC=CC(NC2=NC(C3=CC=C4OCOC4=C3)=CS2)=C1,CCCCCCCCCC(C)(CC1=C(C)C(OC(C)=O)=C(C)N=C1)C,0.08641975308641975,0.34648454331069145
COC1=CC=CC(NC2=NC(C3=CC=C4OCOC4=C3)=CS2)=C1,CCCCCCCCCC(C)(CC1=C(C)C(OC(C)=O)=C(C)N=C1)C,0.08641975308641975,0.34648454331069145
COC1=CC=CC(NC2=NC(C3=CC=C4OCOC4=C3)=CS2)=C1,CCCCCCCCCC(C)(CC1=C(C)C(OC(C)=O)=C(C)N=C1)C,0.08641975308641975,0.34648454331069145
COC1=CC=CC(NC2=NC(C3=CC=C4OCOC4=C3)=CS2)=C1,CCCCCCCCCC(C)(CC1=C(C)C(OC(C)=O)=C(C)N=C1)C,0.08641975308641975,0.34648454331069145
COC1=CC=CC(NC2=NC(C3=CC=C4OCOC4=C3)=CS2)=C1,CCCCCCCCCC(C)(CC1=C(C)C(OC(C)=O)=C(C)N=C1)C,0.08641975308641975,0.34648454331069145
COC1=CC=CC(NC2=NC(C3=CC=C4OCOC4=C3)=CS2)=C1,CCCCCCCCCC(C)(CC1=C(C)C(OC(C)=O)=C(C)N=C1)C,0.08641975308641975,0.34648454331069145
COC1=CC=CC(NC2=NC(C3=CC=C4OCOC4=C3)=CS2)=C1,CCCCCCCCCC(C)(CC1=C(C)C(OC(C)=O)=C(C)N=C1)C,0.08641975308641975,0.34648454331069145
CCC(CSC)[NH+](C)CN1N=C(C2=CC=CS2)NC1=S,,0.0,0.0
CCC(CSC)[NH+](C)CN1N=C(C2=CC=CS2)NC1=S,,0.0,0.0
CCC(CSC)[NH+](C)CN1N=C(C2=CC=CS2)NC1=S,,0.0,0.0
CCC(CSC)[NH+](C)CN1N=C(C2=CC=CS2)NC1=S,,0.0,0.0
CCC(CSC)[NH+](C)CN1N=C(C2=CC=CS2)NC1=S,,0.0,0.0
CCC(CSC)[NH+](C)CN1N=C(C2=CC=CS2)NC1=S,,0.0,0.0
CCC(CSC)[NH+](C)CN1N=C(C2=CC=CS2)NC1=S,,0.0,0.0
CCC(CSC)[NH+](C)CN1N=C(C2=CC=CS2)NC1=S,,0.0,0.0
CCC(CSC)[NH+](C)CN1N=C(C2=CC=CS2)NC1=S,,0.0,0.0
CCC(CSC)[NH+](C)CN1N=C(C2=CC=CS2)NC1=S,,0.0,0.0
CCC(CSC)[NH+](C)CN1N=C(C2=CC=CS2)NC1=S,,0.0,0.0
CCC(CSC)[NH+](C)CN1N=C(C2=CC=CS2)NC1=S,,0.0,0.0
CCC(CSC)[NH+](C)CN1N=C(C2=CC=CS2)NC1=S,,0.0,0.0
CCC(CSC)[NH+](C)CN1N=C(C2=CC=CS2)NC1=S,,0.0,0.0
CCC(CSC)[NH+](C)CN1N=C(C2=CC=CS2)NC1=S,,0.0,0.0
CCC(CSC)[NH+](C)CN1N=C(C2=CC=CS2)NC1=S,,0.0,0.0
CCC(CSC)[NH+](C)CN1N=C(C2=CC=CS2)NC1=S,,0.0,0.0
CCC(CSC)[NH+](C)CN1N=C(C2=CC=CS2)NC1=S,,0.0,0.0
CCC(CSC)[NH+](C)CN1N=C(C2=CC=CS2)NC1=S,,0.0,0.0
CCC(CSC)[NH+](C)CN1N=C(C2=CC=CS2)NC1=S,,0.0,0.0
COC1=CC=C(CN2CC(C3=NC4=CC=CC=C4N3C)CC2=O)C=C1,C(CCO)(CCO)CCCCCCCCCCSC1=NN=C(O1)C2=CC=C(C(C)(C)C)C=N2,0.07777777777777778,0.20069412505516868
COC1=CC=C(CN2CC(C3=NC4=CC=CC=C4N3C)CC2=O)C=C1,C(CCO)(CCO)CCCCCCCCCCSC1=NN=C(O1)C2=CC=C(C(C)(C)C)C=N2,0.07777777777777778,0.20069412505516868
COC1=CC=C(CN2CC(C3=NC4=CC=CC=C4N3C)CC2=O)C=C1,C(CCO)(CCO)CCCCCCCCCCSC1=NN=C(O1)C2=CC=C(C(C)(C)C)C=N2,0.07777777777777778,0.20069412505516868
COC1=CC=C(CN2CC(C3=NC4=CC=CC=C4N3C)CC2=O)C=C1,C(CCO)(CCO)CCCCCCCCCCSC1=NN=C(O1)C2=CC=C(C(C)(C)C)C=N2,0.07777777777777778,0.20069412505516868
COC1=CC=C(CN2CC(C3=NC4=CC=CC=C4N3C)CC2=O)C=C1,C(CCO)(CCO)CCCCCCCCCCSC1=NN=C(O1)C2=CC=C(C(C)(C)C)C=N2,0.07777777777777778,0.20069412505516868
COC1=CC=C(CN2CC(C3=NC4=CC=CC=C4N3C)CC2=O)C=C1,C(CCO)(CCO)CCCCCCCCCCSC1=NN=C(O1)C2=CC=C(C(C)(C)C)C=N2,0.07777777777777778,0.20069412505516868
COC1=CC=C(CN2CC(C3=NC4=CC=CC=C4N3C)CC2=O)C=C1,C(CCO)(CCO)CCCCCCCCCCSC1=NN=C(O1)C2=CC=C(C(C)(C)C)C=N2,0.07777777777777778,0.20069412505516868
COC1=CC=C(CN2CC(C3=NC4=CC=CC=C4N3C)CC2=O)C=C1,C(CCO)(CCO)CCCCCCCCCCSC1=NN=C(O1)C2=CC=C(C(C)(C)C)C=N2,0.07777777777777778,0.20069412505516868
COC1=CC=C(CN2CC(C3=NC4=CC=CC=C4N3C)CC2=O)C=C1,C(CCO)(CCO)CCCCCCCCCCSC1=NN=C(O1)C2=CC=C(C(C)(C)C)C=N2,0.07777777777777778,0.20069412505516868
COC1=CC=C(CN2CC(C3=NC4=CC=CC=C4N3C)CC2=O)C=C1,C(CCO)(CCO)CCCCCCCCCCSC1=NN=C(O1)C2=CC=C(C(C)(C)C)C=N2,0.07777777777777778,0.20069412505516868
COC1=CC=C(CN2CC(C3=NC4=CC=CC=C4N3C)CC2=O)C=C1,C(CCO)(CCO)CCCCCCCCCCSC1=NN=C(O1)C2=CC=C(C(C)(C)C)C=N2,0.07777777777777778,0.20069412505516868
COC1=CC=C(CN2CC(C3=NC4=CC=CC=C4N3C)CC2=O)C=C1,C(CCO)(CCO)CCCCCCCCCCSC1=NN=C(O1)C2=CC=C(C(C)(C)C)C=N2,0.07777777777777778,0.20069412505516868
COC1=CC=C(CN2CC(C3=NC4=CC=CC=C4N3C)CC2=O)C=C1,C(CCO)(CCO)CCCCCCCCCCSC1=NN=C(O1)C2=CC=C(C(C)(C)C)C=N2,0.07777777777777778,0.20069412505516868
COC1=CC=C(CN2CC(C3=NC4=CC=CC=C4N3C)CC2=O)C=C1,C(CCO)(CCO)CCCCCCCCCCSC1=NN=C(O1)C2=CC=C(C(C)(C)C)C=N2,0.07777777777777778,0.20069412505516868
COC1=CC=C(CN2CC(C3=NC4=CC=CC=C4N3C)CC2=O)C=C1,C(CCO)(CCO)CCCCCCCCCCSC1=NN=C(O1)C2=CC=C(C(C)(C)C)C=N2,0.07777777777777778,0.20069412505516868
COC1=CC=C(CN2CC(C3=NC4=CC=CC=C4N3C)CC2=O)C=C1,C(CCO)(CCO)CCCCCCCCCCSC1=NN=C(O1)C2=CC=C(C(C)(C)C)C=N2,0.07777777777777778,0.20069412505516868
COC1=CC=C(CN2CC(C3=NC4=CC=CC=C4N3C)CC2=O)C=C1,C(CCO)(CCO)CCCCCCCCCCSC1=NN=C(O1)C2=CC=C(C(C)(C)C)C=N2,0.07777777777777778,0.20069412505516868
COC1=CC=C(CN2CC(C3=NC4=CC=CC=C4N3C)CC2=O)C=C1,C(CCO)(CCO)CCCCCCCCCCSC1=NN=C(O1)C2=CC=C(C(C)(C)C)C=N2,0.07777777777777778,0.20069412505516868
COC1=CC=C(CN2CC(C3=NC4=CC=CC=C4N3C)CC2=O)C=C1,C(CCO)(CCO)CCCCCCCCCCSC1=NN=C(O1)C2=CC=C(C(C)(C)C)C=N2,0.07777777777777778,0.20069412505516868
COC1=CC=C(CN2CC(C3=NC4=CC=CC=C4N3C)CC2=O)C=C1,C(CCO)(CCO)CCCCCCCCCCSC1=NN=C(O1)C2=CC=C(C(C)(C)C)C=N2,0.07777777777777778,0.20069412505516868
[NH3+]C1(C2CCOC3(CCSC3)C2)CCCC1,,0.0,0.0
[NH3+]C1(C2CCOC3(CCSC3)C2)CCCC1,,0.0,0.0
[NH3+]C1(C2CCOC3(CCSC3)C2)CCCC1,,0.0,0.0
[NH3+]C1(C2CCOC3(CCSC3)C2)CCCC1,,0.0,0.0
[NH3+]C1(C2CCOC3(CCSC3)C2)CCCC1,,0.0,0.0
[NH3+]C1(C2CCOC3(CCSC3)C2)CCCC1,,0.0,0.0
[NH3+]C1(C2CCOC3(CCSC3)C2)CCCC1,,0.0,0.0
[NH3+]C1(C2CCOC3(CCSC3)C2)CCCC1,,0.0,0.0
[NH3+]C1(C2CCOC3(CCSC3)C2)CCCC1,,0.0,0.0
[NH3+]C1(C2CCOC3(CCSC3)C2)CCCC1,,0.0,0.0
[NH3+]C1(C2CCOC3(CCSC3)C2)CCCC1,,0.0,0.0
[NH3+]C1(C2CCOC3(CCSC3)C2)CCCC1,,0.0,0.0
[NH3+]C1(C2CCOC3(CCSC3)C2)CCCC1,,0.0,0.0
[NH3+]C1(C2CCOC3(CCSC3)C2)CCCC1,,0.0,0.0
[NH3+]C1(C2CCOC3(CCSC3)C2)CCCC1,,0.0,0.0
[NH3+]C1(C2CCOC3(CCSC3)C2)CCCC1,,0.0,0.0
[NH3+]C1(C2CCOC3(CCSC3)C2)CCCC1,,0.0,0.0
[NH3+]C1(C2CCOC3(CCSC3)C2)CCCC1,,0.0,0.0
[NH3+]C1(C2CCOC3(CCSC3)C2)CCCC1,,0.0,0.0
[NH3+]C1(C2CCOC3(CCSC3)C2)CCCC1,,0.0,0.0
CC1=NOC(CNC(C(=O)NC2=CC=CC=C2)C2=CC=CC=C2)=N1,,0.0,0.0
CC1=NOC(CNC(C(=O)NC2=CC=CC=C2)C2=CC=CC=C2)=N1,,0.0,0.0
CC1=NOC(CNC(C(=O)NC2=CC=CC=C2)C2=CC=CC=C2)=N1,,0.0,0.0
CC1=NOC(CNC(C(=O)NC2=CC=CC=C2)C2=CC=CC=C2)=N1,,0.0,0.0
CC1=NOC(CNC(C(=O)NC2=CC=CC=C2)C2=CC=CC=C2)=N1,,0.0,0.0
CC1=NOC(CNC(C(=O)NC2=CC=CC=C2)C2=CC=CC=C2)=N1,,0.0,0.0
CC1=NOC(CNC(C(=O)NC2=CC=CC=C2)C2=CC=CC=C2)=N1,,0.0,0.0
CC1=NOC(CNC(C(=O)NC2=CC=CC=C2)C2=CC=CC=C2)=N1,,0.0,0.0
CC1=NOC(CNC(C(=O)NC2=CC=CC=C2)C2=CC=CC=C2)=N1,,0.0,0.0
CC1=NOC(CNC(C(=O)NC2=CC=CC=C2)C2=CC=CC=C2)=N1,,0.0,0.0
CC1=NOC(CNC(C(=O)NC2=CC=CC=C2)C2=CC=CC=C2)=N1,,0.0,0.0
CC1=NOC(CNC(C(=O)NC2=CC=CC=C2)C2=CC=CC=C2)=N1,,0.0,0.0
CC1=NOC(CNC(C(=O)NC2=CC=CC=C2)C2=CC=CC=C2)=N1,,0.0,0.0
CC1=NOC(CNC(C(=O)NC2=CC=CC=C2)C2=CC=CC=C2)=N1,,0.0,0.0
CC1=NOC(CNC(C(=O)NC2=CC=CC=C2)C2=CC=CC=C2)=N1,,0.0,0.0
CC1=NOC(CNC(C(=O)NC2=CC=CC=C2)C2=CC=CC=C2)=N1,,0.0,0.0
CC1=NOC(CNC(C(=O)NC2=CC=CC=C2)C2=CC=CC=C2)=N1,,0.0,0.0
CC1=NOC(CNC(C(=O)NC2=CC=CC=C2)C2=CC=CC=C2)=N1,,0.0,0.0
CC1=NOC(CNC(C(=O)NC2=CC=CC=C2)C2=CC=CC=C2)=N1,,0.0,0.0
CC1=NOC(CNC(C(=O)NC2=CC=CC=C2)C2=CC=CC=C2)=N1,,0.0,0.0
CCN(CC(C)(C)O)C(=O)C1CC2C=CC1C2,CCCCCCCCCCCCCC(O)(CCOC(CCCCCCCCCCCC)=O)CCN,0.13114754098360656,0.0834937293479279
CCN(CC(C)(C)O)C(=O)C1CC2C=CC1C2,,0.0,0.0
CCN(CC(C)(C)O)C(=O)C1CC2C=CC1C2,CCCCCCCCCCCC(O)(CCOC(CCCCCCCCCCCC)=O)CCN,0.13114754098360656,0.09877956424684287
CCN(CC(C)(C)O)C(=O)C1CC2C=CC1C2,CCCCCCCCCCCC(O)(CCOC(CCCCCCCCCCCC)=O)CCN,0.13114754098360656,0.09877956424684287
CCN(CC(C)(C)O)C(=O)C1CC2C=CC1C2,CCCCCCCCCCCC(O)(CCOC(CCCCCCCCCCCC)=O)CCN,0.13114754098360656,0.09877956424684287
CCN(CC(C)(C)O)C(=O)C1CC2C=CC1C2,,0.0,0.0
CCN(CC(C)(C)O)C(=O)C1CC2C=CC1C2,,0.0,0.0
CCN(CC(C)(C)O)C(=O)C1CC2C=CC1C2,,0.0,0.0
CCN(CC(C)(C)O)C(=O)C1CC2C=CC1C2,,0.0,0.0
CCN(CC(C)(C)O)C(=O)C1CC2C=CC1C2,CCCCCCCCCCCC(O)(CCOC(CCCCCCCCCCCC)=O)CCN,0.13114754098360656,0.09877956424684287
CCN(CC(C)(C)O)C(=O)C1CC2C=CC1C2,CCCCCCCCCCCC(O)(CCOC(CCCCCCCCCCCC)=O)CCN,0.13114754098360656,0.09877956424684287
CCN(CC(C)(C)O)C(=O)C1CC2C=CC1C2,,0.0,0.0
CCN(CC(C)(C)O)C(=O)C1CC2C=CC1C2,CCCCCCCCCCCC(O)(CCOC(CCCCCCCCCCCC)=O)CCN,0.13114754098360656,0.09877956424684287
CCN(CC(C)(C)O)C(=O)C1CC2C=CC1C2,,0.0,0.0
CCN(CC(C)(C)O)C(=O)C1CC2C=CC1C2,,0.0,0.0
CCN(CC(C)(C)O)C(=O)C1CC2C=CC1C2,CCCCCCCCCCCC(O)(CCOC(CCCCCCCCCCCC)=O)CCN,0.13114754098360656,0.09877956424684287
CCN(CC(C)(C)O)C(=O)C1CC2C=CC1C2,CCCCCCCCCCCC(O)(CCOC(CCCCCCCCCCCC)=O)CCN,0.13114754098360656,0.09877956424684287
CCN(CC(C)(C)O)C(=O)C1CC2C=CC1C2,,0.0,0.0
CCN(CC(C)(C)O)C(=O)C1CC2C=CC1C2,,0.0,0.0
CCN(CC(C)(C)O)C(=O)C1CC2C=CC1C2,CCCCCCCCCCCCCC(O)(CCOC(CCCCCCCCCCCC)=O)CCN,0.13114754098360656,0.0834937293479279
CC1=NC(CC(=O)NC(C2=CC=CC=C2)C2=NN=C(N)S2)=CS1,CC1=C2C(COC(C)(C)O2)=C(C(CC3=C(COC(C)(C)O4)C4=C(C)N=C3)(C)C)C=N1,0.075,0.714208444238621
CC1=NC(CC(=O)NC(C2=CC=CC=C2)C2=NN=C(N)S2)=CS1,CC1=C2C(COC(C)(C)O2)=C(C(CC3=C(COC(C)(C)O4)C4=C(C)N=C3)(C)C)C=N1,0.075,0.714208444238621
CC1=NC(CC(=O)NC(C2=CC=CC=C2)C2=NN=C(N)S2)=CS1,CC1=C2C(COC(C)(C)O2)=C(C(CC3=C(COC(C)(C)O4)C4=C(C)N=C3)(C)C)C=N1,0.075,0.714208444238621
CC1=NC(CC(=O)NC(C2=CC=CC=C2)C2=NN=C(N)S2)=CS1,CC1=C2C(COC(C)(C)O2)=C(C(CC3=C(COC(C)(C)O4)C4=C(C)N=C3)(C)C)C=N1,0.075,0.714208444238621
CC1=NC(CC(=O)NC(C2=CC=CC=C2)C2=NN=C(N)S2)=CS1,CC1=C2C(COC(C)(C)O2)=C(C(CC3=C(COC(C)(C)O4)C4=C(C)N=C3)(C)C)C=N1,0.075,0.714208444238621
CC1=NC(CC(=O)NC(C2=CC=CC=C2)C2=NN=C(N)S2)=CS1,CC1=C2C(COC(C)(C)O2)=C(C(CC3=C(COC(C)(C)O4)C4=C(C)N=C3)(C)C)C=N1,0.075,0.714208444238621
CC1=NC(CC(=O)NC(C2=CC=CC=C2)C2=NN=C(N)S2)=CS1,CC1=C2C(COC(C)(C)O2)=C(C(CC3=C(COC(C)(C)O4)C4=C(C)N=C3)(C)C)C=N1,0.075,0.714208444238621
CC1=NC(CC(=O)NC(C2=CC=CC=C2)C2=NN=C(N)S2)=CS1,CC1=C2C(COC(C)(C)O2)=C(C(CC3=C(COC(C)(C)O4)C4=C(C)N=C3)(C)C)C=N1,0.075,0.714208444238621
CC1=NC(CC(=O)NC(C2=CC=CC=C2)C2=NN=C(N)S2)=CS1,CC1=C2C(COC(C)(C)O2)=C(C(CC3=C(COC(C)(C)O4)C4=C(C)N=C3)(C)C)C=N1,0.075,0.714208444238621
CC1=NC(CC(=O)NC(C2=CC=CC=C2)C2=NN=C(N)S2)=CS1,CC1=C2C(COC(C)(C)O2)=C(C(CC3=C(COC(C)(C)O4)C4=C(C)N=C3)(C)C)C=N1,0.075,0.714208444238621
CC1=NC(CC(=O)NC(C2=CC=CC=C2)C2=NN=C(N)S2)=CS1,CC1=C2C(COC(C)(C)O2)=C(C(CC3=C(COC(C)(C)O4)C4=C(C)N=C3)(C)C)C=N1,0.075,0.714208444238621
CC1=NC(CC(=O)NC(C2=CC=CC=C2)C2=NN=C(N)S2)=CS1,CC1=C2C(COC(C)(C)O2)=C(C(CC3=C(COC(C)(C)O4)C4=C(C)N=C3)(C)C)C=N1,0.075,0.714208444238621
CC1=NC(CC(=O)NC(C2=CC=CC=C2)C2=NN=C(N)S2)=CS1,CC1=C2C(COC(C)(C)O2)=C(C(CC3=C(COC(C)(C)O4)C4=C(C)N=C3)(C)C)C=N1,0.075,0.714208444238621
CC1=NC(CC(=O)NC(C2=CC=CC=C2)C2=NN=C(N)S2)=CS1,CC1=C2C(COC(C)(C)O2)=C(C(CC3=C(COC(C)(C)O4)C4=C(C)N=C3)(C)C)C=N1,0.075,0.714208444238621
CC1=NC(CC(=O)NC(C2=CC=CC=C2)C2=NN=C(N)S2)=CS1,CC1=C2C(COC(C)(C)O2)=C(C(CC3=C(COC(C)(C)O4)C4=C(C)N=C3)(C)C)C=N1,0.075,0.714208444238621
CC1=NC(CC(=O)NC(C2=CC=CC=C2)C2=NN=C(N)S2)=CS1,CC1=C2C(COC(C)(C)O2)=C(C(CC3=C(COC(C)(C)O4)C4=C(C)N=C3)(C)C)C=N1,0.075,0.714208444238621
CC1=NC(CC(=O)NC(C2=CC=CC=C2)C2=NN=C(N)S2)=CS1,CC1=C2C(COC(C)(C)O2)=C(C(CC3=C(COC(C)(C)O4)C4=C(C)N=C3)(C)C)C=N1,0.075,0.714208444238621
CC1=NC(CC(=O)NC(C2=CC=CC=C2)C2=NN=C(N)S2)=CS1,CC1=C2C(COC(CCCCC)O2)=C(C(CC3=C(COC(C)(C)O4)C4=C(C)N=C3)(C)C)C=N1,0.0625,0.4729635084227723
CC1=NC(CC(=O)NC(C2=CC=CC=C2)C2=NN=C(N)S2)=CS1,CC1=C2C(COC(C)(C)O2)=C(C(CC3=C(COC(C)(C)O4)C4=C(C)N=C3)(C)C)C=N1,0.075,0.714208444238621
CC1=NC(CC(=O)NC(C2=CC=CC=C2)C2=NN=C(N)S2)=CS1,CC1=C2C(COC(C)(C)O2)=C(C(CC3=C(COC(C)(C)O4)C4=C(C)N=C3)(C)C)C=N1,0.075,0.714208444238621
CC1(C)CCN(C(=O)C23CC4CC(C2)CC(C(=O)N2CCC(C)(C)C2)(C4)C3)C1,,0.0,0.0
CC1(C)CCN(C(=O)C23CC4CC(C2)CC(C(=O)N2CCC(C)(C)C2)(C4)C3)C1,CCCCCCCCCCCC(OC1=NC=CC=C1)=O,0.06779661016949153,0.4260075772364941
CC1(C)CCN(C(=O)C23CC4CC(C2)CC(C(=O)N2CCC(C)(C)C2)(C4)C3)C1,CCCCCCCCCCCC(OC1=NC=CC=C1)=O,0.06779661016949153,0.4260075772364941
CC1(C)CCN(C(=O)C23CC4CC(C2)CC(C(=O)N2CCC(C)(C)C2)(C4)C3)C1,CCCCCCCCCCCC(OC1=NC=CC=C1)=O,0.06779661016949153,0.4260075772364941
CC1(C)CCN(C(=O)C23CC4CC(C2)CC(C(=O)N2CCC(C)(C)C2)(C4)C3)C1,CCCCCCCCCCCC(OC1=NC=CC=C1)=O,0.06779661016949153,0.4260075772364941
CC1(C)CCN(C(=O)C23CC4CC(C2)CC(C(=O)N2CCC(C)(C)C2)(C4)C3)C1,CC1=C2C(COC(C(C)CCCCCCCCC)O2)=C(C(CC3=C(COC(C)(C)O4)C4=C(C)N=C3)(C)C)C=N1,0.05952380952380952,0.25345714109403655
CC1(C)CCN(C(=O)C23CC4CC(C2)CC(C(=O)N2CCC(C)(C)C2)(C4)C3)C1,,0.0,0.0
CC1(C)CCN(C(=O)C23CC4CC(C2)CC(C(=O)N2CCC(C)(C)C2)(C4)C3)C1,,0.0,0.0
CC1(C)CCN(C(=O)C23CC4CC(C2)CC(C(=O)N2CCC(C)(C)C2)(C4)C3)C1,,0.0,0.0
CC1(C)CCN(C(=O)C23CC4CC(C2)CC(C(=O)N2CCC(C)(C)C2)(C4)C3)C1,CCCCCCCCCCCC(OC1=NC=CC=C1)=O,0.06779661016949153,0.4260075772364941
CC1(C)CCN(C(=O)C23CC4CC(C2)CC(C(=O)N2CCC(C)(C)C2)(C4)C3)C1,,0.0,0.0
CC1(C)CCN(C(=O)C23CC4CC(C2)CC(C(=O)N2CCC(C)(C)C2)(C4)C3)C1,CCCCCCCCCCCC(OC1=NC=CC=C1)=O,0.06779661016949153,0.4260075772364941
CC1(C)CCN(C(=O)C23CC4CC(C2)CC(C(=O)N2CCC(C)(C)C2)(C4)C3)C1,,0.0,0.0
CC1(C)CCN(C(=O)C23CC4CC(C2)CC(C(=O)N2CCC(C)(C)C2)(C4)C3)C1,C(CC1=C(OC(C(CCCCCCCCC)C)OC2)C2=C(COC(C(CCCCCCCCC)C)OC3)C3=N1)(C/C=C/C#CC(C)(C)C)CC4=CC=CC5=CC=CC=C54,0.029411764705882353,0.06665806622780766
CC1(C)CCN(C(=O)C23CC4CC(C2)CC(C(=O)N2CCC(C)(C)C2)(C4)C3)C1,CCCCCCCCCCCC(OC1=NC=CC=C1)=O,0.06779661016949153,0.4260075772364941
CC1(C)CCN(C(=O)C23CC4CC(C2)CC(C(=O)N2CCC(C)(C)C2)(C4)C3)C1,CCCCCCCCCCCC(OC1=NC=CC=C1)=O,0.06779661016949153,0.4260075772364941
CC1(C)CCN(C(=O)C23CC4CC(C2)CC(C(=O)N2CCC(C)(C)C2)(C4)C3)C1,CC1=C2C(COC(C(C)CCCCCCCCC)O2)=C(C(CC3=C(COC(C)(C)O4)C4=C(C)N=C3)(C)C)C=N1,0.05952380952380952,0.25345714109403655
CC1(C)CCN(C(=O)C23CC4CC(C2)CC(C(=O)N2CCC(C)(C)C2)(C4)C3)C1,,0.0,0.0
CC1(C)CCN(C(=O)C23CC4CC(C2)CC(C(=O)N2CCC(C)(C)C2)(C4)C3)C1,CCCCCCCCCCCC(OC1=NC=CC=C1)=O,0.06779661016949153,0.4260075772364941
CC1(C)CCN(C(=O)C23CC4CC(C2)CC(C(=O)N2CCC(C)(C)C2)(C4)C3)C1,,0.0,0.0
O=C(NCC(O)C1=C(F)C=CC=C1F)C1=CC=CC(OCC(F)F)=N1,,0.0,0.0
O=C(NCC(O)C1=C(F)C=CC=C1F)C1=CC=CC(OCC(F)F)=N1,,0.0,0.0
O=C(NCC(O)C1=C(F)C=CC=C1F)C1=CC=CC(OCC(F)F)=N1,,0.0,0.0
O=C(NCC(O)C1=C(F)C=CC=C1F)C1=CC=CC(OCC(F)F)=N1,,0.0,0.0
O=C(NCC(O)C1=C(F)C=CC=C1F)C1=CC=CC(OCC(F)F)=N1,,0.0,0.0
O=C(NCC(O)C1=C(F)C=CC=C1F)C1=CC=CC(OCC(F)F)=N1,,0.0,0.0
O=C(NCC(O)C1=C(F)C=CC=C1F)C1=CC=CC(OCC(F)F)=N1,,0.0,0.0
O=C(NCC(O)C1=C(F)C=CC=C1F)C1=CC=CC(OCC(F)F)=N1,,0.0,0.0
O=C(NCC(O)C1=C(F)C=CC=C1F)C1=CC=CC(OCC(F)F)=N1,,0.0,0.0
O=C(NCC(O)C1=C(F)C=CC=C1F)C1=CC=CC(OCC(F)F)=N1,,0.0,0.0
O=C(NCC(O)C1=C(F)C=CC=C1F)C1=CC=CC(OCC(F)F)=N1,,0.0,0.0
O=C(NCC(O)C1=C(F)C=CC=C1F)C1=CC=CC(OCC(F)F)=N1,,0.0,0.0
O=C(NCC(O)C1=C(F)C=CC=C1F)C1=CC=CC(OCC(F)F)=N1,CC1=NC=C(C(C)(C)CCNC(CCCCCCCCCCC)=O)C2=C1OC(C)(C)OC2,0.11494252873563218,0.3214710073270971
O=C(NCC(O)C1=C(F)C=CC=C1F)C1=CC=CC(OCC(F)F)=N1,,0.0,0.0
O=C(NCC(O)C1=C(F)C=CC=C1F)C1=CC=CC(OCC(F)F)=N1,,0.0,0.0
O=C(NCC(O)C1=C(F)C=CC=C1F)C1=CC=CC(OCC(F)F)=N1,CC1=NC=C(C(C)(C)CCCNC(CCCCCCCCCCCCCCCCC)=O)C2=C1OC(C)(C)OC2,0.11363636363636363,0.15655468194076771
O=C(NCC(O)C1=C(F)C=CC=C1F)C1=CC=CC(OCC(F)F)=N1,,0.0,0.0
O=C(NCC(O)C1=C(F)C=CC=C1F)C1=CC=CC(OCC(F)F)=N1,CC1=NC=C(C(C)(C)CCCNC(CCCCCCCCCCCCCCCCC)=O)C2=C1OC(C)(C)OC2,0.11363636363636363,0.15655468194076771
O=C(NCC(O)C1=C(F)C=CC=C1F)C1=CC=CC(OCC(F)F)=N1,,0.0,0.0
O=C(NCC(O)C1=C(F)C=CC=C1F)C1=CC=CC(OCC(F)F)=N1,,0.0,0.0
CC(NC(=O)NCCCS(C)=O)C1=CC=C(Cl)S1,,0.0,0.0
CC(NC(=O)NCCCS(C)=O)C1=CC=C(Cl)S1,,0.0,0.0
CC(NC(=O)NCCCS(C)=O)C1=CC=C(Cl)S1,,0.0,0.0
CC(NC(=O)NCCCS(C)=O)C1=CC=C(Cl)S1,,0.0,0.0
CC(NC(=O)NCCCS(C)=O)C1=CC=C(Cl)S1,,0.0,0.0
CC(NC(=O)NCCCS(C)=O)C1=CC=C(Cl)S1,,0.0,0.0
CC(NC(=O)NCCCS(C)=O)C1=CC=C(Cl)S1,,0.0,0.0
CC(NC(=O)NCCCS(C)=O)C1=CC=C(Cl)S1,,0.0,0.0
CC(NC(=O)NCCCS(C)=O)C1=CC=C(Cl)S1,,0.0,0.0
CC(NC(=O)NCCCS(C)=O)C1=CC=C(Cl)S1,,0.0,0.0
CC(NC(=O)NCCCS(C)=O)C1=CC=C(Cl)S1,,0.0,0.0
CC(NC(=O)NCCCS(C)=O)C1=CC=C(Cl)S1,,0.0,0.0
CC(NC(=O)NCCCS(C)=O)C1=CC=C(Cl)S1,,0.0,0.0
CC(NC(=O)NCCCS(C)=O)C1=CC=C(Cl)S1,,0.0,0.0
CC(NC(=O)NCCCS(C)=O)C1=CC=C(Cl)S1,,0.0,0.0
CC(NC(=O)NCCCS(C)=O)C1=CC=C(Cl)S1,,0.0,0.0
CC(NC(=O)NCCCS(C)=O)C1=CC=C(Cl)S1,,0.0,0.0
CC(NC(=O)NCCCS(C)=O)C1=CC=C(Cl)S1,,0.0,0.0
CC(NC(=O)NCCCS(C)=O)C1=CC=C(Cl)S1,,0.0,0.0
CC(NC(=O)NCCCS(C)=O)C1=CC=C(Cl)S1,,0.0,0.0
CCCC1=NN(C)C(NC(=O)CN2C(=O)NC3(CCC(C)CC3)C2=O)=C1,,0.0,0.0
CCCC1=NN(C)C(NC(=O)CN2C(=O)NC3(CCC(C)CC3)C2=O)=C1,,0.0,0.0
CCCC1=NN(C)C(NC(=O)CN2C(=O)NC3(CCC(C)CC3)C2=O)=C1,,0.0,0.0
CCCC1=NN(C)C(NC(=O)CN2C(=O)NC3(CCC(C)CC3)C2=O)=C1,,0.0,0.0
CCCC1=NN(C)C(NC(=O)CN2C(=O)NC3(CCC(C)CC3)C2=O)=C1,,0.0,0.0
CCCC1=NN(C)C(NC(=O)CN2C(=O)NC3(CCC(C)CC3)C2=O)=C1,,0.0,0.0
CCCC1=NN(C)C(NC(=O)CN2C(=O)NC3(CCC(C)CC3)C2=O)=C1,,0.0,0.0
CCCC1=NN(C)C(NC(=O)CN2C(=O)NC3(CCC(C)CC3)C2=O)=C1,,0.0,0.0
CCCC1=NN(C)C(NC(=O)CN2C(=O)NC3(CCC(C)CC3)C2=O)=C1,,0.0,0.0
CCCC1=NN(C)C(NC(=O)CN2C(=O)NC3(CCC(C)CC3)C2=O)=C1,,0.0,0.0
CCCC1=NN(C)C(NC(=O)CN2C(=O)NC3(CCC(C)CC3)C2=O)=C1,,0.0,0.0
CCCC1=NN(C)C(NC(=O)CN2C(=O)NC3(CCC(C)CC3)C2=O)=C1,,0.0,0.0
CCCC1=NN(C)C(NC(=O)CN2C(=O)NC3(CCC(C)CC3)C2=O)=C1,,0.0,0.0
CCCC1=NN(C)C(NC(=O)CN2C(=O)NC3(CCC(C)CC3)C2=O)=C1,,0.0,0.0
CCCC1=NN(C)C(NC(=O)CN2C(=O)NC3(CCC(C)CC3)C2=O)=C1,,0.0,0.0
CCCC1=NN(C)C(NC(=O)CN2C(=O)NC3(CCC(C)CC3)C2=O)=C1,,0.0,0.0
CCCC1=NN(C)C(NC(=O)CN2C(=O)NC3(CCC(C)CC3)C2=O)=C1,,0.0,0.0
CCCC1=NN(C)C(NC(=O)CN2C(=O)NC3(CCC(C)CC3)C2=O)=C1,,0.0,0.0
CCCC1=NN(C)C(NC(=O)CN2C(=O)NC3(CCC(C)CC3)C2=O)=C1,,0.0,0.0
CCCC1=NN(C)C(NC(=O)CN2C(=O)NC3(CCC(C)CC3)C2=O)=C1,,0.0,0.0
C#CCNC(=O)C1=CC=C(N2CC[NH+](CCC3=CC=CC=C3)CC2)N=C1,,0.0,0.0
C#CCNC(=O)C1=CC=C(N2CC[NH+](CCC3=CC=CC=C3)CC2)N=C1,,0.0,0.0
C#CCNC(=O)C1=CC=C(N2CC[NH+](CCC3=CC=CC=C3)CC2)N=C1,,0.0,0.0
C#CCNC(=O)C1=CC=C(N2CC[NH+](CCC3=CC=CC=C3)CC2)N=C1,,0.0,0.0
C#CCNC(=O)C1=CC=C(N2CC[NH+](CCC3=CC=CC=C3)CC2)N=C1,,0.0,0.0
C#CCNC(=O)C1=CC=C(N2CC[NH+](CCC3=CC=CC=C3)CC2)N=C1,,0.0,0.0
C#CCNC(=O)C1=CC=C(N2CC[NH+](CCC3=CC=CC=C3)CC2)N=C1,,0.0,0.0
C#CCNC(=O)C1=CC=C(N2CC[NH+](CCC3=CC=CC=C3)CC2)N=C1,,0.0,0.0
C#CCNC(=O)C1=CC=C(N2CC[NH+](CCC3=CC=CC=C3)CC2)N=C1,,0.0,0.0
C#CCNC(=O)C1=CC=C(N2CC[NH+](CCC3=CC=CC=C3)CC2)N=C1,,0.0,0.0
C#CCNC(=O)C1=CC=C(N2CC[NH+](CCC3=CC=CC=C3)CC2)N=C1,,0.0,0.0
C#CCNC(=O)C1=CC=C(N2CC[NH+](CCC3=CC=CC=C3)CC2)N=C1,,0.0,0.0
C#CCNC(=O)C1=CC=C(N2CC[NH+](CCC3=CC=CC=C3)CC2)N=C1,,0.0,0.0
C#CCNC(=O)C1=CC=C(N2CC[NH+](CCC3=CC=CC=C3)CC2)N=C1,,0.0,0.0
C#CCNC(=O)C1=CC=C(N2CC[NH+](CCC3=CC=CC=C3)CC2)N=C1,,0.0,0.0
C#CCNC(=O)C1=CC=C(N2CC[NH+](CCC3=CC=CC=C3)CC2)N=C1,,0.0,0.0
C#CCNC(=O)C1=CC=C(N2CC[NH+](CCC3=CC=CC=C3)CC2)N=C1,,0.0,0.0
C#CCNC(=O)C1=CC=C(N2CC[NH+](CCC3=CC=CC=C3)CC2)N=C1,,0.0,0.0
C#CCNC(=O)C1=CC=C(N2CC[NH+](CCC3=CC=CC=C3)CC2)N=C1,,0.0,0.0
C#CCNC(=O)C1=CC=C(N2CC[NH+](CCC3=CC=CC=C3)CC2)N=C1,,0.0,0.0
CC1=CC=C(NC(=O)CC[NH2+]C(C)CC2CC2)C(Cl)=C1,,0.0,0.0
CC1=CC=C(NC(=O)CC[NH2+]C(C)CC2CC2)C(Cl)=C1,,0.0,0.0
CC1=CC=C(NC(=O)CC[NH2+]C(C)CC2CC2)C(Cl)=C1,,0.0,0.0
CC1=CC=C(NC(=O)CC[NH2+]C(C)CC2CC2)C(Cl)=C1,,0.0,0.0
CC1=CC=C(NC(=O)CC[NH2+]C(C)CC2CC2)C(Cl)=C1,,0.0,0.0
CC1=CC=C(NC(=O)CC[NH2+]C(C)CC2CC2)C(Cl)=C1,,0.0,0.0
CC1=CC=C(NC(=O)CC[NH2+]C(C)CC2CC2)C(Cl)=C1,,0.0,0.0
CC1=CC=C(NC(=O)CC[NH2+]C(C)CC2CC2)C(Cl)=C1,,0.0,0.0
CC1=CC=C(NC(=O)CC[NH2+]C(C)CC2CC2)C(Cl)=C1,,0.0,0.0
CC1=CC=C(NC(=O)CC[NH2+]C(C)CC2CC2)C(Cl)=C1,,0.0,0.0
CC1=CC=C(NC(=O)CC[NH2+]C(C)CC2CC2)C(Cl)=C1,,0.0,0.0
CC1=CC=C(NC(=O)CC[NH2+]C(C)CC2CC2)C(Cl)=C1,,0.0,0.0
CC1=CC=C(NC(=O)CC[NH2+]C(C)CC2CC2)C(Cl)=C1,,0.0,0.0
CC1=CC=C(NC(=O)CC[NH2+]C(C)CC2CC2)C(Cl)=C1,,0.0,0.0
CC1=CC=C(NC(=O)CC[NH2+]C(C)CC2CC2)C(Cl)=C1,,0.0,0.0
CC1=CC=C(NC(=O)CC[NH2+]C(C)CC2CC2)C(Cl)=C1,,0.0,0.0
CC1=CC=C(NC(=O)CC[NH2+]C(C)CC2CC2)C(Cl)=C1,,0.0,0.0
CC1=CC=C(NC(=O)CC[NH2+]C(C)CC2CC2)C(Cl)=C1,,0.0,0.0
CC1=CC=C(NC(=O)CC[NH2+]C(C)CC2CC2)C(Cl)=C1,,0.0,0.0
CC1=CC=C(NC(=O)CC[NH2+]C(C)CC2CC2)C(Cl)=C1,,0.0,0.0
CC1=NN2C(SCC(=O)NC3CC3)=NC(C3=CC=CC=C3)=C2C(C)=C1,C(CCO)(CCCO)CCCCCCCCCCCCCCCCSC1=NN=C(O1)C2=CC=C(C(C)(C)C)C=N2,0.0967741935483871,0.09518788965472637
CC1=NN2C(SCC(=O)NC3CC3)=NC(C3=CC=CC=C3)=C2C(C)=C1,C(CCO)(CCCO)CCCCCCCCCCCCSC1=NN=C(O1)C2=CC=C(C(C)(C)C)C=N2,0.0967741935483871,0.13748547830299254
CC1=NN2C(SCC(=O)NC3CC3)=NC(C3=CC=CC=C3)=C2C(C)=C1,C(CCO)(CCCO)CCCCCCCCCCCCSC1=NN=C(O1)C2=CC=C(C(C)(C)C)C=N2,0.0967741935483871,0.13748547830299254
CC1=NN2C(SCC(=O)NC3CC3)=NC(C3=CC=CC=C3)=C2C(C)=C1,C(CCO)(CCCO)CCCCCCCCCCCCSC1=NN=C(O1)C2=CC=C(C(C)(C)C)C=N2,0.0967741935483871,0.13748547830299254
CC1=NN2C(SCC(=O)NC3CC3)=NC(C3=CC=CC=C3)=C2C(C)=C1,C(CCO)(CCO)CCCCCCCCCCSC1=NN=C(O1)C2=CC=C(C(C)(C)C)C=N2,0.0989010989010989,0.20069412505516868
CC1=NN2C(SCC(=O)NC3CC3)=NC(C3=CC=CC=C3)=C2C(C)=C1,C(CCO)(CCCO)CCCCCCCCCCSC1=NN=C(O1)C2=CC=C(C(C)(C)C)C=N2,0.0967741935483871,0.17482503336395672
CC1=NN2C(SCC(=O)NC3CC3)=NC(C3=CC=CC=C3)=C2C(C)=C1,C(CCO)(CCCO)CCCCCCCCCCCCSC1=NN=C(O1)C2=CC=C(C(C)(C)C)C=N2,0.0967741935483871,0.13748547830299254
CC1=NN2C(SCC(=O)NC3CC3)=NC(C3=CC=CC=C3)=C2C(C)=C1,C(CCO)(CCCO)CCCCCCCCCCCCSC1=NN=C(O1)C2=CC=C(C(C)(C)C)C=N2,0.0967741935483871,0.13748547830299254
CC1=NN2C(SCC(=O)NC3CC3)=NC(C3=CC=CC=C3)=C2C(C)=C1,C(CCO)(CCCO)CCCCCCCCCCCCSC1=NN=C(O1)C2=CC=C(C(C)(C)C)C=N2,0.0967741935483871,0.13748547830299254
CC1=NN2C(SCC(=O)NC3CC3)=NC(C3=CC=CC=C3)=C2C(C)=C1,C(CCO)(CCCO)CCCCCCCCCCCCSC1=NN=C(O1)C2=CC=C(C(C)(C)C)C=N2,0.0967741935483871,0.13748547830299254
CC1=NN2C(SCC(=O)NC3CC3)=NC(C3=CC=CC=C3)=C2C(C)=C1,C(CCO)(CCCO)CCCCCCCCCCSC1=NN=C(O1)C2=CC=C(C(C)(C)C)C=N2,0.0967741935483871,0.17482503336395672
CC1=NN2C(SCC(=O)NC3CC3)=NC(C3=CC=CC=C3)=C2C(C)=C1,C(CCO)(CCCO)CCCCCCCCCCSC1=NN=C(O1)C2=CC=C(C(C)(C)C)C=N2,0.0967741935483871,0.17482503336395672
CC1=NN2C(SCC(=O)NC3CC3)=NC(C3=CC=CC=C3)=C2C(C)=C1,C(CCO)(CCCO)CCCCCCCCCCCCCCCCSC1=NN=C(O1)C2=CC=C(C(C)(C)C)C=N2,0.0967741935483871,0.09518788965472637
CC1=NN2C(SCC(=O)NC3CC3)=NC(C3=CC=CC=C3)=C2C(C)=C1,C(CCO)(CCCO)CCCCCCCCCCSC1=NN=C(O1)C2=CC=C(C(C)(C)C)C=N2,0.0967741935483871,0.17482503336395672
CC1=NN2C(SCC(=O)NC3CC3)=NC(C3=CC=CC=C3)=C2C(C)=C1,C(CCO)(CCCO)CCCCCCCCCCCCSC1=NN=C(O1)C2=CC=C(C(C)(C)C)C=N2,0.0967741935483871,0.13748547830299254
CC1=NN2C(SCC(=O)NC3CC3)=NC(C3=CC=CC=C3)=C2C(C)=C1,C(CCO)(CCCO)CCCCCCCCCCCCSC1=NN=C(O1)C2=CC=C(C(C)(C)C)C=N2,0.0967741935483871,0.13748547830299254
CC1=NN2C(SCC(=O)NC3CC3)=NC(C3=CC=CC=C3)=C2C(C)=C1,C(CCO)(CCCO)CCCCCCCCCCCCSC1=NN=C(O1)C2=CC=C(C(C)(C)C)C=N2,0.0967741935483871,0.13748547830299254
CC1=NN2C(SCC(=O)NC3CC3)=NC(C3=CC=CC=C3)=C2C(C)=C1,C(CCO)(CCCO)CCCCCCCCCCCCSC1=NN=C(O1)C2=CC=C(C(C)(C)C)C=N2,0.0967741935483871,0.13748547830299254
CC1=NN2C(SCC(=O)NC3CC3)=NC(C3=CC=CC=C3)=C2C(C)=C1,C(CCO)(CCCO)CCCCCCCCCCSC1=NN=C(O1)C2=CC=C(C(C)(C)C)C=N2,0.0967741935483871,0.17482503336395672
CC1=NN2C(SCC(=O)NC3CC3)=NC(C3=CC=CC=C3)=C2C(C)=C1,C(CCO)(CCCO)CCCCCCCCCCSC1=NN=C(O1)C2=CC=C(C(C)(C)C)C=N2,0.0967741935483871,0.17482503336395672
COC1=CC=C2OC(C)CN(C(=O)CCSC3=CC=CC=N3)C2=C1,,0.0,0.0
COC1=CC=C2OC(C)CN(C(=O)CCSC3=CC=CC=N3)C2=C1,,0.0,0.0
COC1=CC=C2OC(C)CN(C(=O)CCSC3=CC=CC=N3)C2=C1,,0.0,0.0
COC1=CC=C2OC(C)CN(C(=O)CCSC3=CC=CC=N3)C2=C1,,0.0,0.0
COC1=CC=C2OC(C)CN(C(=O)CCSC3=CC=CC=N3)C2=C1,,0.0,0.0
COC1=CC=C2OC(C)CN(C(=O)CCSC3=CC=CC=N3)C2=C1,,0.0,0.0
COC1=CC=C2OC(C)CN(C(=O)CCSC3=CC=CC=N3)C2=C1,,0.0,0.0
COC1=CC=C2OC(C)CN(C(=O)CCSC3=CC=CC=N3)C2=C1,,0.0,0.0
COC1=CC=C2OC(C)CN(C(=O)CCSC3=CC=CC=N3)C2=C1,,0.0,0.0
COC1=CC=C2OC(C)CN(C(=O)CCSC3=CC=CC=N3)C2=C1,,0.0,0.0
COC1=CC=C2OC(C)CN(C(=O)CCSC3=CC=CC=N3)C2=C1,,0.0,0.0
COC1=CC=C2OC(C)CN(C(=O)CCSC3=CC=CC=N3)C2=C1,,0.0,0.0
COC1=CC=C2OC(C)CN(C(=O)CCSC3=CC=CC=N3)C2=C1,,0.0,0.0
COC1=CC=C2OC(C)CN(C(=O)CCSC3=CC=CC=N3)C2=C1,,0.0,0.0
COC1=CC=C2OC(C)CN(C(=O)CCSC3=CC=CC=N3)C2=C1,,0.0,0.0
COC1=CC=C2OC(C)CN(C(=O)CCSC3=CC=CC=N3)C2=C1,,0.0,0.0
COC1=CC=C2OC(C)CN(C(=O)CCSC3=CC=CC=N3)C2=C1,,0.0,0.0
COC1=CC=C2OC(C)CN(C(=O)CCSC3=CC=CC=N3)C2=C1,,0.0,0.0
COC1=CC=C2OC(C)CN(C(=O)CCSC3=CC=CC=N3)C2=C1,,0.0,0.0
COC1=CC=C2OC(C)CN(C(=O)CCSC3=CC=CC=N3)C2=C1,,0.0,0.0
CCC(C)N(CC)C(=O)C1=CC=CC=C1N,CC1=C2C(COC(C)(C)O2)=C(C(CC3=C(COC(C)(C)O4)C4=C(C)N=C3)(C)C)C=N1,0.06060606060606061,0.714208444238621
CCC(C)N(CC)C(=O)C1=CC=CC=C1N,CC1=C2C(COC(C)(C)O2)=C(C(CC3=C(COC(C)(C)O4)C4=C(C)N=C3)(C)C)C=N1,0.06060606060606061,0.714208444238621
CCC(C)N(CC)C(=O)C1=CC=CC=C1N,CC1=C2C(COC(C)(C)O2)=C(C(CC3=C(COC(C)(C)O4)C4=C(C)N=C3)(C)C)C=N1,0.06060606060606061,0.714208444238621
CCC(C)N(CC)C(=O)C1=CC=CC=C1N,CC1=C2C(COC(C)(C)O2)=C(C(CC3=C(COC(C)(C)O4)C4=C(C)N=C3)(C)C)C=N1,0.06060606060606061,0.714208444238621
CCC(C)N(CC)C(=O)C1=CC=CC=C1N,CC1=C2C(COC(C)(C)O2)=C(C(CC3=C(COC(C)(C)O4)C4=C(C)N=C3)(C)C)C=N1,0.06060606060606061,0.714208444238621
CCC(C)N(CC)C(=O)C1=CC=CC=C1N,CC1=C2C(COC(C)(C)O2)=C(C(CC3=C(COC(C)(C)O4)C4=C(C)N=C3)(C)C)C=N1,0.06060606060606061,0.714208444238621
CCC(C)N(CC)C(=O)C1=CC=CC=C1N,,0.0,0.0
CCC(C)N(CC)C(=O)C1=CC=CC=C1N,CC1=C2C(COC(C)(C)O2)=C(C(CC3=C(COC(C)(C)O4)C4=C(C)N=C3)(C)C)C=N1,0.06060606060606061,0.714208444238621
CCC(C)N(CC)C(=O)C1=CC=CC=C1N,,0.0,0.0
CCC(C)N(CC)C(=O)C1=CC=CC=C1N,CC1=C2C(COC(C)(C)O2)=C(C(CC3=C(COC(C)(C)O4)C4=C(C)N=C3)(C)C)C=N1,0.06060606060606061,0.714208444238621
CCC(C)N(CC)C(=O)C1=CC=CC=C1N,CC1=C2C(COC(C)(C)O2)=C(C(CC3=C(COC(C)(C)O4)C4=C(C)N=C3)(C)C)C=N1,0.06060606060606061,0.714208444238621
CCC(C)N(CC)C(=O)C1=CC=CC=C1N,CC1=C2C(COC(C)(C)O2)=C(C(CC3=C(COC(C)(C)O4)C4=C(C)N=C3)(C)C)C=N1,0.06060606060606061,0.714208444238621
CCC(C)N(CC)C(=O)C1=CC=CC=C1N,CC1=C2C(COC(C)(C)O2)=C(C(CC3=C(COC(C)(C)O4)C4=C(C)N=C3)(C)C)C=N1,0.06060606060606061,0.714208444238621
CCC(C)N(CC)C(=O)C1=CC=CC=C1N,CC1=C2C(COC(C)(C)O2)=C(C(CC3=C(COC(C)(C)O4)C4=C(C)N=C3)(C)C)C=N1,0.06060606060606061,0.714208444238621
CCC(C)N(CC)C(=O)C1=CC=CC=C1N,CC1=C2C(COC(C)(C)O2)=C(C(CC3=C(COC(C)(C)O4)C4=C(C)N=C3)(C)C)C=N1,0.06060606060606061,0.714208444238621
CCC(C)N(CC)C(=O)C1=CC=CC=C1N,CC1=C2C(COC(C)(C)O2)=C(C(CC3=C(COC(C)(C)O4)C4=C(C)N=C3)(C)C)C=N1,0.06060606060606061,0.714208444238621
CCC(C)N(CC)C(=O)C1=CC=CC=C1N,CC1=C2C(COC(C)(C)O2)=C(C(CC3=C(COC(C)(C)O4)C4=C(C)N=C3)(C)C)C=N1,0.06060606060606061,0.714208444238621
CCC(C)N(CC)C(=O)C1=CC=CC=C1N,CC1=C2C(COC(C)(C)O2)=C(C(CC3=C(COC(C)(C)O4)C4=C(C)N=C3)(C)C)C=N1,0.06060606060606061,0.714208444238621
CCC(C)N(CC)C(=O)C1=CC=CC=C1N,CC1=C2C(COC(C)(C)O2)=C(C(CC3=C(COC(C)(C)O4)C4=C(C)N=C3)(C)C)C=N1,0.06060606060606061,0.714208444238621
CCC(C)N(CC)C(=O)C1=CC=CC=C1N,,0.0,0.0
CC(C)C(SC1=NN=C(C(C)(C)C)O1)C(=O)NC1=CC=C(Cl)C=C1,,0.0,0.0
CC(C)C(SC1=NN=C(C(C)(C)C)O1)C(=O)NC1=CC=C(Cl)C=C1,,0.0,0.0
CC(C)C(SC1=NN=C(C(C)(C)C)O1)C(=O)NC1=CC=C(Cl)C=C1,,0.0,0.0
CC(C)C(SC1=NN=C(C(C)(C)C)O1)C(=O)NC1=CC=C(Cl)C=C1,,0.0,0.0
CC(C)C(SC1=NN=C(C(C)(C)C)O1)C(=O)NC1=CC=C(Cl)C=C1,,0.0,0.0
CC(C)C(SC1=NN=C(C(C)(C)C)O1)C(=O)NC1=CC=C(Cl)C=C1,,0.0,0.0
CC(C)C(SC1=NN=C(C(C)(C)C)O1)C(=O)NC1=CC=C(Cl)C=C1,,0.0,0.0
CC(C)C(SC1=NN=C(C(C)(C)C)O1)C(=O)NC1=CC=C(Cl)C=C1,,0.0,0.0
CC(C)C(SC1=NN=C(C(C)(C)C)O1)C(=O)NC1=CC=C(Cl)C=C1,,0.0,0.0
CC(C)C(SC1=NN=C(C(C)(C)C)O1)C(=O)NC1=CC=C(Cl)C=C1,,0.0,0.0
CC(C)C(SC1=NN=C(C(C)(C)C)O1)C(=O)NC1=CC=C(Cl)C=C1,,0.0,0.0
CC(C)C(SC1=NN=C(C(C)(C)C)O1)C(=O)NC1=CC=C(Cl)C=C1,,0.0,0.0
CC(C)C(SC1=NN=C(C(C)(C)C)O1)C(=O)NC1=CC=C(Cl)C=C1,,0.0,0.0
CC(C)C(SC1=NN=C(C(C)(C)C)O1)C(=O)NC1=CC=C(Cl)C=C1,,0.0,0.0
CC(C)C(SC1=NN=C(C(C)(C)C)O1)C(=O)NC1=CC=C(Cl)C=C1,,0.0,0.0
CC(C)C(SC1=NN=C(C(C)(C)C)O1)C(=O)NC1=CC=C(Cl)C=C1,,0.0,0.0
CC(C)C(SC1=NN=C(C(C)(C)C)O1)C(=O)NC1=CC=C(Cl)C=C1,,0.0,0.0
CC(C)C(SC1=NN=C(C(C)(C)C)O1)C(=O)NC1=CC=C(Cl)C=C1,,0.0,0.0
CC(C)C(SC1=NN=C(C(C)(C)C)O1)C(=O)NC1=CC=C(Cl)C=C1,,0.0,0.0
CC(C)C(SC1=NN=C(C(C)(C)C)O1)C(=O)NC1=CC=C(Cl)C=C1,,0.0,0.0
CC1=C(C)SC(CNC(=O)NC(C)(CO)C2CCCCC2)=N1,CC1=C2C(COC(C)(C)O2)=C(C(CC3=C(COC(C)(C)O4)C4=C(C)N=C3)(C)C)C=N1,0.15492957746478872,0.714208444238621
CC1=C(C)SC(CNC(=O)NC(C)(CO)C2CCCCC2)=N1,CC1=C2C(COC(C)(C)O2)=C(C(CC3=C(COC(C)(C)O4)C4=C(C)N=C3)(C)C)C=N1,0.15492957746478872,0.714208444238621
CC1=C(C)SC(CNC(=O)NC(C)(CO)C2CCCCC2)=N1,CC1=C2C(COC(C)(C)O2)=C(C(CC3=C(COC(C)(C)O4)C4=C(C)N=C3)(C)C)C=N1,0.15492957746478872,0.714208444238621
CC1=C(C)SC(CNC(=O)NC(C)(CO)C2CCCCC2)=N1,CC1=C2C(COC(C)(C)O2)=C(C(CC3=C(COC(C)(C)O4)C4=C(C)N=C3)(C)C)C=N1,0.15492957746478872,0.714208444238621
CC1=C(C)SC(CNC(=O)NC(C)(CO)C2CCCCC2)=N1,CC1=C2C(COC(C)(C)O2)=C(C(CC3=C(COC(C)(C)O4)C4=C(C)N=C3)(C)C)C=N1,0.15492957746478872,0.714208444238621
CC1=C(C)SC(CNC(=O)NC(C)(CO)C2CCCCC2)=N1,CC1=C2C(COC(C)(C)O2)=C(C(CC3=C(COC(C)(C)O4)C4=C(C)N=C3)(C)C)C=N1,0.15492957746478872,0.714208444238621
CC1=C(C)SC(CNC(=O)NC(C)(CO)C2CCCCC2)=N1,CC1=C2C(COC(C)(C)O2)=C(C(CC3=C(COC(C)(C)O4)C4=C(C)N=C3)(C)C)C=N1,0.15492957746478872,0.714208444238621
CC1=C(C)SC(CNC(=O)NC(C)(CO)C2CCCCC2)=N1,CC1=C2C(COC(C)(C)O2)=C(C(CC3=C(COC(C)(C)O4)C4=C(C)N=C3)(C)C)C=N1,0.15492957746478872,0.714208444238621
CC1=C(C)SC(CNC(=O)NC(C)(CO)C2CCCCC2)=N1,CC1=C2C(COC(C)(C)O2)=C(C(CC3=C(COC(C)(C)O4)C4=C(C)N=C3)(C)C)C=N1,0.15492957746478872,0.714208444238621
CC1=C(C)SC(CNC(=O)NC(C)(CO)C2CCCCC2)=N1,CC1=C2C(COC(C)(C)O2)=C(C(CC3=C(COC(C)(C)O4)C4=C(C)N=C3)(C)C)C=N1,0.15492957746478872,0.714208444238621
CC1=C(C)SC(CNC(=O)NC(C)(CO)C2CCCCC2)=N1,CC1=C2C(COC(C)(C)O2)=C(C(CC3=C(COC(C)(C)O4)C4=C(C)N=C3)(C)C)C=N1,0.15492957746478872,0.714208444238621
CC1=C(C)SC(CNC(=O)NC(C)(CO)C2CCCCC2)=N1,CC1=C2C(COC(C)(C)O2)=C(C(CC3=C(COC(C)(C)O4)C4=C(C)N=C3)(C)C)C=N1,0.15492957746478872,0.714208444238621
CC1=C(C)SC(CNC(=O)NC(C)(CO)C2CCCCC2)=N1,CC1=C2C(COC(C)(C)O2)=C(C(CC3=C(COC(C)(C)O4)C4=C(C)N=C3)(C)C)C=N1,0.15492957746478872,0.714208444238621
CC1=C(C)SC(CNC(=O)NC(C)(CO)C2CCCCC2)=N1,CC1=C2C(COC(C)(C)O2)=C(C(CC3=C(COC(C)(C)O4)C4=C(C)N=C3)(C)C)C=N1,0.15492957746478872,0.714208444238621
CC1=C(C)SC(CNC(=O)NC(C)(CO)C2CCCCC2)=N1,CC1=C2C(COC(CC)O2)=C(C(C)(C)CCCCCCCCCCCCCCCCCC)C=N1,0.14666666666666667,0.18725162311553842
CC1=C(C)SC(CNC(=O)NC(C)(CO)C2CCCCC2)=N1,CC1=C2C(COC(C)(C)O2)=C(C(CC3=C(COC(C)(C)O4)C4=C(C)N=C3)(C)C)C=N1,0.15492957746478872,0.714208444238621
CC1=C(C)SC(CNC(=O)NC(C)(CO)C2CCCCC2)=N1,CC1=C2C(COC(C)(C)O2)=C(C(CC3=C(COC(C)(C)O4)C4=C(C)N=C3)(C)C)C=N1,0.15492957746478872,0.714208444238621
CC1=C(C)SC(CNC(=O)NC(C)(CO)C2CCCCC2)=N1,CC1=C2C(COC(C)(C)O2)=C(C(CC3=C(COC(C)(C)O4)C4=C(C)N=C3)(C)C)C=N1,0.15492957746478872,0.714208444238621
CC1=C(C)SC(CNC(=O)NC(C)(CO)C2CCCCC2)=N1,CC1=C2C(COC(C)(C)O2)=C(C(CC3=C(COC(C)(C)O4)C4=C(C)N=C3)(C)C)C=N1,0.15492957746478872,0.714208444238621
CC1=C(C)SC(CNC(=O)NC(C)(CO)C2CCCCC2)=N1,CC1=C2C(COC(C)(C)O2)=C(C(CC3=C(COC(C)(C)O4)C4=C(C)N=C3)(C)C)C=N1,0.15492957746478872,0.714208444238621
CC1=CC=C2C(CN3C4=CC=CC=C4C(C(N)=O)CC3C)=CC(=O)OC2=C1,C(CCO)(CCO)CCCCCCCCCCSC1=NN=C(O1)C2=CC=C(C(C)(C)C)C=N2,0.08421052631578947,0.20069412505516868
CC1=CC=C2C(CN3C4=CC=CC=C4C(C(N)=O)CC3C)=CC(=O)OC2=C1,C(CCO)(CCO)CCCCCCCCCCSC1=NN=C(O1)C2=CC=C(C(C)(C)C)C=N2,0.08421052631578947,0.20069412505516868
CC1=CC=C2C(CN3C4=CC=CC=C4C(C(N)=O)CC3C)=CC(=O)OC2=C1,C(CCO)(CCO)CCCCCCCCCCCCCCC,0.04285714285714286,0.31155344201459356
CC1=CC=C2C(CN3C4=CC=CC=C4C(C(N)=O)CC3C)=CC(=O)OC2=C1,C(CCO)(CCO)CCCCCCCCCCSC1=NN=C(O1)C2=CC=C(C(C)(C)C)C=N2,0.08421052631578947,0.20069412505516868
CC1=CC=C2C(CN3C4=CC=CC=C4C(C(N)=O)CC3C)=CC(=O)OC2=C1,C(CCCCCCCCCCCC)(C)CC2=CC=C(C(C)(C)C)C=N2,0.05952380952380952,0.3313537151214166
CC1=CC=C2C(CN3C4=CC=CC=C4C(C(N)=O)CC3C)=CC(=O)OC2=C1,C(CCO)(CCO)CCCCCCCCCCSC1=NN=C(O1)C2=CC=C(C(C)(C)C)C=N2,0.08421052631578947,0.20069412505516868
CC1=CC=C2C(CN3C4=CC=CC=C4C(C(N)=O)CC3C)=CC(=O)OC2=C1,C(CCO)(CCO)CCCCCCCCCCSC1=NN=C(O1)C2=CC=C(C(C)(C)C)C=N2,0.08421052631578947,0.20069412505516868
CC1=CC=C2C(CN3C4=CC=CC=C4C(C(N)=O)CC3C)=CC(=O)OC2=C1,C(CCO)(CCO)CCCCCCCCCCSC1=NN=C(O1)C2=CC=C(C(C)(C)C)C=N2,0.08421052631578947,0.20069412505516868
CC1=CC=C2C(CN3C4=CC=CC=C4C(C(N)=O)CC3C)=CC(=O)OC2=C1,C(CCO)(CCO)CCCCCCCCCCSC1=NN=C(O1)C2=CC=C(C(C)(C)C)C=N2,0.08421052631578947,0.20069412505516868
CC1=CC=C2C(CN3C4=CC=CC=C4C(C(N)=O)CC3C)=CC(=O)OC2=C1,C(CCO)(CCO)CCCCCCCCCCSC1=NN=C(O1)C2=CC=C(C(C)(C)C)C=N2,0.08421052631578947,0.20069412505516868
CC1=CC=C2C(CN3C4=CC=CC=C4C(C(N)=O)CC3C)=CC(=O)OC2=C1,C(CCO)(CCCO)CCCCCCCCCCCCCCCCSC1=NN=C(O1)C2=CC=C(C(C)(C)C)C=N2,0.08247422680412371,0.09518788965472637
CC1=CC=C2C(CN3C4=CC=CC=C4C(C(N)=O)CC3C)=CC(=O)OC2=C1,C(CCO)(CCO)CCCCCCCCCCSC1=NN=C(O1)C2=CC=C(C(C)(C)C)C=N2,0.08421052631578947,0.20069412505516868
CC1=CC=C2C(CN3C4=CC=CC=C4C(C(N)=O)CC3C)=CC(=O)OC2=C1,C(CCO)(CCO)CCCCCCCCCCCCCCC,0.04285714285714286,0.31155344201459356
CC1=CC=C2C(CN3C4=CC=CC=C4C(C(N)=O)CC3C)=CC(=O)OC2=C1,C(CCCCCCCCCCCC)(C)CC1=CC=CC=C1,0.0958904109589041,0.33723701211958035
CC1=CC=C2C(CN3C4=CC=CC=C4C(C(N)=O)CC3C)=CC(=O)OC2=C1,C(CCO)(CCO)CCCCCCCCCCSC1=NN=C(O1)C2=CC=C(C(C)(C)C)C=N2,0.08421052631578947,0.20069412505516868
CC1=CC=C2C(CN3C4=CC=CC=C4C(C(N)=O)CC3C)=CC(=O)OC2=C1,C(CCO)(CCO)CCCCCCCCCCSC1=NN=C(O1)C2=CC=C(C(C)(C)C)C=N2,0.08421052631578947,0.20069412505516868
CC1=CC=C2C(CN3C4=CC=CC=C4C(C(N)=O)CC3C)=CC(=O)OC2=C1,C(CCO)(CCO)CCCCCCCCCCSC1=NN=C(O1)C2=CC=C(C(C)(C)C)C=N2,0.08421052631578947,0.20069412505516868
CC1=CC=C2C(CN3C4=CC=CC=C4C(C(N)=O)CC3C)=CC(=O)OC2=C1,C(CCO)(CCCO)CCCCCCCCCCCCCCC,0.041666666666666664,0.2755211655582002
CC1=CC=C2C(CN3C4=CC=CC=C4C(C(N)=O)CC3C)=CC(=O)OC2=C1,C(CCO)(CCO)CCCCCCCCCCSC1=NN=C(O1)C2=CC=C(C(C)(C)C)C=N2,0.08421052631578947,0.20069412505516868
CC1=CC=C2C(CN3C4=CC=CC=C4C(C(N)=O)CC3C)=CC(=O)OC2=C1,C(CCO)(CCO)CCCCCCCCCCSC1=NN=C(O1)C2=CC=C(C(C)(C)C)C=N2,0.08421052631578947,0.20069412505516868
CCOC(=O)C1=C(C)N=C(C)C1S(=O)(=O)[N-]C1=CC=C(Cl)C=C1F,,0.0,0.0
CCOC(=O)C1=C(C)N=C(C)C1S(=O)(=O)[N-]C1=CC=C(Cl)C=C1F,,0.0,0.0
CCOC(=O)C1=C(C)N=C(C)C1S(=O)(=O)[N-]C1=CC=C(Cl)C=C1F,,0.0,0.0
CCOC(=O)C1=C(C)N=C(C)C1S(=O)(=O)[N-]C1=CC=C(Cl)C=C1F,,0.0,0.0
CCOC(=O)C1=C(C)N=C(C)C1S(=O)(=O)[N-]C1=CC=C(Cl)C=C1F,,0.0,0.0
CCOC(=O)C1=C(C)N=C(C)C1S(=O)(=O)[N-]C1=CC=C(Cl)C=C1F,,0.0,0.0
CCOC(=O)C1=C(C)N=C(C)C1S(=O)(=O)[N-]C1=CC=C(Cl)C=C1F,CC1=C2C(COC(C(C)CCCCCCCCCCC)O2)=C(C(CC3=C(COC(C)(C)O4)C4=C(C)N=C3)(C)C)C=N1,0.08080808080808081,0.21259777113212192
CCOC(=O)C1=C(C)N=C(C)C1S(=O)(=O)[N-]C1=CC=C(Cl)C=C1F,,0.0,0.0
CCOC(=O)C1=C(C)N=C(C)C1S(=O)(=O)[N-]C1=CC=C(Cl)C=C1F,,0.0,0.0
CCOC(=O)C1=C(C)N=C(C)C1S(=O)(=O)[N-]C1=CC=C(Cl)C=C1F,,0.0,0.0
CCOC(=O)C1=C(C)N=C(C)C1S(=O)(=O)[N-]C1=CC=C(Cl)C=C1F,,0.0,0.0
CCOC(=O)C1=C(C)N=C(C)C1S(=O)(=O)[N-]C1=CC=C(Cl)C=C1F,,0.0,0.0
CCOC(=O)C1=C(C)N=C(C)C1S(=O)(=O)[N-]C1=CC=C(Cl)C=C1F,,0.0,0.0
CCOC(=O)C1=C(C)N=C(C)C1S(=O)(=O)[N-]C1=CC=C(Cl)C=C1F,,0.0,0.0
CCOC(=O)C1=C(C)N=C(C)C1S(=O)(=O)[N-]C1=CC=C(Cl)C=C1F,,0.0,0.0
CCOC(=O)C1=C(C)N=C(C)C1S(=O)(=O)[N-]C1=CC=C(Cl)C=C1F,,0.0,0.0
CCOC(=O)C1=C(C)N=C(C)C1S(=O)(=O)[N-]C1=CC=C(Cl)C=C1F,,0.0,0.0
CCOC(=O)C1=C(C)N=C(C)C1S(=O)(=O)[N-]C1=CC=C(Cl)C=C1F,,0.0,0.0
CCOC(=O)C1=C(C)N=C(C)C1S(=O)(=O)[N-]C1=CC=C(Cl)C=C1F,,0.0,0.0
CCOC(=O)C1=C(C)N=C(C)C1S(=O)(=O)[N-]C1=CC=C(Cl)C=C1F,,0.0,0.0
COC1=CC=CC(CNC([O-])=CN2C=CC3=C(C=CS3)C2=O)=C1,,0.0,0.0
COC1=CC=CC(CNC([O-])=CN2C=CC3=C(C=CS3)C2=O)=C1,,0.0,0.0
COC1=CC=CC(CNC([O-])=CN2C=CC3=C(C=CS3)C2=O)=C1,,0.0,0.0
COC1=CC=CC(CNC([O-])=CN2C=CC3=C(C=CS3)C2=O)=C1,,0.0,0.0
COC1=CC=CC(CNC([O-])=CN2C=CC3=C(C=CS3)C2=O)=C1,,0.0,0.0
COC1=CC=CC(CNC([O-])=CN2C=CC3=C(C=CS3)C2=O)=C1,,0.0,0.0
COC1=CC=CC(CNC([O-])=CN2C=CC3=C(C=CS3)C2=O)=C1,,0.0,0.0
COC1=CC=CC(CNC([O-])=CN2C=CC3=C(C=CS3)C2=O)=C1,,0.0,0.0
COC1=CC=CC(CNC([O-])=CN2C=CC3=C(C=CS3)C2=O)=C1,,0.0,0.0
COC1=CC=CC(CNC([O-])=CN2C=CC3=C(C=CS3)C2=O)=C1,,0.0,0.0
COC1=CC=CC(CNC([O-])=CN2C=CC3=C(C=CS3)C2=O)=C1,,0.0,0.0
COC1=CC=CC(CNC([O-])=CN2C=CC3=C(C=CS3)C2=O)=C1,,0.0,0.0
COC1=CC=CC(CNC([O-])=CN2C=CC3=C(C=CS3)C2=O)=C1,,0.0,0.0
COC1=CC=CC(CNC([O-])=CN2C=CC3=C(C=CS3)C2=O)=C1,,0.0,0.0
COC1=CC=CC(CNC([O-])=CN2C=CC3=C(C=CS3)C2=O)=C1,,0.0,0.0
COC1=CC=CC(CNC([O-])=CN2C=CC3=C(C=CS3)C2=O)=C1,,0.0,0.0
COC1=CC=CC(CNC([O-])=CN2C=CC3=C(C=CS3)C2=O)=C1,,0.0,0.0
COC1=CC=CC(CNC([O-])=CN2C=CC3=C(C=CS3)C2=O)=C1,,0.0,0.0
COC1=CC=CC(CNC([O-])=CN2C=CC3=C(C=CS3)C2=O)=C1,,0.0,0.0
COC1=CC=CC(CNC([O-])=CN2C=CC3=C(C=CS3)C2=O)=C1,,0.0,0.0
BrC1=CC=CC(C2=CSC(NC3=CC=CN=C3)=N2)=C1,,0.0,0.0
BrC1=CC=CC(C2=CSC(NC3=CC=CN=C3)=N2)=C1,,0.0,0.0
BrC1=CC=CC(C2=CSC(NC3=CC=CN=C3)=N2)=C1,,0.0,0.0
BrC1=CC=CC(C2=CSC(NC3=CC=CN=C3)=N2)=C1,,0.0,0.0
BrC1=CC=CC(C2=CSC(NC3=CC=CN=C3)=N2)=C1,,0.0,0.0
BrC1=CC=CC(C2=CSC(NC3=CC=CN=C3)=N2)=C1,,0.0,0.0
BrC1=CC=CC(C2=CSC(NC3=CC=CN=C3)=N2)=C1,,0.0,0.0
BrC1=CC=CC(C2=CSC(NC3=CC=CN=C3)=N2)=C1,,0.0,0.0
BrC1=CC=CC(C2=CSC(NC3=CC=CN=C3)=N2)=C1,,0.0,0.0
BrC1=CC=CC(C2=CSC(NC3=CC=CN=C3)=N2)=C1,,0.0,0.0
BrC1=CC=CC(C2=CSC(NC3=CC=CN=C3)=N2)=C1,,0.0,0.0
BrC1=CC=CC(C2=CSC(NC3=CC=CN=C3)=N2)=C1,,0.0,0.0
BrC1=CC=CC(C2=CSC(NC3=CC=CN=C3)=N2)=C1,,0.0,0.0
BrC1=CC=CC(C2=CSC(NC3=CC=CN=C3)=N2)=C1,,0.0,0.0
BrC1=CC=CC(C2=CSC(NC3=CC=CN=C3)=N2)=C1,,0.0,0.0
BrC1=CC=CC(C2=CSC(NC3=CC=CN=C3)=N2)=C1,,0.0,0.0
BrC1=CC=CC(C2=CSC(NC3=CC=CN=C3)=N2)=C1,,0.0,0.0
BrC1=CC=CC(C2=CSC(NC3=CC=CN=C3)=N2)=C1,,0.0,0.0
BrC1=CC=CC(C2=CSC(NC3=CC=CN=C3)=N2)=C1,,0.0,0.0
BrC1=CC=CC(C2=CSC(NC3=CC=CN=C3)=N2)=C1,,0.0,0.0
O=C(NC1=CC=C2COCC2=C1)C1=CC=CC2=C1NC1=C2CCCC1,CCCCCCCCCCCC(OC1=NC=CC=C1)=O,0.0945945945945946,0.4260075772364941
O=C(NC1=CC=C2COCC2=C1)C1=CC=CC2=C1NC1=C2CCCC1,CCCCCCCCCCCC(OC1=NC=CC=C1)=O,0.0945945945945946,0.4260075772364941
O=C(NC1=CC=C2COCC2=C1)C1=CC=CC2=C1NC1=C2CCCC1,CCCCCCCCCCCC(OC1=NC=CC=C1)=O,0.0945945945945946,0.4260075772364941
O=C(NC1=CC=C2COCC2=C1)C1=CC=CC2=C1NC1=C2CCCC1,,0.0,0.0
O=C(NC1=CC=C2COCC2=C1)C1=CC=CC2=C1NC1=C2CCCC1,CCCCCCCCCCCC(OC1=NC=CC=C1)=O,0.0945945945945946,0.4260075772364941
O=C(NC1=CC=C2COCC2=C1)C1=CC=CC2=C1NC1=C2CCCC1,CCCCCCCCCCCC(OC1=NC=CC=C1)=O,0.0945945945945946,0.4260075772364941
O=C(NC1=CC=C2COCC2=C1)C1=CC=CC2=C1NC1=C2CCCC1,CCCCCCCCCCCC(OC1=NC=CC=C1)=O,0.0945945945945946,0.4260075772364941
O=C(NC1=CC=C2COCC2=C1)C1=CC=CC2=C1NC1=C2CCCC1,CCCCCCCCCCCC(OC1=NC=CC=C1)=O,0.0945945945945946,0.4260075772364941
O=C(NC1=CC=C2COCC2=C1)C1=CC=CC2=C1NC1=C2CCCC1,,0.0,0.0
O=C(NC1=CC=C2COCC2=C1)C1=CC=CC2=C1NC1=C2CCCC1,,0.0,0.0
O=C(NC1=CC=C2COCC2=C1)C1=CC=CC2=C1NC1=C2CCCC1,,0.0,0.0
O=C(NC1=CC=C2COCC2=C1)C1=CC=CC2=C1NC1=C2CCCC1,CCCCCCCCCCCC(OC1=NC=CC=C1)=O,0.0945945945945946,0.4260075772364941
O=C(NC1=CC=C2COCC2=C1)C1=CC=CC2=C1NC1=C2CCCC1,CCCCCCCCCCCC(OC1=NC=CC=C1)=O,0.0945945945945946,0.4260075772364941
O=C(NC1=CC=C2COCC2=C1)C1=CC=CC2=C1NC1=C2CCCC1,CCCCCCCCCCCC(OC1=NC=CC=C1)=O,0.0945945945945946,0.4260075772364941
O=C(NC1=CC=C2COCC2=C1)C1=CC=CC2=C1NC1=C2CCCC1,CCCCCCCCCCCC(OC1=NC=CC=C1)=O,0.0945945945945946,0.4260075772364941
O=C(NC1=CC=C2COCC2=C1)C1=CC=CC2=C1NC1=C2CCCC1,CCCCCCCCCCCC(OC1=NC=CC=C1)=O,0.0945945945945946,0.4260075772364941
O=C(NC1=CC=C2COCC2=C1)C1=CC=CC2=C1NC1=C2CCCC1,CCCCCCCCCCCC(OC1=NC=CC=C1)=O,0.0945945945945946,0.4260075772364941
O=C(NC1=CC=C2COCC2=C1)C1=CC=CC2=C1NC1=C2CCCC1,CCCCCCCCCCCC(OC1=NC=CC=C1)=O,0.0945945945945946,0.4260075772364941
O=C(NC1=CC=C2COCC2=C1)C1=CC=CC2=C1NC1=C2CCCC1,CCCCCCCCCCCC(OC1=NC=CC=C1)=O,0.0945945945945946,0.4260075772364941
O=C(NC1=CC=C2COCC2=C1)C1=CC=CC2=C1NC1=C2CCCC1,CCCCCCCCCCCC(OC1=NC=CC=C1)=O,0.0945945945945946,0.4260075772364941
CC1=NN(C)C=C1C(C)NC(=O)NC1=NN(CC2=CC=C(C#N)C=C2)C=N1,,0.0,0.0
CC1=NN(C)C=C1C(C)NC(=O)NC1=NN(CC2=CC=C(C#N)C=C2)C=N1,,0.0,0.0
CC1=NN(C)C=C1C(C)NC(=O)NC1=NN(CC2=CC=C(C#N)C=C2)C=N1,,0.0,0.0
CC1=NN(C)C=C1C(C)NC(=O)NC1=NN(CC2=CC=C(C#N)C=C2)C=N1,,0.0,0.0
CC1=NN(C)C=C1C(C)NC(=O)NC1=NN(CC2=CC=C(C#N)C=C2)C=N1,,0.0,0.0
CC1=NN(C)C=C1C(C)NC(=O)NC1=NN(CC2=CC=C(C#N)C=C2)C=N1,,0.0,0.0
CC1=NN(C)C=C1C(C)NC(=O)NC1=NN(CC2=CC=C(C#N)C=C2)C=N1,,0.0,0.0
CC1=NN(C)C=C1C(C)NC(=O)NC1=NN(CC2=CC=C(C#N)C=C2)C=N1,,0.0,0.0
CC1=NN(C)C=C1C(C)NC(=O)NC1=NN(CC2=CC=C(C#N)C=C2)C=N1,,0.0,0.0
CC1=NN(C)C=C1C(C)NC(=O)NC1=NN(CC2=CC=C(C#N)C=C2)C=N1,,0.0,0.0
CC1=NN(C)C=C1C(C)NC(=O)NC1=NN(CC2=CC=C(C#N)C=C2)C=N1,,0.0,0.0
CC1=NN(C)C=C1C(C)NC(=O)NC1=NN(CC2=CC=C(C#N)C=C2)C=N1,,0.0,0.0
CC1=NN(C)C=C1C(C)NC(=O)NC1=NN(CC2=CC=C(C#N)C=C2)C=N1,,0.0,0.0
CC1=NN(C)C=C1C(C)NC(=O)NC1=NN(CC2=CC=C(C#N)C=C2)C=N1,,0.0,0.0
CC1=NN(C)C=C1C(C)NC(=O)NC1=NN(CC2=CC=C(C#N)C=C2)C=N1,,0.0,0.0
CC1=NN(C)C=C1C(C)NC(=O)NC1=NN(CC2=CC=C(C#N)C=C2)C=N1,,0.0,0.0
CC1=NN(C)C=C1C(C)NC(=O)NC1=NN(CC2=CC=C(C#N)C=C2)C=N1,,0.0,0.0
CC1=NN(C)C=C1C(C)NC(=O)NC1=NN(CC2=CC=C(C#N)C=C2)C=N1,,0.0,0.0
CC1=NN(C)C=C1C(C)NC(=O)NC1=NN(CC2=CC=C(C#N)C=C2)C=N1,,0.0,0.0
CC1=NN(C)C=C1C(C)NC(=O)NC1=NN(CC2=CC=C(C#N)C=C2)C=N1,,0.0,0.0
CCSC1CCC(NC(=O)N(C)CCN(C)C2CC[NH+](C)CC2)C1,C(CC1=C(OC(C)(C)OC2)C2=C(CO)C(CO)=N1)(C/C=C/C#CC(C)(C)C)CC3=CC=CC4=CC=CC=C43,0.04807692307692308,0.3479060997562587
CCSC1CCC(NC(=O)N(C)CCN(C)C2CC[NH+](C)CC2)C1,C(CC1=C(OC(C)(C)OC2)C2=C(CO)C(CO)=N1)(C/C=C/C#CC(C)(C)C)CC3=CC=CC4=CC=CC=C43,0.04807692307692308,0.3479060997562587
CCSC1CCC(NC(=O)N(C)CCN(C)C2CC[NH+](C)CC2)C1,,0.0,0.0
CCSC1CCC(NC(=O)N(C)CCN(C)C2CC[NH+](C)CC2)C1,C(CC1=C(OC(C)(C)OC2)C2=C(CO)C(CO)=N1)(C/C=C/C#CC(C)(C)C)CC3=CC=CC4=CC=CC=C43,0.04807692307692308,0.3479060997562587
CCSC1CCC(NC(=O)N(C)CCN(C)C2CC[NH+](C)CC2)C1,C(CC1=C(OC(C)(C)OC2)C2=C(CO)C(CO)=N1)(C/C=C/C#CC(C)(C)C)CC3=CC=CC4=CC=CC=C43,0.04807692307692308,0.3479060997562587
CCSC1CCC(NC(=O)N(C)CCN(C)C2CC[NH+](C)CC2)C1,C(CC1=C(OC(C)(C)OC2)C2=C(CO)C(CO)=N1)(C/C=C/C#CC(C)(C)C)CC3=CC=CC4=CC=CC=C43,0.04807692307692308,0.3479060997562587
CCSC1CCC(NC(=O)N(C)CCN(C)C2CC[NH+](C)CC2)C1,C(CC1=C(OC(C)(C)OC2)C2=C(CO)C(CO)=N1)(C/C=C/C#CC(C)(C)C)CC3=CC=CC4=CC=CC=C43,0.04807692307692308,0.3479060997562587
CCSC1CCC(NC(=O)N(C)CCN(C)C2CC[NH+](C)CC2)C1,,0.0,0.0
CCSC1CCC(NC(=O)N(C)CCN(C)C2CC[NH+](C)CC2)C1,,0.0,0.0
CCSC1CCC(NC(=O)N(C)CCN(C)C2CC[NH+](C)CC2)C1,C(CC1=C(OC(C)(C)OC2)C2=C(CO)C(CO)=N1)(C/C=C/C#CC(C)(C)C)CC3=CC=CC4=CC=CC=C43,0.04807692307692308,0.3479060997562587
CCSC1CCC(NC(=O)N(C)CCN(C)C2CC[NH+](C)CC2)C1,C(CC1=C(OC(C)(C)OC2)C2=C(CO)C(CO)=N1)(C/C=C/C#CC(C)(C)C)CC3=CC=CC4=CC=CC=C43,0.04807692307692308,0.3479060997562587
CCSC1CCC(NC(=O)N(C)CCN(C)C2CC[NH+](C)CC2)C1,C(CC1=C(OC(C)(C)OC2)C2=C(CO)C(CO)=N1)(C/C=C/C#CC(C)(C)C)CC3=CC=CC4=CC=CC=C43,0.04807692307692308,0.3479060997562587
CCSC1CCC(NC(=O)N(C)CCN(C)C2CC[NH+](C)CC2)C1,C(CC1=C(OC(C)(C)OC2)C2=C(CO)C(CO)=C1)C,0.08108108108108109,0.8773981030498121
CCSC1CCC(NC(=O)N(C)CCN(C)C2CC[NH+](C)CC2)C1,,0.0,0.0
CCSC1CCC(NC(=O)N(C)CCN(C)C2CC[NH+](C)CC2)C1,,0.0,0.0
CCSC1CCC(NC(=O)N(C)CCN(C)C2CC[NH+](C)CC2)C1,,0.0,0.0
CCSC1CCC(NC(=O)N(C)CCN(C)C2CC[NH+](C)CC2)C1,,0.0,0.0
CCSC1CCC(NC(=O)N(C)CCN(C)C2CC[NH+](C)CC2)C1,C(CC1=C(OC(C)(C)OC2)C2=C(CO)C(CO)=N1)(C/C=C/C#CC(C)(C)C)CC3=CC=CC4=CC=CC=C43,0.04807692307692308,0.3479060997562587
CCSC1CCC(NC(=O)N(C)CCN(C)C2CC[NH+](C)CC2)C1,C(CC1=C(OC(C)(C)OC2)C2=C(CO)C(CO)=N1)(C/C=C/C#CC(C)(C)C)CC3=CC=CC4=CC=CC=C43,0.04807692307692308,0.3479060997562587
CCSC1CCC(NC(=O)N(C)CCN(C)C2CC[NH+](C)CC2)C1,C(CC1=C(OC(C)(C)OC2)C2=C(CO)C(CO)=N1)(C/C=C/C#CC(C)(C)C)CC3=CC=CC4=CC=CC=C43,0.04807692307692308,0.3479060997562587
CCN1N=NN=C1N=CC1=CC=CC=C1OC,,0.0,0.0
CCN1N=NN=C1N=CC1=CC=CC=C1OC,,0.0,0.0
CCN1N=NN=C1N=CC1=CC=CC=C1OC,,0.0,0.0
CCN1N=NN=C1N=CC1=CC=CC=C1OC,,0.0,0.0
CCN1N=NN=C1N=CC1=CC=CC=C1OC,,0.0,0.0
CCN1N=NN=C1N=CC1=CC=CC=C1OC,,0.0,0.0
CCN1N=NN=C1N=CC1=CC=CC=C1OC,,0.0,0.0
CCN1N=NN=C1N=CC1=CC=CC=C1OC,,0.0,0.0
CCN1N=NN=C1N=CC1=CC=CC=C1OC,,0.0,0.0
CCN1N=NN=C1N=CC1=CC=CC=C1OC,,0.0,0.0
CCN1N=NN=C1N=CC1=CC=CC=C1OC,,0.0,0.0
CCN1N=NN=C1N=CC1=CC=CC=C1OC,,0.0,0.0
CCN1N=NN=C1N=CC1=CC=CC=C1OC,,0.0,0.0
CCN1N=NN=C1N=CC1=CC=CC=C1OC,CCCCCCCCCC(C)(CCCCCCCCCCCCCCCCCCCCCCCCCCCCCCCCCCCCCCCCCCCCCCCCCCCCCCCCCCCCCCCCCCCCCCCCCCCCCCCCCCCCCCCCCCCCCCCCCCCCCCCCCCCCC)CCC,0.057692307692307696,0.0532617370277346
CCN1N=NN=C1N=CC1=CC=CC=C1OC,CCCCCCCCCCCCCC(C)(CCCCCCCCCCCCCCCCCCCCCCCCCCCCCCCCCCCCCCCCCCCCCCCCCCCCCCCCCCCCCCCCCCCCCCCCCCCCCCCCCCCCCCCCCCCCCCCCCCCCCCCCCC)CC,0.057692307692307696,0.0532617370277346
CCN1N=NN=C1N=CC1=CC=CC=C1OC,,0.0,0.0
CCN1N=NN=C1N=CC1=CC=CC=C1OC,,0.0,0.0
CCN1N=NN=C1N=CC1=CC=CC=C1OC,,0.0,0.0
CCN1N=NN=C1N=CC1=CC=CC=C1OC,,0.0,0.0
CCN1N=NN=C1N=CC1=CC=CC=C1OC,,0.0,0.0
CC1=C(Cl)C(C(=O)N2CCCCC2C)=NN1C,,0.0,0.0
CC1=C(Cl)C(C(=O)N2CCCCC2C)=NN1C,,0.0,0.0
CC1=C(Cl)C(C(=O)N2CCCCC2C)=NN1C,,0.0,0.0
CC1=C(Cl)C(C(=O)N2CCCCC2C)=NN1C,,0.0,0.0
CC1=C(Cl)C(C(=O)N2CCCCC2C)=NN1C,,0.0,0.0
CC1=C(Cl)C(C(=O)N2CCCCC2C)=NN1C,,0.0,0.0
CC1=C(Cl)C(C(=O)N2CCCCC2C)=NN1C,,0.0,0.0
CC1=C(Cl)C(C(=O)N2CCCCC2C)=NN1C,,0.0,0.0
CC1=C(Cl)C(C(=O)N2CCCCC2C)=NN1C,,0.0,0.0
CC1=C(Cl)C(C(=O)N2CCCCC2C)=NN1C,,0.0,0.0
CC1=C(Cl)C(C(=O)N2CCCCC2C)=NN1C,,0.0,0.0
CC1=C(Cl)C(C(=O)N2CCCCC2C)=NN1C,,0.0,0.0
CC1=C(Cl)C(C(=O)N2CCCCC2C)=NN1C,,0.0,0.0
CC1=C(Cl)C(C(=O)N2CCCCC2C)=NN1C,,0.0,0.0
CC1=C(Cl)C(C(=O)N2CCCCC2C)=NN1C,,0.0,0.0
CC1=C(Cl)C(C(=O)N2CCCCC2C)=NN1C,,0.0,0.0
CC1=C(Cl)C(C(=O)N2CCCCC2C)=NN1C,,0.0,0.0
CC1=C(Cl)C(C(=O)N2CCCCC2C)=NN1C,,0.0,0.0
CC1=C(Cl)C(C(=O)N2CCCCC2C)=NN1C,,0.0,0.0
CC1=C(Cl)C(C(=O)N2CCCCC2C)=NN1C,,0.0,0.0
CN1C(=O)N(C)C2=CC(N3CCCCC3)=C(NC(=O)NC3=CC=CC=C3F)C=C21,,0.0,0.0
CN1C(=O)N(C)C2=CC(N3CCCCC3)=C(NC(=O)NC3=CC=CC=C3F)C=C21,,0.0,0.0
CN1C(=O)N(C)C2=CC(N3CCCCC3)=C(NC(=O)NC3=CC=CC=C3F)C=C21,,0.0,0.0
CN1C(=O)N(C)C2=CC(N3CCCCC3)=C(NC(=O)NC3=CC=CC=C3F)C=C21,,0.0,0.0
CN1C(=O)N(C)C2=CC(N3CCCCC3)=C(NC(=O)NC3=CC=CC=C3F)C=C21,,0.0,0.0
CN1C(=O)N(C)C2=CC(N3CCCCC3)=C(NC(=O)NC3=CC=CC=C3F)C=C21,,0.0,0.0
CN1C(=O)N(C)C2=CC(N3CCCCC3)=C(NC(=O)NC3=CC=CC=C3F)C=C21,,0.0,0.0
CN1C(=O)N(C)C2=CC(N3CCCCC3)=C(NC(=O)NC3=CC=CC=C3F)C=C21,,0.0,0.0
CN1C(=O)N(C)C2=CC(N3CCCCC3)=C(NC(=O)NC3=CC=CC=C3F)C=C21,,0.0,0.0
CN1C(=O)N(C)C2=CC(N3CCCCC3)=C(NC(=O)NC3=CC=CC=C3F)C=C21,,0.0,0.0
CN1C(=O)N(C)C2=CC(N3CCCCC3)=C(NC(=O)NC3=CC=CC=C3F)C=C21,,0.0,0.0
CN1C(=O)N(C)C2=CC(N3CCCCC3)=C(NC(=O)NC3=CC=CC=C3F)C=C21,,0.0,0.0
CN1C(=O)N(C)C2=CC(N3CCCCC3)=C(NC(=O)NC3=CC=CC=C3F)C=C21,,0.0,0.0
CN1C(=O)N(C)C2=CC(N3CCCCC3)=C(NC(=O)NC3=CC=CC=C3F)C=C21,,0.0,0.0
CN1C(=O)N(C)C2=CC(N3CCCCC3)=C(NC(=O)NC3=CC=CC=C3F)C=C21,,0.0,0.0
CN1C(=O)N(C)C2=CC(N3CCCCC3)=C(NC(=O)NC3=CC=CC=C3F)C=C21,,0.0,0.0
CN1C(=O)N(C)C2=CC(N3CCCCC3)=C(NC(=O)NC3=CC=CC=C3F)C=C21,,0.0,0.0
CN1C(=O)N(C)C2=CC(N3CCCCC3)=C(NC(=O)NC3=CC=CC=C3F)C=C21,,0.0,0.0
CN1C(=O)N(C)C2=CC(N3CCCCC3)=C(NC(=O)NC3=CC=CC=C3F)C=C21,,0.0,0.0
CN1C(=O)N(C)C2=CC(N3CCCCC3)=C(NC(=O)NC3=CC=CC=C3F)C=C21,,0.0,0.0
CC1=CSC(C(C#N)C(=O)COC(=O)C2=CC3=C(CCC(C)C3)S2)=N1,CC1=C2C(COC(C)(C)O2)=C(C(CC3=C(COC(C)(C)O4)C4=C(C)N=C3)(C)C)C=N1,0.10344827586206896,0.714208444238621
CC1=CSC(C(C#N)C(=O)COC(=O)C2=CC3=C(CCC(C)C3)S2)=N1,CC1=C2C(COC(C)(C)O2)=C(C(CC3=C(COC(C)(C)O4)C4=C(C)N=C3)(C)C)C=N1,0.10344827586206896,0.714208444238621
CC1=CSC(C(C#N)C(=O)COC(=O)C2=CC3=C(CCC(C)C3)S2)=N1,CC1=C2C(COC(C)(C)O2)=C(C(CC3=C(COC(C)(C)O4)C4=C(C)N=C3)(C)C)C=N1,0.10344827586206896,0.714208444238621
CC1=CSC(C(C#N)C(=O)COC(=O)C2=CC3=C(CCC(C)C3)S2)=N1,CC1=C2C(COC(C)(C)O2)=C(C(CC3=C(COC(C)(C)O4)C4=C(C)N=C3)(C)C)C=N1,0.10344827586206896,0.714208444238621
CC1=CSC(C(C#N)C(=O)COC(=O)C2=CC3=C(CCC(C)C3)S2)=N1,CC1=C2C(COC(C)(C)O2)=C(C(CC3=C(COC(C)(C)O4)C4=C(C)N=C3)(C)C)C=N1,0.10344827586206896,0.714208444238621
CC1=CSC(C(C#N)C(=O)COC(=O)C2=CC3=C(CCC(C)C3)S2)=N1,CC1=C2C(COC(C)(C)O2)=C(C(CC3=C(COC(C)(C)O4)C4=C(C)N=C3)(C)C)C=N1,0.10344827586206896,0.714208444238621
CC1=CSC(C(C#N)C(=O)COC(=O)C2=CC3=C(CCC(C)C3)S2)=N1,CC1=C2C(COC(C)(C)O2)=C(C(CC3=C(COC(C)(C)O4)C4=C(C)N=C3)(C)C)C=N1,0.10344827586206896,0.714208444238621
CC1=CSC(C(C#N)C(=O)COC(=O)C2=CC3=C(CCC(C)C3)S2)=N1,CC1=C2C(COC(C)(C)O2)=C(C(CC3=C(COC(C)(C)O4)C4=C(C)N=C3)(C)C)C=N1,0.10344827586206896,0.714208444238621
CC1=CSC(C(C#N)C(=O)COC(=O)C2=CC3=C(CCC(C)C3)S2)=N1,CC1=C2C(COC(C)(C)O2)=C(C(CC3=C(COC(C)(C)O4)C4=C(C)N=C3)(C)C)C=N1,0.10344827586206896,0.714208444238621
CC1=CSC(C(C#N)C(=O)COC(=O)C2=CC3=C(CCC(C)C3)S2)=N1,CC1=C2C(COC(C)(C)O2)=C(C(CC3=C(COC(C)(C)O4)C4=C(C)N=C3)(C)C)C=N1,0.10344827586206896,0.714208444238621
CC1=CSC(C(C#N)C(=O)COC(=O)C2=CC3=C(CCC(C)C3)S2)=N1,CC1=C2C(COC(C)(C)O2)=C(C(CC3=C(COC(C)(C)O4)C4=C(C)N=C3)(C)C)C=N1,0.10344827586206896,0.714208444238621
CC1=CSC(C(C#N)C(=O)COC(=O)C2=CC3=C(CCC(C)C3)S2)=N1,CC1=C2C(COC(C)(C)O2)=C(C(CC3=C(COC(C)(C)O4)C4=C(C)N=C3)(C)C)C=N1,0.10344827586206896,0.714208444238621
CC1=CSC(C(C#N)C(=O)COC(=O)C2=CC3=C(CCC(C)C3)S2)=N1,CC1=C2C(COC(C)(C)O2)=C(C(CC3=C(COC(C)(C)O4)C4=C(C)N=C3)(C)C)C=N1,0.10344827586206896,0.714208444238621
CC1=CSC(C(C#N)C(=O)COC(=O)C2=CC3=C(CCC(C)C3)S2)=N1,CC1=C2C(COC(C)(C)O2)=C(C(CC3=C(COC(C)(C)O4)C4=C(C)N=C3)(C)C)C=N1,0.10344827586206896,0.714208444238621
CC1=CSC(C(C#N)C(=O)COC(=O)C2=CC3=C(CCC(C)C3)S2)=N1,CC1=C2C(COC(C)(C)O2)=C(C(CC3=C(COC(C)(C)O4)C4=C(C)N=C3)(C)C)C=N1,0.10344827586206896,0.714208444238621
CC1=CSC(C(C#N)C(=O)COC(=O)C2=CC3=C(CCC(C)C3)S2)=N1,CC1=C2C(COC(C)(C)O2)=C(C(CC3=C(COC(C)(C)O4)C4=C(C)N=C3)(C)C)C=N1,0.10344827586206896,0.714208444238621
CC1=CSC(C(C#N)C(=O)COC(=O)C2=CC3=C(CCC(C)C3)S2)=N1,CC1=C2C(COC(C)(C)O2)=C(C(CC3=C(COC(C)(C)O4)C4=C(C)N=C3)(C)C)C=N1,0.10344827586206896,0.714208444238621
CC1=CSC(C(C#N)C(=O)COC(=O)C2=CC3=C(CCC(C)C3)S2)=N1,CC1=C2C(COC(C)(C)O2)=C(C(CC3=C(COC(C)(C)O4)C4=C(C)N=C3)(C)C)C=N1,0.10344827586206896,0.714208444238621
CC1=CSC(C(C#N)C(=O)COC(=O)C2=CC3=C(CCC(C)C3)S2)=N1,CC1=C2C(COC(C)(C)O2)=C(C(CC3=C(COC(C)(C)O4)C4=C(C)N=C3)(C)C)C=N1,0.10344827586206896,0.714208444238621
CC1=CSC(C(C#N)C(=O)COC(=O)C2=CC3=C(CCC(C)C3)S2)=N1,CC1=C2C(COC(C)(C)O2)=C(C(CC3=C(COC(C)(C)O4)C4=C(C)N=C3)(C)C)C=N1,0.10344827586206896,0.714208444238621
CC(C)CCC(=O)N1CC(C)OC(C)C1,,0.0,0.0
CC(C)CCC(=O)N1CC(C)OC(C)C1,,0.0,0.0
CC(C)CCC(=O)N1CC(C)OC(C)C1,,0.0,0.0
CC(C)CCC(=O)N1CC(C)OC(C)C1,,0.0,0.0
CC(C)CCC(=O)N1CC(C)OC(C)C1,,0.0,0.0
CC(C)CCC(=O)N1CC(C)OC(C)C1,,0.0,0.0
CC(C)CCC(=O)N1CC(C)OC(C)C1,,0.0,0.0
CC(C)CCC(=O)N1CC(C)OC(C)C1,,0.0,0.0
CC(C)CCC(=O)N1CC(C)OC(C)C1,,0.0,0.0
CC(C)CCC(=O)N1CC(C)OC(C)C1,,0.0,0.0
CC(C)CCC(=O)N1CC(C)OC(C)C1,,0.0,0.0
CC(C)CCC(=O)N1CC(C)OC(C)C1,,0.0,0.0
CC(C)CCC(=O)N1CC(C)OC(C)C1,,0.0,0.0
CC(C)CCC(=O)N1CC(C)OC(C)C1,,0.0,0.0
CC(C)CCC(=O)N1CC(C)OC(C)C1,,0.0,0.0
CC(C)CCC(=O)N1CC(C)OC(C)C1,,0.0,0.0
CC(C)CCC(=O)N1CC(C)OC(C)C1,,0.0,0.0
CC(C)CCC(=O)N1CC(C)OC(C)C1,,0.0,0.0
CC(C)CCC(=O)N1CC(C)OC(C)C1,,0.0,0.0
CC(C)CCC(=O)N1CC(C)OC(C)C1,,0.0,0.0
CC1=C(N)C=CC=C1NC12CC3CC(C)(CC(C)(C3)C1)C2,C(CCO)(CCO)CCCCCCCCCCSC1=NN=C(O1)C2=CC=C(C(C)(C)C)C=N2,0.04938271604938271,0.20069412505516868
CC1=C(N)C=CC=C1NC12CC3CC(C)(CC(C)(C3)C1)C2,C(CCO)(CCO)CCCCCCCCCCSC1=NN=C(O1)C2=CC=C(C(C)(C)C)C=N2,0.04938271604938271,0.20069412505516868
CC1=C(N)C=CC=C1NC12CC3CC(C)(CC(C)(C3)C1)C2,,0.0,0.0
CC1=C(N)C=CC=C1NC12CC3CC(C)(CC(C)(C3)C1)C2,C(CCO)(CCO)CCCCCCCCCCSC1=NN=C(O1)C2=CC=C(C(C)(C)C)C=N2,0.04938271604938271,0.20069412505516868
CC1=C(N)C=CC=C1NC12CC3CC(C)(CC(C)(C3)C1)C2,C(CCO)(CCO)CCCCCCCCCCSC1=NN=C(O1)C2=CC=C(C(C)(C)C)C=N2,0.04938271604938271,0.20069412505516868
CC1=C(N)C=CC=C1NC12CC3CC(C)(CC(C)(C3)C1)C2,C(CCO)(CCO)CCCCCCCCCCSC1=NN=C(O1)C2=CC=C(C(C)(C)C)C=N2,0.04938271604938271,0.20069412505516868
CC1=C(N)C=CC=C1NC12CC3CC(C)(CC(C)(C3)C1)C2,C(CCO)(CCCO)CCCCCCCCCCSC1=NN=C(O1)C2=CC=C(C(C)(C)C)C=N2,0.04819277108433735,0.17482503336395672
CC1=C(N)C=CC=C1NC12CC3CC(C)(CC(C)(C3)C1)C2,,0.0,0.0
CC1=C(N)C=CC=C1NC12CC3CC(C)(CC(C)(C3)C1)C2,,0.0,0.0
CC1=C(N)C=CC=C1NC12CC3CC(C)(CC(C)(C3)C1)C2,C(CCO)(CCO)CCCCCCCCCCSC1=NN=C(O1)C2=CC=C(C(C)(C)C)C=N2,0.04938271604938271,0.20069412505516868
CC1=C(N)C=CC=C1NC12CC3CC(C)(CC(C)(C3)C1)C2,C(CCO)(CCCO)CCCCCCCCCCSC1=NN=C(O1)C2=CC=C(C(C)(C)C)C=N2,0.04819277108433735,0.17482503336395672
CC1=C(N)C=CC=C1NC12CC3CC(C)(CC(C)(C3)C1)C2,C(CCO)(CCO)CCCCCCCCCCSC1=NN=C(O1)C2=CC=C(C(C)(C)C)C=N2,0.04938271604938271,0.20069412505516868
CC1=C(N)C=CC=C1NC12CC3CC(C)(CC(C)(C3)C1)C2,C(CCO)(CCO)CCCCCCCCCCSC1=NN=C(O1)C2=CC=C(C(C)(C)C)C=N2,0.04938271604938271,0.20069412505516868
CC1=C(N)C=CC=C1NC12CC3CC(C)(CC(C)(C3)C1)C2,,0.0,0.0
CC1=C(N)C=CC=C1NC12CC3CC(C)(CC(C)(C3)C1)C2,C(CCO)(CCO)CCCCCCCCCCSC1=NN=C(O1)C2=CC=C(C(C)(C)C)C=N2,0.04938271604938271,0.20069412505516868
CC1=C(N)C=CC=C1NC12CC3CC(C)(CC(C)(C3)C1)C2,C(CCO)(CCCO)CCCCCCCCCCSC1=NN=C(O1)C2=CC=C(C(C)(C)C)C=N2,0.04819277108433735,0.17482503336395672
CC1=C(N)C=CC=C1NC12CC3CC(C)(CC(C)(C3)C1)C2,C(CCO)(CCO)CCCCCCCCCCSC1=NN=C(O1)C2=CC=C(C(C)(C)C)C=N2,0.04938271604938271,0.20069412505516868
CC1=C(N)C=CC=C1NC12CC3CC(C)(CC(C)(C3)C1)C2,C(CCO)(CCCO)CCCCCCCCCCSC1=NN=C(O1)C2=CC=C(C(C)(C)C)C=N2,0.04819277108433735,0.17482503336395672
CC1=C(N)C=CC=C1NC12CC3CC(C)(CC(C)(C3)C1)C2,C(CCO)(CCO)CCCCCCCCCCSC1=NN=C(O1)C2=CC=C(C(C)(C)C)C=N2,0.04938271604938271,0.20069412505516868
CC1=C(N)C=CC=C1NC12CC3CC(C)(CC(C)(C3)C1)C2,C(CCO)(CCO)CCCCCCCCCCSC1=NN=C(O1)C2=CC=C(C(C)(C)C)C=N2,0.04938271604938271,0.20069412505516868
CCCC1CC1NC(=O)N(C)C(C)C1CC1,,0.0,0.0
CCCC1CC1NC(=O)N(C)C(C)C1CC1,,0.0,0.0
CCCC1CC1NC(=O)N(C)C(C)C1CC1,C(CCCCCCCCCCCCCCC)(CCCCCCCCCCCCCCCCCCCCC(OC)=O)C2=CC=C(C)C=C2,0.16393442622950818,0.0531463235489211
CCCC1CC1NC(=O)N(C)C(C)C1CC1,,0.0,0.0
CCCC1CC1NC(=O)N(C)C(C)C1CC1,,0.0,0.0
CCCC1CC1NC(=O)N(C)C(C)C1CC1,,0.0,0.0
CCCC1CC1NC(=O)N(C)C(C)C1CC1,,0.0,0.0
CCCC1CC1NC(=O)N(C)C(C)C1CC1,,0.0,0.0
CCCC1CC1NC(=O)N(C)C(C)C1CC1,,0.0,0.0
CCCC1CC1NC(=O)N(C)C(C)C1CC1,,0.0,0.0
CCCC1CC1NC(=O)N(C)C(C)C1CC1,,0.0,0.0
CCCC1CC1NC(=O)N(C)C(C)C1CC1,,0.0,0.0
CCCC1CC1NC(=O)N(C)C(C)C1CC1,,0.0,0.0
CCCC1CC1NC(=O)N(C)C(C)C1CC1,,0.0,0.0
CCCC1CC1NC(=O)N(C)C(C)C1CC1,,0.0,0.0
CCCC1CC1NC(=O)N(C)C(C)C1CC1,,0.0,0.0
CCCC1CC1NC(=O)N(C)C(C)C1CC1,,0.0,0.0
CCCC1CC1NC(=O)N(C)C(C)C1CC1,,0.0,0.0
CCCC1CC1NC(=O)N(C)C(C)C1CC1,,0.0,0.0
CCCC1CC1NC(=O)N(C)C(C)C1CC1,,0.0,0.0
CCC1=CC=C(N)C=C1S(=O)(=O)N(C)CC(=O)NC,,0.0,0.0
CCC1=CC=C(N)C=C1S(=O)(=O)N(C)CC(=O)NC,CC1=C2C(COC(C)(C)O2)=C(C(CC3=C(COC(C)(C)O4)C4=C(C)N=C3)(C)C)C=N1,0.10144927536231885,0.714208444238621
CCC1=CC=C(N)C=C1S(=O)(=O)N(C)CC(=O)NC,CC1=C2C(COC(C)(C)O2)=C(C(CC3=C(COC(C)(C)O4)C4=C(C)N=C3)(C)C)C=N1,0.10144927536231885,0.714208444238621
CCC1=CC=C(N)C=C1S(=O)(=O)N(C)CC(=O)NC,CC1=C2C(COC(C)(C)O2)=C(C(CC3=C(COC(C)(C)O4)C4=C(C)N=C3)C=C(C)C)C=C1,0.08641975308641975,0.5268743235366774
CCC1=CC=C(N)C=C1S(=O)(=O)N(C)CC(=O)NC,,0.0,0.0
CCC1=CC=C(N)C=C1S(=O)(=O)N(C)CC(=O)NC,,0.0,0.0
CCC1=CC=C(N)C=C1S(=O)(=O)N(C)CC(=O)NC,,0.0,0.0
CCC1=CC=C(N)C=C1S(=O)(=O)N(C)CC(=O)NC,,0.0,0.0
CCC1=CC=C(N)C=C1S(=O)(=O)N(C)CC(=O)NC,CC1=C2C(COC(CCCC)O2)=C(C(C)(C)CCCCCCCCCCCCCCCCCC)C=N1,0.08,0.15692149817781226
CCC1=CC=C(N)C=C1S(=O)(=O)N(C)CC(=O)NC,,0.0,0.0
CCC1=CC=C(N)C=C1S(=O)(=O)N(C)CC(=O)NC,,0.0,0.0
CCC1=CC=C(N)C=C1S(=O)(=O)N(C)CC(=O)NC,CC1=C2C(COC(C)(C)O2)=C(C(CC3=C(COC(C)(C)O4)C4=C(C)N=C3)(C)C)C=N1,0.10144927536231885,0.714208444238621
CCC1=CC=C(N)C=C1S(=O)(=O)N(C)CC(=O)NC,CC1=C2C(COC(C)(C)O2)=C(C(CC3=C(COC(C)(C)O4)C4=C(C)N=C3)(C)C)C=N1,0.10144927536231885,0.714208444238621
CCC1=CC=C(N)C=C1S(=O)(=O)N(C)CC(=O)NC,,0.0,0.0
CCC1=CC=C(N)C=C1S(=O)(=O)N(C)CC(=O)NC,CC1=C2C(COC(C)(C)O2)=C(C(CC3=C(COC(C)(C)O4)C4=C(C)N=C3)(C)C)C=N1,0.10144927536231885,0.714208444238621
CCC1=CC=C(N)C=C1S(=O)(=O)N(C)CC(=O)NC,CC1=C2C(COC(C)(C)O2)=C(C(CC3=C(COC(C)(C)O4)C4=C(C)N=C3)C)C=C1,0.07792207792207792,0.7000978306148437
CCC1=CC=C(N)C=C1S(=O)(=O)N(C)CC(=O)NC,,0.0,0.0
CCC1=CC=C(N)C=C1S(=O)(=O)N(C)CC(=O)NC,CC1=C2C(COC(C)(C)O2)=C(C(CC3=C(COC(C)(C)O4)C4=C(C)N=C3)C)C=C1,0.07792207792207792,0.7000978306148437
CCC1=CC=C(N)C=C1S(=O)(=O)N(C)CC(=O)NC,CC1=C2C(COC(C)(C)O2)=C(C(CC3=C(COC(C)(C)O4)C4=C(C)N=C3)C=C(C)C)C=C1,0.08641975308641975,0.5268743235366774
CCC1=CC=C(N)C=C1S(=O)(=O)N(C)CC(=O)NC,,0.0,0.0
COCCC1(C[NH2+]CC2=C(C)C=CC=C2C)CC1,,0.0,0.0
COCCC1(C[NH2+]CC2=C(C)C=CC=C2C)CC1,CCCCCCCCCCCC(OC1=NC=CC=C1)C,0.11864406779661017,0.4523960247988492
COCCC1(C[NH2+]CC2=C(C)C=CC=C2C)CC1,CCCCCCCCCCCC(OC1=NC=CC=C1),0.15384615384615385,0.47216244963382403
COCCC1(C[NH2+]CC2=C(C)C=CC=C2C)CC1,,0.0,0.0
COCCC1(C[NH2+]CC2=C(C)C=CC=C2C)CC1,CCCCCCCCCCCC(OC1=NC=CC=C1)=O,0.11666666666666667,0.4260075772364941
COCCC1(C[NH2+]CC2=C(C)C=CC=C2C)CC1,CCCCCCCCCCCC(OC1=NC=CC=C1),0.15384615384615385,0.47216244963382403
COCCC1(C[NH2+]CC2=C(C)C=CC=C2C)CC1,,0.0,0.0
COCCC1(C[NH2+]CC2=C(C)C=CC=C2C)CC1,CCCCCCCCCCCC(OC1=NC=CC=C1)C,0.11864406779661017,0.4523960247988492
COCCC1(C[NH2+]CC2=C(C)C=CC=C2C)CC1,,0.0,0.0
COCCC1(C[NH2+]CC2=C(C)C=CC=C2C)CC1,,0.0,0.0
COCCC1(C[NH2+]CC2=C(C)C=CC=C2C)CC1,,0.0,0.0
COCCC1(C[NH2+]CC2=C(C)C=CC=C2C)CC1,,0.0,0.0
COCCC1(C[NH2+]CC2=C(C)C=CC=C2C)CC1,,0.0,0.0
COCCC1(C[NH2+]CC2=C(C)C=CC=C2C)CC1,,0.0,0.0
COCCC1(C[NH2+]CC2=C(C)C=CC=C2C)CC1,,0.0,0.0
COCCC1(C[NH2+]CC2=C(C)C=CC=C2C)CC1,CCCCCCCCCCCC(OC1=NC=CC=C1)=O,0.11666666666666667,0.4260075772364941
COCCC1(C[NH2+]CC2=C(C)C=CC=C2C)CC1,CCCCCCCCCCCC(OC1=NC=CC=C1),0.15384615384615385,0.47216244963382403
COCCC1(C[NH2+]CC2=C(C)C=CC=C2C)CC1,CCCCCCCCCCCC(OC1=NC=CC=C1)=O,0.11666666666666667,0.4260075772364941
COCCC1(C[NH2+]CC2=C(C)C=CC=C2C)CC1,CCCCCCCCCCCC(OC1=NC=CC=C1)=O,0.11666666666666667,0.4260075772364941
COCCC1(C[NH2+]CC2=C(C)C=CC=C2C)CC1,CCCCCCCCCCCC(OC1=NC=CC=C1)=O,0.11666666666666667,0.4260075772364941
COC1=CC=C(C(CNC2=NC3=CC=CC=C3O2)N2CCOCC2)C=C1,CCCCCCCCCCCC(OC1=NC=CC=C1)C,0.14084507042253522,0.4523960247988492
COC1=CC=C(C(CNC2=NC3=CC=CC=C3O2)N2CCOCC2)C=C1,CCCCCCCCCCCC(OC1=NC=CC=C1)C,0.14084507042253522,0.4523960247988492
COC1=CC=C(C(CNC2=NC3=CC=CC=C3O2)N2CCOCC2)C=C1,CCCCCCCCCCCC(OC1=NC=CC=C1)C,0.14084507042253522,0.4523960247988492
COC1=CC=C(C(CNC2=NC3=CC=CC=C3O2)N2CCOCC2)C=C1,CCCCCCCCCCCC(OC1=NC=CC=C1)C,0.14084507042253522,0.4523960247988492
COC1=CC=C(C(CNC2=NC3=CC=CC=C3O2)N2CCOCC2)C=C1,CCCCCCCCCCCC(OC1=NC=CC=C1)C,0.14084507042253522,0.4523960247988492
COC1=CC=C(C(CNC2=NC3=CC=CC=C3O2)N2CCOCC2)C=C1,,0.0,0.0
COC1=CC=C(C(CNC2=NC3=CC=CC=C3O2)N2CCOCC2)C=C1,CCCCCCCCCCCC(OC1=NC=CC=C1)C,0.14084507042253522,0.4523960247988492
COC1=CC=C(C(CNC2=NC3=CC=CC=C3O2)N2CCOCC2)C=C1,CCCCCCCCCCCC(OC1=NC=CC=C1)C,0.14084507042253522,0.4523960247988492
COC1=CC=C(C(CNC2=NC3=CC=CC=C3O2)N2CCOCC2)C=C1,,0.0,0.0
COC1=CC=C(C(CNC2=NC3=CC=CC=C3O2)N2CCOCC2)C=C1,CCCCCCCCCCCC(OC1=NC=CC=C1)C,0.14084507042253522,0.4523960247988492
COC1=CC=C(C(CNC2=NC3=CC=CC=C3O2)N2CCOCC2)C=C1,CCCCCCCCCCCC(OC1=NC=CC=C1)=O,0.1388888888888889,0.4260075772364941
COC1=CC=C(C(CNC2=NC3=CC=CC=C3O2)N2CCOCC2)C=C1,CCCCCCCCCCCC(OC1=NC=CC=C1)=O,0.1388888888888889,0.4260075772364941
COC1=CC=C(C(CNC2=NC3=CC=CC=C3O2)N2CCOCC2)C=C1,CCCCCCCCCCCC(OC1=NC=CC=C1)C,0.14084507042253522,0.4523960247988492
COC1=CC=C(C(CNC2=NC3=CC=CC=C3O2)N2CCOCC2)C=C1,CCCCCCCCCCCC(OC1=NC=CC=C1)C,0.14084507042253522,0.4523960247988492
COC1=CC=C(C(CNC2=NC3=CC=CC=C3O2)N2CCOCC2)C=C1,CCCCCCCCCCCC(OC1=NC=CC=C1)C,0.14084507042253522,0.4523960247988492
COC1=CC=C(C(CNC2=NC3=CC=CC=C3O2)N2CCOCC2)C=C1,CCCCCCCCCCCC(OC1=NC=CC=C1)C,0.14084507042253522,0.4523960247988492
COC1=CC=C(C(CNC2=NC3=CC=CC=C3O2)N2CCOCC2)C=C1,CCCCCCCCCCCC(OC1=NC=CC=C1)C,0.14084507042253522,0.4523960247988492
COC1=CC=C(C(CNC2=NC3=CC=CC=C3O2)N2CCOCC2)C=C1,CCCCCCCCCCCC(OC1=NC=CC=C1)C,0.14084507042253522,0.4523960247988492
COC1=CC=C(C(CNC2=NC3=CC=CC=C3O2)N2CCOCC2)C=C1,CCCCCCCCCCCC(OC1=NC=CC=C1)C,0.14084507042253522,0.4523960247988492
COC1=CC=C(C(CNC2=NC3=CC=CC=C3O2)N2CCOCC2)C=C1,CCCCCCCCCCCC(OC1=NC=CC=C1)C,0.14084507042253522,0.4523960247988492
COC1=CC(F)=CC(CNC(=O)NC(C)C(CO)SC)=C1,,0.0,0.0
COC1=CC(F)=CC(CNC(=O)NC(C)C(CO)SC)=C1,,0.0,0.0
COC1=CC(F)=CC(CNC(=O)NC(C)C(CO)SC)=C1,,0.0,0.0
COC1=CC(F)=CC(CNC(=O)NC(C)C(CO)SC)=C1,,0.0,0.0
COC1=CC(F)=CC(CNC(=O)NC(C)C(CO)SC)=C1,,0.0,0.0
COC1=CC(F)=CC(CNC(=O)NC(C)C(CO)SC)=C1,CC1=C2C(COC(C(C)CCCCCCCCC)O2)=C(C(C)(C)CCCCCCCCCCCCCCCCCC)C=N1,0.06976744186046512,0.09424825033537548
COC1=CC(F)=CC(CNC(=O)NC(C)C(CO)SC)=C1,C(CC1=C(OC(C)(C)OC2)C2=C(CO)C(CO)=N1)(C/C=C/C#CC(C)(C)C)CC4=CC=CC5=CC=CC=C54,0.1,0.3479060997562587
COC1=CC(F)=CC(CNC(=O)NC(C)C(CO)SC)=C1,,0.0,0.0
COC1=CC(F)=CC(CNC(=O)NC(C)C(CO)SC)=C1,C(CC1=C(OC(C)(C)OC2)C2=C(CO)C(CO)=N1)(C/C=C/C#CC(C)(C)C)CC4=CC=CC5=CC=CC=C54,0.1,0.3479060997562587
COC1=CC(F)=CC(CNC(=O)NC(C)C(CO)SC)=C1,,0.0,0.0
COC1=CC(F)=CC(CNC(=O)NC(C)C(CO)SC)=C1,,0.0,0.0
COC1=CC(F)=CC(CNC(=O)NC(C)C(CO)SC)=C1,,0.0,0.0
COC1=CC(F)=CC(CNC(=O)NC(C)C(CO)SC)=C1,,0.0,0.0
COC1=CC(F)=CC(CNC(=O)NC(C)C(CO)SC)=C1,,0.0,0.0
COC1=CC(F)=CC(CNC(=O)NC(C)C(CO)SC)=C1,,0.0,0.0
COC1=CC(F)=CC(CNC(=O)NC(C)C(CO)SC)=C1,,0.0,0.0
COC1=CC(F)=CC(CNC(=O)NC(C)C(CO)SC)=C1,,0.0,0.0
COC1=CC(F)=CC(CNC(=O)NC(C)C(CO)SC)=C1,,0.0,0.0
COC1=CC(F)=CC(CNC(=O)NC(C)C(CO)SC)=C1,C(CC1=C(OC(C)(C)OC2)C2=C(CO)C(CO)=N1)(C/C=C/C#CC(C)(C)C)CC4=CC=CC5=CC=CC=C54,0.1,0.3479060997562587
COC1=CC(F)=CC(CNC(=O)NC(C)C(CO)SC)=C1,,0.0,0.0
CCCC(C1=NN=NN1CC1CCCO1)[NH+]1CCN(C2=CC(C)=CC=C2C)CC1,,0.0,0.0
CCCC(C1=NN=NN1CC1CCCO1)[NH+]1CCN(C2=CC(C)=CC=C2C)CC1,,0.0,0.0
CCCC(C1=NN=NN1CC1CCCO1)[NH+]1CCN(C2=CC(C)=CC=C2C)CC1,,0.0,0.0
CCCC(C1=NN=NN1CC1CCCO1)[NH+]1CCN(C2=CC(C)=CC=C2C)CC1,,0.0,0.0
CCCC(C1=NN=NN1CC1CCCO1)[NH+]1CCN(C2=CC(C)=CC=C2C)CC1,,0.0,0.0
CCCC(C1=NN=NN1CC1CCCO1)[NH+]1CCN(C2=CC(C)=CC=C2C)CC1,C(CCCCCCCCCCCCCCCCCCCCCCCCCCCCCCC)C,0.06451612903225806,0.09265803311375906
CCCC(C1=NN=NN1CC1CCCO1)[NH+]1CCN(C2=CC(C)=CC=C2C)CC1,,0.0,0.0
CCCC(C1=NN=NN1CC1CCCO1)[NH+]1CCN(C2=CC(C)=CC=C2C)CC1,,0.0,0.0
CCCC(C1=NN=NN1CC1CCCO1)[NH+]1CCN(C2=CC(C)=CC=C2C)CC1,,0.0,0.0
CCCC(C1=NN=NN1CC1CCCO1)[NH+]1CCN(C2=CC(C)=CC=C2C)CC1,,0.0,0.0
CCCC(C1=NN=NN1CC1CCCO1)[NH+]1CCN(C2=CC(C)=CC=C2C)CC1,C(C)CCCCCCCCCCCCCCCCCC(C)CC1=CC=CC=C1,0.13513513513513514,0.1954833220466713
CCCC(C1=NN=NN1CC1CCCO1)[NH+]1CCN(C2=CC(C)=CC=C2C)CC1,,0.0,0.0
CCCC(C1=NN=NN1CC1CCCO1)[NH+]1CCN(C2=CC(C)=CC=C2C)CC1,,0.0,0.0
CCCC(C1=NN=NN1CC1CCCO1)[NH+]1CCN(C2=CC(C)=CC=C2C)CC1,,0.0,0.0
CCCC(C1=NN=NN1CC1CCCO1)[NH+]1CCN(C2=CC(C)=CC=C2C)CC1,,0.0,0.0
CCCC(C1=NN=NN1CC1CCCO1)[NH+]1CCN(C2=CC(C)=CC=C2C)CC1,,0.0,0.0
CCCC(C1=NN=NN1CC1CCCO1)[NH+]1CCN(C2=CC(C)=CC=C2C)CC1,,0.0,0.0
CCCC(C1=NN=NN1CC1CCCO1)[NH+]1CCN(C2=CC(C)=CC=C2C)CC1,,0.0,0.0
CCCC(C1=NN=NN1CC1CCCO1)[NH+]1CCN(C2=CC(C)=CC=C2C)CC1,,0.0,0.0
CCCC(C1=NN=NN1CC1CCCO1)[NH+]1CCN(C2=CC(C)=CC=C2C)CC1,,0.0,0.0
COC1=CC=C(N2C(=O)CSC2C2=CC=C(Cl)C=C2)C=C1Cl,CCCCCCCCCCCC(OC1=NC=CC=C1)C,0.07246376811594203,0.4523960247988492
COC1=CC=C(N2C(=O)CSC2C2=CC=C(Cl)C=C2)C=C1Cl,CCCCCCCCCCCC(OC1=NC=CC=C1)=O,0.08695652173913043,0.4260075772364941
COC1=CC=C(N2C(=O)CSC2C2=CC=C(Cl)C=C2)C=C1Cl,,0.0,0.0
COC1=CC=C(N2C(=O)CSC2C2=CC=C(Cl)C=C2)C=C1Cl,CCCCCCCCCCCC(OC1=NC=CC=C1)C,0.07246376811594203,0.4523960247988492
COC1=CC=C(N2C(=O)CSC2C2=CC=C(Cl)C=C2)C=C1Cl,CCCCCCCCCCCC(OC1=NC=CC=C1)C,0.07246376811594203,0.4523960247988492
COC1=CC=C(N2C(=O)CSC2C2=CC=C(Cl)C=C2)C=C1Cl,CCCCCCCCCCCC(OC1=NC=CC=C1)C,0.07246376811594203,0.4523960247988492
COC1=CC=C(N2C(=O)CSC2C2=CC=C(Cl)C=C2)C=C1Cl,CCCCCCCCCCCC(OC1=NC=CC=C1)C,0.07246376811594203,0.4523960247988492
COC1=CC=C(N2C(=O)CSC2C2=CC=C(Cl)C=C2)C=C1Cl,,0.0,0.0
COC1=CC=C(N2C(=O)CSC2C2=CC=C(Cl)C=C2)C=C1Cl,CCCCCCCCCCCC(OC1=NC=CC=C1)C,0.07246376811594203,0.4523960247988492
COC1=CC=C(N2C(=O)CSC2C2=CC=C(Cl)C=C2)C=C1Cl,,0.0,0.0
COC1=CC=C(N2C(=O)CSC2C2=CC=C(Cl)C=C2)C=C1Cl,CCCCCCCCCCCC(OC1=NC=CC=C1)C,0.07246376811594203,0.4523960247988492
COC1=CC=C(N2C(=O)CSC2C2=CC=C(Cl)C=C2)C=C1Cl,CCCCCCCCCCCC(OC1=NC=CC=C1)=O,0.08695652173913043,0.4260075772364941
COC1=CC=C(N2C(=O)CSC2C2=CC=C(Cl)C=C2)C=C1Cl,CCCCCCCCCCCC(OC1=NC=CC=C1)C,0.07246376811594203,0.4523960247988492
COC1=CC=C(N2C(=O)CSC2C2=CC=C(Cl)C=C2)C=C1Cl,CCCCCCCCCCCC(OC1=NC=CC=C1)C,0.07246376811594203,0.4523960247988492
COC1=CC=C(N2C(=O)CSC2C2=CC=C(Cl)C=C2)C=C1Cl,CCCCCCCCCCCC(OC1=NC=CC=C1)C,0.07246376811594203,0.4523960247988492
COC1=CC=C(N2C(=O)CSC2C2=CC=C(Cl)C=C2)C=C1Cl,,0.0,0.0
COC1=CC=C(N2C(=O)CSC2C2=CC=C(Cl)C=C2)C=C1Cl,CCCCCCCCCCCC(OC1=NC=CC=C1)C,0.07246376811594203,0.4523960247988492
COC1=CC=C(N2C(=O)CSC2C2=CC=C(Cl)C=C2)C=C1Cl,CCCCCCCCCCCC(OC1=NC=CC=C1)=O,0.08695652173913043,0.4260075772364941
COC1=CC=C(N2C(=O)CSC2C2=CC=C(Cl)C=C2)C=C1Cl,CCCCCCCCCCCC(OC1=NC=CC=C1)C,0.07246376811594203,0.4523960247988492
COC1=CC=C(N2C(=O)CSC2C2=CC=C(Cl)C=C2)C=C1Cl,CCCCCCCCCCCC(OC1=NC=CC=C1)C,0.07246376811594203,0.4523960247988492
O=C(NCC(C1=CC=CO1)[NH+]1CCCCC1)C1CCN(C(=O)C2=CC=C(F)C=C2)CC1,,0.0,0.0
O=C(NCC(C1=CC=CO1)[NH+]1CCCCC1)C1CCN(C(=O)C2=CC=C(F)C=C2)CC1,,0.0,0.0
O=C(NCC(C1=CC=CO1)[NH+]1CCCCC1)C1CCN(C(=O)C2=CC=C(F)C=C2)CC1,,0.0,0.0
O=C(NCC(C1=CC=CO1)[NH+]1CCCCC1)C1CCN(C(=O)C2=CC=C(F)C=C2)CC1,,0.0,0.0
O=C(NCC(C1=CC=CO1)[NH+]1CCCCC1)C1CCN(C(=O)C2=CC=C(F)C=C2)CC1,,0.0,0.0
O=C(NCC(C1=CC=CO1)[NH+]1CCCCC1)C1CCN(C(=O)C2=CC=C(F)C=C2)CC1,,0.0,0.0
O=C(NCC(C1=CC=CO1)[NH+]1CCCCC1)C1CCN(C(=O)C2=CC=C(F)C=C2)CC1,,0.0,0.0
O=C(NCC(C1=CC=CO1)[NH+]1CCCCC1)C1CCN(C(=O)C2=CC=C(F)C=C2)CC1,,0.0,0.0
O=C(NCC(C1=CC=CO1)[NH+]1CCCCC1)C1CCN(C(=O)C2=CC=C(F)C=C2)CC1,,0.0,0.0
O=C(NCC(C1=CC=CO1)[NH+]1CCCCC1)C1CCN(C(=O)C2=CC=C(F)C=C2)CC1,,0.0,0.0
O=C(NCC(C1=CC=CO1)[NH+]1CCCCC1)C1CCN(C(=O)C2=CC=C(F)C=C2)CC1,,0.0,0.0
O=C(NCC(C1=CC=CO1)[NH+]1CCCCC1)C1CCN(C(=O)C2=CC=C(F)C=C2)CC1,,0.0,0.0
O=C(NCC(C1=CC=CO1)[NH+]1CCCCC1)C1CCN(C(=O)C2=CC=C(F)C=C2)CC1,,0.0,0.0
O=C(NCC(C1=CC=CO1)[NH+]1CCCCC1)C1CCN(C(=O)C2=CC=C(F)C=C2)CC1,,0.0,0.0
O=C(NCC(C1=CC=CO1)[NH+]1CCCCC1)C1CCN(C(=O)C2=CC=C(F)C=C2)CC1,,0.0,0.0
O=C(NCC(C1=CC=CO1)[NH+]1CCCCC1)C1CCN(C(=O)C2=CC=C(F)C=C2)CC1,,0.0,0.0
O=C(NCC(C1=CC=CO1)[NH+]1CCCCC1)C1CCN(C(=O)C2=CC=C(F)C=C2)CC1,,0.0,0.0
O=C(NCC(C1=CC=CO1)[NH+]1CCCCC1)C1CCN(C(=O)C2=CC=C(F)C=C2)CC1,,0.0,0.0
O=C(NCC(C1=CC=CO1)[NH+]1CCCCC1)C1CCN(C(=O)C2=CC=C(F)C=C2)CC1,,0.0,0.0
O=C(NCC(C1=CC=CO1)[NH+]1CCCCC1)C1CCN(C(=O)C2=CC=C(F)C=C2)CC1,,0.0,0.0
CC1(C)CC1NC(=O)C(C)(N)C(F)(F)F,,0.0,0.0
CC1(C)CC1NC(=O)C(C)(N)C(F)(F)F,,0.0,0.0
CC1(C)CC1NC(=O)C(C)(N)C(F)(F)F,,0.0,0.0
CC1(C)CC1NC(=O)C(C)(N)C(F)(F)F,,0.0,0.0
CC1(C)CC1NC(=O)C(C)(N)C(F)(F)F,,0.0,0.0
CC1(C)CC1NC(=O)C(C)(N)C(F)(F)F,CC1=C2C(COC(CCCCCCCCCCCCCCC)O2)=C(C(CC3=C(COC(C)(C)O4)C4=C(C)N=C3)(C)C)C=N1,0.09210526315789473,0.16986188794477164
CC1(C)CC1NC(=O)C(C)(N)C(F)(F)F,CC1=C2C(COC(CCCCCCCCCCCCCCC)O2)=C(C(CC3=C(COC(C)(C)O4)C4=C(C)N=C3)(C)C)C=N1,0.09210526315789473,0.16986188794477164
CC1(C)CC1NC(=O)C(C)(N)C(F)(F)F,,0.0,0.0
CC1(C)CC1NC(=O)C(C)(N)C(F)(F)F,,0.0,0.0
CC1(C)CC1NC(=O)C(C)(N)C(F)(F)F,,0.0,0.0
CC1(C)CC1NC(=O)C(C)(N)C(F)(F)F,,0.0,0.0
CC1(C)CC1NC(=O)C(C)(N)C(F)(F)F,,0.0,0.0
CC1(C)CC1NC(=O)C(C)(N)C(F)(F)F,,0.0,0.0
CC1(C)CC1NC(=O)C(C)(N)C(F)(F)F,CC1=C2C(COC(CCCCCCCCCCCCCCC)O2)=C(C(CC3=C(COC(C)(C)O4)C4=C(C)N=C3)(C)C)C=N1,0.09210526315789473,0.16986188794477164
CC1(C)CC1NC(=O)C(C)(N)C(F)(F)F,,0.0,0.0
CC1(C)CC1NC(=O)C(C)(N)C(F)(F)F,CC1=C2C(COC(CCCCCCCCCCC)O2)=C(C(CC3=C(COC(C)(C)O4)C4=C(C)N=C3)(C)C)C=N1,0.09210526315789473,0.2385738012077454
CC1(C)CC1NC(=O)C(C)(N)C(F)(F)F,,0.0,0.0
CC1(C)CC1NC(=O)C(C)(N)C(F)(F)F,,0.0,0.0
CC1(C)CC1NC(=O)C(C)(N)C(F)(F)F,,0.0,0.0
CC1(C)CC1NC(=O)C(C)(N)C(F)(F)F,,0.0,0.0
CC(C)(C)OC(=O)N1CCCC1CC(=O)C1CCCCC1,,0.0,0.0
CC(C)(C)OC(=O)N1CCCC1CC(=O)C1CCCCC1,,0.0,0.0
CC(C)(C)OC(=O)N1CCCC1CC(=O)C1CCCCC1,,0.0,0.0
CC(C)(C)OC(=O)N1CCCC1CC(=O)C1CCCCC1,,0.0,0.0
CC(C)(C)OC(=O)N1CCCC1CC(=O)C1CCCCC1,,0.0,0.0
CC(C)(C)OC(=O)N1CCCC1CC(=O)C1CCCCC1,,0.0,0.0
CC(C)(C)OC(=O)N1CCCC1CC(=O)C1CCCCC1,,0.0,0.0
CC(C)(C)OC(=O)N1CCCC1CC(=O)C1CCCCC1,,0.0,0.0
CC(C)(C)OC(=O)N1CCCC1CC(=O)C1CCCCC1,,0.0,0.0
CC(C)(C)OC(=O)N1CCCC1CC(=O)C1CCCCC1,,0.0,0.0
CC(C)(C)OC(=O)N1CCCC1CC(=O)C1CCCCC1,,0.0,0.0
CC(C)(C)OC(=O)N1CCCC1CC(=O)C1CCCCC1,,0.0,0.0
CC(C)(C)OC(=O)N1CCCC1CC(=O)C1CCCCC1,,0.0,0.0
CC(C)(C)OC(=O)N1CCCC1CC(=O)C1CCCCC1,,0.0,0.0
CC(C)(C)OC(=O)N1CCCC1CC(=O)C1CCCCC1,,0.0,0.0
CC(C)(C)OC(=O)N1CCCC1CC(=O)C1CCCCC1,,0.0,0.0
CC(C)(C)OC(=O)N1CCCC1CC(=O)C1CCCCC1,,0.0,0.0
CC(C)(C)OC(=O)N1CCCC1CC(=O)C1CCCCC1,,0.0,0.0
CC(C)(C)OC(=O)N1CCCC1CC(=O)C1CCCCC1,,0.0,0.0
CC(C)(C)OC(=O)N1CCCC1CC(=O)C1CCCCC1,,0.0,0.0
O=C(NCC1CCC[NH+](CC2=CC=CC=C2F)C1)C1=NNC=N1,,0.0,0.0
O=C(NCC1CCC[NH+](CC2=CC=CC=C2F)C1)C1=NNC=N1,,0.0,0.0
O=C(NCC1CCC[NH+](CC2=CC=CC=C2F)C1)C1=NNC=N1,,0.0,0.0
O=C(NCC1CCC[NH+](CC2=CC=CC=C2F)C1)C1=NNC=N1,,0.0,0.0
O=C(NCC1CCC[NH+](CC2=CC=CC=C2F)C1)C1=NNC=N1,,0.0,0.0
O=C(NCC1CCC[NH+](CC2=CC=CC=C2F)C1)C1=NNC=N1,,0.0,0.0
O=C(NCC1CCC[NH+](CC2=CC=CC=C2F)C1)C1=NNC=N1,,0.0,0.0
O=C(NCC1CCC[NH+](CC2=CC=CC=C2F)C1)C1=NNC=N1,,0.0,0.0
O=C(NCC1CCC[NH+](CC2=CC=CC=C2F)C1)C1=NNC=N1,,0.0,0.0
O=C(NCC1CCC[NH+](CC2=CC=CC=C2F)C1)C1=NNC=N1,,0.0,0.0
O=C(NCC1CCC[NH+](CC2=CC=CC=C2F)C1)C1=NNC=N1,,0.0,0.0
O=C(NCC1CCC[NH+](CC2=CC=CC=C2F)C1)C1=NNC=N1,,0.0,0.0
O=C(NCC1CCC[NH+](CC2=CC=CC=C2F)C1)C1=NNC=N1,,0.0,0.0
O=C(NCC1CCC[NH+](CC2=CC=CC=C2F)C1)C1=NNC=N1,,0.0,0.0
O=C(NCC1CCC[NH+](CC2=CC=CC=C2F)C1)C1=NNC=N1,,0.0,0.0
O=C(NCC1CCC[NH+](CC2=CC=CC=C2F)C1)C1=NNC=N1,,0.0,0.0
O=C(NCC1CCC[NH+](CC2=CC=CC=C2F)C1)C1=NNC=N1,,0.0,0.0
O=C(NCC1CCC[NH+](CC2=CC=CC=C2F)C1)C1=NNC=N1,,0.0,0.0
O=C(NCC1CCC[NH+](CC2=CC=CC=C2F)C1)C1=NNC=N1,,0.0,0.0
O=C(NCC1CCC[NH+](CC2=CC=CC=C2F)C1)C1=NNC=N1,,0.0,0.0
COC1=CC=C(C(NC2=NN=C(C)S2)C2=CC=C(F)C=C2)C=C1,,0.0,0.0
COC1=CC=C(C(NC2=NN=C(C)S2)C2=CC=C(F)C=C2)C=C1,,0.0,0.0
COC1=CC=C(C(NC2=NN=C(C)S2)C2=CC=C(F)C=C2)C=C1,C(CCO)(CCCO)CCCCCCCCCCCCSC1=NN=C(O1)C2=CC=C(C(C)(C)C)C=N2,0.08641975308641975,0.13748547830299254
COC1=CC=C(C(NC2=NN=C(C)S2)C2=CC=C(F)C=C2)C=C1,C(CC1=C(OC(CCC)OC2)C2=C(COC(CCC)OC3)C3=N1)(C/C=C/C#CC(C)(C)C)CC4=CC=CC5=CC=CC=C54,0.061224489795918366,0.2239428941123486
COC1=CC=C(C(NC2=NN=C(C)S2)C2=CC=C(F)C=C2)C=C1,C(CC1=C(OC(CCC)OC2)C2=C(COC(CCC)OC3)C3=N1)(C/C=C/C#CC(C)(C)C)CC4=CC=CC5=CC=CC=C54,0.061224489795918366,0.2239428941123486
COC1=CC=C(C(NC2=NN=C(C)S2)C2=CC=C(F)C=C2)C=C1,,0.0,0.0
COC1=CC=C(C(NC2=NN=C(C)S2)C2=CC=C(F)C=C2)C=C1,,0.0,0.0
COC1=CC=C(C(NC2=NN=C(C)S2)C2=CC=C(F)C=C2)C=C1,C(CC1=C(OC(CCC)OC2)C2=C(COC(CCC)OC3)C3=N1)(C/C=C/C#CC(C)(C)C)CC4=CC=CC5=CC=CC=C54,0.061224489795918366,0.2239428941123486
COC1=CC=C(C(NC2=NN=C(C)S2)C2=CC=C(F)C=C2)C=C1,C(CC1=C(OC(CCC)OC2)C2=C(COC(CCC)OC3)C3=N1)(C/C=C/C#CC(C)(C)C)CC4=CC=CC5=CC=CC=C54,0.061224489795918366,0.2239428941123486
COC1=CC=C(C(NC2=NN=C(C)S2)C2=CC=C(F)C=C2)C=C1,,0.0,0.0
COC1=CC=C(C(NC2=NN=C(C)S2)C2=CC=C(F)C=C2)C=C1,C(CC1=C(OC(CCC)OC2)C2=C(COC(CCC)OC3)C3=N1)(C/C=C/C#CC(C)(C)C)CC4=CC=CC5=CC=CC=C54,0.061224489795918366,0.2239428941123486
COC1=CC=C(C(NC2=NN=C(C)S2)C2=CC=C(F)C=C2)C=C1,C(CC1=C(OC(CCC)OC2)C2=C(COC(CCC)OC3)C3=N1)(C/C=C/C#CC(C)(C)C)CC4=CC=CC5=CC=CC=C54,0.061224489795918366,0.2239428941123486
COC1=CC=C(C(NC2=NN=C(C)S2)C2=CC=C(F)C=C2)C=C1,,0.0,0.0
COC1=CC=C(C(NC2=NN=C(C)S2)C2=CC=C(F)C=C2)C=C1,C(CC1=C(OC(C)(C)OC2)C2=C(COC(CCC)OC3)C3=N1)(C/C=C/C#CC(C)(C)C)CC4=CC=CC5=CC=CC=C54,0.0673076923076923,0.2556919767097494
COC1=CC=C(C(NC2=NN=C(C)S2)C2=CC=C(F)C=C2)C=C1,,0.0,0.0
COC1=CC=C(C(NC2=NN=C(C)S2)C2=CC=C(F)C=C2)C=C1,,0.0,0.0
COC1=CC=C(C(NC2=NN=C(C)S2)C2=CC=C(F)C=C2)C=C1,C(CC1=C(OC(CCC)OC2)C2=C(COC(CCC)OC3)C3=N1)(C/C=C/C#CC(C)(C)C)CC4=CC=CC5=CC=CC=C54,0.061224489795918366,0.2239428941123486
COC1=CC=C(C(NC2=NN=C(C)S2)C2=CC=C(F)C=C2)C=C1,,0.0,0.0
COC1=CC=C(C(NC2=NN=C(C)S2)C2=CC=C(F)C=C2)C=C1,,0.0,0.0
COC1=CC=C(C(NC2=NN=C(C)S2)C2=CC=C(F)C=C2)C=C1,,0.0,0.0
CC(C)[NH2+]CC1CC[NH+](CCSC2=CC=CC=C2)CC1,CCCCCCCCCCCC(OC1=NC=CC=C1)=O,0.12698412698412698,0.4260075772364941
CC(C)[NH2+]CC1CC[NH+](CCSC2=CC=CC=C2)CC1,CCCCCCCCCCCC(OC1=NC=CC=C1)=O,0.12698412698412698,0.4260075772364941
CC(C)[NH2+]CC1CC[NH+](CCSC2=CC=CC=C2)CC1,CCCCCCCCCCCC(OC1=NC=CC=C1)=O,0.12698412698412698,0.4260075772364941
CC(C)[NH2+]CC1CC[NH+](CCSC2=CC=CC=C2)CC1,CCCCCCCCCCCC(OC1=NC=CC=C1)C,0.14754098360655737,0.4523960247988492
CC(C)[NH2+]CC1CC[NH+](CCSC2=CC=CC=C2)CC1,CCCCCCCCCCCC(OC1=NC=CC=C1)=O,0.12698412698412698,0.4260075772364941
CC(C)[NH2+]CC1CC[NH+](CCSC2=CC=CC=C2)CC1,CCCCCCCCCCCC(OC1=NC=CC=C1)=O,0.12698412698412698,0.4260075772364941
CC(C)[NH2+]CC1CC[NH+](CCSC2=CC=CC=C2)CC1,CCCCCCCCCCCC(OC1=NC=CC=C1)=O,0.12698412698412698,0.4260075772364941
CC(C)[NH2+]CC1CC[NH+](CCSC2=CC=CC=C2)CC1,CCCCCCCCCCCC(OC1=NC=CC=C1)=O,0.12698412698412698,0.4260075772364941
CC(C)[NH2+]CC1CC[NH+](CCSC2=CC=CC=C2)CC1,CCCCCCCCCCCC(OC1=NC=CC=C1)=O,0.12698412698412698,0.4260075772364941
CC(C)[NH2+]CC1CC[NH+](CCSC2=CC=CC=C2)CC1,CCCCCCCCCCCC(OC1=NC=CC=C1)C,0.14754098360655737,0.4523960247988492
CC(C)[NH2+]CC1CC[NH+](CCSC2=CC=CC=C2)CC1,CCCCCCCCCCCC(OC1=NC=CC=C1)=O,0.12698412698412698,0.4260075772364941
CC(C)[NH2+]CC1CC[NH+](CCSC2=CC=CC=C2)CC1,CCCCCCCCCCCC(OC1=NC=CC=C1)=O,0.12698412698412698,0.4260075772364941
CC(C)[NH2+]CC1CC[NH+](CCSC2=CC=CC=C2)CC1,CCCCCCCCCCCC(OC1=NC=CC=C1)=O,0.12698412698412698,0.4260075772364941
CC(C)[NH2+]CC1CC[NH+](CCSC2=CC=CC=C2)CC1,CCCCCCCCCCCC(OC1=NC=CC=C1)=O,0.12698412698412698,0.4260075772364941
CC(C)[NH2+]CC1CC[NH+](CCSC2=CC=CC=C2)CC1,CCCCCCCCCCCC(OC1=NC=CC=C1)C,0.14754098360655737,0.4523960247988492
CC(C)[NH2+]CC1CC[NH+](CCSC2=CC=CC=C2)CC1,CCCCCCCCCCCC(OC1=NC=CC=C1)=O,0.12698412698412698,0.4260075772364941
CC(C)[NH2+]CC1CC[NH+](CCSC2=CC=CC=C2)CC1,CCCCCCCCCCCC(OC1=NC=CC=C1)C,0.14754098360655737,0.4523960247988492
CC(C)[NH2+]CC1CC[NH+](CCSC2=CC=CC=C2)CC1,CCCCCCCCCCCC(OC1=NC=CC=C1)=O,0.12698412698412698,0.4260075772364941
CC(C)[NH2+]CC1CC[NH+](CCSC2=CC=CC=C2)CC1,CCCCCCCCCCCC(OC1=NC=CC=C1)=O,0.12698412698412698,0.4260075772364941
CC(C)[NH2+]CC1CC[NH+](CCSC2=CC=CC=C2)CC1,CCCCCCCCCCCC(OC1=NC=CC=C1)C,0.14754098360655737,0.4523960247988492
CC(CC1=CC=C(C2CC2)C=C1)C(=O)[O-],,0.0,0.0
CC(CC1=CC=C(C2CC2)C=C1)C(=O)[O-],,0.0,0.0
CC(CC1=CC=C(C2CC2)C=C1)C(=O)[O-],,0.0,0.0
CC(CC1=CC=C(C2CC2)C=C1)C(=O)[O-],,0.0,0.0
CC(CC1=CC=C(C2CC2)C=C1)C(=O)[O-],,0.0,0.0
CC(CC1=CC=C(C2CC2)C=C1)C(=O)[O-],,0.0,0.0
CC(CC1=CC=C(C2CC2)C=C1)C(=O)[O-],,0.0,0.0
CC(CC1=CC=C(C2CC2)C=C1)C(=O)[O-],,0.0,0.0
CC(CC1=CC=C(C2CC2)C=C1)C(=O)[O-],,0.0,0.0
CC(CC1=CC=C(C2CC2)C=C1)C(=O)[O-],,0.0,0.0
CC(CC1=CC=C(C2CC2)C=C1)C(=O)[O-],,0.0,0.0
CC(CC1=CC=C(C2CC2)C=C1)C(=O)[O-],,0.0,0.0
CC(CC1=CC=C(C2CC2)C=C1)C(=O)[O-],,0.0,0.0
CC(CC1=CC=C(C2CC2)C=C1)C(=O)[O-],,0.0,0.0
CC(CC1=CC=C(C2CC2)C=C1)C(=O)[O-],,0.0,0.0
CC(CC1=CC=C(C2CC2)C=C1)C(=O)[O-],,0.0,0.0
CC(CC1=CC=C(C2CC2)C=C1)C(=O)[O-],,0.0,0.0
CC(CC1=CC=C(C2CC2)C=C1)C(=O)[O-],,0.0,0.0
CC(CC1=CC=C(C2CC2)C=C1)C(=O)[O-],,0.0,0.0
CC(CC1=CC=C(C2CC2)C=C1)C(=O)[O-],,0.0,0.0
CC1=CN(CC(=O)C(C#N)C2=NC([O-])=C3C=CC(Cl)=CC3=N2)N=C1,,0.0,0.0
CC1=CN(CC(=O)C(C#N)C2=NC([O-])=C3C=CC(Cl)=CC3=N2)N=C1,CCCCCCCCCCCCCCCCCC(C)(CC1=C(C)C(OC(C)=O)=C(C)N=C1)C,0.11764705882352941,0.15264426487078303
CC1=CN(CC(=O)C(C#N)C2=NC([O-])=C3C=CC(Cl)=CC3=N2)N=C1,,0.0,0.0
CC1=CN(CC(=O)C(C#N)C2=NC([O-])=C3C=CC(Cl)=CC3=N2)N=C1,,0.0,0.0
CC1=CN(CC(=O)C(C#N)C2=NC([O-])=C3C=CC(Cl)=CC3=N2)N=C1,CCCCCCCCCCCC(C)(CC1=C(C)C(OC(C)=O)=C(C)N=C1)C,0.11764705882352941,0.2721638669616973
CC1=CN(CC(=O)C(C#N)C2=NC([O-])=C3C=CC(Cl)=CC3=N2)N=C1,CCCCCCCCCCCCCCCC(C)(CC1=C(C)C(OC(C)=O)=C(C)N=C1)C,0.11764705882352941,0.18282383408538155
CC1=CN(CC(=O)C(C#N)C2=NC([O-])=C3C=CC(Cl)=CC3=N2)N=C1,CCCCCCCCCCCCCC(C)(CC1=C(C)C(OC(C)=O)=C(C)N=C1)C,0.11764705882352941,0.22060217483200334
CC1=CN(CC(=O)C(C#N)C2=NC([O-])=C3C=CC(Cl)=CC3=N2)N=C1,CCCCCCCCCCCC(C)(CC1=C(C)C(OC(C)=O)=C(C)N=C1)C,0.11764705882352941,0.2721638669616973
CC1=CN(CC(=O)C(C#N)C2=NC([O-])=C3C=CC(Cl)=CC3=N2)N=C1,,0.0,0.0
CC1=CN(CC(=O)C(C#N)C2=NC([O-])=C3C=CC(Cl)=CC3=N2)N=C1,,0.0,0.0
CC1=CN(CC(=O)C(C#N)C2=NC([O-])=C3C=CC(Cl)=CC3=N2)N=C1,CCCCCCCCCCCCCCCCCC(C)(CC1=C(C)C(OC(C)=O)=C(C)N=C1)C,0.11764705882352941,0.15264426487078303
CC1=CN(CC(=O)C(C#N)C2=NC([O-])=C3C=CC(Cl)=CC3=N2)N=C1,CCCCCCCCCCCC(C)(CC1=C(C)C(OC(C)=O)=C(C)N=C1)C,0.11764705882352941,0.2721638669616973
CC1=CN(CC(=O)C(C#N)C2=NC([O-])=C3C=CC(Cl)=CC3=N2)N=C1,CCCCCCCCCCCCCCCCCC(C)(CC1=C(C)C(OC(C)=O)=C(C)N=C1)C,0.11764705882352941,0.15264426487078303
CC1=CN(CC(=O)C(C#N)C2=NC([O-])=C3C=CC(Cl)=CC3=N2)N=C1,CCCCCCCCCC(C)(CC1=C(C)C(OC(C)=O)=C(C)N=C1)C,0.11764705882352941,0.34648454331069145
CC1=CN(CC(=O)C(C#N)C2=NC([O-])=C3C=CC(Cl)=CC3=N2)N=C1,CCCCCCCCCCCC(C)(CC1=C(C)C(OC(C)=O)=C(C)N=C1)C,0.11764705882352941,0.2721638669616973
CC1=CN(CC(=O)C(C#N)C2=NC([O-])=C3C=CC(Cl)=CC3=N2)N=C1,CCCCCCCCCCCCCC(C)(CC1=C(C)C(OC(C)=O)=C(C)N=C1)C,0.11764705882352941,0.22060217483200334
CC1=CN(CC(=O)C(C#N)C2=NC([O-])=C3C=CC(Cl)=CC3=N2)N=C1,CCCCCCCCCCCCCCCC(C)(CC1=C(C)C(OC(C)=O)=C(C)N=C1)C,0.11764705882352941,0.18282383408538155
CC1=CN(CC(=O)C(C#N)C2=NC([O-])=C3C=CC(Cl)=CC3=N2)N=C1,CCCCCCCCCCCCCCCCCC(C)(CC1=C(C)C(OC(C)=O)=C(C)N=C1)C,0.11764705882352941,0.15264426487078303
CC1=CN(CC(=O)C(C#N)C2=NC([O-])=C3C=CC(Cl)=CC3=N2)N=C1,,0.0,0.0
CC1=CN(CC(=O)C(C#N)C2=NC([O-])=C3C=CC(Cl)=CC3=N2)N=C1,CCCCCCCCCCCCCCCCCC(C)(CC1=C(C)C(OC(C)=O)=C(C)N=C1)C,0.11764705882352941,0.15264426487078303
CCC1=C(NC(=O)C2=C(C)OC(N3C=CC=C3)=C2C#N)C(C)=NO1,CC1=C2C(COC(C)(C)O2)=C(C(CC3=C(COC(C)(C)O4)C4=C(C)N=C3)(C)C)C=N1,0.1,0.714208444238621
CCC1=C(NC(=O)C2=C(C)OC(N3C=CC=C3)=C2C#N)C(C)=NO1,CC1=C2C(COC(C)(C)O2)=C(C(CC3=C(COC(C)(C)O4)C4=C(C)N=C3)(C)C)C=N1,0.1,0.714208444238621
CCC1=C(NC(=O)C2=C(C)OC(N3C=CC=C3)=C2C#N)C(C)=NO1,CC1=C2C(COC(C)(C)O2)=C(C(CC3=C(COC(C)(C)O4)C4=C(C)N=C3)(C)C)C=N1,0.1,0.714208444238621
CCC1=C(NC(=O)C2=C(C)OC(N3C=CC=C3)=C2C#N)C(C)=NO1,CC1=C2C(COC(CCCCCCC)O2)=C(C(CC3=C(COC(C)(C)O4)C4=C(C)N=C3)(C)C)C=N1,0.11702127659574468,0.3640994903232384
CCC1=C(NC(=O)C2=C(C)OC(N3C=CC=C3)=C2C#N)C(C)=NO1,CC1=C2C(COC(C)(C)O2)=C(C(CC3=C(COC(C)(C)O4)C4=C(C)N=C3)(C)C)C=N1,0.1,0.714208444238621
CCC1=C(NC(=O)C2=C(C)OC(N3C=CC=C3)=C2C#N)C(C)=NO1,CC1=C2C(COC(C)(C)O2)=C(C(CC3=C(COC(C)(C)O4)C4=C(C)N=C3)(C)C)C=N1,0.1,0.714208444238621
CCC1=C(NC(=O)C2=C(C)OC(N3C=CC=C3)=C2C#N)C(C)=NO1,CC1=C2C(COC(C)(C)O2)=C(C(CC3=C(COC(C)(C)O4)C4=C(C)N=C3)(C)C)C=N1,0.1,0.714208444238621
CCC1=C(NC(=O)C2=C(C)OC(N3C=CC=C3)=C2C#N)C(C)=NO1,CC1=C2C(COC(C)(C)O2)=C(C(CC3=C(COC(C)(C)O4)C4=C(C)N=C3)(C)C)C=N1,0.1,0.714208444238621
CCC1=C(NC(=O)C2=C(C)OC(N3C=CC=C3)=C2C#N)C(C)=NO1,CC1=C2C(COC(C)(C)O2)=C(C(CC3=C(COC(C)(C)O4)C4=C(C)N=C3)(C)C)C=N1,0.1,0.714208444238621
CCC1=C(NC(=O)C2=C(C)OC(N3C=CC=C3)=C2C#N)C(C)=NO1,CC1=C2C(COC(C)(C)O2)=C(C(CC3=C(COC(C)(C)O4)C4=C(C)N=C3)(C)C)C=N1,0.1,0.714208444238621
CCC1=C(NC(=O)C2=C(C)OC(N3C=CC=C3)=C2C#N)C(C)=NO1,CC1=C2C(COC(C)(C)O2)=C(C(CC3=C(COC(C)(C)O4)C4=C(C)N=C3)(C)C)C=N1,0.1,0.714208444238621
CCC1=C(NC(=O)C2=C(C)OC(N3C=CC=C3)=C2C#N)C(C)=NO1,CC1=C2C(COC(C)(C)O2)=C(C(CC3=C(COC(C)(C)O4)C4=C(C)N=C3)(C)C)C=N1,0.1,0.714208444238621
CCC1=C(NC(=O)C2=C(C)OC(N3C=CC=C3)=C2C#N)C(C)=NO1,CC1=C2C(COC(C)(C)O2)=C(C(CC3=C(COC(C)(C)O4)C4=C(C)N=C3)(C)C)C=N1,0.1,0.714208444238621
CCC1=C(NC(=O)C2=C(C)OC(N3C=CC=C3)=C2C#N)C(C)=NO1,CC1=C2C(COC(C)(C)O2)=C(C(CC3=C(COC(C)(C)O4)C4=C(C)N=C3)(C)C)C=N1,0.1,0.714208444238621
CCC1=C(NC(=O)C2=C(C)OC(N3C=CC=C3)=C2C#N)C(C)=NO1,CC1=C2C(COC(C)(C)O2)=C(C(CC3=C(COC(C)(C)O4)C4=C(C)N=C3)(C)C)C=N1,0.1,0.714208444238621
CCC1=C(NC(=O)C2=C(C)OC(N3C=CC=C3)=C2C#N)C(C)=NO1,CC1=C2C(COC(C)(C)O2)=C(C(CC3=C(COC(C)(C)O4)C4=C(C)N=C3)(C)C)C=N1,0.1,0.714208444238621
CCC1=C(NC(=O)C2=C(C)OC(N3C=CC=C3)=C2C#N)C(C)=NO1,CC1=C2C(COC(C)(C)O2)=C(C(CC3=C(COC(C)(C)O4)C4=C(C)N=C3)(C)C)C=N1,0.1,0.714208444238621
CCC1=C(NC(=O)C2=C(C)OC(N3C=CC=C3)=C2C#N)C(C)=NO1,CC1=C2C(COC(C)(C)O2)=C(C(CC3=C(COC(C)(C)O4)C4=C(C)N=C3)(C)C)C=N1,0.1,0.714208444238621
CCC1=C(NC(=O)C2=C(C)OC(N3C=CC=C3)=C2C#N)C(C)=NO1,CC1=C2C(COC(CCCCCCCCCCC)O2)=C(C(CC3=C(COC(C)(C)O4)C4=C(C)N=C3)(C)C)C=N1,0.11702127659574468,0.2385738012077454
CCC1=C(NC(=O)C2=C(C)OC(N3C=CC=C3)=C2C#N)C(C)=NO1,CC1=C2C(COC(C)(C)O2)=C(C(CC3=C(COC(C)(C)O4)C4=C(C)N=C3)(C)C)C=N1,0.1,0.714208444238621
COC1=CC=C(N)C=C1C1=CC=CC=C1,,0.0,0.0
COC1=CC=C(N)C=C1C1=CC=CC=C1,,0.0,0.0
COC1=CC=C(N)C=C1C1=CC=CC=C1,,0.0,0.0
COC1=CC=C(N)C=C1C1=CC=CC=C1,,0.0,0.0
COC1=CC=C(N)C=C1C1=CC=CC=C1,,0.0,0.0
COC1=CC=C(N)C=C1C1=CC=CC=C1,,0.0,0.0
COC1=CC=C(N)C=C1C1=CC=CC=C1,,0.0,0.0
COC1=CC=C(N)C=C1C1=CC=CC=C1,,0.0,0.0
COC1=CC=C(N)C=C1C1=CC=CC=C1,,0.0,0.0
COC1=CC=C(N)C=C1C1=CC=CC=C1,,0.0,0.0
COC1=CC=C(N)C=C1C1=CC=CC=C1,,0.0,0.0
COC1=CC=C(N)C=C1C1=CC=CC=C1,,0.0,0.0
COC1=CC=C(N)C=C1C1=CC=CC=C1,,0.0,0.0
COC1=CC=C(N)C=C1C1=CC=CC=C1,,0.0,0.0
COC1=CC=C(N)C=C1C1=CC=CC=C1,,0.0,0.0
COC1=CC=C(N)C=C1C1=CC=CC=C1,,0.0,0.0
COC1=CC=C(N)C=C1C1=CC=CC=C1,,0.0,0.0
COC1=CC=C(N)C=C1C1=CC=CC=C1,,0.0,0.0
COC1=CC=C(N)C=C1C1=CC=CC=C1,,0.0,0.0
COC1=CC=C(N)C=C1C1=CC=CC=C1,,0.0,0.0
CCOC(=O)C1CCCN(C(=O)C2=NN(C)C(C(C)C)=C2)C1,,0.0,0.0
CCOC(=O)C1CCCN(C(=O)C2=NN(C)C(C(C)C)=C2)C1,,0.0,0.0
CCOC(=O)C1CCCN(C(=O)C2=NN(C)C(C(C)C)=C2)C1,,0.0,0.0
CCOC(=O)C1CCCN(C(=O)C2=NN(C)C(C(C)C)=C2)C1,,0.0,0.0
CCOC(=O)C1CCCN(C(=O)C2=NN(C)C(C(C)C)=C2)C1,,0.0,0.0
CCOC(=O)C1CCCN(C(=O)C2=NN(C)C(C(C)C)=C2)C1,,0.0,0.0
CCOC(=O)C1CCCN(C(=O)C2=NN(C)C(C(C)C)=C2)C1,C(CC1=C(CO)C(COC(CCCCCCCCCCC)O2)=C2C(C)=C2C=C3C(C)C=C1)=C3C(C)(C)C=C2,0.08823529411764706,0.2770755706428537
CCOC(=O)C1CCCN(C(=O)C2=NN(C)C(C(C)C)=C2)C1,,0.0,0.0
CCOC(=O)C1CCCN(C(=O)C2=NN(C)C(C(C)C)=C2)C1,,0.0,0.0
CCOC(=O)C1CCCN(C(=O)C2=NN(C)C(C(C)C)=C2)C1,,0.0,0.0
CCOC(=O)C1CCCN(C(=O)C2=NN(C)C(C(C)C)=C2)C1,,0.0,0.0
CCOC(=O)C1CCCN(C(=O)C2=NN(C)C(C(C)C)=C2)C1,,0.0,0.0
CCOC(=O)C1CCCN(C(=O)C2=NN(C)C(C(C)C)=C2)C1,,0.0,0.0
CCOC(=O)C1CCCN(C(=O)C2=NN(C)C(C(C)C)=C2)C1,,0.0,0.0
CCOC(=O)C1CCCN(C(=O)C2=NN(C)C(C(C)C)=C2)C1,,0.0,0.0
CCOC(=O)C1CCCN(C(=O)C2=NN(C)C(C(C)C)=C2)C1,,0.0,0.0
CCOC(=O)C1CCCN(C(=O)C2=NN(C)C(C(C)C)=C2)C1,,0.0,0.0
CCOC(=O)C1CCCN(C(=O)C2=NN(C)C(C(C)C)=C2)C1,,0.0,0.0
CCOC(=O)C1CCCN(C(=O)C2=NN(C)C(C(C)C)=C2)C1,,0.0,0.0
CCOC(=O)C1CCCN(C(=O)C2=NN(C)C(C(C)C)=C2)C1,,0.0,0.0
