can,y,task,scaffold
C(CCCCCC[S+]1CCCC1)CCCCC[S+]1CCCC1.[I-].[I-],7.965784284662087,reg,C(CCCCCC[S+]1CCCC1)CCCCC[S+]1CCCC1
C(CCCCC[S+]1CCCC1)CCCC[S+]1CCCC1.[I-].[I-],7.965784284662087,reg,C(CCCCC[S+]1CCCC1)CCCC[S+]1CCCC1
C(CCCC[S+]1CCCC1)CCC[S+]1CCCC1.[I-].[I-],7.965784284662087,reg,C(CCCC[S+]1CCCC1)CCC[S+]1CCCC1
C=C(C)C(=C)NCc1cc[n+](CCCCCCCCCCCC[n+]2ccc(CNC(=O)C(=C)C)cc2)cc1.[Br-].[Br-],1.8812990117068744,reg,c1cc[n+](CCCCCCCCCCCC[n+]2ccccc2)cc1
C=C(C)C(=O)NCCCCCCCCCCCC[N+](C)(C)C.[Br-],2.031216183354537,reg,acyclic
C=C(C)C(=O)NCCCC[N+](C)(C)CCCCCCCCCCCC[N+](C)(C)CCCCNC(=O)C(=C)C.[Br-].[Br-],9.797519078385763,reg,acyclic
C=C(C)C(=O)NCCCC[N+](C)(C)CCCCCCCCCCCC[N+](C)(C)CCCCNC(=O)C(=C)C.[F-].[F-],8.084054416023944,reg,acyclic
C=C(C)C(=O)Nc1ccc([N+](C)(C)CCCCCCCCCCCC[N+](C)(C)c2ccc(NC(=O)C(=C)C)cc2)cc1.[Br-].[Br-],3.762822030854221,reg,c1ccc([NH2+]CCCCCCCCCCCC[NH2+]c2ccccc2)cc1
C=C(C)C(=O)OCCCCCCCCCCCC[n+]1ccccc1.[Br-],4.277841783304963,reg,c1cc[nH+]cc1
C=C(C)C(=O)OCC[N+](C)(C)CCCCCC.[Br-],10.277438288674759,reg,acyclic
C=C(C)C(=O)OCC[N+](C)(C)CCCCCCCCCC.[Br-],5.045891259205875,reg,acyclic
C=C(C)C(=O)OCC[N+](C)(C)CCCCCCCCCCCC.[Br-],3.0415671698573727,reg,acyclic
C=C(C)C(=O)OCC[N+](C)(C)CCCCCCCCCCCC[N+](C)(C)CCOC(=O)C(=C)C.[Br-].[Br-],8.914225816227427,reg,acyclic
C=C(C)C(=O)OCC[N+](C)(C)CCCCCCCCCCCC[N+](C)(C)CCOC(=O)C(=C)C.[F-].[F-],8.226750461197229,reg,acyclic
C=C(C)C(=O)OCC[N+](C)(C)CCCCCC[N+](C)(C)CCOC(=O)C(=C)C.[Br-].[Br-],2.482185516956032,reg,acyclic
C=C(C)C(=O)OCC[N+](C)(C)CCC[N+](C)(C)CCOC(=O)C(=C)C.[Br-].[Br-],3.5975327727312023,reg,acyclic
C=C(C)C(=O)OCC[N+](C)(C)Cc1ccc(C[N+](C)(C)CCOC(=O)C(=C)C)cc1.[Br-].[Br-],12.07760784257485,reg,c1ccccc1
C=C(C)C(=O)OCC[N+](C)(C)Cc1ccccc1-c1ccccc1C[N+](C)(C)CCOC(=O)C(=C)C.[Br-].[Br-],12.899282551025356,reg,c1ccc(-c2ccccc2)cc1
C=C(C)C(=O)OCC[N+](CC)(CC)CCCCCCCCCCCC[N+](CC)(CC)CCOC(=O)C(=C)C.[Br-].[Br-],5.802727379326103,reg,acyclic
C=C(C)C(=O)OCC[N+](CC)(CC)Cc1ccccc1-c1ccccc1C[N+](CC)(CC)CCOC(=O)C(=C)C.[Br-].[Br-],11.780619027852246,reg,c1ccc(-c2ccccc2)cc1
C=C(C)C1=CC(C2CC2)c2c(cc(F)c(N3CC4CCC[N+]5(CN6C(=N5)C(C(=O)O)=Cc5ccccc56)C4C3)c2OC)C1=C.[Cl-],3.668464454873359,reg,C=C1C=CC(C2CC2)c2cc(N3CC4CCC[N+]5(CN6C(=N5)C=Cc5ccccc56)C4C3)ccc21
C=CC(=O)OCCCCCCCCCCCC[N+](CC)(CC)CC.[Br-],7.249904638447655,reg,acyclic
C=CC(=O)OCCCCCCCCCCC[N+](CC)(CC)CC.[Br-],10.298853756272251,reg,acyclic
C=CC(=O)OCCCCCCCCC[N+](CC)(CC)CC.[Br-],10.402035069431149,reg,acyclic
C=CC(=O)OCCCCCC[N+](CC)(CC)CC.[Br-],10.57211925860338,reg,acyclic
C=CC(=O)OCCC[N+](CC)(CC)CC.[Br-],10.76496903229722,reg,acyclic
C=CC(=O)OCC[N+](CC)(CC)CC.[Br-],10.835440246621957,reg,acyclic
C=CC1C[N+]2(C)CCC1C[C@H]2[C@@H](O)c1cc[n+](C)c2ccc(OC)cc12.[Br-].[I-],8.965784284662087,reg,c1ccc2c(CC3CC4CC[NH+]3CC4)cc[nH+]c2c1
C=CC1C[N+]2(CCCCCCCCCC)CCC1C[C@H]2[C@@H](O)c1cc[n+](C)c2ccc(OC)cc12.[Br-].[I-],4.0,reg,c1ccc2c(CC3CC4CC[NH+]3CC4)cc[nH+]c2c1
C=CC1C[N+]2(CCCCCCCCCC)CCC1C[C@H]2[C@@H](O)c1ccnc2ccc(OC)cc12.[Br-],3.5,reg,c1ccc2c(CC3CC4CC[NH+]3CC4)ccnc2c1
C=CC1C[N+]2(CCCCCCCCCCC)CCC1C[C@H]2[C@@H](O)c1cc[n+](C)c2ccc(OC)cc12.[Br-].[I-],4.0,reg,c1ccc2c(CC3CC4CC[NH+]3CC4)cc[nH+]c2c1
C=CC1C[N+]2(CCCCCCCCCCC)CCC1C[C@H]2[C@@H](O)c1ccnc2ccc(OC)cc12.[Br-],3.0,reg,c1ccc2c(CC3CC4CC[NH+]3CC4)ccnc2c1
C=CC1C[N+]2(CCCCCCCCCCCC)CCC1C[C@H]2[C@@H](O)c1cc[n+](C)c2ccc(OC)cc12.[Br-].[I-],4.0,reg,c1ccc2c(CC3CC4CC[NH+]3CC4)cc[nH+]c2c1
C=CC1C[N+]2(CCCCCCCCCCCC)CCC1C[C@H]2[C@@H](O)c1ccnc2ccc(OC)cc12.[Br-],1.5,reg,c1ccc2c(CC3CC4CC[NH+]3CC4)ccnc2c1
C=CC1C[N+]2(CCCCCCCCCCCCCC)CCC1C[C@H]2[C@@H](O)c1cc[n+](C)c2ccc(OC)cc12.[Br-].[I-],1.0,reg,c1ccc2c(CC3CC4CC[NH+]3CC4)cc[nH+]c2c1
C=CC1C[N+]2(CCCCCCCCCCCCCC)CCC1C[C@H]2[C@@H](O)c1ccnc2ccc(OC)cc12.[Br-],1.5,reg,c1ccc2c(CC3CC4CC[NH+]3CC4)ccnc2c1
C=CC1C[N+]2(CCCCCCCCCCCCCCCC)CCC1C[C@H]2[C@@H](O)c1cc[n+](C)c2ccc(OC)cc12.[Br-].[I-],0.5,reg,c1ccc2c(CC3CC4CC[NH+]3CC4)cc[nH+]c2c1
C=CC1C[N+]2(CCCCCCCCCCCCCCCC)CCC1C[C@H]2[C@@H](O)c1ccnc2ccc(OC)cc12.[Br-],2.0,reg,c1ccc2c(CC3CC4CC[NH+]3CC4)ccnc2c1
C=CC1C[N+]2(CCCCCCCCCCCCCCCCCC)CCC1C[C@H]2[C@@H](O)c1cc[n+](C)c2ccc(OC)cc12.[Br-].[I-],0.5,reg,c1ccc2c(CC3CC4CC[NH+]3CC4)cc[nH+]c2c1
C=CC1C[N+]2(CCCCCCCCCCCCCCCCCC)CCC1C[C@H]2[C@@H](O)c1ccnc2ccc(OC)cc12.[Br-],3.9886399617499584,reg,c1ccc2c(CC3CC4CC[NH+]3CC4)ccnc2c1
C=CC[N+](C)(CCCC[N+](C)(C)CCCCCCCCCCCC)CCCC[N+](C)(C)CCCCCCCCCCCC.[Br-].[Br-].[Br-],0.5,reg,acyclic
C=CC[n+]1ccn(CCCCCCCCCCCCCCCC)c1C.[Br-],1.232660756790275,reg,c1c[nH+]c[nH]1
CC(=O)OC[n+]1ccccc1.[Cl-],14.057924523589229,reg,c1cc[nH+]cc1
CC(=O)[O-].CC(=O)[O-].NC(=N\CCCCC/N=C(N)/N=C(\N)[NH2+]c1ccc(Cl)cc1)/N=C(\N)[NH2+]c1ccc(Cl)cc1,4.853349213740279,reg,C(=NC=NCCCCCN=CN=C[NH2+]c1ccccc1)[NH2+]c1ccccc1
CC(C)(C)C#C/C=C/C[N+](C)(Cc1nc(CO)c(CO)c2c1OC(C)(C)OC2)Cc1cccc2ccccc12.[Br-],6.714053358976038,reg,c1ccc2c(C[NH2+]Cc3nccc4c3OCOC4)cccc2c1
CC(C)(C)C#C/C=C/C[N+](C)(Cc1nc2c(c3c1OC(C)(C)OC3)COC(C)(C)OC2)Cc1cccc2ccccc12.[Br-],6.622221007912219,reg,c1ccc2c(C[NH2+]Cc3nc4c(c5c3OCOC5)COCOC4)cccc2c1
CC(C)(C)c1ccc(-c2nnc(SCCCCCCCCCCCC[N+](C)(CCO)CCCO)o2)cc1.[Br-],3.34581965726388,reg,c1ccc(-c2nnco2)cc1
CC(C)(C)c1ccc(-c2nnc(SCCCCCCCCCC[N+](C)(CCO)CCCO)o2)cc1.[Br-],3.9132080144009516,reg,c1ccc(-c2nnco2)cc1
CC(C)(C)c1ccc(-c2nnc(SCCCCCCCC[N+](C)(CCO)CCCO)o2)cc1.[Br-],4.483898979886435,reg,c1ccc(-c2nnco2)cc1
CC(C)(C)c1ccc(-c2nnc(SCCCCCC[N+](C)(CCO)CCCO)o2)cc1.[Br-],5.558233023639784,reg,c1ccc(-c2nnco2)cc1
CC(C)(C)c1ccc(Cn2c[n+](CCCCCCCCCCC[n+]3cnn(Cc4ccc(C(C)(C)C)cc4)c3)cn2)cc1.[Br-].[Br-],0.9252590509520486,reg,c1ccc(Cn2c[n+](CCCCCCCCCCC[n+]3cnn(Cc4ccccc4)c3)cn2)cc1
CC(C)(C)c1ccc(Cn2c[n+](CCCCCCCCCC[n+]3cnn(Cc4ccc(C(C)(C)C)cc4)c3)cn2)cc1.[Br-].[Br-],1.9526923250271981,reg,c1ccc(Cn2c[n+](CCCCCCCCCC[n+]3cnn(Cc4ccccc4)c3)cn2)cc1
CC(C)(C)c1ccc(Cn2cc[n+](CCCCCCCCCCCC[n+]3ccn(Cc4ccc(C(C)(C)C)cc4)c3)c2)cc1.[Br-].[Br-],-0.5979001137328926,reg,c1ccc(Cn2cc[n+](CCCCCCCCCCCC[n+]3ccn(Cc4ccccc4)c3)c2)cc1
CC(C)(C)c1ccc(Cn2cc[n+](CCCCCCCCCCC[n+]3ccn(Cc4ccc(C(C)(C)C)cc4)c3)c2)cc1.[Br-].[Br-],0.4290921851654925,reg,c1ccc(Cn2cc[n+](CCCCCCCCCCC[n+]3ccn(Cc4ccccc4)c3)c2)cc1
CC(C)(C)c1ccc(Cn2cc[n+](CCCCCCCCCC[n+]3ccn(Cc4ccc(C(C)(C)C)cc4)c3)c2)cc1.[Br-].[Br-],0.9565991445572934,reg,c1ccc(Cn2cc[n+](CCCCCCCCCC[n+]3ccn(Cc4ccccc4)c3)c2)cc1
CC(C)c1cc2c(OCC(=O)NCCC[N+](C)(C)C)c(c1)Sc1cc(C(C)C)cc(c1OCC(=O)NCCC[N+](C)(C)C)Sc1cc(C(C)C)cc(c1OCC(=O)NCCC[N+](C)(C)C)Sc1cc(C(C)C)cc(c1OCC(=O)NCCC[N+](C)(C)C)S2.[Cl-].[Cl-].[Cl-].[Cl-],5.478205486683268,reg,c1cc2cc(c1)Sc1cccc(c1)Sc1cccc(c1)Sc1cccc(c1)S2
CC(C)c1cc2c(OCC(=O)NCCC[N+](C)(C)Cc3ccccc3)c(c1)Sc1cc(C(C)C)cc(c1OCC(=O)NCCC[N+](C)(C)Cc1ccccc1)Sc1cc(C(C)C)cc(c1OCC(=O)NCCC[N+](C)(C)Cc1ccccc1)Sc1cc(C(C)C)cc(c1OCC(=O)NCCC[N+](C)(C)Cc1ccccc1)S2.[Cl-].[Cl-].[Cl-].[Cl-],5.200803252246493,reg,O=C(COc1c2cccc1Sc1cccc(c1OCC(=O)NCCC[NH2+]Cc1ccccc1)Sc1cccc(c1OCC(=O)NCCC[NH2+]Cc1ccccc1)Sc1cccc(c1OCC(=O)NCCC[NH2+]Cc1ccccc1)S2)NCCC[NH2+]Cc1ccccc1
CC(C)c1cc2c(OCCNCCC[N+](C)(C)C)c(c1)Sc1cc(C(C)C)cc(c1OCCNCCC[N+](C)(C)C)Sc1cc(C(C)C)cc(c1OCCNCCC[N+](C)(C)C)Sc1cc(C(C)C)cc(c1OCCNCCC[N+](C)(C)C)S2.[Cl-].[Cl-].[Cl-].[Cl-],4.035532469749474,reg,c1cc2cc(c1)Sc1cccc(c1)Sc1cccc(c1)Sc1cccc(c1)S2
CC(C)c1cc2c(OCCNCCC[N+](C)(C)Cc3ccccc3)c(c1)Sc1cc(C(C)C)cc(c1OCCNCCC[N+](C)(C)Cc1ccccc1)Sc1cc(C(C)C)cc(c1OCCNCCC[N+](C)(C)Cc1ccccc1)Sc1cc(C(C)C)cc(c1OCCNCCC[N+](C)(C)Cc1ccccc1)S2.[Cl-].[Cl-].[Cl-].[Cl-],3.2479365303157697,reg,c1ccc(C[NH2+]CCCNCCOc2c3cccc2Sc2cccc(c2OCCNCCC[NH2+]Cc2ccccc2)Sc2cccc(c2OCCNCCC[NH2+]Cc2ccccc2)Sc2cccc(c2OCCNCCC[NH2+]Cc2ccccc2)S3)cc1
CC1(C)[C@@H]2CC[C@H](CC[N+](C)(C)CC[C@H]3CC[C@@H]4C[C@H]3C4(C)C)[C@H]1C2.[Cl-],4.726039918535267,reg,C(CC1CCC2CC1C2)[NH2+]CCC1CCC2CC1C2
CC1(C)[C@@H]2CC[C@H](CC[N+](C)(C)CC[C@H]3CC[C@@H]4C[C@H]3C4(C)C)[C@H]1C2.[I-],5.233147273942709,reg,C(CC1CCC2CC1C2)[NH2+]CCC1CCC2CC1C2
CC1(C)[C@@H]2CC[C@H](CC[N+]3(CC[C@H]4CC[C@@H]5C[C@H]4C5(C)C)CCCCC3)[C@H]1C2.[I-],5.837517934196639,reg,C1CC[N+](CCC2CCC3CC2C3)(CCC2CCC3CC2C3)CC1
CC1(C)[C@@H]2CC[C@H](CC[N+]3(CC[C@H]4CC[C@@H]5C[C@H]4C5(C)C)CCOCC3)[C@H]1C2.[Br-],7.4156100742774615,reg,C1C[N+](CCC2CCC3CC2C3)(CCC2CCC3CC2C3)CCO1
CC1(C)[C@@H]2CC[C@H](CC[N+]3(CC[C@H]4CC[C@@H]5C[C@H]4C5(C)C)CCOCC3)[C@H]1C2.[Cl-],8.309681053084113,reg,C1C[N+](CCC2CCC3CC2C3)(CCC2CCC3CC2C3)CCO1
CC1(C)[C@@H]2CC[C@H](CC[N+]3(CC[C@H]4CC[C@@H]5C[C@H]4C5(C)C)CCOCC3)[C@H]1C2.[I-],9.246164941708026,reg,C1C[N+](CCC2CCC3CC2C3)(CCC2CCC3CC2C3)CCO1
CC1=CC(C)=C(C(=O)O)C2=N[N+]3(CCN(c4c(F)cc5c(=O)c(C(=O)O)cn(C6CC6)c5c4F)CC3C)CN12.[Cl-],6.795859283219775,reg,O=c1ccn(C2CC2)c2cc(N3CC[N+]4(CC3)CN3C=CC=CC3=N4)ccc12
CC1=CC(C)=C(C(=O)O)C2=N[N+]3(CCN(c4cc5c(cc4F)c(=O)c(C(=O)O)cn5C4CC4)CC3)CN12.[Cl-],6.8783665283362305,reg,O=c1ccn(C2CC2)c2cc(N3CC[N+]4(CC3)CN3C=CC=CC3=N4)ccc12
CC1=CC(C)=C(C(=O)O)C2=N[N+]3(CN12)[C@H](C)CN(c1c(F)c(N)c2c(=O)c(C(=O)O)cn(C4CC4)c2c1F)C[C@@H]3C.[Cl-],3.2248928019404937,reg,O=c1ccn(C2CC2)c2cc(N3CC[N+]4(CC3)CN3C=CC=CC3=N4)ccc12
CCCC1OCc2c(CO)c(C[N+](C)(C/C=C/C#CC(C)(C)C)Cc3cccc4ccccc34)nc(C)c2O1.[Br-],2.718727871453674,reg,c1ccc2c(C[NH2+]Cc3cc4c(cn3)OCOC4)cccc2c1
CCCC1OCc2c(C[N+](C)(C)CCCCCC[N+](C)(C)Cc3cnc(C)c4c3COC(CCC)O4)cnc(C)c2O1.[Cl-].[Cl-],6.60877779226644,reg,c1ncc2c(c1C[NH2+]CCCCCC[NH2+]Cc1cncc3c1COCO3)COCO2
CCCC1OCc2c(C[N+](C)(C)CCCC[N+](C)(C)Cc3cnc(C)c4c3COC(CCC)O4)cnc(C)c2O1.[Cl-].[Cl-],6.671857482739793,reg,c1ncc2c(c1C[NH2+]CCCC[NH2+]Cc1cncc3c1COCO3)COCO2
CCCC1OCc2c(C[N+](C)(C)CCC[N+](C)(C)Cc3cnc(C)c4c3COC(CCC)O4)cnc(C)c2O1.[Cl-].[Cl-],6.704462686651851,reg,c1ncc2c(c1C[NH2+]CCC[NH2+]Cc1cncc3c1COCO3)COCO2
CCCC1OCc2c(C[N+](C)(C)CC[N+](C)(C)Cc3cnc(C)c4c3COC(CCC)O4)cnc(C)c2O1.[Cl-].[Cl-],6.737821847270681,reg,c1ncc2c(c1C[NH2+]CC[NH2+]Cc1cncc3c1COCO3)COCO2
CCCC1OCc2nc(C[N+](C)(C/C=C/C#CC(C)(C)C)Cc3cccc4ccccc34)c3c(c2CO1)COC(CCC)O3.[Br-],6.561230232882016,reg,c1ccc2c(C[NH2+]Cc3nc4c(c5c3OCOC5)COCOC4)cccc2c1
CCCCCC(=O)NCCC[N+](C)(C)Cc1cnc(C)c2c1COC(C)(C)O2.[Cl-],7.224259996091243,reg,c1cc2c(cn1)OCOC2
CCCCCC(=O)NCCC[N+](C)(C)Cc1cnc(C)c2c1COC(CCC)O2.[Cl-],7.17773811571762,reg,c1cc2c(cn1)OCOC2
CCCCCCCC(=O)OCC[n+]1ccccc1.[Br-],12.064083923871427,reg,c1cc[nH+]cc1
CCCCCCCC/C=C/CCCCCCCC(=O)OCC[n+]1ccccc1.[Br-],5.570915615675618,reg,c1cc[nH+]cc1
CCCCCCCCC(C)C1OCc2c(C[N+](C)(C)CCCNC(=O)CCCCC)cnc(C)c2O1.[Cl-],6.8883463256768565,reg,c1cc2c(cn1)OCOC2
CCCCCCCCC1(C)OCc2c(C[N+](C)(C)CCCCCCCC)cnc(C[N+](C)(C)CCCCCCCC)c2O1.[Cl-].[Cl-],3.5671966259584122,reg,c1cc2c(cn1)OCOC2
CCCCCCCCC1OCc2c(C[N+](C)(C)CCCCCCCC)cnc(C[N+](C)(C)CCCCCCCC)c2O1.[Cl-].[Cl-],3.59749609912741,reg,c1cc2c(cn1)OCOC2
CCCCCCCCCC(C)C1OCc2c(CO)c(C[N+](C)(C/C=C/C#CC(C)(C)C)Cc3cccc4ccccc34)nc(C)c2O1.[Br-],5.474233785274137,reg,c1ccc2c(C[NH2+]Cc3cc4c(cn3)OCOC4)cccc2c1
CCCCCCCCCC(C)C1OCc2c(C[N+](C)(C)CCCCCCCC)cnc(C[N+](C)(C)CCCCCCCC)c2O1.[Cl-].[Cl-],2.508442397874339,reg,c1cc2c(cn1)OCOC2
CCCCCCCCCC(C)C1OCc2nc(C[N+](C)(C/C=C/C#CC(C)(C)C)Cc3cccc4ccccc34)c3c(c2CO1)COC(C(C)CCCCCCCCC)O3.[Br-],6.148551170312877,reg,c1ccc2c(C[NH2+]Cc3nc4c(c5c3OCOC5)COCOC4)cccc2c1
CCCCCCCCCCCC(=O)NCCC[N+](C)(C)Cc1cnc(C)c2c1COC(C)(C)O2.[Cl-],4.965279993097919,reg,c1cc2c(cn1)OCOC2
CCCCCCCCCCCC(=O)NCCC[N+](C)(C)Cc1cnc(C)c2c1COC(CCC)O2.[Cl-],2.9263003961348044,reg,c1cc2c(cn1)OCOC2
CCCCCCCCCCCC(=O)NCC[N+](C)(C)Cc1cnc(C)c2c1COC(C)(C)O2.[Cl-],4.005342079125866,reg,c1cc2c(cn1)OCOC2
CCCCCCCCCCCC(=O)NCC[N+](C)(C)Cc1cnc(C)c2c1COC(CCC)O2.[Cl-],1.9652799930979188,reg,c1cc2c(cn1)OCOC2
CCCCCCCCCCCC(=O)OCCC[N+](C)(C)Cc1cnc(C)c2c1COC(C)(C)O2.[Cl-],1.9625109416866846,reg,c1cc2c(cn1)OCOC2
CCCCCCCCCCCC(=O)OCCC[N+](C)(C)Cc1cnc(C)c2c1COC(CCC)O2.[Cl-],1.9236050900331199,reg,c1cc2c(cn1)OCOC2
CCCCCCCCCCCC(=O)OCCC[n+]1ccccc1.[Cl-],5.9731456359653885,reg,c1cc[nH+]cc1
CCCCCCCCCCCC(=O)OCC[N+](C)(C)C.[Br-],5.448571592611532,reg,acyclic
CCCCCCCCCCCC(=O)OCC[N+](C)(C)Cc1cnc(C)c2c1COC(C)(C)O2.[Cl-],3.0024951334473595,reg,c1cc2c(cn1)OCOC2
CCCCCCCCCCCC(=O)OCC[N+](C)(C)Cc1cnc(C)c2c1COC(CCC)O2.[Cl-],1.9625109416866846,reg,c1cc2c(cn1)OCOC2
CCCCCCCCCCCC(=O)OCC[N+](CC)(CC)CC.[Br-],5.791715630934309,reg,acyclic
CCCCCCCCCCCC(=O)OCC[N+](CCCC)(CCCC)CCCC.[Br-],5.504324535693714,reg,acyclic
CCCCCCCCCCCC(=O)OCC[n+]1ccccc1.[Br-],5.015786269507823,reg,c1cc[nH+]cc1
CCCCCCCCCCCC(=O)OC[n+]1ccccc1.[Cl-],7.752545982246033,reg,c1cc[nH+]cc1
CCCCCCCCCCCCCC(=O)NCCC[N+](C)(C)Cc1cnc(C)c2c1COC(C)(C)O2.[Cl-],1.8883463256768571,reg,c1cc2c(cn1)OCOC2
CCCCCCCCCCCCCC(=O)NCCC[N+](C)(C)Cc1cnc(C)c2c1COC(CCC)O2.[Cl-],1.8513652003491095,reg,c1cc2c(cn1)OCOC2
CCCCCCCCCCCCCC(=O)NCCC[N+](C)(C)Cc1cnc(C)c2c1COC(CCCCC)O2.[Cl-],1.7801307904066195,reg,c1cc2c(cn1)OCOC2
CCCCCCCCCCCCCC(=O)NCCC[N+](C)(C)Cc1cnc(C)c2c1COC(CCCCCCCC)O2.[Cl-],6.679469110268667,reg,c1cc2c(cn1)OCOC2
CCCCCCCCCCCCCC(=O)NCCC[N+](C)(C)Cc1nc(C)c2c(c1CO)COC(C)(C)O2.[Cl-],1.8103107841208268,reg,c1cc2c(cn1)OCOC2
CCCCCCCCCCCCCC(=O)NCCC[N+](C)(C)Cc1nc(C)c2c(c1CO)COC(CCC)O2.[Cl-],1.7752533734164038,reg,c1cc2c(cn1)OCOC2
CCCCCCCCCCCCCC(=O)NCC[N+](C)(C)Cc1cnc(C)c2c1COC(C)(C)O2.[Cl-],2.9263003961348044,reg,c1cc2c(cn1)OCOC2
CCCCCCCCCCCCCC(=O)NCC[N+](C)(C)Cc1cnc(C)c2c1COC(CCC)O2.[Cl-],1.8883463256768571,reg,c1cc2c(cn1)OCOC2
CCCCCCCCCCCCCC(=O)NCC[N+](C)(C)Cc1nc(C)c2c(c1CO)COC(C)(C)O2.[Cl-],1.846241349639453,reg,c1cc2c(cn1)OCOC2
CCCCCCCCCCCCCC(=O)NCC[N+](C)(C)Cc1nc(C)c2c(c1CO)COC(CCC)O2.[Cl-],2.810310784120827,reg,c1cc2c(cn1)OCOC2
CCCCCCCCCCCCCC(=O)OCCC[N+](C)(C)Cc1cnc(C)c2c1COC(C)(C)O2.[Cl-],1.8857209388129244,reg,c1cc2c(cn1)OCOC2
CCCCCCCCCCCCCC(=O)OCCC[N+](C)(C)Cc1cnc(C)c2c1COC(CCC)O2.[Cl-],1.8488061968801022,reg,c1cc2c(cn1)OCOC2
CCCCCCCCCCCCCC(=O)OCCC[N+](C)(C)Cc1cnc(C)c2c1COC(CCCCC)O2.[Cl-],3.777694967409828,reg,c1cc2c(cn1)OCOC2
CCCCCCCCCCCCCC(=O)OCCC[N+](C)(C)Cc1cnc(C)c2c1COC(CCCCCCCC)O2.[Cl-],6.677197319987259,reg,c1cc2c(cn1)OCOC2
CCCCCCCCCCCCCC(=O)OCCC[N+](C)(C)Cc1nc(C)c2c(c1CO)COC(C)(C)O2.[Cl-],1.8078235133637641,reg,c1cc2c(cn1)OCOC2
CCCCCCCCCCCCCC(=O)OCCC[N+](C)(C)Cc1nc(C)c2c(c1CO)COC(CCC)O2.[Cl-],1.7728257645542416,reg,c1cc2c(cn1)OCOC2
CCCCCCCCCCCCCC(=O)OCC[N+](C)(C)Cc1cnc(C)c2c1COC(C)(C)O2.[Cl-],0.9236050900331204,reg,c1cc2c(cn1)OCOC2
CCCCCCCCCCCCCC(=O)OCC[N+](C)(C)Cc1cnc(C)c2c1COC(CCC)O2.[Cl-],0.8857209388129246,reg,c1cc2c(cn1)OCOC2
CCCCCCCCCCCCCC(=O)OCC[N+](C)(C)Cc1nc(C)c2c(c1CO)COC(C)(C)O2.[Cl-],0.8436914105496947,reg,c1cc2c(cn1)OCOC2
CCCCCCCCCCCCCC(=O)OCC[N+](C)(C)Cc1nc(C)c2c(c1CO)COC(CCC)O2.[Cl-],1.8078235133637641,reg,c1cc2c(cn1)OCOC2
CCCCCCCCCCCCCCC(C(=O)OCC)[N+](C)(C)C.[Br-],2.232660756790275,reg,acyclic
CCCCCCCCCCCCCCCC(=O)NCCC[N+](C)(C)Cc1cnc(C)c2c1COC(C)(C)O2.[Cl-],2.815308381873709,reg,c1cc2c(cn1)OCOC2
CCCCCCCCCCCCCCCC(=O)NCCC[N+](C)(C)Cc1cnc(C)c2c1COC(CCC)O2.[Cl-],1.7801307904066195,reg,c1cc2c(cn1)OCOC2
CCCCCCCCCCCCCCCC(=O)NCC[N+](C)(C)Cc1cnc(C)c2c1COC(C)(C)O2.[Cl-],1.8513652003491095,reg,c1cc2c(cn1)OCOC2
CCCCCCCCCCCCCCCC(=O)NCC[N+](C)(C)Cc1cnc(C)c2c1COC(CCC)O2.[Cl-],4.815308381873709,reg,c1cc2c(cn1)OCOC2
CCCCCCCCCCCCCCCC(=O)NCC[n+]1ccccc1.[Cl-],5.739508895587361,reg,c1cc[nH+]cc1
CCCCCCCCCCCCCCCC(=O)OCCC[N+](C)(C)Cc1cnc(C)c2c1COC(C)(C)O2.[Cl-],4.812812487555693,reg,c1cc2c(cn1)OCOC2
CCCCCCCCCCCCCCCC(=O)OCCC[N+](C)(C)Cc1cnc(C)c2c1COC(CCC)O2.[Cl-],5.777694967409828,reg,c1cc2c(cn1)OCOC2
CCCCCCCCCCCCCCCC(=O)OCCC[n+]1ccccc1.[Cl-],5.261972816258731,reg,c1cc[nH+]cc1
CCCCCCCCCCCCCCCC(=O)OCC[N+](C)(C)Cc1cnc(C)c2c1COC(C)(C)O2.[Cl-],0.8488061968801023,reg,c1cc2c(cn1)OCOC2
CCCCCCCCCCCCCCCC(=O)OCC[N+](C)(C)Cc1cnc(C)c2c1COC(CCC)O2.[Cl-],2.812812487555693,reg,c1cc2c(cn1)OCOC2
CCCCCCCCCCCCCCCC(=O)OCC[N+](CC)(CC)CC.[Br-],5.6060227846881405,reg,acyclic
CCCCCCCCCCCCCCCC(=O)OCC[N+](CCCC)(CCCC)CCCC.[Br-],5.348710638964737,reg,acyclic
CCCCCCCCCCCCCCCC(=O)OCC[n+]1ccccc1.[Br-],5.17630932678534,reg,c1cc[nH+]cc1
CCCCCCCCCCCCCCCCCC(=O)NCCC[N+](C)(C)Cc1cnc(C)c2c1COC(C)(C)O2.[Cl-],3.7457905656663577,reg,c1cc2c(cn1)OCOC2
CCCCCCCCCCCCCCCCCC(=O)NCCC[N+](C)(C)Cc1cnc(C)c2c1COC(CCC)O2.[Cl-],6.7122487674650415,reg,c1cc2c(cn1)OCOC2
CCCCCCCCCCCCCCCCCC(=O)NCC[N+](C)(C)Cc1cnc(C)c2c1COC(C)(C)O2.[Cl-],3.7801307904066195,reg,c1cc2c(cn1)OCOC2
CCCCCCCCCCCCCCCCCC(=O)NCC[N+](C)(C)Cc1cnc(C)c2c1COC(CCC)O2.[Cl-],6.745790565666357,reg,c1cc2c(cn1)OCOC2
CCCCCCCCCCCCCCCCCCCC(=O)OCC[n+]1ccccc1.[Br-],6.486966289597747,reg,c1cc[nH+]cc1
CCCCCCCCCCCCCCCCCCCC[n+]1ccc(-c2cc[n+](C)cc2)cc1.[Br-].[I-],5.959990297524481,reg,c1cc(-c2cc[nH+]cc2)cc[nH+]1
CCCCCCCCCCCCCCCCCCCC[n+]1ccc(-c2cc[n+](CC)cc2)cc1.[Br-].[Br-],5.959990297524481,reg,c1cc(-c2cc[nH+]cc2)cc[nH+]1
CCCCCCCCCCCCCCCCCCCC[n+]1ccc(-c2ccncc2)cc1.[Br-],7.965784284662087,reg,c1cc(-c2cc[nH+]cc2)ccn1
CCCCCCCCCCCCCCCCCCCC[n+]1ccc(/C=N/O)cc1.[Br-],8.465784284662087,reg,c1cc[nH+]cc1
CCCCCCCCCCCCCCCCCCNC(=O)C[n+]1ccccc1.[Cl-],5.217014584467278,reg,c1cc[nH+]cc1
CCCCCCCCCCCCCCCCCCOC(=O)C[n+]1ccccc1.[Cl-],14.874643021239185,reg,c1cc[nH+]cc1
CCCCCCCCCCCCCCCCCC[N+](C)(C)CCCCCCCCCCC(=O)OC.[Cl-],7.8753698253942455,reg,acyclic
CCCCCCCCCCCCCCCCCC[N+](C)(C)CCCN(CCCCCCCC)CCC[N+](C)(C)CCCCCCCCCCCCCCCCCC.[Br-],6.015693807105145,reg,acyclic
CCCCCCCCCCCCCCCCCC[N+](C)(C)CCCN(CCCCCCCCCC)CCC[N+](C)(C)CCCCCCCCCCCCCCCCCC.[Br-],5.972692654004264,reg,acyclic
CCCCCCCCCCCCCCCCCC[N+](C)(C)CCCN(CCCCCCCCCCCC)CCC[N+](C)(C)CCCCCCCCCCCCCCCCCC.[Br-],4.944858445807539,reg,acyclic
CCCCCCCCCCCCCCCCCC[N+](C)(C)CCCN(CCCCCCCCCCCCCCCC)CCC[N+](C)(C)CCCCCCCCCCCCCCCCCC.[Br-],4.867896463992655,reg,acyclic
CCCCCCCCCCCCCCCCCC[N+](C)(C)CCCNCCC[N+](C)(C)CCCCCCCCCCCCCCCCCC.[I-],4.044394119358453,reg,acyclic
CCCCCCCCCCCCCCCCCC[N+](C)(C)CCN(C)CC[N+](C)(C)CCCCCCCCCCCCCCCCCC.[Br-],8.527477006060396,reg,acyclic
CCCCCCCCCCCCCCCCCC[N+](C)(C)CCN(C)CC[N+](C)(C)CCCCCCCCCCCCCCCCCC.[I-],7.076815597050831,reg,acyclic
CCCCCCCCCCCCCCCCCC[N+](C)(C)CCOCC[N+](C)(C)CCCCCCCCCCCCCCCCCC.[Br-].[Br-],8.873444112515376,reg,acyclic
CCCCCCCCCCCCCCCCCC[N+](C)(C)Cc1[nH+]c(C)c(O)c(CO)c1CO.[Br-].[Br-],8.125427968845553,reg,c1cc[nH+]cc1
CCCCCCCCCCCCCCCCCC[N+](C)(C)Cc1c[nH+]c(C)c(O)c1C.[Cl-].[Cl-],1.9837632887271697,reg,c1cc[nH+]cc1
CCCCCCCCCCCCCCCCCC[N+](C)(C)Cc1c[nH+]c(C)c(O)c1CO.[Cl-].[Cl-],7.42171595418993,reg,c1cc[nH+]cc1
CCCCCCCCCCCCCCCCCC[N+](C)(C)Cc1c[nH+]c(C[N+](C)(C)CCCCCCCCCCCCCCCCCC)c(O)c1CO.[Cl-].[Cl-].[Cl-],6.22824285451964,reg,c1cc[nH+]cc1
CCCCCCCCCCCCCCCCCC[N+](C)(C)Cc1ccc(C[N+](C)(C)CCCCCCCCCCCCCCCCCC)cc1.[Br-].[Br-],9.609548138999429,reg,c1ccccc1
CCCCCCCCCCCCCCCCCC[N+](C)(C)Cc1cnc(C)c(OC(C)=O)c1C.[Cl-],1.9679414859148003,reg,c1ccncc1
CCCCCCCCCCCCCCCCCC[N+](C)(C)Cc1cnc(C)c2c1COC(C(C)(C)C)O2.[Cl-],6.853824452713512,reg,c1cc2c(cn1)OCOC2
CCCCCCCCCCCCCCCCCC[N+](C)(C)Cc1cnc(C)c2c1COC(C(C)CCCCCCCCC)O2.[Cl-],6.618151844033286,reg,c1cc2c(cn1)OCOC2
CCCCCCCCCCCCCCCCCC[N+](C)(C)Cc1cnc(C)c2c1COC(C)(C)O2.[Cl-],3.9288908781742222,reg,c1cc2c(cn1)OCOC2
CCCCCCCCCCCCCCCCCC[N+](C)(C)Cc1cnc(C)c2c1COC(CC)O2.[Cl-],6.428890878174222,reg,c1cc2c(cn1)OCOC2
CCCCCCCCCCCCCCCCCC[N+](C)(C)Cc1cnc(C)c2c1COC(CCC)O2.[Cl-],5.390869487716612,reg,c1cc2c(cn1)OCOC2
CCCCCCCCCCCCCCCCCC[N+](C)(C)Cc1cnc(C)c2c1COC(CCCC)O2.[Cl-],5.353824452713512,reg,c1cc2c(cn1)OCOC2
CCCCCCCCCCCCCCCCCC[N+](C)(C)Cc1cnc(C)c2c1COC(CCCCCCCC)O2.[Cl-],6.714481778323436,reg,c1cc2c(cn1)OCOC2
CCCCCCCCCCCCCCCCCC[N+](C)(C)Cc1cnc(C)c2c1COC1(CCCC1)O2.[Cl-],5.3590904934583365,reg,c1cc2c(cn1)OC1(CCCC1)OC2
CCCCCCCCCCCCCCCCCC[N+](C)(C)Cc1cnc(C)c2c1COCO2.[Cl-],3.008078585569619,reg,c1cc2c(cn1)OCOC2
CCCCCCCCCCCCCCCCCC[N+](C)(C)Cc1cnc(C[N+](C)(C)CCCCCCCCCCCCCCCCCC)c2c1COC(C(C)(C)C)O2.[Cl-].[Cl-],6.175709526771451,reg,c1cc2c(cn1)OCOC2
CCCCCCCCCCCCCCCCCC[N+](C)(C)Cc1cnc(C[N+](C)(C)CCCCCCCCCCCCCCCCCC)c2c1COC(C(C)C)O2.[Cl-].[Cl-],6.198750272775377,reg,c1cc2c(cn1)OCOC2
CCCCCCCCCCCCCCCCCC[N+](C)(C)Cc1cnc(C[N+](C)(C)CCCCCCCCCCCCCCCCCC)c2c1COC(C(C)CC)O2.[Cl-].[Cl-],6.175709526771451,reg,c1cc2c(cn1)OCOC2
CCCCCCCCCCCCCCCCCC[N+](C)(C)Cc1cnc(C[N+](C)(C)CCCCCCCCCCCCCCCCCC)c2c1COC(C(C)CCC)O2.[Cl-].[Cl-],6.153030978997994,reg,c1cc2c(cn1)OCOC2
CCCCCCCCCCCCCCCCCC[N+](C)(C)Cc1cnc(C[N+](C)(C)CCCCCCCCCCCCCCCCCC)c2c1COC(C(C)CCCCCCCCC)O2.[Cl-].[Cl-],6.023972237836113,reg,c1cc2c(cn1)OCOC2
CCCCCCCCCCCCCCCCCC[N+](C)(C)Cc1cnc(C[N+](C)(C)CCCCCCCCCCCCCCCCCC)c2c1COC(C(CC)CC)O2.[Cl-].[Cl-],6.153030978997994,reg,c1cc2c(cn1)OCOC2
CCCCCCCCCCCCCCCCCC[N+](C)(C)Cc1cnc(C[N+](C)(C)CCCCCCCCCCCCCCCCCC)c2c1COC(C(CC)CCCC)O2.[Cl-].[Cl-],6.108716145073694,reg,c1cc2c(cn1)OCOC2
CCCCCCCCCCCCCCCCCC[N+](C)(C)Cc1cnc(C[N+](C)(C)CCCCCCCCCCCCCCCCCC)c2c1COC(C)(C)O2.[Cl-].[Cl-],6.222164974348269,reg,c1cc2c(cn1)OCOC2
CCCCCCCCCCCCCCCCCC[N+](C)(C)Cc1cnc(C[N+](C)(C)CCCCCCCCCCCCCCCCCC)c2c1COC(C)(CCCCCCCC)O2.[Cl-].[Cl-],6.0657220487474275,reg,c1cc2c(cn1)OCOC2
CCCCCCCCCCCCCCCCCC[N+](C)(C)Cc1cnc(C[N+](C)(C)CCCCCCCCCCCCCCCCCC)c2c1COC(C)O2.[Cl-].[Cl-],6.245965970770335,reg,c1cc2c(cn1)OCOC2
CCCCCCCCCCCCCCCCCC[N+](C)(C)Cc1cnc(C[N+](C)(C)CCCCCCCCCCCCCCCCCC)c2c1COC(CC)O2.[Cl-].[Cl-],6.222164974348268,reg,c1cc2c(cn1)OCOC2
CCCCCCCCCCCCCCCCCC[N+](C)(C)Cc1cnc(C[N+](C)(C)CCCCCCCCCCCCCCCCCC)c2c1COC(CCC)O2.[Cl-].[Cl-],6.198750272775377,reg,c1cc2c(cn1)OCOC2
CCCCCCCCCCCCCCCCCC[N+](C)(C)Cc1cnc(C[N+](C)(C)CCCCCCCCCCCCCCCCCC)c2c1COC(CCCC)O2.[Cl-].[Cl-],6.175709526771451,reg,c1cc2c(cn1)OCOC2
CCCCCCCCCCCCCCCCCC[N+](C)(C)Cc1cnc(C[N+](C)(C)CCCCCCCCCCCCCCCCCC)c2c1COC(CCCCC)O2.[Cl-].[Cl-],6.153030978997994,reg,c1cc2c(cn1)OCOC2
CCCCCCCCCCCCCCCCCC[N+](C)(C)Cc1cnc(C[N+](C)(C)CCCCCCCCCCCCCCCCCC)c2c1COC(CCCCCC)O2.[Cl-].[Cl-],6.130703418030044,reg,c1cc2c(cn1)OCOC2
CCCCCCCCCCCCCCCCCC[N+](C)(C)Cc1cnc(C[N+](C)(C)CCCCCCCCCCCCCCCCCC)c2c1COC(CCCCCCC)O2.[Cl-].[Cl-],6.108716145073694,reg,c1cc2c(cn1)OCOC2
CCCCCCCCCCCCCCCCCC[N+](C)(C)Cc1cnc(C[N+](C)(C)CCCCCCCCCCCCCCCCCC)c2c1COC(CCCCCCCC)O2.[Cl-].[Cl-],6.087058943181983,reg,c1cc2c(cn1)OCOC2
CCCCCCCCCCCCCCCCCC[N+](C)(C)Cc1cnc(C[N+](C)(C)CCCCCCCCCCCCCCCCCC)c2c1COC1(CCCCC1)O2.[Cl-].[Cl-],6.156268549193866,reg,c1cc2c(cn1)OC1(CCCCC1)OC2
CCCCCCCCCCCCCCCCCC[N+](C)(C)Cc1cnc(C[N+](C)(C)CCCCCCCCCCCCCCCCCC)c2c1COCO2.[Cl-].[Cl-],6.270166222313757,reg,c1cc2c(cn1)OCOC2
CCCCCCCCCCCCCCCCCC[N+](C)(C)Cc1nc(C)c2c(c1CO)COC(C)(C)O2.[Br-],8.720485445376617,reg,c1cc2c(cn1)OCOC2
CCCCCCCCCCCCCCCCCC[N+](C)(C)Cc1nc(CO)c(CO)c(CO)c1O.[Cl-],5.412613199268665,reg,c1ccncc1
CCCCCCCCCCCCCCCCCC[N+](C)(C)Cc1nc(CO)c(CO)c2c1OC(C)(C)OC2.[Cl-],4.307712394037654,reg,c1cc2c(cn1)OCOC2
CCCCCCCCCCCCCCCCCC[N+](C)(CCCCCCCCCCC(=O)OC)CCCCCCCCCCC(=O)OC.[Cl-],7.446510111154603,reg,acyclic
CCCCCCCCCCCCCCCCCC[N+]1(C)CCCC1.[Br-],4.488639961749959,reg,C1CC[NH2+]C1
CCCCCCCCCCCCCCCCCC[N+]1(C)CC[N+](C)(CCCCCCCCCCCCCCCCCC)CC1.[Br-].[Br-],7.465784284662087,reg,C1C[NH2+]CC[NH2+]1
CCCCCCCCCCCCCCCCCC[S+]1CCCC1.[I-],4.488639961749959,reg,C1CC[SH+]C1
CCCCCCCCCCCCCCCCCC[n+]1ccc(-c2cc[n+](CCCCCCCCCCCCCCCCCC)cc2)cc1.[Br-].[Br-],7.965784284662087,reg,c1cc(-c2cc[nH+]cc2)cc[nH+]1
CCCCCCCCCCCCCCCCCC[n+]1ccc(-c2ccncc2)cc1.[Br-],6.459990297524481,reg,c1cc(-c2cc[nH+]cc2)ccn1
CCCCCCCCCCCCCCCCCC[n+]1ccc(/C=C/c2cc[n+](CCCCCCCCCCCCCCCCCC)cc2)cc1.[Br-].[Br-],7.965784284662087,reg,C(=Cc1cc[nH+]cc1)c1cc[nH+]cc1
CCCCCCCCCCCCCCCCCC[n+]1ccc(/C=N/O)cc1.[Br-],3.9653225483672547,reg,c1cc[nH+]cc1
CCCCCCCCCCCCCCCCCC[n+]1ccc(CCCc2cc[n+](CCCCCCCCCCCCCCCCCC)cc2)cc1.[Br-].[Br-],3.5,reg,c1cc(CCCc2cc[nH+]cc2)cc[nH+]1
CCCCCCCCCCCCCCCCCC[n+]1ccc(CCc2cc[n+](CCCCCCCCCCCCCCCCCC)cc2)cc1.[Br-].[Br-],6.971532104081001,reg,c1cc(CCc2cc[nH+]cc2)cc[nH+]1
CCCCCCCCCCCCCCCCCC[n+]1cccc(CN(Cc2ccc[n+](CCCCCCCCCCCCCCCCCC)c2)Cc2ccc[n+](CCCCCCCCCCCCCCCCCC)c2)c1.[Br-].[Br-].[Br-],4.0,reg,c1c[nH+]cc(CN(Cc2ccc[nH+]c2)Cc2ccc[nH+]c2)c1
CCCCCCCCCCCCCCCCCCn1c(=O)c2c(-c3ccccc3)nc(-c3ccc[n+](Cc4ccccc4)c3)n2c2ccccc21.[Cl-],9.444850174513169,reg,O=c1[nH]c2ccccc2n2c(-c3ccc[n+](Cc4ccccc4)c3)nc(-c3ccccc3)c12
CCCCCCCCCCCCCCCCN(CCC[N+](C)(C)CCCCCCCCCCCCCCCC)CCC[N+](C)(C)CCCCCCCCCCCCCCCC.[I-],4.817623257511431,reg,acyclic
CCCCCCCCCCCCCCCCNC(=O)C[N+](C)(C)CC(=O)NCCCCCCNC(=O)C[N+](C)(C)CC(=O)NCCCCCCCCCCCCCCCC.[Br-].[Br-],8.949698795546135,reg,acyclic
CCCCCCCCCCCCCCCCNC(=O)C[N+](C)(C)CC(=O)NCCCCNC(=O)C[N+](C)(C)CC(=O)NCCCCCCCCCCCCCCCC.[Br-].[Br-],8.780844181319383,reg,acyclic
CCCCCCCCCCCCCCCCNC(=O)C[N+](C)(C)CC(=O)NCCCNC(=O)C[N+](C)(C)CC(=O)NCCCCCCCCCCCCCCCC.[Br-].[Br-],8.801575775436795,reg,acyclic
CCCCCCCCCCCCCCCCNC(=O)C[N+](C)(C)CC(=O)NCCNC(=O)C[N+](C)(C)CC(=O)NCCCCCCCCCCCCCCCC.[Br-].[Br-],8.82260963232262,reg,acyclic
CCCCCCCCCCCCCCCCOC(=O)CC[n+]1ccccc1.[Cl-],10.244864958589773,reg,c1cc[nH+]cc1
CCCCCCCCCCCCCCCCOC(=O)C[n+]1ccccc1.[Cl-],14.472903487549917,reg,c1cc[nH+]cc1
CCCCCCCCCCCCCCCC[N+](C)(C)C.[Br-],4.754887502163468,reg,acyclic
CCCCCCCCCCCCCCCC[N+](C)(C)CC1CO1.[Cl-],6.614409345247941,reg,C1CO1
CCCCCCCCCCCCCCCC[N+](C)(C)CCCCCCCC.[Br-],5.965784284662087,reg,acyclic
CCCCCCCCCCCCCCCC[N+](C)(C)CCCCC[N+](C)(C)CCCCCCCCCCCCCCCC.[Br-].[Br-],2.0,reg,acyclic
CCCCCCCCCCCCCCCC[N+](C)(C)CCCN(C)C.[Br-],3.0,reg,acyclic
CCCCCCCCCCCCCCCC[N+](C)(C)CCCN(CCCCCCCCCCCCCC)CCC[N+](C)(C)CCCCCCCCCCCCCCCC.[Br-],4.902073579310743,reg,acyclic
CCCCCCCCCCCCCCCC[N+](C)(C)CCCNCCC[N+](C)(C)CCCCCCCCCCCCCCCC.[I-],6.131342539123261,reg,acyclic
CCCCCCCCCCCCCCCC[N+](C)(C)CCN(C)CC[N+](C)(C)CCCCCCCCCCCCCCCC.[Br-],6.6293566200796095,reg,acyclic
CCCCCCCCCCCCCCCC[N+](C)(C)CCN(C)CC[N+](C)(C)CCCCCCCCCCCCCCCC.[I-],6.149747119504682,reg,acyclic
CCCCCCCCCCCCCCCC[N+](C)(C)CCNC(=O)[C@]12C[C@H]3C[C@H](C[C@](C(=O)NCC[N+](C)(C)CCCCCCCCCCCCCCCC)(C3)C1)C2.[Br-].[Br-],7.2268938135713885,reg,C1C2CC3CC1CC(C2)C3
CCCCCCCCCCCCCCCC[N+](C)(C)CCNS(=O)(=O)CC12CCC(CC1=O)C2(C)C.[Br-],2.0036022366801953,reg,O=C1CC2CCC1C2
CCCCCCCCCCCCCCCC[N+](C)(C)CCOCC[N+](C)(C)CCCCCCCCCCCCCCCC.[Br-].[Br-],7.870364719583405,reg,acyclic
CCCCCCCCCCCCCCCC[N+](C)(C)CCc1ccc(O)cc1.[Br-],2.9653225483672547,reg,c1ccccc1
CCCCCCCCCCCCCCCC[N+](C)(C)Cc1cc(C[N+](C)(C)C)cc(C[N+](C)(C)CCCCCCCCCCCCCCCC)c1.[Br-].[Br-].[Br-],4.5,reg,c1ccccc1
CCCCCCCCCCCCCCCC[N+](C)(C)Cc1ccc(C[N+](C)(C)CCCCCCCCCCCCCCCC)cc1.[Br-].[Br-],8.609548138999429,reg,c1ccccc1
CCCCCCCCCCCCCCCC[N+](C)(C)Cc1ccccc1.[Br-],2.9653225483672547,reg,c1ccccc1
CCCCCCCCCCCCCCCC[N+](C)(C)Cc1ccccc1.[Cl-],1.9671686075326276,reg,c1ccccc1
CCCCCCCCCCCCCCCC[N+](C)(C)Cc1cnc(C[N+](C)(C)CCCCCCCCCCCCCCCC)c2c1COC(C(C)(C)C)O2.[Cl-].[Cl-],6.270166222313756,reg,c1cc2c(cn1)OCOC2
CCCCCCCCCCCCCCCC[N+](C)(C)Cc1cnc(C[N+](C)(C)CCCCCCCCCCCCCCCC)c2c1COC(C(C)C)O2.[Cl-].[Cl-],6.29477935262442,reg,c1cc2c(cn1)OCOC2
CCCCCCCCCCCCCCCC[N+](C)(C)Cc1cnc(C[N+](C)(C)CCCCCCCCCCCCCCCC)c2c1COC(C(C)CC)O2.[Cl-].[Cl-],6.270166222313756,reg,c1cc2c(cn1)OCOC2
CCCCCCCCCCCCCCCC[N+](C)(C)Cc1cnc(C[N+](C)(C)CCCCCCCCCCCCCCCC)c2c1COC(C(C)CCC)O2.[Cl-].[Cl-],6.245965970770334,reg,c1cc2c(cn1)OCOC2
CCCCCCCCCCCCCCCC[N+](C)(C)Cc1cnc(C[N+](C)(C)CCCCCCCCCCCCCCCC)c2c1COC(C(C)CCCCCCCCC)O2.[Cl-].[Cl-],6.108716145073694,reg,c1cc2c(cn1)OCOC2
CCCCCCCCCCCCCCCC[N+](C)(C)Cc1cnc(C[N+](C)(C)CCCCCCCCCCCCCCCC)c2c1COC(C(CC)CC)O2.[Cl-].[Cl-],6.245965970770334,reg,c1cc2c(cn1)OCOC2
CCCCCCCCCCCCCCCC[N+](C)(C)Cc1cnc(C[N+](C)(C)CCCCCCCCCCCCCCCC)c2c1COC(C(CC)CCCC)O2.[Cl-].[Cl-],6.198750272775377,reg,c1cc2c(cn1)OCOC2
CCCCCCCCCCCCCCCC[N+](C)(C)Cc1cnc(C[N+](C)(C)CCCCCCCCCCCCCCCC)c2c1COC(C)(CCCCCCCC)O2.[Cl-].[Cl-],6.153030978997994,reg,c1cc2c(cn1)OCOC2
CCCCCCCCCCCCCCCC[N+](C)(C)Cc1cnc(C[N+](C)(C)CCCCCCCCCCCCCCCC)c2c1COC(C)O2.[Cl-].[Cl-],6.345302341429065,reg,c1cc2c(cn1)OCOC2
CCCCCCCCCCCCCCCC[N+](C)(C)Cc1cnc(C[N+](C)(C)CCCCCCCCCCCCCCCC)c2c1COC(CC)O2.[Cl-].[Cl-],6.319819694782108,reg,c1cc2c(cn1)OCOC2
CCCCCCCCCCCCCCCC[N+](C)(C)Cc1cnc(C[N+](C)(C)CCCCCCCCCCCCCCCC)c2c1COC(CCC)O2.[Cl-].[Cl-],6.29477935262442,reg,c1cc2c(cn1)OCOC2
CCCCCCCCCCCCCCCC[N+](C)(C)Cc1cnc(C[N+](C)(C)CCCCCCCCCCCCCCCC)c2c1COC(CCCC)O2.[Cl-].[Cl-],6.270166222313756,reg,c1cc2c(cn1)OCOC2
CCCCCCCCCCCCCCCC[N+](C)(C)Cc1cnc(C[N+](C)(C)CCCCCCCCCCCCCCCC)c2c1COC(CCCCC)O2.[Cl-].[Cl-],6.245965970770335,reg,c1cc2c(cn1)OCOC2
CCCCCCCCCCCCCCCC[N+](C)(C)Cc1cnc(C[N+](C)(C)CCCCCCCCCCCCCCCC)c2c1COC(CCCCCC)O2.[Cl-].[Cl-],6.222164974348268,reg,c1cc2c(cn1)OCOC2
CCCCCCCCCCCCCCCC[N+](C)(C)Cc1cnc(C[N+](C)(C)CCCCCCCCCCCCCCCC)c2c1COC(CCCCCCC)O2.[Cl-].[Cl-],6.198750272775377,reg,c1cc2c(cn1)OCOC2
CCCCCCCCCCCCCCCC[N+](C)(C)Cc1cnc(C[N+](C)(C)CCCCCCCCCCCCCCCC)c2c1COC(CCCCCCCC)O2.[Cl-].[Cl-],6.175709526771451,reg,c1cc2c(cn1)OCOC2
CCCCCCCCCCCCCCCC[N+](C)(C)Cc1cnc(C[N+](C)(C)CCCCCCCCCCCCCCCC)c2c1COC1(CCCCC1)O2.[Cl-].[Cl-],6.249419219525237,reg,c1cc2c(cn1)OC1(CCCCC1)OC2
CCCCCCCCCCCCCCCC[N+](C)(C)Cc1cnc(C[N+](C)(C)CCCCCCCCCCCCCCCC)c2c1COCO2.[Cl-].[Cl-],6.371243199405882,reg,c1cc2c(cn1)OCOC2
CCCCCCCCCCCCCCCC[N+]1(C)CCCC1.[Br-],4.9828921423310435,reg,C1CC[NH2+]C1
CCCCCCCCCCCCCCCC[N+]1(C)CCN(C)CCN(C)CC1.[Br-],1.0,reg,C1CNCC[NH2+]CCN1
CCCCCCCCCCCCCCCC[N+]1(C)CCN(S(=O)(=O)CC23CCC(CC2=O)C3(C)C)CC1.[Br-],8.299665944130178,reg,O=C1CC2CCC1(CS(=O)(=O)N1CC[NH2+]CC1)C2
CCCCCCCCCCCCCCCC[N+]1(C)CC[N+](C)(CCCCCCCCCCCCCCCC)CC1.[Br-].[Br-],6.471532104081001,reg,C1C[NH2+]CC[NH2+]1
CCCCCCCCCCCCCCCC[N+]1(CCO)C=CN=C1.[Br-],2.9653225483672547,reg,C1=C[NH2+]C=N1
CCCCCCCCCCCCCCCC[N+]1(CCO)CCCC1.[Br-],3.321928094887362,reg,C1CC[NH2+]C1
CCCCCCCCCCCCCCCC[N+]1(CCO)CCCCC1.[Br-],2.550900664647523,reg,C1CC[NH2+]CC1
CCCCCCCCCCCCCCCC[N+]1(CCO)CCOCC1.[Br-],3.9662458732249397,reg,C1COCC[NH2+]1
CCCCCCCCCCCCCCCC[N+]12CCN(CC1)CC2.[Br-],0.2866872632229722,reg,C1C[NH+]2CCN1CC2
CCCCCCCCCCCCCCCC[S+]1CCCC1.[I-],4.9828921423310435,reg,C1CC[SH+]C1
CCCCCCCCCCCCCCCC[n+]1ccc(-c2cc[n+](CCCCCCCCCCCCCCCC)cc2)cc1.[Br-].[Br-],7.965784284662087,reg,c1cc(-c2cc[nH+]cc2)cc[nH+]1
CCCCCCCCCCCCCCCC[n+]1ccc(-c2cc[n+](CCCCCCCCCCCCCCCC)cc2)cc1.[Cl-].[Cl-],7.965784284662087,reg,c1cc(-c2cc[nH+]cc2)cc[nH+]1
CCCCCCCCCCCCCCCC[n+]1ccc(-c2cc[n+](CCCCCCCCCCCCCCCC)cc2)cc1.[I-].[I-],7.965784284662087,reg,c1cc(-c2cc[nH+]cc2)cc[nH+]1
CCCCCCCCCCCCCCCC[n+]1ccc(-c2ccncc2)cc1.[Br-],4.988639961749959,reg,c1cc(-c2cc[nH+]cc2)ccn1
CCCCCCCCCCCCCCCC[n+]1ccc(/C=C/c2cc[n+](CCCCCCCCCCCCCCCC)cc2)cc1.[Br-].[Br-],7.965784284662087,reg,C(=Cc1cc[nH+]cc1)c1cc[nH+]cc1
CCCCCCCCCCCCCCCC[n+]1ccc(/C=N/O)cc1.[Br-],2.9653225483672547,reg,c1cc[nH+]cc1
CCCCCCCCCCCCCCCC[n+]1ccc(C(N)=O)cc1.[Br-],2.9653225483672547,reg,c1cc[nH+]cc1
CCCCCCCCCCCCCCCC[n+]1ccc(C)cc1.[Br-],2.9653225483672547,reg,c1cc[nH+]cc1
CCCCCCCCCCCCCCCC[n+]1ccc(CCc2cc[n+](CCCCCCCCCCCCCCCC)cc2)cc1.[Br-].[Br-],6.4828921423310435,reg,c1cc(CCc2cc[nH+]cc2)cc[nH+]1
CCCCCCCCCCCCCCCC[n+]1ccc2c(N)cccc2c1.[Br-],2.550900664647523,reg,c1ccc2c[nH+]ccc2c1
CCCCCCCCCCCCCCCC[n+]1cccc(C(N)=O)c1.[Br-],2.9653225483672547,reg,c1cc[nH+]cc1
CCCCCCCCCCCCCCCC[n+]1cccc(C)c1.[Br-],3.550900664647523,reg,c1cc[nH+]cc1
CCCCCCCCCCCCCCCC[n+]1cccc(CCO)c1.[Br-],3.9662458732249397,reg,c1cc[nH+]cc1
CCCCCCCCCCCCCCCC[n+]1cccc(CN(Cc2ccc[n+](CCCCCCCCCCCCCCCC)c2)Cc2ccc[n+](CCCCCCCCCCCCCCCC)c2)c1.[Br-].[Br-].[Br-],2.5,reg,c1c[nH+]cc(CN(Cc2ccc[nH+]c2)Cc2ccc[nH+]c2)c1
CCCCCCCCCCCCCCCC[n+]1cccc(CO)c1.[Br-],3.550900664647523,reg,c1cc[nH+]cc1
CCCCCCCCCCCCCCCC[n+]1cccc(OC)c1.[Br-],6.965784284662087,reg,c1cc[nH+]cc1
CCCCCCCCCCCCCCCC[n+]1cccc(Oc2ccc(-c3ccc(Oc4ccc[n+](CCCCCCCCCCCCCCCC)c4)cc3)cc2)c1.[Br-].[Br-],5.07237656564556,reg,c1c[nH+]cc(Oc2ccc(-c3ccc(Oc4ccc[nH+]c4)cc3)cc2)c1
CCCCCCCCCCCCCCCC[n+]1cccc2c(O)cccc21.[Br-],8.965784284662087,reg,c1ccc2[nH+]cccc2c1
CCCCCCCCCCCCCCCC[n+]1cccc2cc(O)ccc21.[Br-],2.9653225483672547,reg,c1ccc2[nH+]cccc2c1
CCCCCCCCCCCCCCCC[n+]1ccccc1.[Br-],1.9671686075326276,reg,c1cc[nH+]cc1
CCCCCCCCCCCCCCCC[n+]1ccccc1C.[Br-],2.550900664647523,reg,c1cc[nH+]cc1
CCCCCCCCCCCCCCCCn1c(C)[n+](C)c2ccccc21.[I-],2.229587922740652,reg,c1ccc2[nH+]c[nH]c2c1
CCCCCCCCCCCCCCCCn1c(C)[n+](Cc2cccc(F)c2)c2ccccc21.[Br-],3.229587922740652,reg,c1ccc(C[n+]2c[nH]c3ccccc32)cc1
CCCCCCCCCCCCCCCCn1c(C)[n+](Cc2cccc(OC)c2)c2ccccc21.[Br-],2.643856189774725,reg,c1ccc(C[n+]2c[nH]c3ccccc32)cc1
CCCCCCCCCCCCCCCCn1c(C)[n+](Cc2ccccc2)c2ccccc21.[Br-],2.4378752899492726,reg,c1ccc(C[n+]2c[nH]c3ccccc32)cc1
CCCCCCCCCCCCCCCCn1cc(-c2ccccc2)[n+](C)n1.[I-],1.6461626571578936,reg,c1ccc(-c2c[nH]n[nH+]2)cc1
CCCCCCCCCCCCCCCCn1cc[n+](-c2ccc(C(F)(F)F)cc2)c1C.[Br-],2.9351823597917024,reg,c1ccc(-[n+]2cc[nH]c2)cc1
CCCCCCCCCCCCCCCCn1cc[n+](-c2ccc(Cl)cc2)c1C.[Br-],2.145009423466309,reg,c1ccc(-[n+]2cc[nH]c2)cc1
CCCCCCCCCCCCCCCCn1cc[n+](-c2ccc(OC(F)(F)F)cc2)c1C.[Br-],3.4873334838285057,reg,c1ccc(-[n+]2cc[nH]c2)cc1
CCCCCCCCCCCCCCCCn1cc[n+](-c2ccc(OC)cc2)c1C.[Br-],1.9378752899492726,reg,c1ccc(-[n+]2cc[nH]c2)cc1
CCCCCCCCCCCCCCCCn1cc[n+](-c2ccc(Oc3ccccc3)cc2)c1C.[Br-],3.729203306618266,reg,c1ccc(Oc2ccc(-[n+]3cc[nH]c3)cc2)cc1
CCCCCCCCCCCCCCCCn1cc[n+](-c2ccc([N+](=O)[O-])cc2)c1C.[Br-],2.643856189774725,reg,c1ccc(-[n+]2cc[nH]c2)cc1
CCCCCCCCCCCCCCCCn1cc[n+](-c2ccccc2)c1C.[Br-],2.145009423466309,reg,c1ccc(-[n+]2cc[nH]c2)cc1
CCCCCCCCCCCCCCCCn1cc[n+](C)c1C.[I-],2.145009423466309,reg,c1c[nH+]c[nH]1
CCCCCCCCCCCCCCCCn1cc[n+](CC(=O)Nc2ccc(F)cc2)c1C.[Br-],5.643856189774724,reg,O=C(C[n+]1cc[nH]c1)Nc1ccccc1
CCCCCCCCCCCCCCCCn1cc[n+](CCCC)c1C.[Br-],1.232660756790275,reg,c1c[nH+]c[nH]1
CCCCCCCCCCCCCCCCn1cc[n+](CCO)c1C.[Br-],2.145009423466309,reg,c1c[nH+]c[nH]1
CCCCCCCCCCCCCCCCn1cc[n+](Cc2cc(Br)cc(Br)c2)c1C.[Br-],5.22881869049588,reg,c1ccc(C[n+]2cc[nH]c2)cc1
CCCCCCCCCCCCCCCCn1cc[n+](Cc2cc(C(F)(F)F)cc(C(F)(F)F)c2)c1C.[Br-],3.643856189774725,reg,c1ccc(C[n+]2cc[nH]c2)cc1
CCCCCCCCCCCCCCCCn1cc[n+](Cc2ccc(Br)cc2)c1C.[Br-],2.643856189774725,reg,c1ccc(C[n+]2cc[nH]c2)cc1
CCCCCCCCCCCCCCCCn1cc[n+](Cc2ccc(Br)cc2C(F)(F)F)c1C.[Br-],1.9378752899492726,reg,c1ccc(C[n+]2cc[nH]c2)cc1
CCCCCCCCCCCCCCCCn1cc[n+](Cc2ccc(C(C)(C)C)cc2)c1C.[Br-],3.643856189774725,reg,c1ccc(C[n+]2cc[nH]c2)cc1
CCCCCCCCCCCCCCCCn1cc[n+](Cc2ccc(C(C)C)cc2)c1C.[Br-],2.643856189774725,reg,c1ccc(C[n+]2cc[nH]c2)cc1
CCCCCCCCCCCCCCCCn1cc[n+](Cc2ccc(C[n+]3ccn(CCCCCCCCCCCCCCCC)c3C)cc2)c1C.[Br-].[Br-],6.643856189774724,reg,c1c[n+](Cc2ccc(C[n+]3cc[nH]c3)cc2)c[nH]1
CCCCCCCCCCCCCCCCn1cc[n+](Cc2cccc(F)c2)c1C.[Br-],0.9371033929388993,reg,c1ccc(C[n+]2cc[nH]c2)cc1
CCCCCCCCCCCCCCCCn1cc[n+](Cc2cccc(OC)c2)c1C.[Br-],1.232660756790275,reg,c1ccc(C[n+]2cc[nH]c2)cc1
CCCCCCCCCCCCCCCCn1cc[n+](Cc2ccccc2)c1C.[Br-],2.229587922740652,reg,c1ccc(C[n+]2cc[nH]c2)cc1
CCCCCCCCCCCCCCCCn1cc[n+](Cc2ccccc2Br)c1C.[Br-],1.6461626571578936,reg,c1ccc(C[n+]2cc[nH]c2)cc1
CCCCCCCCCCCCCCCCn1cc[n+](Cc2ccccc2C[n+]2ccn(CCCCCCCCCCCCCCCC)c2C)c1C.[Br-].[Br-],6.643856189774724,reg,c1ccc(C[n+]2cc[nH]c2)c(C[n+]2cc[nH]c2)c1
CCCCCCCCCCCCCCCOC(=O)[C@H](Cc1ccccc1)[N+](C)(CC)CC.[I-],4.087462841250339,reg,c1ccccc1
CCCCCCCCCCCCCCC[N+](C)(C)CC(C)O.[Br-],4.906890595608519,reg,acyclic
CCCCCCCCCCCCCCC[N+](C)(C)CCCO.[Br-],5.906890595608519,reg,acyclic
CCCCCCCCCCCCCCC[N+](C)(C)CCO.[Br-],4.906890595608519,reg,acyclic
CCCCCCCCCCCCCCN1C(=O)/C(=N\NC(=O)C[N+](C)(C)C)c2ccccc21.[Cl-],6.653045089192808,reg,N=C1C(=O)Nc2ccccc21
CCCCCCCCCCCCCCN1C(=O)/C(=N\NC(=O)C[N+]23CCN(CC2)CC3)c2ccccc21.[Br-],6.227920454563199,reg,O=C(C[N+]12CCN(CC1)CC2)NN=C1C(=O)Nc2ccccc21
CCCCCCCCCCCCCCNC(=O)C[N+]1(C)CC[N+](C)(CC(=O)NCCCCCCCCCCCCCC)CC1.[Br-].[Br-],5.9828921423310435,reg,C1C[NH2+]CC[NH2+]1
CCCCCCCCCCCCCCNC(=O)C[n+]1ccc(/C=C/c2cc[n+](CC(=O)NCCCCCCCCCCCCCC)cc2)cc1.[Br-].[Br-],7.965784284662087,reg,C(=Cc1cc[nH+]cc1)c1cc[nH+]cc1
CCCCCCCCCCCCCCNC(=O)C[n+]1ccc(C#Cc2cc[n+](CC(=O)NCCCCCCCCCCCCCC)cc2)cc1.[Br-].[Br-],7.465784284662087,reg,C(#Cc1cc[nH+]cc1)c1cc[nH+]cc1
CCCCCCCCCCCCCCNC(=O)C[n+]1ccc(CCc2cc[n+](CC(=O)NCCCCCCCCCCCCCC)cc2)cc1.[Br-].[Br-],6.471532104081001,reg,c1cc(CCc2cc[nH+]cc2)cc[nH+]1
CCCCCCCCCCCCCCNC(=O)C[n+]1ccn(S(=O)(=O)CC23CCC(CC2=O)C3(C)C)c1.[Br-],6.329123596291566,reg,O=C1CC2CCC1(CS(=O)(=O)n1cc[nH+]c1)C2
CCCCCCCCCCCCCCOC(=O)C1CCC[N+]1(C)C.[I-],4.5456699543768675,reg,C1CC[NH2+]C1
CCCCCCCCCCCCCCOC(=O)C1CCC[NH2+]1.[Cl-],10.103949177537832,reg,C1CC[NH2+]C1
CCCCCCCCCCCCCCOC(=O)C[N+](C)(C)CCN1CC[N+](C)(CC(=O)OCCCCCCCCCCCCCC)CC1.[Br-].[Br-],7.965784284662087,reg,C1C[NH2+]CCN1
CCCCCCCCCCCCCCOC(=O)C[N+](C)(C)CCNS(=O)(=O)CC12CCC(CC1=O)C2(C)C.[Br-],2.9392265777282085,reg,O=C1CC2CCC1C2
CCCCCCCCCCCCCCOC(=O)C[N+](C)(C)CC[N+](C)(C)CC(=O)OCCCCCCCCCCCCCC.[Br-].[Br-],5.0,reg,acyclic
CCCCCCCCCCCCCCOC(=O)C[N+](C)(C)CC[N+](C)(C)CC(=O)OCCCCCCCCCCCCCC.[Cl-].[Cl-],6.321928094887363,reg,acyclic
CCCCCCCCCCCCCCOC(=O)C[N+]1(C)CCN(S(=O)(=O)CC23CCC(CC2=O)C3(C)C)CC1.[Br-],5.230741002626909,reg,O=C1CC2CCC1(CS(=O)(=O)N1CC[NH2+]CC1)C2
CCCCCCCCCCCCCCOC(=O)C[n+]1ccn(S(=O)(=O)CC23CCC(CC2=O)C3(C)C)c1.[Br-],12.44086916761087,reg,O=C1CC2CCC1(CS(=O)(=O)n1cc[nH+]c1)C2
CCCCCCCCCCCCCCOC(=O)[C@@H]1CCCN1C(=O)[C@H](Cc1ccccc1)[N+](C)(C)C.[I-],8.290018846932618,reg,O=C(CCc1ccccc1)N1CCCC1
CCCCCCCCCCCCCC[N+](C)(C)CC1CO1.[Cl-],6.2753733926916215,reg,C1CO1
CCCCCCCCCCCCCC[N+](C)(C)CCCCCCCC.[Br-],2.9653225483672547,reg,acyclic
CCCCCCCCCCCCCC[N+](C)(C)CCCCCCCCCCOc1cccc(OCCCCCCCCCC[N+](C)(C)CCCCCCCCCCCCCC)c1.[Br-].[Br-],6.965784284662087,reg,c1ccccc1
CCCCCCCCCCCCCC[N+](C)(C)CCCCCCCCOc1cccc(OCCCCCCCC[N+](C)(C)CCCCCCCCCCCCCC)c1.[Br-].[Br-],5.977279923499917,reg,c1ccccc1
CCCCCCCCCCCCCC[N+](C)(C)CCCCCCOc1cccc(OCCCCCC[N+](C)(C)CCCCCCCCCCCCCC)c1.[Br-].[Br-],5.0,reg,c1ccccc1
CCCCCCCCCCCCCC[N+](C)(C)CCCCCOc1cccc(OCCCCC[N+](C)(C)CCCCCCCCCCCCCC)c1.[Br-].[Br-],5.0,reg,c1ccccc1
CCCCCCCCCCCCCC[N+](C)(C)CCCCC[N+](C)(C)CCCCCCCCCCCCCC.[Br-].[Br-],1.0,reg,acyclic
CCCCCCCCCCCCCC[N+](C)(C)CCCCOc1cccc(OCCCC[N+](C)(C)CCCCCCCCCCCCCC)c1.[Br-].[Br-],4.0,reg,c1ccccc1
CCCCCCCCCCCCCC[N+](C)(C)CCC[N+](C)(CCC[N+](C)(C)CCCCCCCCCCCCCC)CCC[N+](C)(C)CCCCCCCCCCCCCC.[Br-].[Br-].[Br-].[I-],2.0,reg,acyclic
CCCCCCCCCCCCCC[N+](C)(C)CCN(C)CC[N+](C)(C)CCCCCCCCCCCCCC.[Br-],4.754887502163468,reg,acyclic
CCCCCCCCCCCCCC[N+](C)(C)CCN(C)CC[N+](C)(C)CCCCCCCCCCCCCC.[I-],6.247927513443585,reg,acyclic
CCCCCCCCCCCCCC[N+](C)(C)CCN(CC[N+](C)(C)CCCCCCCCCCCCCC)CC[N+](C)(C)CCCCCCCCCCCCCC,3.0,reg,acyclic
CCCCCCCCCCCCCC[N+](C)(C)CCNC(=O)[C@]12C[C@H]3C[C@H](C[C@](C(=O)NCC[N+](C)(C)CCCCCCCCCCCCCC)(C3)C1)C2.[Br-].[Br-],2.232660756790275,reg,C1C2CC3CC1CC(C2)C3
CCCCCCCCCCCCCC[N+](C)(C)CCNS(=O)(=O)CC12CCC(CC1=O)C2(C)C.[Br-],0.070389327891398,reg,O=C1CC2CCC1C2
CCCCCCCCCCCCCC[N+](C)(C)CCOCC[N+](C)(C)CCCCCCCCCCCCCC.[Br-].[Br-],6.870364719583405,reg,acyclic
CCCCCCCCCCCCCC[N+](C)(C)CCc1ccc(O)cc1.[Br-],2.9653225483672547,reg,c1ccccc1
CCCCCCCCCCCCCC[N+](C)(C)Cc1ccc(C[N+](C)(C)CCCCCCCCCCCCCC)cc1.[Br-].[Br-],7.609548138999429,reg,c1ccccc1
CCCCCCCCCCCCCC[N+](C)(C)Cc1ccccc1.[Br-],2.9653225483672547,reg,c1ccccc1
CCCCCCCCCCCCCC[N+](C)(C)Cc1ccccc1.[Cl-],1.9671686075326276,reg,c1ccccc1
CCCCCCCCCCCCCC[N+](C)(C)Cc1cnc(C[N+](C)(C)CCCCCCCCCCCCCC)c2c1COC(C(C)(C)C)O2.[Cl-].[Cl-],6.371243199405881,reg,c1cc2c(cn1)OCOC2
CCCCCCCCCCCCCC[N+](C)(C)Cc1cnc(C[N+](C)(C)CCCCCCCCCCCCCC)c2c1COC(C(C)C)O2.[Cl-].[Cl-],5.897659049390003,reg,c1cc2c(cn1)OCOC2
CCCCCCCCCCCCCC[N+](C)(C)Cc1cnc(C[N+](C)(C)CCCCCCCCCCCCCC)c2c1COC(C(C)CC)O2.[Cl-].[Cl-],6.371243199405881,reg,c1cc2c(cn1)OCOC2
CCCCCCCCCCCCCC[N+](C)(C)Cc1cnc(C[N+](C)(C)CCCCCCCCCCCCCC)c2c1COC(C(C)CCC)O2.[Cl-].[Cl-],6.345302341429064,reg,c1cc2c(cn1)OCOC2
CCCCCCCCCCCCCC[N+](C)(C)Cc1cnc(C[N+](C)(C)CCCCCCCCCCCCCC)c2c1COC(C(C)CCCCCCCCC)O2.[Cl-].[Cl-],6.198750272775376,reg,c1cc2c(cn1)OCOC2
CCCCCCCCCCCCCC[N+](C)(C)Cc1cnc(C[N+](C)(C)CCCCCCCCCCCCCC)c2c1COC(C(CC)CC)O2.[Cl-].[Cl-],6.345302341429064,reg,c1cc2c(cn1)OCOC2
CCCCCCCCCCCCCC[N+](C)(C)Cc1cnc(C[N+](C)(C)CCCCCCCCCCCCCC)c2c1COC(C(CC)CCCC)O2.[Cl-].[Cl-],6.294779352624419,reg,c1cc2c(cn1)OCOC2
CCCCCCCCCCCCCC[N+](C)(C)Cc1cnc(C[N+](C)(C)CCCCCCCCCCCCCC)c2c1COC(C)(CCCCCCCC)O2.[Cl-].[Cl-],6.245965970770334,reg,c1cc2c(cn1)OCOC2
CCCCCCCCCCCCCC[N+](C)(C)Cc1cnc(C[N+](C)(C)CCCCCCCCCCCCCC)c2c1COC(C)O2.[Cl-].[Cl-],6.451987614677303,reg,c1cc2c(cn1)OCOC2
CCCCCCCCCCCCCC[N+](C)(C)Cc1cnc(C[N+](C)(C)CCCCCCCCCCCCCC)c2c1COC(CC)O2.[Cl-].[Cl-],6.424567611096748,reg,c1cc2c(cn1)OCOC2
CCCCCCCCCCCCCC[N+](C)(C)Cc1cnc(C[N+](C)(C)CCCCCCCCCCCCCC)c2c1COC(CCC)O2.[Cl-].[Cl-],6.397659049390003,reg,c1cc2c(cn1)OCOC2
CCCCCCCCCCCCCC[N+](C)(C)Cc1cnc(C[N+](C)(C)CCCCCCCCCCCCCC)c2c1COC(CCCC)O2.[Cl-].[Cl-],6.371243199405882,reg,c1cc2c(cn1)OCOC2
CCCCCCCCCCCCCC[N+](C)(C)Cc1cnc(C[N+](C)(C)CCCCCCCCCCCCCC)c2c1COC(CCCCC)O2.[Cl-].[Cl-],6.345302341429064,reg,c1cc2c(cn1)OCOC2
CCCCCCCCCCCCCC[N+](C)(C)Cc1cnc(C[N+](C)(C)CCCCCCCCCCCCCC)c2c1COC(CCCCCC)O2.[Cl-].[Cl-],6.319819694782108,reg,c1cc2c(cn1)OCOC2
CCCCCCCCCCCCCC[N+](C)(C)Cc1cnc(C[N+](C)(C)CCCCCCCCCCCCCC)c2c1COC(CCCCCCC)O2.[Cl-].[Cl-],6.29477935262442,reg,c1cc2c(cn1)OCOC2
CCCCCCCCCCCCCC[N+](C)(C)Cc1cnc(C[N+](C)(C)CCCCCCCCCCCCCC)c2c1COC(CCCCCCCC)O2.[Cl-].[Cl-],6.270166222313756,reg,c1cc2c(cn1)OCOC2
CCCCCCCCCCCCCC[N+](C)(C)Cc1cnc(C[N+](C)(C)CCCCCCCCCCCCCC)c2c1COC1(CCCCC1)O2.[Cl-].[Cl-],6.349002055595675,reg,c1cc2c(cn1)OC1(CCCCC1)OC2
CCCCCCCCCCCCCC[N+](C)(C)Cc1cnc(C[N+](C)(C)CCCCCCCCCCCCCC)c2c1COCO2.[Cl-].[Cl-],6.479938879034186,reg,c1cc2c(cn1)OCOC2
CCCCCCCCCCCCCC[N+]1(C)CCCC1.[Br-],5.9828921423310435,reg,C1CC[NH2+]C1
CCCCCCCCCCCCCC[N+]1(C)CCN(S(=O)(=O)CC23CCC(CC2=O)C3(C)C)CC1.[Br-],5.364572432295856,reg,O=C1CC2CCC1(CS(=O)(=O)N1CC[NH2+]CC1)C2
CCCCCCCCCCCCCC[N+]1(C)CC[N+](C)(CCCCCCCCCCCCCC)CC1.[Br-].[Br-],5.0,reg,C1C[NH2+]CC[NH2+]1
CCCCCCCCCCCCCC[N+]1(CCO)C=CN=C1.[Br-],3.9662458732249397,reg,C1=C[NH2+]C=N1
CCCCCCCCCCCCCC[N+]1(CCO)CCCC1.[Br-],3.9662458732249397,reg,C1CC[NH2+]C1
CCCCCCCCCCCCCC[N+]1(CCO)CCCCC1.[Br-],4.466015078943514,reg,C1CC[NH2+]CC1
CCCCCCCCCCCCCC[N+]1(CCO)CCOCC1.[Br-],6.550746785383243,reg,C1COCC[NH2+]1
CCCCCCCCCCCCCC[N+]12CCC(CC1)C(O)C2.[Br-],3.269344550642954,reg,C1C[NH+]2CCC1CC2
CCCCCCCCCCCCCC[N+]12CCN(CC1)CC2.[Br-],4.321928094887363,reg,C1C[NH+]2CCN1CC2
CCCCCCCCCCCCCC[S+]1CCCC1.[I-],6.4828921423310435,reg,C1CC[SH+]C1
CCCCCCCCCCCCCC[n+]1ccc(-c2cc[n+](CCCCCCCCCCCCCC)cc2)cc1.[Br-].[Br-],6.459990297524481,reg,c1cc(-c2cc[nH+]cc2)cc[nH+]1
CCCCCCCCCCCCCC[n+]1ccc(-c2ccncc2)cc1.[Br-],4.4770981551934375,reg,c1cc(-c2cc[nH+]cc2)ccn1
CCCCCCCCCCCCCC[n+]1ccc(/C=C/c2cc[n+](CCCCCCCCCCCCCC)cc2)cc1.[Br-].[Br-],7.465784284662087,reg,C(=Cc1cc[nH+]cc1)c1cc[nH+]cc1
CCCCCCCCCCCCCC[n+]1ccc(/C=N/O)cc1.[Br-],3.4653225483672547,reg,c1cc[nH+]cc1
CCCCCCCCCCCCCC[n+]1ccc(C(N)=O)cc1.[Br-],3.9662458732249397,reg,c1cc[nH+]cc1
CCCCCCCCCCCCCC[n+]1ccc(C)cc1.[Br-],2.9653225483672547,reg,c1cc[nH+]cc1
CCCCCCCCCCCCCC[n+]1ccc(CCc2cc[n+](CCCCCCCCCCCCCC)cc2)cc1.Cc1ccc(S(=O)(=O)[O-])cc1.Cc1ccc(S(=O)(=O)[O-])cc1,4.0,reg,c1cc(CCc2cc[nH+]cc2)cc[nH+]1.c1ccccc1.c1ccccc1
CCCCCCCCCCCCCC[n+]1ccc(CCc2cc[n+](CCCCCCCCCCCCCC)cc2)cc1.[Br-].[Br-],3.5,reg,c1cc(CCc2cc[nH+]cc2)cc[nH+]1
CCCCCCCCCCCCCC[n+]1ccc2c(N)cccc2c1.[Br-],2.2868811477881614,reg,c1ccc2c[nH+]ccc2c1
CCCCCCCCCCCCCC[n+]1cccc(C(N)=O)c1.[Br-],3.9662458732249397,reg,c1cc[nH+]cc1
CCCCCCCCCCCCCC[n+]1cccc(C)c1.[Br-],3.9662458732249397,reg,c1cc[nH+]cc1
CCCCCCCCCCCCCC[n+]1cccc(CCO)c1.[Br-],5.258342474654805,reg,c1cc[nH+]cc1
CCCCCCCCCCCCCC[n+]1cccc(CO)c1.[Br-],4.466015078943514,reg,c1cc[nH+]cc1
CCCCCCCCCCCCCC[n+]1cccc(NC(=O)CC(=O)Nc2ccc[n+](CCCCCCCCCCCCCC)c2)c1.[Br-].[Br-],3.114367024952,reg,O=C(CC(=O)Nc1ccc[nH+]c1)Nc1ccc[nH+]c1
CCCCCCCCCCCCCC[n+]1cccc(OC)c1.[Br-],7.550746785383243,reg,c1cc[nH+]cc1
CCCCCCCCCCCCCC[n+]1cccc(Oc2ccc(-c3ccc(Oc4ccc[n+](CCCCCCCCCCCCCC)c4)cc3)cc2)c1.[Br-].[Br-],5.160101667901993,reg,c1c[nH+]cc(Oc2ccc(-c3ccc(Oc4ccc[nH+]c4)cc3)cc2)c1
CCCCCCCCCCCCCC[n+]1cccc(Oc2ccc(Oc3ccc(Oc4ccc[n+](CCCCCCCCCCCCCC)c4)cc3)cc2)c1.[Br-].[Br-],5.134538804099319,reg,c1c[nH+]cc(Oc2ccc(Oc3ccc(Oc4ccc[nH+]c4)cc3)cc2)c1
CCCCCCCCCCCCCC[n+]1cccc2c(O)cccc21.[Br-],8.965784284662087,reg,c1ccc2[nH+]cccc2c1
CCCCCCCCCCCCCC[n+]1cccc2cc(O)ccc21.[Br-],3.9653225483672547,reg,c1ccc2[nH+]cccc2c1
CCCCCCCCCCCCCC[n+]1ccccc1.[Br-],2.9653225483672547,reg,c1cc[nH+]cc1
CCCCCCCCCCCCCC[n+]1ccccc1C.[Br-],3.9662458732249397,reg,c1cc[nH+]cc1
CCCCCCCCCCCCCC[n+]1csc(CCO)c1C.[I-],4.087462841250339,reg,c1csc[nH+]1
CCCCCCCCCCCCCOC(=O)[C@H](Cc1ccccc1)[N+](C)(CC)CC.[I-],2.4329594072761065,reg,c1ccccc1
CCCCCCCCCCCCC[N+](C)(C)CC(C)O.[Br-],9.965784284662087,reg,acyclic
CCCCCCCCCCCCC[N+](C)(C)CCCCCCCCOc1cccc(OCCCCCCCC[N+](C)(C)CCCCCCCCCCCCC)c1.[Br-].[Br-],5.977279923499917,reg,c1ccccc1
CCCCCCCCCCCCC[N+](C)(C)CCCCCCOc1cccc(OCCCCCC[N+](C)(C)CCCCCCCCCCCCC)c1.[Br-].[Br-],5.0,reg,c1ccccc1
CCCCCCCCCCCCC[N+](C)(C)CCCCCOc1cccc(OCCCCC[N+](C)(C)CCCCCCCCCCCCC)c1.[Br-].[Br-],4.0,reg,c1ccccc1
CCCCCCCCCCCCC[N+](C)(C)CCCCOc1cccc(OCCCC[N+](C)(C)CCCCCCCCCCCCC)c1.[Br-].[Br-],3.0,reg,c1ccccc1
CCCCCCCCCCCCC[N+](C)(C)CCCO.[Br-],10.965784284662087,reg,acyclic
CCCCCCCCCCCCC[N+](C)(C)CCC[N+](C)(CCC[N+](C)(C)CCCCCCCCCCCCC)CCC[N+](C)(C)CCCCCCCCCCCCC.[Br-].[Br-].[Br-].[I-],0.5,reg,acyclic
CCCCCCCCCCCCC[N+](C)(C)CCO.[Br-],8.965784284662087,reg,acyclic
CCCCCCCCCCCCC[N+]1(C)CCCC1.[Br-],6.9828921423310435,reg,C1CC[NH2+]C1
CCCCCCCCCCCCC[N+]1(C)CC[N+](C)(CCCCCCCCCCCCC)CC1.[Br-].[Br-],3.5,reg,C1C[NH2+]CC[NH2+]1
CCCCCCCCCCCCC[S+]1CCCC1.[I-],7.465784284662087,reg,C1CC[SH+]C1
CCCCCCCCCCCCC[n+]1ccc(/C=C/c2cc[n+](CCCCCCCCCCCCC)cc2)cc1.[Br-].[Br-],4.0,reg,C(=Cc1cc[nH+]cc1)c1cc[nH+]cc1
CCCCCCCCCCCCN(CCC[N+](C)(C)CCCCCCCCCCCC)CCC[N+](C)(C)CCCCCCCCCCCC.[I-],4.044394119358453,reg,acyclic
CCCCCCCCCCCCN1C(=O)/C(=N\NC(=O)C[N+](C)(C)C)c2ccccc21.[Cl-],5.965784284662087,reg,N=C1C(=O)Nc2ccccc21
CCCCCCCCCCCCN1C(=O)/C(=N\NC(=O)C[N+]23CCN(CC2)CC3)c2ccccc21.[Br-],4.791814071161826,reg,O=C(C[N+]12CCN(CC1)CC2)NN=C1C(=O)Nc2ccccc21
CCCCCCCCCCCCNC(=O)C[N+](C)(C)C.[Br-],5.277773885823532,reg,acyclic
CCCCCCCCCCCCNC(=O)C[N+](C)(C)CC(=O)NCCCCCCNC(=O)C[N+](C)(C)CC(=O)NCCCCCCCCCCCC.[Br-].[Br-],3.6307115534656624,reg,acyclic
CCCCCCCCCCCCNC(=O)C[N+](C)(C)CC(=O)NCCCCNC(=O)C[N+](C)(C)CC(=O)NCCCCCCCCCCCC.[Br-].[Br-],3.1810885104944124,reg,acyclic
CCCCCCCCCCCCNC(=O)C[N+](C)(C)CC(=O)NCCCNC(=O)C[N+](C)(C)CC(=O)NCCCCCCCCCCCC.[Br-].[Br-],3.515257239113491,reg,acyclic
CCCCCCCCCCCCNC(=O)C[N+](C)(C)CC(=O)NCCNC(=O)C[N+](C)(C)CC(=O)NCCCCCCCCCCCC.[Br-].[Br-],4.039068401600534,reg,acyclic
CCCCCCCCCCCCNC(=O)C[N+](C)(C)CCCCCCCCCCCC[N+](C)(C)CC(=O)NCCCCCCCCCCCC.[Br-].[Br-],5.365659515512531,reg,acyclic
CCCCCCCCCCCCNC(=O)C[N+](C)(C)CCCCCCCC[N+](C)(C)CC(=O)NCCCCCCCCCCCC.[Br-].[Br-],4.099836172418183,reg,acyclic
CCCCCCCCCCCCNC(=O)C[N+](C)(C)CCCCCC[N+](C)(C)CC(=O)NCCCCCCCCCCCC.[Br-].[Br-],3.511183906514227,reg,acyclic
CCCCCCCCCCCCNC(=O)C[N+](C)(C)CCCC[N+](C)(C)CC(=O)NCCCCCCCCCCCC.[Br-].[Br-],4.577409054526052,reg,acyclic
CCCCCCCCCCCCNC(=O)C[N+](C)(C)CC[N+](C)(C)CC(=O)NCCCCCCCCCCCC.[Br-].[Br-],5.445891851609154,reg,acyclic
CCCCCCCCCCCCNC(=O)C[N+]1(C)CC[N+](C)(CC(=O)NCCCCCCCCCCCC)CC1.[Br-].[Br-],4.988639961749959,reg,C1C[NH2+]CC[NH2+]1
CCCCCCCCCCCCNC(=O)C[n+]1ccc(/C=C/c2cc[n+](CC(=O)NCCCCCCCCCCCC)cc2)cc1.[Br-].[Br-],6.471532104081001,reg,C(=Cc1cc[nH+]cc1)c1cc[nH+]cc1
CCCCCCCCCCCCNC(=O)C[n+]1ccc(C#Cc2cc[n+](CC(=O)NCCCCCCCCCCCC)cc2)cc1.[Br-].[Br-],7.965784284662087,reg,C(#Cc1cc[nH+]cc1)c1cc[nH+]cc1
CCCCCCCCCCCCNC(=O)C[n+]1ccc(CCc2cc[n+](CC(=O)NCCCCCCCCCCCC)cc2)cc1.[Br-].[Br-],4.5,reg,c1cc(CCc2cc[nH+]cc2)cc[nH+]1
CCCCCCCCCCCCNC(=O)C[n+]1ccccc1.[Cl-],6.035306598466888,reg,c1cc[nH+]cc1
CCCCCCCCCCCCNC(=O)C[n+]1ccn(S(=O)(=O)CC23CCC(CC2=O)C3(C)C)c1.[Br-],3.37851162325373,reg,O=C1CC2CCC1(CS(=O)(=O)n1cc[nH+]c1)C2
CCCCCCCCCCCCNc1cc[n+](CC(CO)(CO)C[n+]2ccc(NCCCCCCCCCCCC)cc2)cc1.[Cl-].[Cl-],6.518864352662282,reg,c1cc[n+](CCC[n+]2ccccc2)cc1
CCCCCCCCCCCCOC(=O)C1CCC[N+]1(C)C.[I-],5.767295696306377,reg,C1CC[NH2+]C1
CCCCCCCCCCCCOC(=O)C1CCC[NH2+]1.[Cl-],6.216883991602023,reg,C1CC[NH2+]C1
CCCCCCCCCCCCOC(=O)C[N+](C)(C)CCCN(CCC[N+](C)(C)CC(=O)OCCCCCCCCCCCC)CCC[N+](C)(C)CC(=O)OCCCCCCCCCCCC.[Br-].[Br-].[Br-],3.0,reg,acyclic
CCCCCCCCCCCCOC(=O)C[N+](C)(C)CCC[N+](C)(C)CC(=O)OCCCCCCCCCCCC.[Br-].[Br-],4.321928094887363,reg,acyclic
CCCCCCCCCCCCOC(=O)C[N+](C)(C)CCC[N+](C)(C)CC(=O)OCCCCCCCCCCCC.[Cl-].[Cl-],7.304820237218406,reg,acyclic
CCCCCCCCCCCCOC(=O)C[N+](C)(C)CCNS(=O)(=O)CC12CCC(CC1=O)C2(C)C.[Br-],3.0036022366801953,reg,O=C1CC2CCC1C2
CCCCCCCCCCCCOC(=O)C[N+](C)(C)CC[N+](C)(C)CC(=O)OCCCCCCCCCCCC.[Cl-].[Cl-],7.321928094887363,reg,acyclic
CCCCCCCCCCCCOC(=O)C[N+]1(C)CCN(S(=O)(=O)CC23CCC(CC2=O)C3(C)C)CC1.[Br-],2.493134922305505,reg,O=C1CC2CCC1(CS(=O)(=O)N1CC[NH2+]CC1)C2
CCCCCCCCCCCCOC(=O)C[n+]1ccn(S(=O)(=O)CC23CCC(CC2=O)C3(C)C)c1.[Br-],11.400612641081999,reg,O=C1CC2CCC1(CS(=O)(=O)n1cc[nH+]c1)C2
CCCCCCCCCCCCOC(=O)[C@@H]1CCCN1C(=O)[C@H](Cc1ccccc1)[N+](C)(C)C.[I-],4.285402218862249,reg,O=C(CCc1ccccc1)N1CCCC1
CCCCCCCCCCCCOC(=O)[C@H](CCSC)[N+](C)(C)C.[I-],4.114409345247941,reg,acyclic
CCCCCCCCCCCC[N+](C)(C)C.[Br-],8.697368606117854,reg,acyclic
CCCCCCCCCCCC[N+](C)(C)CC1CO1.[Cl-],5.7753733926916215,reg,C1CO1
CCCCCCCCCCCC[N+](C)(C)CCCCCCCC.[Br-],3.550900664647523,reg,acyclic
CCCCCCCCCCCC[N+](C)(C)CCCCCCCCCCC(=O)OC.[Cl-],6.1213368248288615,reg,acyclic
CCCCCCCCCCCC[N+](C)(C)CCCCCCCCCCCCCC[N+](C)(C)CCCCCCCCCCCC.[Br-].[Br-],4.0,reg,acyclic
CCCCCCCCCCCC[N+](C)(C)CCCCCCCCCCCC[N+](C)(C)CCCCCCCCCCCC.[Br-].[Br-],1.0,reg,acyclic
CCCCCCCCCCCC[N+](C)(C)CCCCCCCCCCOc1cc(OCCCCCCCCCC[N+](C)(C)CCCCCCCCCCCC)cc(OCCCCCCCCCC[N+](C)(C)CCCCCCCCCCCC)c1.[Br-].[Br-].[Br-],7.965784284662087,reg,c1ccccc1
CCCCCCCCCCCC[N+](C)(C)CCCCCCCCCCOc1cccc(OCCCCCCCCCC[N+](C)(C)CCCCCCCCCCCC)c1.[Br-].[Br-],5.977279923499917,reg,c1ccccc1
CCCCCCCCCCCC[N+](C)(C)CCCCCCCCOc1cc(OCCCCCCCC[N+](C)(C)CCCCCCCCCCCC)cc(OCCCCCCCC[N+](C)(C)CCCCCCCCCCCC)c1.[Br-].[Br-].[Br-],5.0,reg,c1ccccc1
CCCCCCCCCCCC[N+](C)(C)CCCCCCCCOc1cccc(OCCCCCCCC[N+](C)(C)CCCCCCCCCCCC)c1.[Br-].[Br-],5.0,reg,c1ccccc1
CCCCCCCCCCCC[N+](C)(C)CCCCCCC[N+](C)(C)CCCCCCCCCCCC.[Br-].[Br-],0.5,reg,acyclic
CCCCCCCCCCCC[N+](C)(C)CCCCCCOc1cc(OCCCCCC[N+](C)(C)CCCCCCCCCCCC)cc(OCCCCCC[N+](C)(C)CCCCCCCCCCCC)c1.[Br-].[Br-].[Br-],4.0,reg,c1ccccc1
CCCCCCCCCCCC[N+](C)(C)CCCCCCOc1cccc(OCCCCCC[N+](C)(C)CCCCCCCCCCCC)c1.[Br-].[Br-],3.0,reg,c1ccccc1
CCCCCCCCCCCC[N+](C)(C)CCCCCC[N+](C)(C)CCCCCCCCCCCC.[Br-].[Br-],4.608809242675524,reg,acyclic
CCCCCCCCCCCC[N+](C)(C)CCCCCOc1ccc(OCCCCC[N+](C)(C)CCCCCCCCCCCC)cc1.[Br-].[Br-],2.0,reg,c1ccccc1
CCCCCCCCCCCC[N+](C)(C)CCCCCOc1cccc(OCCCCC[N+](C)(C)CCCCCCCCCCCC)c1.[Br-].[Br-],2.0,reg,c1ccccc1
CCCCCCCCCCCC[N+](C)(C)CCCCC[N+](C)(C)CCCCCCCCCCCC.[Br-].[Br-],0.0,reg,acyclic
CCCCCCCCCCCC[N+](C)(C)CCCCN(C)CCCC[N+](C)(C)CCCCCCCCCCCC.[Br-].[Br-],0.0,reg,acyclic
CCCCCCCCCCCC[N+](C)(C)CCCCOc1cc(OCCCC[N+](C)(C)CCCCCCCCCCCC)cc(OCCCC[N+](C)(C)CCCCCCCCCCCC)c1.[Br-].[Br-].[Br-],2.0,reg,c1ccccc1
CCCCCCCCCCCC[N+](C)(C)CCCCOc1ccc(OCCCC[N+](C)(C)CCCCCCCCCCCC)cc1.[Br-].[Br-],1.0,reg,c1ccccc1
CCCCCCCCCCCC[N+](C)(C)CCCCOc1cccc(OCCCC[N+](C)(C)CCCCCCCCCCCC)c1.[Br-].[Br-],1.0,reg,c1ccccc1
CCCCCCCCCCCC[N+](C)(C)CCCC[N+](C)(C)CCCC[N+](C)(C)CCCCCCCCCCCC.[Br-].[Br-].[Br-],0.5,reg,acyclic
CCCCCCCCCCCC[N+](C)(C)CCCC[N+](C)(CC)CCCC[N+](C)(C)CCCCCCCCCC.[Br-].[Br-].[Br-],-0.5,reg,acyclic
CCCCCCCCCCCC[N+](C)(C)CCCC[N+](C)(CCCC)CCCC[N+](C)(C)CCCCCCCCCC.[Br-].[Br-].[Br-],0.0,reg,acyclic
CCCCCCCCCCCC[N+](C)(C)CCCC[N+](C)(CCCCCCCCCCCC)CCCC[N+](C)(C)CCCCCCCCCC.[Br-].[Br-].[Br-],0.0,reg,acyclic
CCCCCCCCCCCC[N+](C)(C)CCCC[N+](C)(CCCCCCCCCCCS)CCCC[N+](C)(C)CCCCCCCCCC.[Br-].[Br-].[Br-],1.0,reg,acyclic
CCCCCCCCCCCC[N+](C)(C)CCCC[N+](C)(CCCC[N+](C)(C)CCCCCCCCCC)Cc1ccc(CCCCCCCC)cc1.[Br-].[Br-].[Br-],0.5,reg,c1ccccc1
CCCCCCCCCCCC[N+](C)(C)CCCC[N+](C)(CCCC[N+](C)(C)CCCCCCCCCC)Cc1ccccc1.[Br-].[Br-].[Br-],0.5,reg,c1ccccc1
CCCCCCCCCCCC[N+](C)(C)CCCN(C)C.[Br-],3.0,reg,acyclic
CCCCCCCCCCCC[N+](C)(C)CCCNCCC[N+](C)(C)CCCCCCCCCCCC.[I-],2.321928094887362,reg,acyclic
CCCCCCCCCCCC[N+](C)(C)CCCOc1cccc(OCCC[N+](C)(C)CCCCCCCCCCCC)c1.[Br-].[Br-],2.0,reg,c1ccccc1
CCCCCCCCCCCC[N+](C)(C)CCC[N+](C)(C)CCCCCCCCCCCC.[Br-].[Br-],0.5,reg,acyclic
CCCCCCCCCCCC[N+](C)(C)CCC[N+](C)(C)CCC[N+](C)(C)CCCCCCCCCCCC.[Br-].[Br-].[Br-],0.0,reg,acyclic
CCCCCCCCCCCC[N+](C)(C)CCC[N+](C)(CCC[N+](C)(C)CCCCCCCCCCCC)CCC[N+](C)(C)CCCCCCCCCCCC.[Br-].[Br-].[Br-].[I-],0.5,reg,acyclic
CCCCCCCCCCCC[N+](C)(C)CCC[N+](C)(CCC[N+](C)(C)CCCCCCCCCCCC)Cc1ccc(CCCCCCCC)cc1.[Br-].[Br-].[Br-],0.0,reg,c1ccccc1
CCCCCCCCCCCC[N+](C)(C)CCN(C)CC[N+](C)(C)CCCCCCCCCCCC.[Br-],2.807354922057604,reg,acyclic
CCCCCCCCCCCC[N+](C)(C)CCN(C)CC[N+](C)(C)CCCCCCCCCCCC.[I-],5.357552004618084,reg,acyclic
CCCCCCCCCCCC[N+](C)(C)CCN(CC[N+](C)(C)CCCCCCCCCCCC)CC[N+](C)(C)CCCCCCCCCCCC,0.5,reg,acyclic
CCCCCCCCCCCC[N+](C)(C)CCNC(=O)[C@]12C[C@H]3C[C@H](C[C@](C(=O)NCC[N+](C)(C)CCCCCCCCCCCC)(C3)C1)C2.[Br-].[Br-],1.2016338611696504,reg,C1C2CC3CC1CC(C2)C3
CCCCCCCCCCCC[N+](C)(C)CCNS(=O)(=O)CC12CCC(CC1=O)C2(C)C.[Br-],4.144862142915734,reg,O=C1CC2CCC1C2
CCCCCCCCCCCC[N+](C)(C)CCOCC[N+](C)(C)CCCCCCCCCCCC.[Br-].[Br-],3.867896463992655,reg,acyclic
CCCCCCCCCCCC[N+](C)(C)CC[N+](C)(C)CCCCCCCC.[Br-].[Br-],2.0,reg,acyclic
CCCCCCCCCCCC[N+](C)(C)CC[N+](C)(C)CC[N+](C)(C)CCCCCCCCCCCC.[Br-].[Br-].[Br-],2.4367220562576883,reg,acyclic
CCCCCCCCCCCC[N+](C)(C)CC[N+](C)(C)CC[N+](C)(C)CCCCCCCCCCCC.[Br-].[Br-].[I-],-1.5,reg,acyclic
CCCCCCCCCCCC[N+](C)(C)CCc1ccc(O)cc1.[Br-],4.550900664647523,reg,c1ccccc1
CCCCCCCCCCCC[N+](C)(C)Cc1ccc(C[N+](C)(C)CCCCCCCCCCCC)cc1.[Br-].[Br-],4.608809242675524,reg,c1ccccc1
CCCCCCCCCCCC[N+](C)(C)Cc1ccccc1.[Br-],-1.0291463456595165,reg,c1ccccc1
CCCCCCCCCCCC[N+](C)(C)Cc1cnc(C)c(OC(C)=O)c1C.[Cl-],6.227445402707811,reg,c1ccncc1
CCCCCCCCCCCC[N+](C)(C)Cc1cnc(C[N+](C)(C)CCCCCCCCCCCC)c2c1COC(C(C)(C)C)O2.[Cl-].[Cl-],1.4799388790341856,reg,c1cc2c(cn1)OCOC2
CCCCCCCCCCCC[N+](C)(C)Cc1cnc(C[N+](C)(C)CCCCCCCCCCCC)c2c1COC(C(C)C)O2.[Cl-].[Cl-],3.5084423978743375,reg,c1cc2c(cn1)OCOC2
CCCCCCCCCCCC[N+](C)(C)Cc1cnc(C[N+](C)(C)CCCCCCCCCCCC)c2c1COC(C(C)CC)O2.[Cl-].[Cl-],2.9799388790341856,reg,c1cc2c(cn1)OCOC2
CCCCCCCCCCCC[N+](C)(C)Cc1cnc(C[N+](C)(C)CCCCCCCCCCCC)c2c1COC(C(C)CCC)O2.[Cl-].[Cl-],3.4519876146773028,reg,c1cc2c(cn1)OCOC2
CCCCCCCCCCCC[N+](C)(C)Cc1cnc(C[N+](C)(C)CCCCCCCCCCCC)c2c1COC(C(C)CCCCCCCCC)O2.[Cl-].[Cl-],6.29477935262442,reg,c1cc2c(cn1)OCOC2
CCCCCCCCCCCC[N+](C)(C)Cc1cnc(C[N+](C)(C)CCCCCCCCCCCC)c2c1COC(C(CC)CC)O2.[Cl-].[Cl-],3.9519876146773028,reg,c1cc2c(cn1)OCOC2
CCCCCCCCCCCC[N+](C)(C)Cc1cnc(C[N+](C)(C)CCCCCCCCCCCC)c2c1COC(C(CC)CCCC)O2.[Cl-].[Cl-],5.397659049390003,reg,c1cc2c(cn1)OCOC2
CCCCCCCCCCCC[N+](C)(C)Cc1cnc(C[N+](C)(C)CCCCCCCCCCCC)c2c1COC(C)(CCCCCCCC)O2.[Cl-].[Cl-],6.345302341429065,reg,c1cc2c(cn1)OCOC2
CCCCCCCCCCCC[N+](C)(C)Cc1cnc(C[N+](C)(C)CCCCCCCCCCCC)c2c1COC(C)O2.[Cl-].[Cl-],3.5671966259584122,reg,c1cc2c(cn1)OCOC2
CCCCCCCCCCCC[N+](C)(C)Cc1cnc(C[N+](C)(C)CCCCCCCCCCCC)c2c1COC(CC)O2.[Cl-].[Cl-],2.5375204344357667,reg,c1cc2c(cn1)OCOC2
CCCCCCCCCCCC[N+](C)(C)Cc1cnc(C[N+](C)(C)CCCCCCCCCCCC)c2c1COC(CCC)O2.[Cl-].[Cl-],1.508442397874338,reg,c1cc2c(cn1)OCOC2
CCCCCCCCCCCC[N+](C)(C)Cc1cnc(C[N+](C)(C)CCCCCCCCCCCC)c2c1COC(CCCC)O2.[Cl-].[Cl-],1.9799388790341856,reg,c1cc2c(cn1)OCOC2
CCCCCCCCCCCC[N+](C)(C)Cc1cnc(C[N+](C)(C)CCCCCCCCCCCC)c2c1COC(CCCCC)O2.[Cl-].[Cl-],3.4519876146773028,reg,c1cc2c(cn1)OCOC2
CCCCCCCCCCCC[N+](C)(C)Cc1cnc(C[N+](C)(C)CCCCCCCCCCCC)c2c1COC(CCCCCC)O2.[Cl-].[Cl-],4.424567611096749,reg,c1cc2c(cn1)OCOC2
CCCCCCCCCCCC[N+](C)(C)Cc1cnc(C[N+](C)(C)CCCCCCCCCCCC)c2c1COC(CCCCCCC)O2.[Cl-].[Cl-],5.397659049390003,reg,c1cc2c(cn1)OCOC2
CCCCCCCCCCCC[N+](C)(C)Cc1cnc(C[N+](C)(C)CCCCCCCCCCCC)c2c1COC(CCCCCCCC)O2.[Cl-].[Cl-],5.371243199405882,reg,c1cc2c(cn1)OCOC2
CCCCCCCCCCCC[N+](C)(C)Cc1cnc(C[N+](C)(C)CCCCCCCCCCCC)c2c1COC1(CCCCC1)O2.[Cl-].[Cl-],2.9559716797198234,reg,c1cc2c(cn1)OC1(CCCCC1)OC2
CCCCCCCCCCCC[N+](C)(C)Cc1cnc(C[N+](C)(C)CCCCCCCCCCCC)c2c1COCO2.[Cl-].[Cl-],4.597496099127409,reg,c1cc2c(cn1)OCOC2
CCCCCCCCCCCC[N+](C)(C)c1ccc(C(c2ccccc2)c2ccc(N(C)C)cc2)cc1.[I-],3.0,reg,c1ccc(C(c2ccccc2)c2ccccc2)cc1
CCCCCCCCCCCC[N+](C)(C)c1nc(Nc2ccc(/C=C/c3ccc(Nc4nc(N(CC(=O)O)CC(=O)O)nc([N+](C)(C)CCCCCCCCCCCC)n4)cc3S(=O)(=O)O)c(S(=O)(=O)O)c2)nc(N(CC(=O)O)CC(=O)O)n1.[Cl-].[Cl-],3.636644987483809,reg,C(=Cc1ccc(Nc2ncncn2)cc1)c1ccc(Nc2ncncn2)cc1
CCCCCCCCCCCC[N+](C)(C)c1nc(Nc2ccc(/C=C/c3ccc(Nc4nc(N(CCO)CCO)nc([N+](C)(C)CCCCCCCCCCCC)n4)cc3S(=O)(=O)O)c(S(=O)(=O)O)c2)nc(N(CCO)CCO)n1.[Cl-].[Cl-],6.700776446389766,reg,C(=Cc1ccc(Nc2ncncn2)cc1)c1ccc(Nc2ncncn2)cc1
CCCCCCCCCCCC[N+](C)(C)c1nc(Nc2ccc(C(=O)O)cc2)nc(Nc2ccc(/C=C/c3ccc(Nc4nc(Nc5ccc(C(=O)O)cc5)nc([N+](C)(C)CCCCCCCCCCCC)n4)cc3S(=O)(=O)O)c(S(=O)(=O)O)c2)n1.[Cl-].[Cl-],5.627622866560593,reg,C(=Cc1ccc(Nc2ncnc(Nc3ccccc3)n2)cc1)c1ccc(Nc2ncnc(Nc3ccccc3)n2)cc1
CCCCCCCCCCCC[N+](C)(C)c1nc(Nc2ccc(S(=O)(=O)O)cc2)nc(Nc2ccc(/C=C/c3ccc(Nc4nc(Nc5ccc(S(=O)(=O)O)cc5)nc([N+](C)(C)CCCCCCCCCCCC)n4)cc3S(=O)(=O)O)c(S(=O)(=O)O)c2)n1.[Cl-].[Cl-],4.549415302180803,reg,C(=Cc1ccc(Nc2ncnc(Nc3ccccc3)n2)cc1)c1ccc(Nc2ncnc(Nc3ccccc3)n2)cc1
CCCCCCCCCCCC[N+](C)(CCCCCCCCCCC(=O)OC)CCCCCCCCCCC(=O)OC.[Cl-],7.626749545728908,reg,acyclic
CCCCCCCCCCCC[N+](C)(CCO)CCO.[Br-],7.584511223232838,reg,acyclic
CCCCCCCCCCCC[N+]1(C)CCCC1.[Br-],7.465784284662087,reg,C1CC[NH2+]C1
CCCCCCCCCCCC[N+]1(C)CCN(C)CC1.[Cl-],7.465784284662087,reg,C1C[NH2+]CCN1
CCCCCCCCCCCC[N+]1(C)CCN(S(=O)(=O)CC23CCC(CC2=O)C3(C)C)CC1.[Br-],6.436295119839363,reg,O=C1CC2CCC1(CS(=O)(=O)N1CC[NH2+]CC1)C2
CCCCCCCCCCCC[N+]1(C)CC[N+](C)(CCCCCCCCCCCC)CC1.[Br-].[Br-],2.0,reg,C1C[NH2+]CC[NH2+]1
CCCCCCCCCCCC[N+]1(C)CC[N+](C)(CCCCCCCCCCCC)CC1.[Br-].[Cl-],2.0,reg,C1C[NH2+]CC[NH2+]1
CCCCCCCCCCCC[N+]1(CCO)C=CN=C1.[Br-],5.550900664647523,reg,C1=C[NH2+]C=N1
CCCCCCCCCCCC[N+]1(CCO)CCCC1.[Br-],7.304820237218406,reg,C1CC[NH2+]C1
CCCCCCCCCCCC[N+]1(CCO)CCCCC1.[Br-],5.965784284662087,reg,C1CC[NH2+]CC1
CCCCCCCCCCCC[N+]1(CCO)CCOCC1.[Br-],8.550746785383243,reg,C1COCC[NH2+]1
CCCCCCCCCCCC[N+]12CCC(CC1)C(O)C2.[Br-],7.375357597996852,reg,C1C[NH+]2CCC1CC2
CCCCCCCCCCCC[N+]12CCN(CC1)CC2.[Br-],6.436295119839363,reg,C1C[NH+]2CCN1CC2
CCCCCCCCCCCC[N+]12CCN(CC1)CC2.[Cl-],7.465784284662087,reg,C1C[NH+]2CCN1CC2
CCCCCCCCCCCC[S+]1CCCC1.[I-],7.465784284662087,reg,C1CC[SH+]C1
CCCCCCCCCCCC[n+]1cc(O)cc2c1OCCO2.[Br-],7.550746785383243,reg,c1c[nH+]c2c(c1)OCCO2
CCCCCCCCCCCC[n+]1ccc(-c2cc[n+](CC)cc2)cc1.[Br-].[Br-],7.965784284662087,reg,c1cc(-c2cc[nH+]cc2)cc[nH+]1
CCCCCCCCCCCC[n+]1ccc(-c2cc[n+](Cc3ccccc3)cc2)cc1.[Br-].[Br-],4.0,reg,c1ccc(C[n+]2ccc(-c3cc[nH+]cc3)cc2)cc1
CCCCCCCCCCCC[n+]1ccc(-c2ccncc2)cc1.[Br-],5.977279923499917,reg,c1cc(-c2cc[nH+]cc2)ccn1
CCCCCCCCCCCC[n+]1ccc(/C=N/O)cc1.[Br-],5.465784284662087,reg,c1cc[nH+]cc1
CCCCCCCCCCCC[n+]1ccc(C(N)=O)cc1.[Br-],6.965784284662087,reg,c1cc[nH+]cc1
CCCCCCCCCCCC[n+]1ccc(C)cc1.[Br-],5.550900664647523,reg,c1cc[nH+]cc1
CCCCCCCCCCCC[n+]1ccc(CCc2cc[n+](CCCCCCCCCCCC)cc2)cc1.Cc1ccc(S(=O)(=O)[O-])cc1.Cc1ccc(S(=O)(=O)[O-])cc1,1.0,reg,c1cc(CCc2cc[nH+]cc2)cc[nH+]1.c1ccccc1.c1ccccc1
CCCCCCCCCCCC[n+]1ccc(CN(Cc2cc[n+](CCCCCCCCCC)cc2)Cc2cc[n+](CCCCCCCCCC)cc2)cc1.[Br-].[Br-].[Br-],-0.5,reg,c1cc(CN(Cc2cc[nH+]cc2)Cc2cc[nH+]cc2)cc[nH+]1
CCCCCCCCCCCC[n+]1ccc(Oc2ccc(-c3ccc(Oc4cc[n+](CCCCCCCCCCCC)cc4)cc3)cc2)cc1.[Br-].[Br-],5.253508359079196,reg,c1cc(Oc2ccc(-c3ccc(Oc4cc[nH+]cc4)cc3)cc2)cc[nH+]1
CCCCCCCCCCCC[n+]1ccc(Oc2ccc(-c3ccc(Oc4cc[n+](CCCCCCCCCCCC)cc4)cc3)cc2)cc1.[I-].[I-],5.10027679082868,reg,c1cc(Oc2ccc(-c3ccc(Oc4cc[nH+]cc4)cc3)cc2)cc[nH+]1
CCCCCCCCCCCC[n+]1ccc2c(N)cccc2c1.[Br-],3.419629613420592,reg,c1ccc2c[nH+]ccc2c1
CCCCCCCCCCCC[n+]1cccc(-c2ccc[n+](C)c2)c1.[Br-].[I-],6.965784284662087,reg,c1c[nH+]cc(-c2ccc[nH+]c2)c1
CCCCCCCCCCCC[n+]1cccc(-c2cccnc2)c1.[Br-],5.977279923499917,reg,c1cncc(-c2ccc[nH+]c2)c1
CCCCCCCCCCCC[n+]1cccc(C(N)=O)c1.[Br-],6.758265535022665,reg,c1cc[nH+]cc1
CCCCCCCCCCCC[n+]1cccc(C)c1.[Br-],5.965784284662087,reg,c1cc[nH+]cc1
CCCCCCCCCCCC[n+]1cccc(CCO)c1.[Br-],6.758265535022665,reg,c1cc[nH+]cc1
CCCCCCCCCCCC[n+]1cccc(CO)c1.[Br-],5.965784284662087,reg,c1cc[nH+]cc1
CCCCCCCCCCCC[n+]1cccc(OC)c1.[Br-],7.965784284662087,reg,c1cc[nH+]cc1
CCCCCCCCCCCC[n+]1cccc(OCC(CO)(CO)COc2ccc[n+](CCCCCCCCCCCC)c2)c1.[Br-].[Br-],4.342285004035435,reg,c1c[nH+]cc(OCCCOc2ccc[nH+]c2)c1
CCCCCCCCCCCC[n+]1cccc(OCC(COc2ccc[n+](CCCCCCCCCCCC)c2)(COc2ccc[n+](CCCCCCCCCCCC)c2)COc2ccc[n+](CCCCCCCCCCCC)c2)c1.[Br-].[Br-].[Br-].[Br-],7.472494218520614,reg,c1c[nH+]cc(OCC(COc2ccc[nH+]c2)(COc2ccc[nH+]c2)COc2ccc[nH+]c2)c1
CCCCCCCCCCCC[n+]1cccc(Oc2ccc(-c3ccc(Oc4ccc[n+](CCCCCCCCCCCC)c4)cc3)cc2)c1.[Br-].[Br-],3.2535083590791953,reg,c1c[nH+]cc(Oc2ccc(-c3ccc(Oc4ccc[nH+]c4)cc3)cc2)c1
CCCCCCCCCCCC[n+]1cccc(Oc2ccc(-c3ccc(Oc4ccc[n+](CCCCCCCCCCCC)c4)cc3)cc2)c1.[I-].[I-],3.10027679082868,reg,c1c[nH+]cc(Oc2ccc(-c3ccc(Oc4ccc[nH+]c4)cc3)cc2)c1
CCCCCCCCCCCC[n+]1cccc(Oc2ccc(Oc3ccc(Oc4ccc[n+](CCCCCCCCCCCC)c4)cc3)cc2)c1.[Br-].[Br-],5.2262517385194815,reg,c1c[nH+]cc(Oc2ccc(Oc3ccc(Oc4ccc[nH+]c4)cc3)cc2)c1
CCCCCCCCCCCC[n+]1cccc(Oc2ccc(Oc3ccc(Oc4ccc[n+](CCCCCCCCCCCC)c4)cc3)cc2)c1.[I-].[I-],5.0757434982605725,reg,c1c[nH+]cc(Oc2ccc(Oc3ccc(Oc4ccc[nH+]c4)cc3)cc2)c1
CCCCCCCCCCCC[n+]1cccc2c(O)cccc21.[Br-],7.343228035743821,reg,c1ccc2[nH+]cccc2c1
CCCCCCCCCCCC[n+]1cccc2cc(O)ccc21.[Br-],0.963474123974886,reg,c1ccc2[nH+]cccc2c1
CCCCCCCCCCCC[n+]1ccccc1.[Br-],1.9671686075326276,reg,c1cc[nH+]cc1
CCCCCCCCCCCC[n+]1ccccc1C.[Br-],5.560378136489236,reg,c1cc[nH+]cc1
CCCCCCCCCCCC[n+]1ccccc1Oc1ccc(-c2ccc(Oc3cccc[n+]3CCCCCCCCCCCC)cc2)cc1.[Br-].[Br-],5.253508359079195,reg,c1ccc(Oc2ccc(-c3ccc(Oc4cccc[nH+]4)cc3)cc2)[nH+]c1
CCCCCCCCCCCC[n+]1ccccc1Oc1ccc(-c2ccc(Oc3cccc[n+]3CCCCCCCCCCCC)cc2)cc1.[I-].[I-],5.100276790828679,reg,c1ccc(Oc2ccc(-c3ccc(Oc4cccc[nH+]4)cc3)cc2)[nH+]c1
CCCCCCCCCCCC[n+]1ccccc1Oc1ccc2ccc(Oc3cccc[n+]3CCCCCCCCCCCC)cc2c1.[Br-].[Br-],5.298999293548124,reg,c1ccc(Oc2ccc3ccc(Oc4cccc[nH+]4)cc3c2)[nH+]c1
CCCCCCCCCCCNC(=O)C[N+]1(C)CC[N+](C)(CC(=O)NCCCCCCCCCCC)CC1.[Br-].[Br-],3.0,reg,C1C[NH2+]CC[NH2+]1
CCCCCCCCCCCNC(=O)C[n+]1ccc(/C=C/c2cc[n+](CC(=O)NCCCCCCCCCCC)cc2)cc1.[Br-].[Br-],4.5,reg,C(=Cc1cc[nH+]cc1)c1cc[nH+]cc1
CCCCCCCCCCCNC(=O)C[n+]1ccc(C#Cc2cc[n+](CC(=O)NCCCCCCCCCCC)cc2)cc1.[Br-].[Br-],6.965784284662087,reg,C(#Cc1cc[nH+]cc1)c1cc[nH+]cc1
CCCCCCCCCCCNc1cc[n+](CC(CO)(CO)C[n+]2ccc(NCCCCCCCCCCC)cc2)cc1.[Cl-].[Cl-],4.578053413477565,reg,c1cc[n+](CCC[n+]2ccccc2)cc1
CCCCCCCCCCCOC(=O)[C@H](Cc1ccccc1)[N+](C)(CC)CC.[I-],3.9068905956085187,reg,c1ccccc1
CCCCCCCCCCC[N+](C)(C)CCC[N+](C)(CCC[N+](C)(C)CCCCCCCCCCC)CCC[N+](C)(C)CCCCCCCCCCC.[Br-].[Br-].[Br-].[I-],-1.0,reg,acyclic
CCCCCCCCCCC[N+](C)(C)CCN(CC[N+](C)(C)CCCCCCCCCCC)CC[N+](C)(C)CCCCCCCCCCC,0.0,reg,acyclic
CCCCCCCCCCC[N+](C)(C)c1ccc(C(c2ccccc2)c2ccc(N(C)C)cc2)cc1.[I-],0.0,reg,c1ccc(C(c2ccccc2)c2ccccc2)cc1
CCCCCCCCCCC[N+]1(C)CCCC1.[Br-],7.965784284662087,reg,C1CC[NH2+]C1
CCCCCCCCCCC[N+]1(C)CC[N+](C)(CCCCCCCCCCC)CC1.[Br-].[Br-],2.5,reg,C1C[NH2+]CC[NH2+]1
CCCCCCCCCCC[S+]1CCCC1.[I-],7.965784284662087,reg,C1CC[SH+]C1
CCCCCCCCCCC[n+]1ccc(CCc2cc[n+](CCCCCCCCCCC)cc2)cc1.[Br-].[Br-],0.0,reg,c1cc(CCc2cc[nH+]cc2)cc[nH+]1
CCCCCCCCCCC[n+]1ccc(Oc2ccc(Oc3ccc(Oc4cc[n+](CCCCCCCCCCC)cc4)cc3)cc2)cc1.[Br-].[Br-],4.274391451039232,reg,c1cc(Oc2ccc(Oc3ccc(Oc4cc[nH+]cc4)cc3)cc2)cc[nH+]1
CCCCCCCCCCC[n+]1cccc(OCC(COc2ccc[n+](CCCCCCCCCCC)c2)(COc2ccc[n+](CCCCCCCCCCC)c2)COc2ccc[n+](CCCCCCCCCCC)c2)c1.[Br-].[Br-].[Br-].[Br-],7.529773442068166,reg,c1c[nH+]cc(OCC(COc2ccc[nH+]c2)(COc2ccc[nH+]c2)COc2ccc[nH+]c2)c1
CCCCCCCCCCC[n+]1cccc(Oc2ccc(-c3ccc(-c4ccc(Oc5ccc[n+](CCCCCCCCCCC)c5)cc4)cc3)cc2)c1.[Br-].[Br-],5.173159901697901,reg,c1c[nH+]cc(Oc2ccc(-c3ccc(-c4ccc(Oc5ccc[nH+]c5)cc4)cc3)cc2)c1
CCCCCCCCCCC[n+]1cccc(Oc2ccc(-c3ccc(Oc4ccc[n+](CCCCCCCCCCC)c4)cc3)cc2)c1.[Br-].[Br-],2.3025820060825497,reg,c1c[nH+]cc(Oc2ccc(-c3ccc(Oc4ccc[nH+]c4)cc3)cc2)c1
CCCCCCCCCCC[n+]1cccc(Oc2ccc(Oc3ccc(Oc4ccc[n+](CCCCCCCCCCC)c4)cc3)cc2)c1.[Br-].[Br-],2.2743914510392327,reg,c1c[nH+]cc(Oc2ccc(Oc3ccc(Oc4ccc[nH+]c4)cc3)cc2)c1
CCCCCCCCCCC[n+]1ccccc1Oc1ccc2ccc(Oc3cccc[n+]3CCCCCCCCCCC)cc2c1.[Br-].[Br-],1.3496729102859275,reg,c1ccc(Oc2ccc3ccc(Oc4cccc[nH+]4)cc3c2)[nH+]c1
CCCCCCCCCCN1C(=O)/C(=N\NC(=O)C[N+](C)(C)C)c2ccccc21.[Cl-],4.968090752045256,reg,N=C1C(=O)Nc2ccccc21
CCCCCCCCCCN1C(=O)/C(=N\NC(=O)C[N+]23CCN(CC2)CC3)c2cc(C)ccc21.[Br-],8.571601911325661,reg,O=C(C[N+]12CCN(CC1)CC2)NN=C1C(=O)Nc2ccccc21
CCCCCCCCCCN1C(=O)/C(=N\NC(=O)C[N+]23CCN(CC2)CC3)c2cc(Cl)ccc21.[Br-],7.372259264389962,reg,O=C(C[N+]12CCN(CC1)CC2)NN=C1C(=O)Nc2ccccc21
CCCCCCCCCCN1C(=O)/C(=N\NC(=O)C[N+]23CCN(CC2)CC3)c2ccccc21.[Br-],7.418074502122746,reg,O=C(C[N+]12CCN(CC1)CC2)NN=C1C(=O)Nc2ccccc21
CCCCCCCCCCNC(=O)C[N+](C)(C)CC[N+](C)(C)CC(=O)NCCCCCCCCCC.[Br-].[Br-],0.0,reg,acyclic
CCCCCCCCCCNC(=O)C[N+]1(C)CC[N+](C)(CC(=O)NCCCCCCCCCC)CC1.[Br-].[Br-],1.0,reg,C1C[NH2+]CC[NH2+]1
CCCCCCCCCCNC(=O)C[n+]1ccc(C#Cc2cc[n+](CC(=O)NCCCCCCCCCC)cc2)cc1.[Br-].[Br-],5.977279923499917,reg,C(#Cc1cc[nH+]cc1)c1cc[nH+]cc1
CCCCCCCCCCNC(=O)C[n+]1ccn(S(=O)(=O)CC23CCC(CC2=O)C3(C)C)c1.[Br-],2.4329594072761065,reg,O=C1CC2CCC1(CS(=O)(=O)n1cc[nH+]c1)C2
CCCCCCCCCCNc1cc[n+](CC(CO)(CO)C[n+]2ccc(NCCCCCCCCCC)cc2)cc1.[Cl-].[Cl-],2.639775083009013,reg,c1cc[n+](CCC[n+]2ccccc2)cc1
CCCCCCCCCCOC(=O)C[N+](C)(C)CCC[N+](C)(C)CC(=O)OCCCCCCCCCC.[Cl-].[Cl-],6.321928094887363,reg,acyclic
CCCCCCCCCCOC(=O)C[N+](C)(C)CCNS(=O)(=O)CC12CCC(CC1=O)C2(C)C.[Br-],5.069100631922826,reg,O=C1CC2CCC1C2
CCCCCCCCCCOC(=O)C[N+](C)(C)CC[N+](C)(C)CC(=O)OCCCCCCCCCC.[Cl-].[Cl-],5.9828921423310435,reg,acyclic
CCCCCCCCCCOC(=O)C[N+](C)(C)Cc1ccccc1.[Br-],5.0,reg,c1ccccc1
CCCCCCCCCCOC(=O)C[N+]1(C)CCN(S(=O)(=O)CC23CCC(CC2=O)C3(C)C)CC1.[Br-],4.361066488794321,reg,O=C1CC2CCC1(CS(=O)(=O)N1CC[NH2+]CC1)C2
CCCCCCCCCCOC(=O)C[n+]1ccn(S(=O)(=O)CC23CCC(CC2=O)C3(C)C)c1.[Br-],10.44201041720832,reg,O=C1CC2CCC1(CS(=O)(=O)n1cc[nH+]c1)C2
CCCCCCCCCC[N+](C)(C)CC1CO1.[Cl-],6.876190323276447,reg,C1CO1
CCCCCCCCCC[N+](C)(C)CCCCCCCCCCCCCC[N+](C)(C)CCCCCCCCCC.[Br-].[Br-],1.0,reg,acyclic
CCCCCCCCCC[N+](C)(C)CCCCCCCCCCOc1cc(OCCCCCCCCCC[N+](C)(C)CCCCCCCCCC)cc(OCCCCCCCCCC[N+](C)(C)CCCCCCCCCC)c1.[Br-].[Br-].[Br-],5.0,reg,c1ccccc1
CCCCCCCCCC[N+](C)(C)CCCCCCCCCCOc1cccc(OCCCCCCCCCC[N+](C)(C)CCCCCCCCCC)c1.[Br-].[Br-],5.0,reg,c1ccccc1
CCCCCCCCCC[N+](C)(C)CCCCCCCCOc1cc(OCCCCCCCC[N+](C)(C)CCCCCCCCCC)cc(OCCCCCCCC[N+](C)(C)CCCCCCCCCC)c1.[Br-].[Br-].[Br-],3.0,reg,c1ccccc1
CCCCCCCCCC[N+](C)(C)CCCCCCCCOc1cccc(OCCCCCCCC[N+](C)(C)CCCCCCCCCC)c1.[Br-].[Br-],1.0,reg,c1ccccc1
CCCCCCCCCC[N+](C)(C)CCCCCCOc1cc(OCCCCCC[N+](C)(C)CCCCCCCCCC)cc(OCCCCCC[N+](C)(C)CCCCCCCCCC)c1.[Br-].[Br-].[Br-],0.0,reg,c1ccccc1
CCCCCCCCCC[N+](C)(C)CCCCCCOc1cccc(OCCCCCC[N+](C)(C)CCCCCCCCCC)c1.[Br-].[Br-],1.0,reg,c1ccccc1
CCCCCCCCCC[N+](C)(C)CCCCCOc1ccc(OCCCCC[N+](C)(C)CCCCCCCCCC)cc1.[Br-].[Br-],0.0,reg,c1ccccc1
CCCCCCCCCC[N+](C)(C)CCCCCOc1cccc(OCCCCC[N+](C)(C)CCCCCCCCCC)c1.[Br-].[Br-],1.0,reg,c1ccccc1
CCCCCCCCCC[N+](C)(C)CCCCC[N+](C)(C)CCCCCCCCCC.[Br-].[Br-],2.5,reg,acyclic
CCCCCCCCCC[N+](C)(C)CCCCOc1cc(OCCCC[N+](C)(C)CCCCCCCCCC)cc(OCCCC[N+](C)(C)CCCCCCCCCC)c1.[Br-].[Br-].[Br-],0.0,reg,c1ccccc1
CCCCCCCCCC[N+](C)(C)CCCCOc1ccc(OCCCC[N+](C)(C)CCCCCCCCCC)cc1.[Br-].[Br-],0.0,reg,c1ccccc1
CCCCCCCCCC[N+](C)(C)CCCCOc1cccc(OCCCC[N+](C)(C)CCCCCCCCCC)c1.[Br-].[Br-],0.0,reg,c1ccccc1
CCCCCCCCCC[N+](C)(C)CCCC[N+](C)(CC)CCCC[N+](C)(C)CCCCCCCCCC.[Br-].[Br-].[Br-],1.5,reg,acyclic
CCCCCCCCCC[N+](C)(C)CCCNC(=O)COc1c2cc(C(C)C)cc1Sc1cc(C(C)C)cc(c1OCC(=O)NCCC[N+](C)(C)CCCCCCCCCC)Sc1cc(C(C)C)cc(c1OCC(=O)NCCC[N+](C)(C)CCCCCCCCCC)Sc1cc(C(C)C)cc(c1OCC(=O)NCCC[N+](C)(C)CCCCCCCCCC)S2.[Cl-].[Cl-].[Cl-].[Cl-],4.543413960773715,reg,c1cc2cc(c1)Sc1cccc(c1)Sc1cccc(c1)Sc1cccc(c1)S2
CCCCCCCCCC[N+](C)(C)CCCNCCOc1c2cc(C(C)C)cc1Sc1cc(C(C)C)cc(c1OCCNCCC[N+](C)(C)CCCCCCCCCC)Sc1cc(C(C)C)cc(c1OCCNCCC[N+](C)(C)CCCCCCCCCC)Sc1cc(C(C)C)cc(c1OCCNCCC[N+](C)(C)CCCCCCCCCC)S2.[Cl-].[Cl-].[Cl-].[Cl-],3.085603864533668,reg,c1cc2cc(c1)Sc1cccc(c1)Sc1cccc(c1)Sc1cccc(c1)S2
CCCCCCCCCC[N+](C)(C)CCCOc1cccc(OCCC[N+](C)(C)CCCCCCCCCC)c1.[Br-].[Br-],1.0,reg,c1ccccc1
CCCCCCCCCC[N+](C)(C)CCC[N+](C)(CCC[N+](C)(C)CCCCCCCCCC)CCC[N+](C)(C)CCCCCCCCCC.[Br-].[Br-].[Br-].[I-],-1.0,reg,acyclic
CCCCCCCCCC[N+](C)(C)CCN(C)CC[N+](C)(C)CCCCCCCCCC.[Br-],6.977279923499917,reg,acyclic
CCCCCCCCCC[N+](C)(C)CCN(C)CC[N+](C)(C)CCCCCCCCCC.[I-],6.78135971352466,reg,acyclic
CCCCCCCCCC[N+](C)(C)CCN(CC[N+](C)(C)CCCCCCCCCC)CC[N+](C)(C)CCCCCCCCCC,0.0,reg,acyclic
CCCCCCCCCC[N+](C)(C)CCNS(=O)(=O)CC12CCC(CC1=O)C2(C)C.[Br-],8.221152072246817,reg,O=C1CC2CCC1C2
CCCCCCCCCC[N+](C)(C)CCOCC[N+](C)(C)CCCCCCCCCC.[Br-].[Br-],6.870364719583405,reg,acyclic
CCCCCCCCCC[N+](C)(C)Cc1cc(C[N+](C)(C)C)cc(C[N+](C)(C)CCCCCCCCCC)c1.[Br-].[Br-].[Br-],3.5,reg,c1ccccc1
CCCCCCCCCC[N+](C)(C)Cc1ccc(C[N+](C)(C)CCCCCCCCCC)cc1.[Br-].[Br-],4.608809242675524,reg,c1ccccc1
CCCCCCCCCC[N+](C)(C)Cc1cnc(C[N+](C)(C)CCCCCCCCCC)c2c1COC(C(C)(C)C)O2.[Cl-].[Cl-],4.597496099127409,reg,c1cc2c(cn1)OCOC2
CCCCCCCCCC[N+](C)(C)Cc1cnc(C[N+](C)(C)CCCCCCCCCC)c2c1COC(C(C)C)O2.[Cl-].[Cl-],1.6284455979013381,reg,c1cc2c(cn1)OCOC2
CCCCCCCCCC[N+](C)(C)Cc1cnc(C[N+](C)(C)CCCCCCCCCC)c2c1COC(C(C)CC)O2.[Cl-].[Cl-],1.5974960991274094,reg,c1cc2c(cn1)OCOC2
CCCCCCCCCC[N+](C)(C)Cc1cnc(C[N+](C)(C)CCCCCCCCCC)c2c1COC(C(C)CCC)O2.[Cl-].[Cl-],1.0671966259584127,reg,c1cc2c(cn1)OCOC2
CCCCCCCCCC[N+](C)(C)Cc1cnc(C[N+](C)(C)CCCCCCCCCC)c2c1COC(C(C)CCCCCCCCC)O2.[Cl-].[Cl-],5.397659049390004,reg,c1cc2c(cn1)OCOC2
CCCCCCCCCC[N+](C)(C)Cc1cnc(C[N+](C)(C)CCCCCCCCCC)c2c1COC(C(CC)CC)O2.[Cl-].[Cl-],1.5671966259584127,reg,c1cc2c(cn1)OCOC2
CCCCCCCCCC[N+](C)(C)Cc1cnc(C[N+](C)(C)CCCCCCCCCC)c2c1COC(C(CC)CCCC)O2.[Cl-].[Cl-],2.508442397874339,reg,c1cc2c(cn1)OCOC2
CCCCCCCCCC[N+](C)(C)Cc1cnc(C[N+](C)(C)CCCCCCCCCC)c2c1COC(C)(CCCCCCCC)O2.[Cl-].[Cl-],2.4519876146773036,reg,c1cc2c(cn1)OCOC2
CCCCCCCCCC[N+](C)(C)Cc1cnc(C[N+](C)(C)CCCCCCCCCC)c2c1COC(C)O2.[Cl-].[Cl-],1.6924106014214202,reg,c1cc2c(cn1)OCOC2
CCCCCCCCCC[N+](C)(C)Cc1cnc(C[N+](C)(C)CCCCCCCCCC)c2c1COC(CC)O2.[Cl-].[Cl-],6.660073625354933,reg,c1cc2c(cn1)OCOC2
CCCCCCCCCC[N+](C)(C)Cc1cnc(C[N+](C)(C)CCCCCCCCCC)c2c1COC(CCC)O2.[Cl-].[Cl-],6.628445597901338,reg,c1cc2c(cn1)OCOC2
CCCCCCCCCC[N+](C)(C)Cc1cnc(C[N+](C)(C)CCCCCCCCCC)c2c1COC(CCCC)O2.[Cl-].[Cl-],4.597496099127409,reg,c1cc2c(cn1)OCOC2
CCCCCCCCCC[N+](C)(C)Cc1cnc(C[N+](C)(C)CCCCCCCCCC)c2c1COC(CCCCC)O2.[Cl-].[Cl-],3.5671966259584136,reg,c1cc2c(cn1)OCOC2
CCCCCCCCCC[N+](C)(C)Cc1cnc(C[N+](C)(C)CCCCCCCCCC)c2c1COC(CCCCCC)O2.[Cl-].[Cl-],2.5375204344357676,reg,c1cc2c(cn1)OCOC2
CCCCCCCCCC[N+](C)(C)Cc1cnc(C[N+](C)(C)CCCCCCCCCC)c2c1COC(CCCCCCC)O2.[Cl-].[Cl-],1.508442397874339,reg,c1cc2c(cn1)OCOC2
CCCCCCCCCC[N+](C)(C)Cc1cnc(C[N+](C)(C)CCCCCCCCCC)c2c1COC(CCCCCCCC)O2.[Cl-].[Cl-],3.4799388790341856,reg,c1cc2c(cn1)OCOC2
CCCCCCCCCC[N+](C)(C)Cc1cnc(C[N+](C)(C)CCCCCCCCCC)c2c1COC1(CCCCC1)O2.[Cl-].[Cl-],1.0715123899766181,reg,c1cc2c(cn1)OC1(CCCCC1)OC2
CCCCCCCCCC[N+](C)(C)Cc1cnc(C[N+](C)(C)CCCCCCCCCC)c2c1COCO2.[Cl-].[Cl-],1.7254890387223254,reg,c1cc2c(cn1)OCOC2
CCCCCCCCCC[N+](C)(C)[C@H]1COC2C1OC[C@@H]2[N+](C)(C)CCCCCCCCCC.O=S(=O)([O-])C(F)(F)F.O=S(=O)([O-])C(F)(F)F,3.3566498809797705,reg,C1CC2OCCC2O1
CCCCCCCCCC[N+](C)(CCCCCCCCCC)Cc1ccccc1.[Br-],2.9653225483672547,reg,c1ccccc1
CCCCCCCCCC[N+](C)(CCO)CCCCCCCCCC.[Br-],3.550900664647523,reg,acyclic
CCCCCCCCCC[N+]1(C)CCCC1.[Br-],7.965784284662087,reg,C1CC[NH2+]C1
CCCCCCCCCC[N+]1(C)CCN(S(=O)(=O)CC23CCC(CC2=O)C3(C)C)CC1.[Br-],7.509379148914689,reg,O=C1CC2CCC1(CS(=O)(=O)N1CC[NH2+]CC1)C2
CCCCCCCCCC[N+]1(C)CC[N+](C)(CCCCCCCCCC)CC1.[Br-].[Br-],4.0,reg,C1C[NH2+]CC[NH2+]1
CCCCCCCCCC[N+]12CCC(CC1)C(O)C2.[Br-],9.487096129711684,reg,C1C[NH+]2CCC1CC2
CCCCCCCCCC[S+]1CCCC1.[I-],7.965784284662087,reg,C1CC[SH+]C1
CCCCCCCCCC[n+]1ccc(/C=C/c2cc[n+](CCCCCCCCCC)cc2)cc1.[Br-].[Br-],1.0,reg,C(=Cc1cc[nH+]cc1)c1cc[nH+]cc1
CCCCCCCCCC[n+]1ccc(/C=N/O)cc1.[Br-],8.465784284662087,reg,c1cc[nH+]cc1
CCCCCCCCCC[n+]1ccc(COCCCCCCCOCc2cc[n+](CCCCCCCCCC)cc2)cc1.[Br-].[Br-],1.070389327891398,reg,c1cc(COCCCCCCCOCc2cc[nH+]cc2)cc[nH+]1
CCCCCCCCCC[n+]1ccc(OCCCCCCCOc2cc[n+](CCCCCCCCCC)cc2)cc1.[Br-].[Br-],1.4527134222063134,reg,c1cc(OCCCCCCCOc2cc[nH+]cc2)cc[nH+]1
CCCCCCCCCC[n+]1ccc(Oc2ccc(-c3ccc(Oc4cc[n+](CCCCCCCCCC)cc4)cc3)cc2)cc1.[Br-].[Br-],2.3533838639857714,reg,c1cc(Oc2ccc(-c3ccc(Oc4cc[nH+]cc4)cc3)cc2)cc[nH+]1
CCCCCCCCCC[n+]1ccc(Oc2ccc(-c3ccc(Oc4cc[n+](CCCCCCCCCC)cc4)cc3)cc2)cc1.[I-].[I-],3.1897691514375914,reg,c1cc(Oc2ccc(-c3ccc(Oc4cc[nH+]cc4)cc3)cc2)cc[nH+]1
CCCCCCCCCC[n+]1ccc(Oc2ccc(Oc3ccc(Oc4cc[n+](CCCCCCCCCC)cc4)cc3)cc2)cc1.[Br-].[Br-],-1.6758069001891318,reg,c1cc(Oc2ccc(Oc3ccc(Oc4cc[nH+]cc4)cc3)cc2)cc[nH+]1
CCCCCCCCCC[n+]1ccc(Oc2ccc(Oc3ccc(Oc4cc[n+](CCCCCCCCCC)cc4)cc3)cc2)cc1.[Cl-].[Cl-],2.4944281240278765,reg,c1cc(Oc2ccc(Oc3ccc(Oc4cc[nH+]cc4)cc3)cc2)cc[nH+]1
CCCCCCCCCC[n+]1ccc(Oc2ccc(Oc3ccc(Oc4cc[n+](CCCCCCCCCC)cc4)cc3)cc2)cc1.[I-].[I-],-1.836320053839516,reg,c1cc(Oc2ccc(Oc3ccc(Oc4cc[nH+]cc4)cc3)cc2)cc[nH+]1
CCCCCCCCCC[n+]1cccc(COCCCCCCCOCc2ccc[n+](CCCCCCCCCC)c2)c1.[Br-].[Br-],2.37851162325373,reg,c1c[nH+]cc(COCCCCCCCOCc2ccc[nH+]c2)c1
CCCCCCCCCC[n+]1cccc(COCCCCCOCc2ccc[n+](CCCCCCCCCC)c2)c1.[Br-].[Br-],0.10677456988747927,reg,c1c[nH+]cc(COCCCCCOCc2ccc[nH+]c2)c1
CCCCCCCCCC[n+]1cccc(NC(=O)CC(=O)Nc2ccc[n+](CCCCCCCCCC)c2)c1.[Br-].[Br-],1.9486008474933556,reg,O=C(CC(=O)Nc1ccc[nH+]c1)Nc1ccc[nH+]c1
CCCCCCCCCC[n+]1cccc(OCC(CO)(CO)COc2ccc[n+](CCCCCCCCCC)c2)c1.[Br-].[Br-],2.8208195005863477,reg,c1c[nH+]cc(OCCCOc2ccc[nH+]c2)c1
CCCCCCCCCC[n+]1cccc(OCC(COc2ccc[n+](CCCCCCCCCC)c2)(COc2ccc[n+](CCCCCCCCCC)c2)COc2ccc[n+](CCCCCCCCCC)c2)c1.[Br-].[Br-].[Br-].[Br-],3.5894211796712416,reg,c1c[nH+]cc(OCC(COc2ccc[nH+]c2)(COc2ccc[nH+]c2)COc2ccc[nH+]c2)c1
CCCCCCCCCC[n+]1cccc(Oc2ccc(-c3ccc(-c4ccc(Oc5ccc[n+](CCCCCCCCCC)c5)cc4)cc3)cc2)c1.[Br-].[Br-],2.2195319901418693,reg,c1c[nH+]cc(Oc2ccc(-c3ccc(-c4ccc(Oc5ccc[nH+]c5)cc4)cc3)cc2)c1
CCCCCCCCCC[n+]1cccc(Oc2ccc(-c3ccc(Oc4ccc[n+](CCCCCCCCCC)c4)cc3)cc2)c1.[Cl-].[Cl-],0.5273167630998852,reg,c1c[nH+]cc(Oc2ccc(-c3ccc(Oc4ccc[nH+]c4)cc3)cc2)c1
CCCCCCCCCC[n+]1cccc(Oc2ccc(-c3ccc(Oc4ccc[n+](CCCCCCCCCC)c4)cc3)cc2)c1.[I-].[I-],0.18976915143759152,reg,c1c[nH+]cc(Oc2ccc(-c3ccc(Oc4ccc[nH+]c4)cc3)cc2)c1
CCCCCCCCCC[n+]1cccc(Oc2ccc(Oc3ccc(Oc4ccc[n+](CCCCCCCCCC)c4)cc3)cc2)c1.[Br-].[Br-],0.3241930998108681,reg,c1c[nH+]cc(Oc2ccc(Oc3ccc(Oc4ccc[nH+]c4)cc3)cc2)c1
CCCCCCCCCC[n+]1cccc(Oc2ccc(Oc3ccc(Oc4ccc[n+](CCCCCCCCCC)c4)cc3)cc2)c1.[Cl-].[Cl-],1.4944281240278767,reg,c1c[nH+]cc(Oc2ccc(Oc3ccc(Oc4ccc[nH+]c4)cc3)cc2)c1
CCCCCCCCCC[n+]1cccc(Oc2ccc(Oc3ccc(Oc4ccc[n+](CCCCCCCCCC)c4)cc3)cc2)c1.[I-].[I-],1.163679946160484,reg,c1c[nH+]cc(Oc2ccc(Oc3ccc(Oc4ccc[nH+]c4)cc3)cc2)c1
CCCCCCCCCC[n+]1ccccc1Oc1ccc(-c2ccc(Oc3cccc[n+]3CCCCCCCCCC)cc2)cc1.[Br-].[Br-],4.353383863985771,reg,c1ccc(Oc2ccc(-c3ccc(Oc4cccc[nH+]4)cc3)cc2)[nH+]c1
CCCCCCCCCC[n+]1ccccc1Oc1ccc(-c2ccc(Oc3cccc[n+]3CCCCCCCCCC)cc2)cc1.[I-].[I-],5.189769151437591,reg,c1ccc(Oc2ccc(-c3ccc(Oc4cccc[nH+]4)cc3)cc2)[nH+]c1
CCCCCCCCCC[n+]1ccccc1Oc1ccc2ccc(Oc3cccc[n+]3CCCCCCCCCC)cc2c1.[Br-].[Br-],-1.5978086026536917,reg,c1ccc(Oc2ccc3ccc(Oc4cccc[nH+]4)cc3c2)[nH+]c1
CCCCCCCCCC[n+]1ccn(CCCCCCCCCCOc2cc(OCCCCCCCCCCn3cc[n+](CCCCCCCCCC)c3)cc(OCCCCCCCCCCn3cc[n+](CCCCCCCCCC)c3)c2)c1.[Br-].[Br-].[Br-],5.488639961749959,reg,c1cn(CCCCCCCCCCOc2cc(OCCCCCCCCCCn3cc[nH+]c3)cc(OCCCCCCCCCCn3cc[nH+]c3)c2)c[nH+]1
CCCCCCCCCC[n+]1ccn(CCCCCCCCOc2cc(OCCCCCCCCn3cc[n+](CCCCCCCCCC)c3)cc(OCCCCCCCCn3cc[n+](CCCCCCCCCC)c3)c2)c1.[Br-].[Br-].[Br-],3.5,reg,c1cn(CCCCCCCCOc2cc(OCCCCCCCCn3cc[nH+]c3)cc(OCCCCCCCCn3cc[nH+]c3)c2)c[nH+]1
CCCCCCCCCC[n+]1ccn(CCCCCCOc2cc(OCCCCCCn3cc[n+](CCCCCCCCCC)c3)cc(OCCCCCCn3cc[n+](CCCCCCCCCC)c3)c2)c1.[Br-].[Br-].[Br-],1.5,reg,c1cn(CCCCCCOc2cc(OCCCCCCn3cc[nH+]c3)cc(OCCCCCCn3cc[nH+]c3)c2)c[nH+]1
CCCCCCCCCC[n+]1ccn(CCCCOc2cc(OCCCCn3cc[n+](CCCCCCCCCC)c3)cc(OCCCCn3cc[n+](CCCCCCCCCC)c3)c2)c1.[Br-].[Br-].[Br-],0.0,reg,c1cn(CCCCOc2cc(OCCCCn3cc[nH+]c3)cc(OCCCCn3cc[nH+]c3)c2)c[nH+]1
CCCCCCCCCC[n+]1csc(CCOC(=O)CCC(=O)OCc2sc[n+](CCCCCCCCCC)c2C)c1C.[I-].[I-],2.655351828612554,reg,O=C(CCC(=O)OCc1c[nH+]cs1)OCCc1c[nH+]cs1
CCCCCCCCCC[n+]1csc(CCOC(=O)CCCCC(=O)OCc2sc[n+](CCCCCCCCCC)c2C)c1C.[I-].[I-],2.655351828612554,reg,O=C(CCCCC(=O)OCc1c[nH+]cs1)OCCc1c[nH+]cs1
CCCCCCCCCC[n+]1csc(CCOC(=O)CCCCCCC(=O)OCc2sc[n+](CCCCCCCCCC)c2C)c1C.[I-].[I-],2.070389327891398,reg,O=C(CCCCCCC(=O)OCc1c[nH+]cs1)OCCc1c[nH+]cs1
CCCCCCCCCC[n+]1csc(CCOC(=O)CCCCCCCCC(=O)OCc2sc[n+](CCCCCCCCCC)c2C)c1C.[I-].[I-],2.070389327891398,reg,O=C(CCCCCCCCC(=O)OCc1c[nH+]cs1)OCCc1c[nH+]cs1
CCCCCCCCCC[n+]1csc(CCOC(=O)c2ccc(C(=O)OCc3sc[n+](CCCCCCCCCC)c3C)cc2)c1C.[I-].[I-],2.070389327891398,reg,O=C(OCCc1c[nH+]cs1)c1ccc(C(=O)OCc2c[nH+]cs2)cc1
CCCCCCCCCC[n+]1nn(CCCCCCn2n[n+](CCCCCCCCCC)c3c2C(=O)c2ccccc2C3=O)c2c1C(=O)c1ccccc1C2=O.O=S(=O)([O-])C(F)(F)F.O=S(=O)([O-])C(F)(F)F,1.9143333284989499,reg,O=C1c2ccccc2C(=O)c2c1[nH+]nn2CCCCCCn1n[nH+]c2c1C(=O)c1ccccc1C2=O
CCCCCCCCCCn1c[n+](CCCCCCCCCC[n+]2cnn(CCCCCCCCCC)c2)cn1.[Br-].[Br-],-0.5235659705071944,reg,c1n[nH]c[n+]1CCCCCCCCCC[n+]1cn[nH]c1
CCCCCCCCCCn1cc[n+](CCCCCCCCCC[n+]2ccn(CCCCCCCCCC)c2)c1.[Br-].[Br-],0.48040576282199005,reg,c1c[n+](CCCCCCCCCC[n+]2cc[nH]c2)c[nH]1
CCCCCCCCCNC(=O)C[N+]1(C)CC[N+](C)(CC(=O)NCCCCCCCCC)CC1.[Br-].[Br-],1.5,reg,C1C[NH2+]CC[NH2+]1
CCCCCCCCCNc1cc[n+](CC(CO)(CO)C[n+]2ccc(NCCCCCCCCC)cc2)cc1.[Cl-].[Cl-],2.7042558200055806,reg,c1cc[n+](CCC[n+]2ccccc2)cc1
CCCCCCCCCOC(=O)C[N+](C)(C)Cc1ccccc1.[Br-],6.471532104081001,reg,c1ccccc1
CCCCCCCCCOC(=O)[C@H](Cc1ccccc1)[N+](C)(CC)CC.[I-],7.03342300153745,reg,c1ccccc1
CCCCCCCCC[N+](C)(C)CCCCCCCCOc1cccc(OCCCCCCCC[N+](C)(C)CCCCCCCCC)c1.[Br-].[Br-],1.0,reg,c1ccccc1
CCCCCCCCC[N+](C)(C)CCCCCOc1ccc(OCCCCC[N+](C)(C)CCCCCCCCC)cc1.[Br-].[Br-],0.0,reg,c1ccccc1
CCCCCCCCC[N+](C)(C)CCCCCOc1cccc(OCCCCC[N+](C)(C)CCCCCCCCC)c1.[Br-].[Br-],1.0,reg,c1ccccc1
CCCCCCCCC[N+](C)(C)CCCCOc1ccc(OCCCC[N+](C)(C)CCCCCCCCC)cc1.[Br-].[Br-],1.0,reg,c1ccccc1
CCCCCCCCC[N+](C)(C)CCCCOc1cccc(OCCCC[N+](C)(C)CCCCCCCCC)c1.[Br-].[Br-],0.0,reg,c1ccccc1
CCCCCCCCC[n+]1ccc(Oc2ccc(Oc3ccc(Oc4cc[n+](CCCCCCCCC)cc4)cc3)cc2)cc1.[Br-].[Br-],-1.6242244486206219,reg,c1cc(Oc2ccc(Oc3ccc(Oc4cc[nH+]cc4)cc3)cc2)cc[nH+]1
CCCCCCCCC[n+]1cccc(-c2nc(-c3ccccc3)c3c(=O)n(CCCCCC)c4ccccc4n23)c1.[Br-],8.633077496586235,reg,O=c1[nH]c2ccccc2n2c(-c3ccc[nH+]c3)nc(-c3ccccc3)c12
CCCCCCCCC[n+]1cccc(-c2nc(-c3ccccc3)c3c(=O)n(CCCCCC)c4ccccc4n23)c1.[I-],9.529223706704176,reg,O=c1[nH]c2ccccc2n2c(-c3ccc[nH+]c3)nc(-c3ccccc3)c12
CCCCCCCCC[n+]1cccc(OCC(COc2ccc[n+](CCCCCCCCC)c2)(COc2ccc[n+](CCCCCCCCC)c2)COc2ccc[n+](CCCCCCCCC)c2)c1.[Br-].[Br-].[Br-].[Br-],1.6516417895838018,reg,c1c[nH+]cc(OCC(COc2ccc[nH+]c2)(COc2ccc[nH+]c2)COc2ccc[nH+]c2)c1
CCCCCCCCC[n+]1cccc(Oc2ccc(-c3ccc(-c4ccc(Oc5ccc[n+](CCCCCCCCC)c5)cc4)cc3)cc2)c1.[Br-].[Br-],1.2674442439397977,reg,c1c[nH+]cc(Oc2ccc(-c3ccc(-c4ccc(Oc5ccc[nH+]c5)cc4)cc3)cc2)c1
CCCCCCCCC[n+]1cccc(Oc2ccc(Oc3ccc(Oc4ccc[n+](CCCCCCCCC)c4)cc3)cc2)c1.[Br-].[Br-],-0.6242244486206217,reg,c1c[nH+]cc(Oc2ccc(Oc3ccc(Oc4ccc[nH+]c4)cc3)cc2)c1
CCCCCCCCC[n+]1ccccc1Oc1ccc2ccc(Oc3cccc[n+]3CCCCCCCCC)cc2c1.[Br-].[Br-],-0.543305821199889,reg,c1ccc(Oc2ccc3ccc(Oc4cccc[nH+]4)cc3c2)[nH+]c1
CCCCCCCCCn1c(=O)c2c(-c3ccccc3)nc(-c3ccc[n+](CCCCCC)c3)n2c2ccccc21.[I-],8.529223706704176,reg,O=c1[nH]c2ccccc2n2c(-c3ccc[nH+]c3)nc(-c3ccccc3)c12
CCCCCCCCCn1c(=O)c2c(-c3ccccc3)nc(-c3ccc[n+](CCCCCCCCC)c3)n2c2ccccc21.[Br-],9.53974930583007,reg,O=c1[nH]c2ccccc2n2c(-c3ccc[nH+]c3)nc(-c3ccccc3)c12
CCCCCCCCCn1c(=O)c2c(-c3ccccc3)nc(-c3ccc[n+](CCCCCCCCC)c3)n2c2ccccc21.[I-],9.442186198955584,reg,O=c1[nH]c2ccccc2n2c(-c3ccc[nH+]c3)nc(-c3ccccc3)c12
CCCCCCCCCn1c(=O)c2c(-c3ccccc3)nc(-c3ccc[n+](Cc4cccc(C[n+]5cccc(-c6nc(-c7ccccc7)c7c(=O)n(CCCCCCCCC)c8ccccc8n67)c5)c4)c3)n2c2ccccc21.[Br-].[Br-],8.710965329339503,reg,O=c1[nH]c2ccccc2n2c(-c3ccc[n+](Cc4cccc(C[n+]5cccc(-c6nc(-c7ccccc7)c7c(=O)[nH]c8ccccc8n67)c5)c4)c3)nc(-c3ccccc3)c12
CCCCCCCCCn1c(=O)c2c(-c3ccccc3)nc(-c3ccc[n+](Cc4ccccc4)c3)n2c2ccccc21.[Cl-],9.724068550349994,reg,O=c1[nH]c2ccccc2n2c(-c3ccc[n+](Cc4ccccc4)c3)nc(-c3ccccc3)c12
CCCCCCCCN=c1ccn(CCCCCCCCCCn2ccc(=NCCCCCCCC)cc2)cc1.Cl.Cl,1.6807474098380704,reg,N=c1ccn(CCCCCCCCCCn2ccc(=N)cc2)cc1
CCCCCCCCNC(=O)C[N+](C)(C)CC(=O)NCCCCCCNC(=O)C[N+](C)(C)CC(=O)NCCCCCCCC.[Br-].[Br-],0.8459678102088302,reg,acyclic
CCCCCCCCNC(=O)C[N+](C)(C)CC(=O)NCCCCNC(=O)C[N+](C)(C)CC(=O)NCCCCCCCC.[Br-].[Br-],2.3983491180872116,reg,acyclic
CCCCCCCCNC(=O)C[N+](C)(C)CC(=O)NCCCNC(=O)C[N+](C)(C)CC(=O)NCCCCCCCC.[Br-].[Br-],3.510233175343136,reg,acyclic
CCCCCCCCNC(=O)C[N+](C)(C)CC(=O)NCCNC(=O)C[N+](C)(C)CC(=O)NCCCCCCCC.[Br-].[Br-],4.537666672561568,reg,acyclic
CCCCCCCCNC(=O)C[N+]1(C)CC[N+](C)(CC(=O)NCCCCCCCC)CC1.[Br-].[Br-],3.0,reg,C1C[NH2+]CC[NH2+]1
CCCCCCCCNC(=O)C[n+]1ccc(CCc2cc[n+](CC(=O)NCCCCCCCC)cc2)cc1.[Br-].[Br-],3.5,reg,c1cc(CCc2cc[nH+]cc2)cc[nH+]1
CCCCCCCCNc1cc[n+](CC(CO)(CO)C[n+]2ccc(NCCCCCCCC)cc2)cc1.[Cl-].[Cl-],3.7717538845027367,reg,c1cc[n+](CCC[n+]2ccccc2)cc1
CCCCCCCCOC(=O)C1CCC[N+]1(C)C.[I-],9.964776932491521,reg,C1CC[NH2+]C1
CCCCCCCCOC(=O)C[N+](C)(C)CCN1CC[N+](C)(CC(=O)OCCCCCCCC)CC1.[Br-].[Br-],6.971532104081001,reg,C1C[NH2+]CCN1
CCCCCCCCOC(=O)C[N+](C)(C)CC[N+](C)(C)CC(=O)OCCCCCCCC.[Cl-].[Cl-],6.906890595608519,reg,acyclic
CCCCCCCCOC(=O)C[N+](C)(C)Cc1ccccc1.[Br-],7.965784284662087,reg,c1ccccc1
CCCCCCCCS(=O)(=O)OC[C@H]1O[C@H](O[C@H]2C([NH3+])C[C@H]([NH3+])[C@@H](O[C@H]3O[C@H](C[NH3+])C(O)[C@@H](O)[C@H]3O)[C@H]2O)[C@H](O)[C@@H]([NH3+])[C@@H]1O.[Cl-].[Cl-].[Cl-].[Cl-],4.775807046865985,reg,C1CCC(OC2CCCC(OC3CCCCO3)C2)OC1
CCCCCCCC[N+](C)(C)CC(=O)NCCCCCCNC(=O)C[N+](C)(C)CCCCCCCC.[Br-].[Br-],5.143856189774724,reg,acyclic
CCCCCCCC[N+](C)(C)CCCCCCCCCCOc1cc(OCCCCCCCCCC[N+](C)(C)CCCCCCCC)cc(OCCCCCCCCCC[N+](C)(C)CCCCCCCC)c1.[Br-].[Br-].[Br-],4.0,reg,c1ccccc1
CCCCCCCC[N+](C)(C)CCCCCCCCCCOc1cccc(OCCCCCCCCCC[N+](C)(C)CCCCCCCC)c1.[Br-].[Br-],2.0,reg,c1ccccc1
CCCCCCCC[N+](C)(C)CCCCCCCCOc1cc(OCCCCCCCC[N+](C)(C)CCCCCCCC)cc(OCCCCCCCC[N+](C)(C)CCCCCCCC)c1.[Br-].[Br-].[Br-],0.0,reg,c1ccccc1
CCCCCCCC[N+](C)(C)CCCCCCCCOc1cccc(OCCCCCCCC[N+](C)(C)CCCCCCCC)c1.[Br-].[Br-],0.0,reg,c1ccccc1
CCCCCCCC[N+](C)(C)CCCCCCOc1cc(OCCCCCC[N+](C)(C)CCCCCCCC)cc(OCCCCCC[N+](C)(C)CCCCCCCC)c1.[Br-].[Br-].[Br-],0.0,reg,c1ccccc1
CCCCCCCC[N+](C)(C)CCCCCCOc1cccc(OCCCCCC[N+](C)(C)CCCCCCCC)c1.[Br-].[Br-],0.0,reg,c1ccccc1
CCCCCCCC[N+](C)(C)CCCCCOc1ccc(OCCCCC[N+](C)(C)CCCCCCCC)cc1.[Br-].[Br-],1.0,reg,c1ccccc1
CCCCCCCC[N+](C)(C)CCCCCOc1cccc(OCCCCC[N+](C)(C)CCCCCCCC)c1.[Br-].[Br-],1.0,reg,c1ccccc1
CCCCCCCC[N+](C)(C)CCCCOc1cc(OCCCC[N+](C)(C)CCCCCCCC)cc(OCCCC[N+](C)(C)CCCCCCCC)c1.[Br-].[Br-].[Br-],1.0,reg,c1ccccc1
CCCCCCCC[N+](C)(C)CCCCOc1ccc(OCCCC[N+](C)(C)CCCCCCCC)cc1.[Br-].[Br-],2.0,reg,c1ccccc1
CCCCCCCC[N+](C)(C)CCCCOc1cccc(OCCCC[N+](C)(C)CCCCCCCC)c1.[Br-].[Br-],3.0,reg,c1ccccc1
CCCCCCCC[N+](C)(C)CCCNC(=O)COc1c2cc(C(C)C)cc1Sc1cc(C(C)C)cc(c1OCC(=O)NCCC[N+](C)(C)CCCCCCCC)Sc1cc(C(C)C)cc(c1OCC(=O)NCCC[N+](C)(C)CCCCCCCC)Sc1cc(C(C)C)cc(c1OCC(=O)NCCC[N+](C)(C)CCCCCCCC)S2.[Cl-].[Cl-].[Cl-].[Cl-],3.1293425293428556,reg,c1cc2cc(c1)Sc1cccc(c1)Sc1cccc(c1)Sc1cccc(c1)S2
CCCCCCCC[N+](C)(C)CCCNCCOc1c2cc(C(C)C)cc1Sc1cc(C(C)C)cc(c1OCCNCCC[N+](C)(C)CCCCCCCC)Sc1cc(C(C)C)cc(c1OCCNCCC[N+](C)(C)CCCCCCCC)Sc1cc(C(C)C)cc(c1OCCNCCC[N+](C)(C)CCCCCCCC)S2.[Cl-].[Cl-].[Cl-].[Cl-],5.174162281807015,reg,c1cc2cc(c1)Sc1cccc(c1)Sc1cccc(c1)Sc1cccc(c1)S2
CCCCCCCC[N+](C)(C)CCCOc1cccc(OCCC[N+](C)(C)CCCCCCCC)c1.[Br-].[Br-],4.0,reg,c1ccccc1
CCCCCCCC[N+](C)(C)CCC[N+](C)(CCC[N+](C)(C)CCCCCCCC)CCC[N+](C)(C)CCCCCCCC.[Br-].[Br-].[Br-].[I-],3.0,reg,acyclic
CCCCCCCC[N+](C)(C)CCN(C)C.[Br-],9.965784284662087,reg,acyclic
CCCCCCCC[N+](C)(C)CCN(C)CC[N+](C)(C)CCCCCCCC.[I-],9.906890595608518,reg,acyclic
CCCCCCCC[N+](C)(C)CCN(CC[N+](C)(C)CCCCCCCC)CC[N+](C)(C)CCCCCCCC,4.0,reg,acyclic
CCCCCCCC[N+](C)(C)CCOCC[N+](C)(C)CCCCCCCC.[Br-].[Br-],9.871905237659186,reg,acyclic
CCCCCCCC[N+](C)(C)Cc1[nH+]c(C)c(O)c(CO)c1CO.[Br-].[Br-],10.964872789398418,reg,c1cc[nH+]cc1
CCCCCCCC[N+](C)(C)Cc1[nH+]c(C)c(O)c(CO)c1C[N+](C)(C)CCCCCCCC.[Cl-].[Cl-].[Cl-],7.751064091542651,reg,c1cc[nH+]cc1
CCCCCCCC[N+](C)(C)Cc1c[nH+]c(C)c(O)c1CO.[Cl-].[Cl-],11.35645292817158,reg,c1cc[nH+]cc1
CCCCCCCC[N+](C)(C)Cc1c[nH+]c(C[N+](C)(C)CCCCCCCC)c(O)c1CO.[Cl-].[Cl-].[Cl-],3.803055611168248,reg,c1cc[nH+]cc1
CCCCCCCC[N+](C)(C)Cc1cc(C[N+](C)(C)C)cc(C[N+](C)(C)CCCCCCCC)c1.[Br-].[Br-].[Br-],7.965784284662087,reg,c1ccccc1
CCCCCCCC[N+](C)(C)Cc1ccc(C[N+](C)(C)CCCCCCCC)cc1.[Br-].[Br-],9.609548138999429,reg,c1ccccc1
CCCCCCCC[N+](C)(C)Cc1cnc(C)c2c1COC(C)(C)O2.[Cl-],10.342883912132146,reg,c1cc2c(cn1)OCOC2
CCCCCCCC[N+](C)(C)Cc1cnc(C[N+](C)(C)CCCCCCCC)c2c1COC(C(C)(C)C)O2.[Cl-].[Cl-],4.225489038722326,reg,c1cc2c(cn1)OCOC2
CCCCCCCC[N+](C)(C)Cc1cnc(C[N+](C)(C)CCCCCCCC)c2c1COC(C(C)C)O2.[Cl-].[Cl-],5.759343739032078,reg,c1cc2c(cn1)OCOC2
CCCCCCCC[N+](C)(C)Cc1cnc(C[N+](C)(C)CCCCCCCC)c2c1COC(C(C)CC)O2.[Cl-].[Cl-],4.725489038722326,reg,c1cc2c(cn1)OCOC2
CCCCCCCC[N+](C)(C)Cc1cnc(C[N+](C)(C)CCCCCCCC)c2c1COC(C(C)CCC)O2.[Cl-].[Cl-],2.6924106014214204,reg,c1cc2c(cn1)OCOC2
CCCCCCCC[N+](C)(C)Cc1cnc(C[N+](C)(C)CCCCCCCC)c2c1COC(C(CC)CC)O2.[Cl-].[Cl-],2.6924106014214204,reg,c1cc2c(cn1)OCOC2
CCCCCCCC[N+](C)(C)Cc1cnc(C[N+](C)(C)CCCCCCCC)c2c1COC(C(CC)CCCC)O2.[Cl-].[Cl-],0.6284455979013387,reg,c1cc2c(cn1)OCOC2
CCCCCCCC[N+](C)(C)Cc1cnc(C[N+](C)(C)CCCCCCCC)c2c1COC(C)(C)O2.[Cl-].[Cl-],5.794012013353347,reg,c1cc2c(cn1)OCOC2
CCCCCCCC[N+](C)(C)Cc1cnc(C[N+](C)(C)CCCCCCCC)c2c1COC(C)O2.[Cl-].[Cl-],6.829533929092145,reg,c1cc2c(cn1)OCOC2
CCCCCCCC[N+](C)(C)Cc1cnc(C[N+](C)(C)CCCCCCCC)c2c1COC(CC)O2.[Cl-].[Cl-],6.294012013353347,reg,c1cc2c(cn1)OCOC2
CCCCCCCC[N+](C)(C)Cc1cnc(C[N+](C)(C)CCCCCCCC)c2c1COC(CCC)O2.[Cl-].[Cl-],5.759343739032078,reg,c1cc2c(cn1)OCOC2
CCCCCCCC[N+](C)(C)Cc1cnc(C[N+](C)(C)CCCCCCCC)c2c1COC(CCCC)O2.[Cl-].[Cl-],5.225489038722325,reg,c1cc2c(cn1)OCOC2
CCCCCCCC[N+](C)(C)Cc1cnc(C[N+](C)(C)CCCCCCCC)c2c1COC(CCCCC)O2.[Cl-].[Cl-],1.6924106014214202,reg,c1cc2c(cn1)OCOC2
CCCCCCCC[N+](C)(C)Cc1cnc(C[N+](C)(C)CCCCCCCC)c2c1COC(CCCCCC)O2.[Cl-].[Cl-],0.6600736253549332,reg,c1cc2c(cn1)OCOC2
CCCCCCCC[N+](C)(C)Cc1cnc(C[N+](C)(C)CCCCCCCC)c2c1COC(CCCCCCC)O2.[Cl-].[Cl-],5.628445597901338,reg,c1cc2c(cn1)OCOC2
CCCCCCCC[N+](C)(C)Cc1cnc(C[N+](C)(C)CCCCCCCC)c2c1COC1(CCCCC1)O2.[Cl-].[Cl-],4.697118312652253,reg,c1cc2c(cn1)OC1(CCCCC1)OC2
CCCCCCCC[N+](C)(C)Cc1cnc(C[N+](C)(C)CCCCCCCC)c2c1COCO2.[Cl-].[Cl-],6.865952588438443,reg,c1cc2c(cn1)OCOC2
CCCCCCCC[N+](C)(C)Cc1nc(C)c2c(c1CO)COC(C)(C)O2.[Br-],7.121960567551429,reg,c1cc2c(cn1)OCOC2
CCCCCCCC[N+](C)(C)Cc1nc(C)c2c(c1CO)COC(C)(C)O2.[Cl-],7.268754185060137,reg,c1cc2c(cn1)OCOC2
CCCCCCCC[N+](C)(C)Cc1nc(C)c2c(c1C[N+](C)(C)CCCCCCCC)COC(C)(C)O2.[Cl-].[Cl-],2.7593437390320785,reg,c1cc2c(cn1)OCOC2
CCCCCCCC[N+](C)(C)Cc1nc(CO)c(CO)c(CO)c1O.[Cl-],7.354936606569341,reg,c1ccncc1
CCCCCCCC[N+](C)(C)Cc1nc(CO)c(CO)c2c1OC(C)(C)OC2.[Cl-],7.214183322250436,reg,c1cc2c(cn1)OCOC2
CCCCCCCC[N+](C)(C)[C@H]1COC2C1OC[C@@H]2[N+](C)(C)CCCCCCCC.O=S(=O)([O-])C(F)(F)F.O=S(=O)([O-])C(F)(F)F,6.4642097936683705,reg,C1CC2OCCC2O1
CCCCCCCC[N+](C)(CCCCCCCC)CCCCCCCCCCC(=O)OC.[Cl-],5.9918639891726375,reg,acyclic
CCCCCCCC[N+](C)(CCCCCCCC)Cc1ccccc1.[Br-],5.965784284662087,reg,c1ccccc1
CCCCCCCC[N+](C)(CCO)CCCCCCCC.[Br-],6.965784284662087,reg,acyclic
CCCCCCCC[N+]1(C)CCCC1.[Br-],7.965784284662087,reg,C1CC[NH2+]C1
CCCCCCCC[N+]1(C)CC[N+](C)(CCCCCCCC)CC1.[Br-].[Br-],7.965784284662087,reg,C1C[NH2+]CC[NH2+]1
CCCCCCCC[N+]1(CCCCCCCC)Cc2[nH+]c(C)c(O)c(CO)c2C1.[Cl-].[Cl-],6.043341226300477,reg,c1c[nH+]c2c(c1)C[NH2+]C2
CCCCCCCC[N+]1(CCCCCCCC)Cc2nc(C)c3c(c2C1)COC(C)(C)O3.[Br-],2.9279189022383054,reg,c1nc2c(c3c1OCOC3)C[NH2+]C2
CCCCCCCC[N+]1(CCCCCCCC)Cc2nc(C)c3c(c2C1)COC(C)(C)O3.[Cl-],3.055396390367695,reg,c1nc2c(c3c1OCOC3)C[NH2+]C2
CCCCCCCC[N+]1(CCCCCCCC)Cc2nc(C)c3c(c2C1)COC(C)(C)O3.[I-],3.3043601122934456,reg,c1nc2c(c3c1OCOC3)C[NH2+]C2
CCCCCCCC[N+]1(CCCCCCCC)Cc2nc(C)c3c(c2C1)COC(CCC)O3.[Cl-],2.5139400873900204,reg,c1nc2c(c3c1OCOC3)C[NH2+]C2
CCCCCCCC[N+]1(CCCCCCCC)Cc2nc(C)c3c(c2C1)COC(CCCCC)O3.[Cl-],-0.06556128282683699,reg,c1nc2c(c3c1OCOC3)C[NH2+]C2
CCCCCCCC[S+]1CCCC1.[I-],7.965784284662087,reg,C1CC[SH+]C1
CCCCCCCC[n+]1ccc(-c2cc[n+](CCCCCCCC)cc2)cc1.[Br-].[Br-],7.965784284662087,reg,c1cc(-c2cc[nH+]cc2)cc[nH+]1
CCCCCCCC[n+]1ccc(-c2ccc[n+](CCCCCCCC)c2)cc1.[Br-].[Br-],6.965784284662087,reg,c1c[nH+]cc(-c2cc[nH+]cc2)c1
CCCCCCCC[n+]1ccc(/C=N/O)cc1.[Br-],8.965784284662087,reg,c1cc[nH+]cc1
CCCCCCCC[n+]1ccc(C(=O)NCCCCCCNC(=O)c2cc[n+](CCCCCCCC)cc2)cc1.[I-].[I-],3.1496040091936397,reg,O=C(NCCCCCCNC(=O)c1cc[nH+]cc1)c1cc[nH+]cc1
CCCCCCCC[n+]1ccc(C(=O)Nc2ccc(NC(=O)c3cc[n+](CCCCCCCC)cc3)cc2)cc1.[Br-].[Br-],1.632268215499513,reg,O=C(Nc1ccc(NC(=O)c2cc[nH+]cc2)cc1)c1cc[nH+]cc1
CCCCCCCC[n+]1ccc(CCc2cc[n+](CCCCCCCC)cc2)cc1.[Br-].[Br-],6.471532104081001,reg,c1cc(CCc2cc[nH+]cc2)cc[nH+]1
CCCCCCCC[n+]1ccc(NC(=O)CCCCC(=O)Nc2cc[n+](CCCCCCCC)cc2)cc1.[I-].[I-],2.1438100220560337,reg,O=C(CCCCC(=O)Nc1cc[nH+]cc1)Nc1cc[nH+]cc1
CCCCCCCC[n+]1ccc(NC(=O)c2ccc(C(=O)Nc3cc[n+](CCCCCCCC)cc3)cc2)cc1.[Br-].[Br-],1.677367119985302,reg,O=C(Nc1cc[nH+]cc1)c1ccc(C(=O)Nc2cc[nH+]cc2)cc1
CCCCCCCC[n+]1ccc(OCCCCCCOc2cc[n+](CCCCCCCC)cc2)cc1.[Br-].[Br-],1.632268215499513,reg,c1cc(OCCCCCCOc2cc[nH+]cc2)cc[nH+]1
CCCCCCCC[n+]1ccc(OCCCCCCOc2cc[n+](CCCCCCCC)cc2)cc1.[I-].[I-],-0.5477097825393413,reg,c1cc(OCCCCCCOc2cc[nH+]cc2)cc[nH+]1
CCCCCCCC[n+]1ccc(Oc2ccc(-c3ccc(Oc4cc[n+](CCCCCCCC)cc4)cc3)cc2)cc1.[Br-].[Br-],0.46069128049916847,reg,c1cc(Oc2ccc(-c3ccc(Oc4cc[nH+]cc4)cc3)cc2)cc[nH+]1
CCCCCCCC[n+]1ccc(Oc2ccc(-c3ccc(Oc4cc[n+](CCCCCCCC)cc4)cc3)cc2)cc1.[I-].[I-],0.28518213448795604,reg,c1cc(Oc2ccc(-c3ccc(Oc4cc[nH+]cc4)cc3)cc2)cc[nH+]1
CCCCCCCC[n+]1ccc(Oc2ccc(Oc3ccc(Oc4cc[n+](CCCCCCCC)cc4)cc3)cc2)cc1.[Br-].[Br-],1.4292708992924237,reg,c1cc(Oc2ccc(Oc3ccc(Oc4cc[nH+]cc4)cc3)cc2)cc[nH+]1
CCCCCCCC[n+]1ccc(SCCCCCCSc2cc[n+](CCCCCCCC)cc2)cc1.[Br-].[Br-],1.8875252707415875,reg,c1cc(SCCCCCCSc2cc[nH+]cc2)cc[nH+]1
CCCCCCCC[n+]1ccc(SCCCCCCSc2cc[n+](CCCCCCCC)cc2)cc1.[I-].[I-],1.632268215499513,reg,c1cc(SCCCCCCSc2cc[nH+]cc2)cc[nH+]1
CCCCCCCC[n+]1ccc(SCc2ccc(CSc3cc[n+](CCCCCCCC)cc3)cc2)cc1.[I-].[I-],2.655351828612554,reg,c1cc(SCc2ccc(CSc3cc[nH+]cc3)cc2)cc[nH+]1
CCCCCCCC[n+]1cccc(-c2ccc[n+](CCCCCCCC)c2)c1.[Br-].[Br-],7.465784284662087,reg,c1c[nH+]cc(-c2ccc[nH+]c2)c1
CCCCCCCC[n+]1cccc(NC(=O)CC(=O)Nc2ccc[n+](CCCCCCCC)c2)c1.[Br-].[Br-],2.6803243568440163,reg,O=C(CC(=O)Nc1ccc[nH+]c1)Nc1ccc[nH+]c1
CCCCCCCC[n+]1cccc(OCC(CO)(CO)COc2ccc[n+](CCCCCCCC)c2)c1.[Br-].[Br-],7.276810602884182,reg,c1c[nH+]cc(OCCCOc2ccc[nH+]c2)c1
CCCCCCCC[n+]1cccc(OCC(COc2ccc[n+](CCCCCCCC)c2)(COc2ccc[n+](CCCCCCCC)c2)COc2ccc[n+](CCCCCCCC)c2)c1.[Br-].[Br-].[Br-].[Br-],0.716667275596849,reg,c1c[nH+]cc(OCC(COc2ccc[nH+]c2)(COc2ccc[nH+]c2)COc2ccc[nH+]c2)c1
CCCCCCCC[n+]1cccc(Oc2ccc(-c3ccc(-c4ccc(Oc5ccc[n+](CCCCCCCC)c5)cc4)cc3)cc2)c1.[Br-].[Br-],-1.6829975041708787,reg,c1c[nH+]cc(Oc2ccc(-c3ccc(-c4ccc(Oc5ccc[nH+]c5)cc4)cc3)cc2)c1
CCCCCCCC[n+]1cccc(Oc2ccc(-c3ccc(Oc4ccc[n+](CCCCCCCC)c4)cc3)cc2)c1.[Br-].[Br-],-1.539308719500832,reg,c1c[nH+]cc(Oc2ccc(-c3ccc(Oc4ccc[nH+]c4)cc3)cc2)c1
CCCCCCCC[n+]1cccc(Oc2ccc(-c3ccc(Oc4ccc[n+](CCCCCCCC)c4)cc3)cc2)c1.[I-].[I-],-0.7148178655120437,reg,c1c[nH+]cc(Oc2ccc(-c3ccc(Oc4ccc[nH+]c4)cc3)cc2)c1
CCCCCCCC[n+]1cccc(Oc2ccc(Oc3ccc(Oc4ccc[n+](CCCCCCCC)c4)cc3)cc2)c1.[Br-].[Br-],1.4292708992924237,reg,c1c[nH+]cc(Oc2ccc(Oc3ccc(Oc4ccc[nH+]c4)cc3)cc2)c1
CCCCCCCC[n+]1cccc(Oc2ccc(Oc3ccc(Oc4ccc[n+](CCCCCCCC)c4)cc3)cc2)c1.[I-].[I-],1.2573262927742335,reg,c1c[nH+]cc(Oc2ccc(Oc3ccc(Oc4ccc[nH+]c4)cc3)cc2)c1
CCCCCCCC[n+]1ccccc1Oc1ccc(-c2ccc(Oc3cccc[n+]3CCCCCCCC)cc2)cc1.[Br-].[Br-],1.4606912804991685,reg,c1ccc(Oc2ccc(-c3ccc(Oc4cccc[nH+]4)cc3)cc2)[nH+]c1
CCCCCCCC[n+]1ccccc1Oc1ccc(-c2ccc(Oc3cccc[n+]3CCCCCCCC)cc2)cc1.[I-].[I-],3.285182134487956,reg,c1ccc(Oc2ccc(-c3ccc(Oc4cccc[nH+]4)cc3)cc2)[nH+]c1
CCCCCCCC[n+]1ccccc1Oc1ccc2ccc(Oc3cccc[n+]3CCCCCCCC)cc2c1.[Br-].[Br-],5.513337106747385,reg,c1ccc(Oc2ccc3ccc(Oc4cccc[nH+]4)cc3c2)[nH+]c1
CCCCCCCC[n+]1ccn(CCCCCCCCCCOc2cc(OCCCCCCCCCCn3cc[n+](CCCCCCCC)c3)cc(OCCCCCCCCCCn3cc[n+](CCCCCCCC)c3)c2)c1.[Br-].[Br-].[Br-],4.0,reg,c1cn(CCCCCCCCCCOc2cc(OCCCCCCCCCCn3cc[nH+]c3)cc(OCCCCCCCCCCn3cc[nH+]c3)c2)c[nH+]1
CCCCCCCC[n+]1ccn(CCCCCCCCOc2cc(OCCCCCCCCn3cc[n+](CCCCCCCC)c3)cc(OCCCCCCCCn3cc[n+](CCCCCCCC)c3)c2)c1.[Br-].[Br-].[Br-],1.0,reg,c1cn(CCCCCCCCOc2cc(OCCCCCCCCn3cc[nH+]c3)cc(OCCCCCCCCn3cc[nH+]c3)c2)c[nH+]1
CCCCCCCC[n+]1ccn(CCCCCCOc2cc(OCCCCCCn3cc[n+](CCCCCCCC)c3)cc(OCCCCCCn3cc[n+](CCCCCCCC)c3)c2)c1.[Br-].[Br-].[Br-],0.0,reg,c1cn(CCCCCCOc2cc(OCCCCCCn3cc[nH+]c3)cc(OCCCCCCn3cc[nH+]c3)c2)c[nH+]1
CCCCCCCC[n+]1ccn(CCCCOc2cc(OCCCCn3cc[n+](CCCCCCCC)c3)cc(OCCCCn3cc[n+](CCCCCCCC)c3)c2)c1.[Br-].[Br-].[Br-],-1.0,reg,c1cn(CCCCOc2cc(OCCCCn3cc[nH+]c3)cc(OCCCCn3cc[nH+]c3)c2)c[nH+]1
CCCCCCCC[n+]1nn(CCCCCCn2n[n+](CCCCCCCC)c3c2C(=O)c2ccccc2C3=O)c2c1C(=O)c1ccccc1C2=O.O=S(=O)([O-])C(F)(F)F.O=S(=O)([O-])C(F)(F)F,1.9927040158733997,reg,O=C1c2ccccc2C(=O)c2c1[nH+]nn2CCCCCCn1n[nH+]c2c1C(=O)c1ccccc1C2=O
CCCCCCCNc1cc[n+](CC(CO)(CO)C[n+]2ccc(NCCCCCCC)cc2)cc1.[Cl-].[Cl-],7.808349870562503,reg,c1cc[n+](CCC[n+]2ccccc2)cc1
CCCCCCCOC(=O)C[N+](C)(C)CCCN(CCC[N+](C)(C)CC(=O)OCCCCCCC)CCC[N+](C)(C)CC(=O)OCCCCCCC.[Br-].[Br-].[Br-],5.0,reg,acyclic
CCCCCCCOC(=O)C[N+](C)(C)CCN1CC[N+](C)(CC(=O)OCCCCCCC)CC1.[Br-].[Br-],7.965784284662087,reg,C1C[NH2+]CCN1
CCCCCCCOC(=O)C[N+](C)(C)CC[N+](C)(C)CC(=O)OCCCCCCC.[Br-].[Br-],7.965784284662087,reg,acyclic
CCCCCCCOC(=O)C[N+](C)(C)Cc1ccccc1.[Br-],7.965784284662087,reg,c1ccccc1
CCCCCCC[n+]1cccc(OCC(COc2ccc[n+](CCCCCCC)c2)(COc2ccc[n+](CCCCCCC)c2)COc2ccc[n+](CCCCCCC)c2)c1.[Br-].[Br-].[Br-].[Br-],2.7847625099926554,reg,c1c[nH+]cc(OCC(COc2ccc[nH+]c2)(COc2ccc[nH+]c2)COc2ccc[nH+]c2)c1
CCCCCCC[n+]1cccc(Oc2ccc(-c3ccc(-c4ccc(Oc5ccc[n+](CCCCCCC)c5)cc4)cc3)cc2)c1.[Br-].[Br-],2.3683238763353818,reg,c1c[nH+]cc(Oc2ccc(-c3ccc(-c4ccc(Oc5ccc[nH+]c5)cc4)cc3)cc2)c1
CCCCCCC[n+]1cccc(Oc2ccc(-c3ccc(Oc4ccc[n+](CCCCCCC)c4)cc3)cc2)c1.[Br-].[Br-],2.517494494503559,reg,c1c[nH+]cc(Oc2ccc(-c3ccc(Oc4ccc[nH+]c4)cc3)cc2)c1
CCCCCCC[n+]1cccc(Oc2ccc(-c3ccc(Oc4ccc[n+](CCCCCCC)c4)cc3)cc2)c1.[I-].[I-],2.335364251166683,reg,c1c[nH+]cc(Oc2ccc(-c3ccc(Oc4ccc[nH+]c4)cc3)cc2)c1
CCCCCCC[n+]1cccc(Oc2ccc(Oc3ccc(Oc4ccc[n+](CCCCCCC)c4)cc3)cc2)c1.[I-].[I-],3.306532222805721,reg,c1c[nH+]cc(Oc2ccc(Oc3ccc(Oc4ccc[nH+]c4)cc3)cc2)c1
CCCCCCNC(=O)C[N+](C)(C)CC(=O)NCCCCCCNC(=O)C[N+](C)(C)CC(=O)NCCCCCC.[Br-].[Br-],4.24518542220099,reg,acyclic
CCCCCCNC(=O)C[N+](C)(C)CC(=O)NCCCCNC(=O)C[N+](C)(C)CC(=O)NCCCCCC.[Br-].[Br-],5.301668808570809,reg,acyclic
CCCCCCNC(=O)C[N+](C)(C)CC(=O)NCCCNC(=O)C[N+](C)(C)CC(=O)NCCCCCC.[Br-].[Br-],5.330762020483331,reg,acyclic
CCCCCCNC(=O)C[N+](C)(C)CC(=O)NCCNC(=O)C[N+](C)(C)CC(=O)NCCCCCC.[Br-].[Br-],6.045070923137938,reg,acyclic
CCCCCCNC(=O)C[N+](C)(C)CCCOc1cc(/C=C/c2ccc(/C=C/c3cc(OCCC[N+](C)(C)CC(=O)NCCCCCC)cc(OCCC[N+](C)(C)CC(=O)NCCCCCC)c3)cc2)cc(OCCC[N+](C)(C)CC(=O)NCCCCCC)c1.[Br-].[Br-].[Br-].[Br-],4.344203065587622,reg,C(=Cc1ccc(C=Cc2ccccc2)cc1)c1ccccc1
CCCCCCOC(=O)C[N+](C)(C)CCCN(CCC[N+](C)(C)CC(=O)OCCCCCC)CCC[N+](C)(C)CC(=O)OCCCCCC.[Br-].[Br-].[Br-],7.965784284662087,reg,acyclic
CCCCCCOC(=O)C[N+](C)(C)CCC[N+](C)(CCC[N+](C)(C)CC(=O)OCCCCCC)CC(=O)OCCCCCC.[Br-].[Br-].[Br-],7.965784284662087,reg,acyclic
CCCCCCOC(=O)C[N+](C)(C)CCN1CC[N+](C)(CC(=O)OCCCCCC)CC1.[Br-].[Br-],7.965784284662087,reg,C1C[NH2+]CCN1
CCCCCCOC(=O)C[N+](C)(C)CC[N+](C)(C)CC(=O)OCCCCCC.[Br-].[Br-],7.965784284662087,reg,acyclic
CCCCCCOC(=O)C[N+](C)(C)CC[N+](C)(C)CC(=O)OCCCCCC.[Cl-].[Cl-],9.643856189774725,reg,acyclic
CCCCCCOC(=O)C[N+](C)(C)Cc1ccccc1.[Br-],7.965784284662087,reg,c1ccccc1
CCCCCCOC(=O)C[n+]1ccccc1.[Cl-],15.599750288468027,reg,c1cc[nH+]cc1
CCCCCC[N+](C)(C)CCCCCCCCCCC(=O)OC.[Cl-],5.421408281234528,reg,acyclic
CCCCCC[N+](C)(C)CCCCCCCCCCOc1cc(OCCCCCCCCCC[N+](C)(C)CCCCCC)cc(OCCCCCCCCCC[N+](C)(C)CCCCCC)c1.[Br-].[Br-].[Br-],1.5,reg,c1ccccc1
CCCCCC[N+](C)(C)CCCCCCCCCCOc1cccc(OCCCCCCCCCC[N+](C)(C)CCCCCC)c1.[Br-].[Br-],0.0,reg,c1ccccc1
CCCCCC[N+](C)(C)CCCCCCCCOc1cc(OCCCCCCCC[N+](C)(C)CCCCCC)cc(OCCCCCCCC[N+](C)(C)CCCCCC)c1.[Br-].[Br-].[Br-],0.0,reg,c1ccccc1
CCCCCC[N+](C)(C)CCCCCCCCOc1cccc(OCCCCCCCC[N+](C)(C)CCCCCC)c1.[Br-].[Br-],1.0,reg,c1ccccc1
CCCCCC[N+](C)(C)CCCCCCOc1cc(OCCCCCC[N+](C)(C)CCCCCC)cc(OCCCCCC[N+](C)(C)CCCCCC)c1.[Br-].[Br-].[Br-],1.5,reg,c1ccccc1
CCCCCC[N+](C)(C)CCCCCCOc1cccc(OCCCCCC[N+](C)(C)CCCCCC)c1.[Br-].[Br-],5.0,reg,c1ccccc1
CCCCCC[N+](C)(C)CCCCCOc1cccc(OCCCCC[N+](C)(C)CCCCCC)c1.[Br-].[Br-],6.965784284662087,reg,c1ccccc1
CCCCCC[N+](C)(C)CCCCOc1cc(/C=C/c2ccc(/C=C/c3cc(OCCCC[N+](C)(C)CCCCCC)cc(OCCCC[N+](C)(C)CCCCCC)c3)cc2)cc(OCCCC[N+](C)(C)CCCCCC)c1.[I-].[I-].[I-].[I-],-1.670283812251633,reg,C(=Cc1ccc(C=Cc2ccccc2)cc1)c1ccccc1
CCCCCC[N+](C)(C)CCCCOc1cc(OCCCC[N+](C)(C)CCCCCC)cc(OCCCC[N+](C)(C)CCCCCC)c1.[Br-].[Br-].[Br-],7.965784284662087,reg,c1ccccc1
CCCCCC[N+](C)(C)CCCCOc1cccc(OCCCC[N+](C)(C)CCCCCC)c1.[Br-].[Br-],7.965784284662087,reg,c1ccccc1
CCCCCC[N+](C)(C)CCCOc1cc(/C=C/c2ccc(/C=C/c3cc(OCCC[N+](C)(C)CCCCCC)cc(OCCC[N+](C)(C)CCCCCC)c3)cc2)cc(OCCC[N+](C)(C)CCCCCC)c1.[I-].[I-].[I-].[I-],2.381500085181464,reg,C(=Cc1ccc(C=Cc2ccccc2)cc1)c1ccccc1
CCCCCC[N+](C)(C)CCOCC[N+](C)(C)CCCCCC.[Br-].[Br-],11.872674880270605,reg,acyclic
CCCCCC[N+](C)(C)Cc1ccc(C[N+](C)(C)CCCCCC)cc1.[Br-].[Br-],12.609640474436812,reg,c1ccccc1
CCCCCC[N+](C)(C)[C@H]1COC2C1OC[C@@H]2[N+](C)(C)CCCCCC.O=S(=O)([O-])C(F)(F)F.O=S(=O)([O-])C(F)(F)F,12.063331677968591,reg,C1CC2OCCC2O1
CCCCCC[N+](C)(CCCCCCCCCCC(=O)OC)CCCCCCCCCCC(=O)OC.[Cl-],4.830455163848274,reg,acyclic
CCCCCC[n+]1cccc(-c2nc(-c3ccccc3)c3c(=O)[nH]c4ccccc4n23)c1.[Br-],9.955881068875412,reg,O=c1[nH]c2ccccc2n2c(-c3ccc[nH+]c3)nc(-c3ccccc3)c12
CCCCCC[n+]1ccn(CCCCCCCCCCOc2cc(OCCCCCCCCCCn3cc[n+](CCCCCC)c3)cc(OCCCCCCCCCCn3cc[n+](CCCCCC)c3)c2)c1.[Br-].[Br-].[Br-],3.0,reg,c1cn(CCCCCCCCCCOc2cc(OCCCCCCCCCCn3cc[nH+]c3)cc(OCCCCCCCCCCn3cc[nH+]c3)c2)c[nH+]1
CCCCCC[n+]1ccn(CCCCCCCCOc2cc(OCCCCCCCCn3cc[n+](CCCCCC)c3)cc(OCCCCCCCCn3cc[n+](CCCCCC)c3)c2)c1.[Br-].[Br-].[Br-],0.0,reg,c1cn(CCCCCCCCOc2cc(OCCCCCCCCn3cc[nH+]c3)cc(OCCCCCCCCn3cc[nH+]c3)c2)c[nH+]1
CCCCCC[n+]1ccn(CCCCCCOc2cc(OCCCCCCn3cc[n+](CCCCCC)c3)cc(OCCCCCCn3cc[n+](CCCCCC)c3)c2)c1.[Br-].[Br-].[Br-],-1.0,reg,c1cn(CCCCCCOc2cc(OCCCCCCn3cc[nH+]c3)cc(OCCCCCCn3cc[nH+]c3)c2)c[nH+]1
CCCCCC[n+]1ccn(CCCCOc2cc(OCCCCn3cc[n+](CCCCCC)c3)cc(OCCCCn3cc[n+](CCCCCC)c3)c2)c1.[Br-].[Br-].[Br-],4.0,reg,c1cn(CCCCOc2cc(OCCCCn3cc[nH+]c3)cc(OCCCCn3cc[nH+]c3)c2)c[nH+]1
CCCCCC[n+]1nn(CCCCCCn2n[n+](CCCCCC)c3c2C(=O)c2ccccc2C3=O)c2c1C(=O)c1ccccc1C2=O.O=S(=O)([O-])C(F)(F)F.O=S(=O)([O-])C(F)(F)F,4.075577777408297,reg,O=C1c2ccccc2C(=O)c2c1[nH+]nn2CCCCCCn1n[nH+]c2c1C(=O)c1ccccc1C2=O
CCCCCCn1c(=O)c2c(-c3ccccc3)nc(-c3ccc[n+](CCCCCC)c3)n2c2ccccc21.[I-],8.621851218001865,reg,O=c1[nH]c2ccccc2n2c(-c3ccc[nH+]c3)nc(-c3ccccc3)c12
CCCCCCn1c(=O)c2c(-c3ccccc3)nc(-c3ccc[n+](Cc4cccc(C[n+]5cccc(-c6nc(-c7ccccc7)c7c(=O)n(CCCCCC)c8ccccc8n67)c5)c4)c3)n2c2ccccc21.[Br-].[Br-],8.816493697966497,reg,O=c1[nH]c2ccccc2n2c(-c3ccc[n+](Cc4cccc(C[n+]5cccc(-c6nc(-c7ccccc7)c7c(=O)[nH]c8ccccc8n67)c5)c4)c3)nc(-c3ccccc3)c12
CCCCCCn1c(=O)c2c(-c3ccccc3)nc(-c3ccc[n+](Cc4ccccc4)c3)n2c2ccccc21.[Cl-],9.83059617618002,reg,O=c1[nH]c2ccccc2n2c(-c3ccc[n+](Cc4ccccc4)c3)nc(-c3ccccc3)c12
CCCCCc1cc[n+](CCCC#CC#CCCC[n+]2ccc(CCCCC)cc2)cc1.[Cl-].[Cl-],6.643856189774724,reg,C(C#CCCC[n+]1ccccc1)#CCCC[n+]1ccccc1
CCCCCc1cc[n+](CCCC#Cc2ccc(-c3ccc(C#CCCC[n+]4ccc(CCCCC)cc4)cc3)cc2)cc1.[Cl-].[Cl-],4.459431618637297,reg,C(#Cc1ccc(-c2ccc(C#CCCC[n+]3ccccc3)cc2)cc1)CCC[n+]1ccccc1
CCCCCc1cc[n+](CCCC#Cc2ccc(C#CCCC[n+]3ccc(CCCCC)cc3)cc2)cc1.[Cl-].[Cl-],3.643856189774725,reg,C(#Cc1ccc(C#CCCC[n+]2ccccc2)cc1)CCC[n+]1ccccc1
CCCCCc1cc[n+](CCCC#Cc2ccc3c(c2)Cc2cc(C#CCCC[n+]4ccc(CCCCC)cc4)ccc2-3)cc1.[Cl-].[Cl-],4.459431618637297,reg,C(#Cc1ccc2c(c1)Cc1cc(C#CCCC[n+]3ccccc3)ccc1-2)CCC[n+]1ccccc1
CCCCCc1cc[n+](CCCCC#CC#CCCCC[n+]2ccc(CCCCC)cc2)cc1.[Cl-].[Cl-],5.643856189774724,reg,C(C#CCCCC[n+]1ccccc1)#CCCCC[n+]1ccccc1
CCCCCc1cc[n+](CCCCC#Cc2c(F)c(F)c(C#CCCCC[n+]3ccc(CCCCC)cc3)c(F)c2F)cc1.[Cl-].[Cl-],0.37851162325372983,reg,C(#Cc1ccc(C#CCCCC[n+]2ccccc2)cc1)CCCC[n+]1ccccc1
CCCCCc1cc[n+](CCCCC#Cc2ccc(C#CCCCC[n+]3ccc(CCCCC)cc3)cc2)cc1.[Cl-].[Cl-],2.6322682154995127,reg,C(#Cc1ccc(C#CCCCC[n+]2ccccc2)cc1)CCCC[n+]1ccccc1
CCCCCc1cc[n+](CCCCC#Cc2ccc(C#CCCCC[n+]3ccc(CCCCC)cc3)s2)cc1.[Cl-].[Cl-],1.4329594072761063,reg,C(#Cc1ccc(C#CCCCC[n+]2ccccc2)s1)CCCC[n+]1ccccc1
CCCCCc1cc[n+](CCCCC#Cc2cccc(C#CCCCC[n+]3ccc(CCCCC)cc3)c2)cc1.[Cl-].[Cl-],2.6322682154995127,reg,C(#Cc1cccc(C#CCCCC[n+]2ccccc2)c1)CCCC[n+]1ccccc1
CCCCCc1cc[n+](CCCCC#Cc2ccccc2C#CCCCC[n+]2ccc(CCCCC)cc2)cc1.[Cl-].[Cl-],3.4594316186372973,reg,C(#Cc1ccccc1C#CCCCC[n+]1ccccc1)CCCC[n+]1ccccc1
CCCCCc1cc[n+](CCCCC/C=C/CCCCC[n+]2ccc(CCCCC)cc2)cc1.[Cl-].[Cl-],5.459431618637297,reg,C(=CCCCCC[n+]1ccccc1)CCCCC[n+]1ccccc1
CCCCCc1cc[n+](CCCCC/C=C\CCCCC[n+]2ccc(CCCCC)cc2)cc1.[Cl-].[Cl-],3.4594316186372973,reg,C(=CCCCCC[n+]1ccccc1)CCCCC[n+]1ccccc1
CCCCCc1cc[n+](CCCCCC#CCCCCC[n+]2ccc(CCCCC)cc2)cc1.[Cl-].[Cl-],3.4594316186372973,reg,C(#CCCCCC[n+]1ccccc1)CCCCC[n+]1ccccc1
CCCCCc1cc[n+](CCCCCCCCCCCCCCCC[n+]2ccc(CCCCC)cc2)cc1.[Cl-].[Cl-],-0.5145731728297583,reg,c1cc[n+](CCCCCCCCCCCCCCCC[n+]2ccccc2)cc1
CCCCCc1cc[n+](CCCCCCCCCCCCCC[n+]2ccc(CCCCC)cc2)cc1.[Cl-].[Cl-],-0.01457317282975834,reg,c1cc[n+](CCCCCCCCCCCCCC[n+]2ccccc2)cc1
CCCCCc1cc[n+](CCCCCCCCCCCC[n+]2ccc(CCCCC)cc2)cc1.[Br-].[Br-],1.4329594072761063,reg,c1cc[n+](CCCCCCCCCCCC[n+]2ccccc2)cc1
CCCCCc1cc[n+](CCCCCCCCCC[n+]2ccc(CCCCC)cc2)cc1.[Cl-].[Cl-],2.446195512956702,reg,c1cc[n+](CCCCCCCCCC[n+]2ccccc2)cc1
CCCCCc1cc[n+](CCCCCCCC[n+]2ccc(CCCCC)cc2)cc1.[Br-].[Br-],3.446195512956702,reg,c1cc[n+](CCCCCCCC[n+]2ccccc2)cc1
CCCCCc1cc[n+](CCCCCCc2c(F)c(F)c(CCCCCC[n+]3ccc(CCCCC)cc3)c(F)c2F)cc1.[Br-].[Br-],0.37851162325372983,reg,c1cc[n+](CCCCCCc2ccc(CCCCCC[n+]3ccccc3)cc2)cc1
CCCCCc1cc[n+](CCCCCCc2ccc(CCCCCC[n+]3ccc(CCCCC)cc3)cc2)cc1.[Cl-].[Cl-],2.6322682154995127,reg,c1cc[n+](CCCCCCc2ccc(CCCCCC[n+]3ccccc3)cc2)cc1
CCCCCc1cc[n+](CCCCCCc2ccc(CCCCCC[n+]3ccc(CCCCC)cc3)s2)cc1.[Cl-].[Cl-],0.37851162325372983,reg,c1cc[n+](CCCCCCc2ccc(CCCCCC[n+]3ccccc3)s2)cc1
CCCCCc1cc[n+](CCCCCCc2cccc(CCCCCC[n+]3ccc(CCCCC)cc3)c2)cc1.[Cl-].[Cl-],2.6322682154995127,reg,c1cc[n+](CCCCCCc2cccc(CCCCCC[n+]3ccccc3)c2)cc1
CCCCCc1cc[n+](CCCCCCc2ccccc2CCCCCC[n+]2ccc(CCCCC)cc2)cc1.[Cl-].[Cl-],1.4329594072761063,reg,c1cc[n+](CCCCCCc2ccccc2CCCCCC[n+]2ccccc2)cc1
CCCCCc1cc[n+](CCCCCc2ccc(-c3ccc(CCCCC[n+]4ccc(CCCCC)cc4)cc3)cc2)cc1.[Cl-].[Cl-],3.4594316186372973,reg,c1cc[n+](CCCCCc2ccc(-c3ccc(CCCCC[n+]4ccccc4)cc3)cc2)cc1
CCCCCc1cc[n+](CCCCCc2ccc(CCCCC[n+]3ccc(CCCCC)cc3)cc2)cc1.[Cl-].[Cl-],3.643856189774725,reg,c1cc[n+](CCCCCc2ccc(CCCCC[n+]3ccccc3)cc2)cc1
CCCCCc1cc[n+](CCCCCc2ccc3c(c2)Cc2cc(CCCCC[n+]4ccc(CCCCC)cc4)ccc2-3)cc1.[Cl-].[Cl-],2.4594316186372973,reg,c1cc[n+](CCCCCc2ccc3c(c2)Cc2cc(CCCCC[n+]4ccccc4)ccc2-3)cc1
CCCCCc1cc[n+](CCOCCOCCOCCOCC[n+]2ccc(CCCCC)cc2)cc1.[Cl-].[Cl-],6.955321365234813,reg,c1cc[n+](CCOCCOCCOCCOCC[n+]2ccccc2)cc1
CCCCCc1cc[n+](CCOCCOCCOCC[n+]2ccc(CCCCC)cc2)cc1.[Cl-].[Cl-],6.955321365234813,reg,c1cc[n+](CCOCCOCCOCC[n+]2ccccc2)cc1
CCCC[N+](C)(C)CCCCOc1cc(/C=C/c2ccc(/C=C/c3cc(OCCCC[N+](C)(C)CCCC)cc(OCCCC[N+](C)(C)CCCC)c3)cc2)cc(OCCCC[N+](C)(C)CCCC)c1.[I-].[I-].[I-].[I-],-1.564787869923616,reg,C(=Cc1ccc(C=Cc2ccccc2)cc1)c1ccccc1
CCCC[N+](C)(C)CCCNC(=O)COc1c2cc(C(C)C)cc1Sc1cc(C(C)C)cc(c1OCC(=O)NCCC[N+](C)(C)CCCC)Sc1cc(C(C)C)cc(c1OCC(=O)NCCC[N+](C)(C)CCCC)Sc1cc(C(C)C)cc(c1OCC(=O)NCCC[N+](C)(C)CCCC)S2.[Cl-].[Cl-].[Cl-].[Cl-],3.3182682954636387,reg,c1cc2cc(c1)Sc1cccc(c1)Sc1cccc(c1)Sc1cccc(c1)S2
CCCC[N+](C)(C)CCCNCCOc1c2cc(C(C)C)cc1Sc1cc(C(C)C)cc(c1OCCNCCC[N+](C)(C)CCCC)Sc1cc(C(C)C)cc(c1OCCNCCC[N+](C)(C)CCCC)Sc1cc(C(C)C)cc(c1OCCNCCC[N+](C)(C)CCCC)S2.[Cl-].[Cl-].[Cl-].[Cl-],2.8694715132550774,reg,c1cc2cc(c1)Sc1cccc(c1)Sc1cccc(c1)Sc1cccc(c1)S2
CCCC[N+](C)(C)CCCOc1cc(/C=C/c2ccc(/C=C/c3cc(OCCC[N+](C)(C)CCCC)cc(OCCC[N+](C)(C)CCCC)c3)cc2)cc(OCCC[N+](C)(C)CCCC)c1.[I-].[I-].[I-].[I-],-1.5089985186064816,reg,C(=Cc1ccc(C=Cc2ccccc2)cc1)c1ccccc1
CCCC[N+](C)(C)CCOCC[N+](C)(C)CCCC.[Br-].[Br-],11.872674880270605,reg,acyclic
CCCC[N+](C)(C)CCOc1cc(/C=C/c2ccc(/C=C/c3cc(OCC[N+](C)(C)CCCC)cc(OCC[N+](C)(C)CCCC)c3)cc2)cc(OCC[N+](C)(C)CCCC)c1.[I-].[I-].[I-].[I-],-0.45096469496409614,reg,C(=Cc1ccc(C=Cc2ccccc2)cc1)c1ccccc1
CCCC[N+](C)(C)Cc1ccc(C[N+](C)(C)CCCC)cc1.[Br-].[Br-],13.609640474436812,reg,c1ccccc1
CCCC[N+]1(CCCC)Cc2[nH+]c(C)c(O)c(CO)c2C1.[Cl-].[Cl-],11.418452916354697,reg,c1c[nH+]c2c(c1)C[NH2+]C2
CCCC[N+]1(CCCC)Cc2nc(C)c3c(c2C1)COC(C)(C)O3.[Cl-],11.404290973920077,reg,c1nc2c(c3c1OCOC3)C[NH2+]C2
CCCC[n+]1cccc(-c2nc(-c3ccccc3)c3c(=O)[nH]c4ccccc4n23)c1.[I-],9.902585099603263,reg,O=c1[nH]c2ccccc2n2c(-c3ccc[nH+]c3)nc(-c3ccccc3)c12
CCCC[n+]1nn(CCCCCCn2n[n+](CCCC)c3c2C(=O)c2ccccc2C3=O)c2c1C(=O)c1ccccc1C2=O.O=S(=O)([O-])C(F)(F)F.O=S(=O)([O-])C(F)(F)F,8.129288095240447,reg,O=C1c2ccccc2C(=O)c2c1[nH+]nn2CCCCCCn1n[nH+]c2c1C(=O)c1ccccc1C2=O
CCCNC(=O)C[N+](C)(C)CCCOc1cc(/C=C/c2ccc(/C=C/c3cc(OCCC[N+](C)(C)CC(=O)NCCC)cc(OCCC[N+](C)(C)CC(=O)NCCC)c3)cc2)cc(OCCC[N+](C)(C)CC(=O)NCCC)c1.[Br-].[Br-].[Br-].[Br-],1.007211571110874,reg,C(=Cc1ccc(C=Cc2ccccc2)cc1)c1ccccc1
CCC[N+](C)(C)CCCCOc1cc(/C=C/c2ccc(/C=C/c3cc(OCCCC[N+](C)(C)CCC)cc(OCCCC[N+](C)(C)CCC)c3)cc2)cc(OCCCC[N+](C)(C)CCC)c1.[I-].[I-].[I-].[I-],-0.5089985186064816,reg,C(=Cc1ccc(C=Cc2ccccc2)cc1)c1ccccc1
CCC[N+](C)(C)CCCOc1cc(/C=C/c2ccc(/C=C/c3cc(OCCC[N+](C)(C)CCC)cc(OCCC[N+](C)(C)CCC)c3)cc2)cc(OCCC[N+](C)(C)CCC)c1.[I-].[I-].[I-].[I-],2.549035305035904,reg,C(=Cc1ccc(C=Cc2ccccc2)cc1)c1ccccc1
CCC[n+]1cccc(C(=O)N/N=C\C=C\c2ccccc2)c1.[Br-],8.561658616961658,reg,O=C(NN=CC=Cc1ccccc1)c1ccc[nH+]c1
CCC[n+]1cccc(C(=O)N/N=C\C=C\c2ccccc2OC)c1.[Br-],7.95032953431456,reg,O=C(NN=CC=Cc1ccccc1)c1ccc[nH+]c1
CCC[n+]1cccc(C(=O)N/N=C\c2c(Cl)cccc2Cl)c1.[Br-],7.9052733756181865,reg,O=C(NN=Cc1ccccc1)c1ccc[nH+]c1
CCC[n+]1cccc(C(=O)N/N=C\c2ccc(Cl)cc2)c1.[Br-],9.029611851838396,reg,O=C(NN=Cc1ccccc1)c1ccc[nH+]c1
CCC[n+]1cccc(C(=O)N/N=C\c2ccc(N(C)C)cc2)c1.[Br-],8.997461245151738,reg,O=C(NN=Cc1ccccc1)c1ccc[nH+]c1
CCC[n+]1cccc(C(=O)N/N=C\c2ccc(OC)c(O)c2)c1.[Br-],9.14756805129344,reg,O=C(NN=Cc1ccccc1)c1ccc[nH+]c1
CCC[n+]1cccc(C(=O)N/N=C\c2cccc(O)c2)c1.[Br-],9.10088303773215,reg,O=C(NN=Cc1ccccc1)c1ccc[nH+]c1
CCC[n+]1cccc(C(=O)NN=Cc2ccc(Cl)c(Cl)c2)c1.[Br-],8.405273375618187,reg,O=C(NN=Cc1ccccc1)c1ccc[nH+]c1
CCCn1c(=O)c2c(-c3ccccc3)nc(-c3ccc[n+](Cc4ccccc4)c3)n2c2ccccc21.[Cl-],9.945621350725514,reg,O=c1[nH]c2ccccc2n2c(-c3ccc[n+](Cc4ccccc4)c3)nc(-c3ccccc3)c12
CCN(CC)c1ccc(N(c2ccc([N+](C)(CC)CC)cc2)c2ccc([N+](C)(CC)CC)cc2)cc1.[I-].[I-],5.9828921423310435,reg,c1ccc(N(c2ccccc2)c2ccccc2)cc1
CCOC(=O)C(C)[n+]1ccccc1.[Cl-],15.856891883029679,reg,c1cc[nH+]cc1
CCOC(=O)C[n+]1ccccc1.[Cl-],15.953909415725004,reg,c1cc[nH+]cc1
CCOc1ccc(Nc2c3ccccc3[n+](C)c3c2[nH]c2ccccc23)cc1.[I-],3.013439068670178,reg,c1ccc(Nc2c3ccccc3[nH+]c3c2[nH]c2ccccc23)cc1
CCOc1ccc(Nc2c3ccccc3[n+](C)c3c2oc2ccccc23)cc1.[I-],4.0105761157441115,reg,c1ccc(Nc2c3ccccc3[nH+]c3c2oc2ccccc23)cc1
CCOc1ccccc1Nc1c2ccccc2[n+](C)c2c1[nH]c1ccccc12.[I-],3.5984015693913336,reg,c1ccc(Nc2c3ccccc3[nH+]c3c2[nH]c2ccccc23)cc1
CCOc1ccccc1Nc1c2ccccc2[n+](C)c2c1oc1ccccc12.[I-],4.0105761157441115,reg,c1ccc(Nc2c3ccccc3[nH+]c3c2oc2ccccc23)cc1
CC[N+](C)(C)CCCCOc1cc(/C=C/c2ccc(/C=C/c3cc(OCCCC[N+](C)(C)CC)cc(OCCCC[N+](C)(C)CC)c3)cc2)cc(OCCCC[N+](C)(C)CC)c1.[I-].[I-].[I-].[I-],1.5490353050359038,reg,C(=Cc1ccc(C=Cc2ccccc2)cc1)c1ccccc1
CC[N+](C)(CC)CC(=O)N/N=C/c1c(C(C)(C)C)cc(C(C)(C)C)c(O)c1O.[Br-],1.0,reg,c1ccccc1
CC[N+](C)(CC)CC(=O)N/N=C/c1cc(C(C)(C)C)cc(C(C)(C)C)c1O.[Br-],4.095924419998536,reg,c1ccccc1
CC[N+](C)(CC)CC(=O)N/N=C1\C(=O)N(Cc2cc(C(C)(C)C)c(O)c(C(C)(C)C)c2)c2c(Br)cccc21.[Br-],5.049976321162028,reg,N=C1C(=O)N(Cc2ccccc2)c2ccccc21
CC[N+](C)(CC)CC(=O)N/N=C1\C(=O)N(Cc2cc(C(C)(C)C)c(O)c(C(C)(C)C)c2)c2c1ccc1ccccc21.[Br-],4.614709844115208,reg,N=C1C(=O)N(Cc2ccccc2)c2c1ccc1ccccc21
CC[N+](C)(CC)CC(=O)N/N=C1\C(=O)N(Cc2cc(C(C)(C)C)c(O)c(C(C)(C)C)c2)c2cc(Br)ccc21.[Br-],3.0545757895852605,reg,N=C1C(=O)N(Cc2ccccc2)c2ccccc21
CC[N+](C)(CC)CC(=O)N/N=C1\C(=O)N(Cc2cc(C(C)(C)C)c(O)c(C(C)(C)C)c2)c2cc(C)ccc21.[Br-],3.200439718141092,reg,N=C1C(=O)N(Cc2ccccc2)c2ccccc21
CC[N+](C)(CC)CC(=O)N/N=C1\C(=O)N(Cc2cc(C(C)(C)C)c(O)c(C(C)(C)C)c2)c2cc(Cl)ccc21.[Br-],5.146735824419067,reg,N=C1C(=O)N(Cc2ccccc2)c2ccccc21
CC[N+](C)(CC)CC(=O)N/N=C1\C(=O)N(Cc2cc(C(C)(C)C)c(O)c(C(C)(C)C)c2)c2cc(OC)ccc21.[Br-],4.158208654209751,reg,N=C1C(=O)N(Cc2ccccc2)c2ccccc21
CC[N+](C)(CC)CC(=O)N/N=C1\C(=O)N(Cc2cc(C(C)(C)C)c(O)c(C(C)(C)C)c2)c2ccc(Br)cc21.[Br-],3.5545757895852605,reg,N=C1C(=O)N(Cc2ccccc2)c2ccccc21
CC[N+](C)(CC)c1ccc(N(c2ccc([N+](C)(CC)CC)cc2)c2ccc([N+](C)(CC)CC)cc2)cc1.[I-].[I-].[I-],8.965784284662087,reg,c1ccc(N(c2ccccc2)c2ccccc2)cc1
CC[N+](CC)(CC)CCO.[Br-],12.110381349504546,reg,acyclic
CC[N+](CC)(CC)Cc1[nH+]c(C)c(O)c(CO)c1CO.[Br-].[Br-],11.13647700409725,reg,c1cc[nH+]cc1
CC[N+](CC)(CC)Cc1nc(C)c2c(c1CO)COC(C)(C)O2.[Br-],11.275640779551415,reg,c1cc2c(cn1)OCOC2
CC[N+](CC)(CCO)CCCCCCCCCCCCSc1nnc(-c2ccccc2)o1.[Br-],5.525820791006721,reg,c1ccc(-c2nnco2)cc1
CC[N+](CC)(CCO)CCCCCCCCCCSc1nnc(-c2ccccc2)o1.[Br-],5.6024057211362095,reg,c1ccc(-c2nnco2)cc1
CC[N+](CC)(CCO)CCCCCCCCSc1nnc(-c2ccccc2)o1.[Br-],6.683285171726116,reg,c1ccc(-c2nnco2)cc1
CC[N+](CC)(CCO)CCCCCCSc1nnc(-c2ccccc2)o1.[Br-],7.768969537646966,reg,c1ccc(-c2nnco2)cc1
CC[N+](CC)(CCO)CCCCSc1nnc(-c2ccccc2)o1.[Br-],7.860065983488851,reg,c1ccc(-c2nnco2)cc1
CC[N+](CC)(CCO)CCCSc1nnc(-c2ccccc2)o1.[Br-],8.907866187243297,reg,c1ccc(-c2nnco2)cc1
CC[N+](CC)(CCO)CCSc1nnc(-c2ccccc2)o1.[Br-],8.957304566879747,reg,c1ccc(-c2nnco2)cc1
CC[N+]1(CC)Cc2[nH+]c(C)c(O)c(CO)c2C1.[Cl-].[Cl-],11.658999432463396,reg,c1c[nH+]c2c(c1)C[NH2+]C2
CC[N+]1(CC)Cc2nc(C)c3c(c2C1)COC(C)(C)O3.[Cl-],11.642282779242853,reg,c1nc2c(c3c1OCOC3)C[NH2+]C2
CC[n+]1nn(CCCCCCn2n[n+](CC)c3c2C(=O)c2ccccc2C3=O)c2c1C(=O)c1ccccc1C2=O.O=S(=O)([O-])C(F)(F)F.O=S(=O)([O-])C(F)(F)F,8.222922630314018,reg,O=C1c2ccccc2C(=O)c2c1[nH+]nn2CCCCCCn1n[nH+]c2c1C(=O)c1ccccc1C2=O
CCc1ccc(Nc2c3ccccc3[n+](C)c3c2[nH]c2ccccc23)cc1.[I-],3.6457660186401704,reg,c1ccc(Nc2c3ccccc3[nH+]c3c2[nH]c2ccccc23)cc1
CCc1ccc(Nc2c3ccccc3[n+](C)c3c2oc2ccccc23)cc1.[I-],4.057845110690004,reg,c1ccc(Nc2c3ccccc3[nH+]c3c2oc2ccccc23)cc1
CCc1ccc2c(c1)/C(=N/NC(=O)C[n+]1ccccc1)C(=O)N2Cc1cc(C(C)(C)C)c(C)c(C(C)(C)C)c1.[Cl-],4.807354922057604,reg,O=C(C[n+]1ccccc1)NN=C1C(=O)N(Cc2ccccc2)c2ccccc21
CCn1cc(C(=O)O)c(=O)c2cc(F)c(N3CC[N+](C)(C)C(C)C3)c(F)c21.[I-],5.436337440135302,reg,O=c1cc[nH]c2cc(N3CC[NH2+]CC3)ccc12
CCn1cc(C(=O)O)c(=O)c2cc(F)c(N3CC[N+](C)(C)CC3)cc21.[I-],5.143856189774724,reg,O=c1cc[nH]c2cc(N3CC[NH2+]CC3)ccc12
CCn1cc(C(=O)O)c(=O)c2cc(F)c(N3CC[N+](C)(C)CC3)nc21.[I-],5.643856189774724,reg,O=c1cc[nH]c2nc(N3CC[NH2+]CC3)ccc12
CCn1cc(C(=O)O)c(=O)c2cc(F)c(N3CC[N+]4(CC3)CN3C(=N4)C(C(=O)O)=Cc4ccccc43)cc21.[Cl-],6.352099410889286,reg,O=c1cc[nH]c2cc(N3CC[N+]4(CC3)CN3C(=N4)C=Cc4ccccc43)ccc12
CCn1cc(C(=O)O)c(=O)c2cc(F)c(N3CC[N+]4(CC3)CN3C(=N4)C(C(=O)O)=Cc4ccccc43)nc21.[Cl-],2.8495287074497244,reg,O=c1cc[nH]c2nc(N3CC[N+]4(CC3)CN3C(=N4)C=Cc4ccccc43)ccc12
CCn1cc(C(=O)O)c(=O)c2cc(F)c(N3CC[N+]4(CC3)CN3C(C)=CC(C)=C(C(=O)O)C3=N4)cc21.[Cl-],6.910577782477101,reg,O=c1cc[nH]c2cc(N3CC[N+]4(CC3)CN3C=CC=CC3=N4)ccc12
CCn1cc(C(=O)O)c(=O)c2cc(F)c(N3CC[N+]4(CC3)CN3C(C)=CC(C)=C(C(=O)O)C3=N4)nc21.[Cl-],7.407900835762461,reg,O=c1cc[nH]c2nc(N3CC[N+]4(CC3)CN3C=CC=CC3=N4)ccc12
CCn1cc(C(=O)O)c(=O)c2cc(F)c(N3CC[N+]4(CN5C(=N4)C(C(=O)O)=Cc4ccccc45)C(C)C3)c(F)c21.[Cl-],1.7710397399770041,reg,O=c1cc[nH]c2cc(N3CC[N+]4(CC3)CN3C(=N4)C=Cc4ccccc43)ccc12
CCn1cc(C(=O)O)c(=O)c2cnc(N3CC[N+](C)(C)CC3)nc21.[I-],5.643856189774724,reg,O=c1cc[nH]c2nc(N3CC[NH2+]CC3)ncc12
CCn1cc(C(=O)O)c(=O)c2cnc(N3CC[N+]4(CC3)CN3C(=N4)C(C(=O)O)=Cc4ccccc43)nc21.[Cl-],8.394418462550108,reg,O=c1cc[nH]c2nc(N3CC[N+]4(CC3)CN3C(=N4)C=Cc4ccccc43)ncc12
CCn1cc(C(=O)O)c(=O)c2cnc(N3CC[N+]4(CC3)CN3C(C)=CC(C)=C(C(=O)O)C3=N4)nc21.[Cl-],9.954674462684284,reg,O=c1cc[nH]c2nc(N3CC[N+]4(CC3)CN3C=CC=CC3=N4)ncc12
CN(C)c1cc[n+]([C@H]2COC3C2OC[C@@H]3[n+]2ccc(N(C)C)cc2)cc1.O=S(=O)([O-])C(F)(F)F.O=S(=O)([O-])C(F)(F)F,12.611296861142323,reg,c1cc[n+](C2COC3C2OCC3[n+]2ccccc2)cc1
CNC(=O)C[N+](C)(C)CCCOc1cc(/C=C/c2ccc(/C=C/c3cc(OCCC[N+](C)(C)CC(=O)NC)cc(OCCC[N+](C)(C)CC(=O)NC)c3)cc2)cc(OCCC[N+](C)(C)CC(=O)NC)c1.[Br-].[Br-].[Br-].[Br-],3.6271080620546097,reg,C(=Cc1ccc(C=Cc2ccccc2)cc1)c1ccccc1
COC(=O)CCCCCCCCCC[N+](C)(C1CCCCC1)C1CCCCC1.[Cl-],5.1806730651872,reg,C1CCC([NH2+]C2CCCCC2)CC1
COCCc1sc[n+](CCCCCCCCCCCC[n+]2csc(CCOC)c2C)c1C.[I-].[I-],7.941031029040353,reg,c1c[n+](CCCCCCCCCCCC[n+]2ccsc2)cs1
COCCc1sc[n+](CCCCCCCCCCC[n+]2csc(CCOC)c2C)c1C.[I-].[I-],8.468768774750492,reg,c1c[n+](CCCCCCCCCCC[n+]2ccsc2)cs1
COCCc1sc[n+](CCCCCCCCCC[n+]2csc(CCOC)c2C)c1C.[I-].[I-],8.497050287526028,reg,c1c[n+](CCCCCCCCCC[n+]2ccsc2)cs1
COc1c(N2CC3CCC[N+](C)(C)C3C2)c(F)cc2c(=O)c(C(=O)O)cn(C3CC3)c12.[I-],5.643856189774724,reg,O=c1ccn(C2CC2)c2cc(N3CC4CCC[NH2+]C4C3)ccc12
COc1c(N2CC[N+](C)(C)C(C)C2)c(F)cc2c(=O)c(C(=O)O)cn(C3CC3)c12.[I-],4.143856189774724,reg,O=c1ccn(C2CC2)c2cc(N3CC[NH2+]CC3)ccc12
COc1c(N2CC[N+]3(CN4C(=N3)C(C(=O)O)=Cc3ccccc34)C(C)C2)c(F)cc2c(=O)c(C(=O)O)cn(C3CC3)c12.[Cl-],5.713019522530169,reg,O=c1ccn(C2CC2)c2cc(N3CC[N+]4(CC3)CN3C(=N4)C=Cc4ccccc43)ccc12
COc1c(N2CC[N+]3(CN4C(C)=CC(C)=C(C(=O)O)C4=N3)C(C)C2)c(F)cc2c(=O)c(C(=O)O)cn(C3CC3)c12.[Cl-],3.7660236142617283,reg,O=c1ccn(C2CC2)c2cc(N3CC[N+]4(CC3)CN3C=CC=CC3=N4)ccc12
COc1c2c(cc(F)c1N1C[C@@H]3CCC[N+]4(CN5C(C)=CC(C)=C(C(=O)O)C5=N4)[C@@H]3C1)CC(C(=O)O)=CC2C1CC1.[Cl-],2.7391240370907357,reg,C1=CC2=N[N+]3(CCCC4CN(c5ccc6c(c5)C(C5CC5)C=CC6)CC43)CN2C=C1
COc1cc2c(cc1OC)C[N+]1(CCc3cc(OC)c(OC)cc3[C@@]1(C)CO)C2.[Br-],8.286513637454897,reg,c1ccc2c(c1)CC[N+]1(C2)Cc2ccccc2C1
COc1cc2c(cc1OC)C[N+]1(CCc3cc(OC)c(OC)cc3[C@]1(CO)C1CCCCC1)C2.[Br-],7.510245320214759,reg,c1ccc2c(c1)C[N+]1(CCc3ccccc3C1C1CCCCC1)C2
COc1cc2c(cc1OC)C[N+]1(CCc3cc(OC)c(OC)cc3[C@]1(CO)c1ccc(Br)cc1)C2.[Br-],7.330340982650954,reg,c1ccc(C2c3ccccc3CC[N+]23Cc2ccccc2C3)cc1
COc1cc2c(cc1OC)[C@@](C)(CO)[N+]1(CC2)Cc2cc(OC[O])c(OC[O])cc2C1.[Br-],7.614209661899411,reg,c1ccc2c(c1)CC[N+]1(C2)Cc2ccccc2C1
COc1cc2c(cc1OC)[C@@](C)(CO)[N+]1(CC2)Cc2ccccc2C1.[Br-],8.479166008703093,reg,c1ccc2c(c1)CC[N+]1(C2)Cc2ccccc2C1
COc1cc2c(cc1OC)[C@](CO)(C1CCCCC1)[N+]1(CC2)Cc2cc(OC[O])c(OC[O])cc2C1.[Br-],7.433467325329321,reg,c1ccc2c(c1)C[N+]1(CCc3ccccc3C1C1CCCCC1)C2
COc1cc2c(cc1OC)[C@](CO)(C1CCCCC1)[N+]1(CC2)Cc2ccccc2C1.[Br-],7.677526138719165,reg,c1ccc2c(c1)C[N+]1(CCc3ccccc3C1C1CCCCC1)C2
COc1cc2c(cc1OC)[C@](CO)(c1ccc(Br)cc1)[N+]1(CC2)Cc2cc(OC[O])c(OC[O])cc2C1.[Br-],6.262355737075402,reg,c1ccc(C2c3ccccc3CC[N+]23Cc2ccccc2C3)cc1
COc1cc2c(cc1OC)[C@](CO)(c1ccc(Br)cc1)[N+]1(CC2)Cc2ccccc2C1.[Br-],7.476976241968878,reg,c1ccc(C2c3ccccc3CC[N+]23Cc2ccccc2C3)cc1
COc1ccc(Nc2c3ccccc3[n+](C)c3c2[nH]c2ccccc23)cc1.[I-],3.0548807684787556,reg,c1ccc(Nc2c3ccccc3[nH+]c3c2[nH]c2ccccc23)cc1
COc1ccc(Nc2c3ccccc3[n+](C)c3c2oc2ccccc23)cc1.[I-],3.636896969965894,reg,c1ccc(Nc2c3ccccc3[nH+]c3c2oc2ccccc23)cc1
COc1ccc([C@@]2(CO)c3cc(OC)c(OC)cc3CC[N+]23Cc2cc(OC)c(OC)cc2C3)cc1.[Br-],7.44851867145307,reg,c1ccc(C2c3ccccc3CC[N+]23Cc2ccccc2C3)cc1
COc1ccc([C@@]2(CO)c3cc(OC)c(OC)cc3CC[N+]23Cc2cc(OC[O])c(OC[O])cc2C3)cc1.[Br-],7.374875723602285,reg,c1ccc(C2c3ccccc3CC[N+]23Cc2ccccc2C3)cc1
COc1ccc([C@@]2(CO)c3cc(OC)c(OC)cc3CC[N+]23Cc2ccccc2C3)cc1.[Br-],6.608389929481182,reg,c1ccc(C2c3ccccc3CC[N+]23Cc2ccccc2C3)cc1
COc1ccc2cc3[n+](cc2c1OC)CCc1cc2c(cc1-3)OCO2,9.156854421738592,reg,c1ccc2c[n+]3c(cc2c1)-c1cc2c(cc1CC3)OCO2
COc1cccc(Nc2c3ccccc3[n+](C)c3c2[nH]c2ccccc23)c1.[I-],4.054880768478755,reg,c1ccc(Nc2c3ccccc3[nH+]c3c2[nH]c2ccccc23)cc1
COc1cccc(Nc2c3ccccc3[n+](C)c3c2oc2ccccc23)c1.[I-],4.051934469244737,reg,c1ccc(Nc2c3ccccc3[nH+]c3c2oc2ccccc23)cc1
COc1ccccc1Nc1c2ccccc2[n+](C)c2c1[nH]c1ccccc12.[I-],4.054880768478755,reg,c1ccc(Nc2c3ccccc3[nH+]c3c2[nH]c2ccccc23)cc1
COc1ccccc1Nc1c2ccccc2[n+](C)c2c1oc1ccccc12.[I-],4.051934469244737,reg,c1ccc(Nc2c3ccccc3[nH+]c3c2oc2ccccc23)cc1
C[C@@H]1CN(c2c(F)c(N)c3c(=O)c(C(=O)O)cn(C4CC4)c3c2F)C[C@H](C)[N+]12CN1C(=N2)C(C(=O)O)=Cc2ccccc21.[Cl-],5.173352210534044,reg,O=c1ccn(C2CC2)c2cc(N3CC[N+]4(CC3)CN3C(=N4)C=Cc4ccccc43)ccc12
C[N+](C)(C)CC(=O)N/N=C1\C(=O)Nc2cc(Br)ccc21.[Cl-],6.388010857626407,reg,N=C1C(=O)Nc2ccccc21
C[N+](C)(C)CC(=O)N/N=C1\C(=O)Nc2ccc(Br)cc21.[Cl-],8.173663617923335,reg,N=C1C(=O)Nc2ccccc21
C[N+](C)(C)CC(=O)N/N=C1\C(=O)Nc2ccc(Cl)cc21.[Cl-],6.569855608330948,reg,N=C1C(=O)Nc2ccccc21
C[N+](C)(C)CCCCC[N+](C)(C)C.[I-].[I-],8.965784284662087,reg,acyclic
C[N+](C)(C)CCCCOc1cc(/C=C/c2ccc(/C=C/c3cc(OCCCC[N+](C)(C)C)cc(OCCCC[N+](C)(C)C)c3)cc2)cc(OCCCC[N+](C)(C)C)c1.[I-].[I-].[I-].[I-],2.6095017942927363,reg,C(=Cc1ccc(C=Cc2ccccc2)cc1)c1ccccc1
C[N+](C)(C)CCO.[Br-],13.407403003045555,reg,acyclic
C[N+](C)(C)CC[N+](C)(C)C,8.965784284662087,reg,acyclic
C[N+](C)(C)Cc1cccc(-c2ccc3c(-c4cccc(-c5ccccc5)c4)cccc3c2)c1.[I-],1.8481333919616794,reg,c1ccc(-c2cccc(-c3cccc4cc(-c5ccccc5)ccc34)c2)cc1
C[N+](C)(C)[C@H]1COC2C1OC[C@@H]2[N+](C)(C)C.O=S(=O)([O-])C(F)(F)F.O=S(=O)([O-])C(F)(F)F,12.920051921457077,reg,C1CC2OCCC2O1
C[N+](C)(C)c1ccc(C(c2ccc([N+](C)(C)C)cc2)c2ccc([N+](C)(C)C)cc2)cc1.[I-].[I-].[I-],8.965784284662087,reg,c1ccc(C(c2ccccc2)c2ccccc2)cc1
C[N+](C)(CCNc1c([N+](=O)[O-])c(Cl)cc2c1no[n+]2[O-])Cc1ccc(CBr)cc1.[Br-],9.787802728348716,reg,c1ccc(C[NH2+]CCNc2cccc3[nH+]onc23)cc1
C[N+](C)(CCNc1c([N+](=O)[O-])c(Cl)cc2c1no[n+]2[O-])Cc1cccc(CBr)c1.[Br-],9.787802728348716,reg,c1ccc(C[NH2+]CCNc2cccc3[nH+]onc23)cc1
C[N+](C)(CCNc1c([N+](=O)[O-])c(Cl)cc2c1no[n+]2[O-])Cc1ccccc1.[Br-],10.046705112369956,reg,c1ccc(C[NH2+]CCNc2cccc3[nH+]onc23)cc1
C[N+](C)(CCNc1c([N+](=O)[O-])c(Cl)cc2c1no[n+]2[O-])Cc1ccccc1CBr.[Br-],9.787802728348716,reg,c1ccc(C[NH2+]CCNc2cccc3[nH+]onc23)cc1
C[N+](C)(CCNc1c([N+](=O)[O-])c(Cl)cc2no[n+]([O-])c12)Cc1ccc(CBr)cc1.[Br-],9.787802728348716,reg,c1ccc(C[NH2+]CCNc2cccc3no[nH+]c23)cc1
C[N+](C)(CCNc1c([N+](=O)[O-])c(Cl)cc2no[n+]([O-])c12)Cc1cccc(CBr)c1.[Br-],9.787802728348716,reg,c1ccc(C[NH2+]CCNc2cccc3no[nH+]c23)cc1
C[N+](C)(CCNc1c([N+](=O)[O-])c(Cl)cc2no[n+]([O-])c12)Cc1ccccc1CBr.[Br-],9.787802728348716,reg,c1ccc(C[NH2+]CCNc2cccc3no[nH+]c23)cc1
C[N+](C)(CCO)CCCCCCCCCCCCSc1nnc(-c2ccccc2)o1.[Br-],5.6024057211362095,reg,c1ccc(-c2nnco2)cc1
C[N+](C)(CCO)CCCCCCCCCCSc1nnc(-c2ccccc2)o1.[Br-],5.683285171726117,reg,c1ccc(-c2nnco2)cc1
C[N+](C)(CCO)CCCCCCCCSc1nnc(-c2ccccc2)o1.[Br-],6.768969537646966,reg,c1ccc(-c2nnco2)cc1
C[N+](C)(CCO)CCCCCCSc1nnc(-c2ccccc2)o1.[Br-],7.860065983488851,reg,c1ccc(-c2nnco2)cc1
C[N+](C)(CCO)CCCCSc1nnc(-c2ccccc2)o1.[Br-],7.957304566879747,reg,c1ccc(-c2nnco2)cc1
C[N+](C)(CCO)CCCSc1nnc(-c2ccccc2)o1.[Br-],9.008497404196262,reg,c1ccc(-c2nnco2)cc1
C[N+](C)(CCO)CCSc1nnc(-c2ccccc2)o1.[Br-],9.061573818980106,reg,c1ccc(-c2nnco2)cc1
C[N+](CCO)(CCCO)CCCCCCCCCCCCSc1nnc(-c2ccc(C(F)(F)F)cc2)o1.[Br-],3.3181842579823217,reg,c1ccc(-c2nnco2)cc1
C[N+](CCO)(CCCO)CCCCCCCCCCCCSc1nnc(-c2ccc(F)cc2)o1.[Br-],4.438170913222689,reg,c1ccc(-c2nnco2)cc1
C[N+](CCO)(CCCO)CCCCCCCCCCSc1nnc(-c2ccc(C(F)(F)F)cc2)o1.[Br-],4.8842643110980655,reg,c1ccc(-c2nnco2)cc1
C[N+](CCO)(CCCO)CCCCCCCCCCSc1nnc(-c2ccc(F)cc2)o1.[Br-],5.510126967464368,reg,c1ccc(-c2nnco2)cc1
C[N+](CCO)(CCCO)CCCCCCCCSc1nnc(-c2ccc(C(F)(F)F)cc2)o1.[Br-],4.953516937504886,reg,c1ccc(-c2nnco2)cc1
C[N+](CCO)(CCCO)CCCCCCCCSc1nnc(-c2ccc(F)cc2)o1.[Br-],5.585861175617484,reg,c1ccc(-c2nnco2)cc1
C[N+](CCO)(CCCO)CCCCCCSc1nnc(-c2ccc(C(F)(F)F)cc2)o1.[Br-],6.526262205780898,reg,c1ccc(-c2nnco2)cc1
C[N+](CCO)(CCCO)CCCCCCSc1nnc(-c2ccc(F)cc2)o1.[Br-],6.665792385967118,reg,c1ccc(-c2nnco2)cc1
C[N+](CCO)(CCO)CCCCCCCCCCCCSc1nc2ccccc2o1.[Br-],4.594019138377251,reg,c1ccc2ocnc2c1
C[N+](CCO)(CCO)CCCCCCCCCCCCSc1nc2ccccc2s1.[Br-],3.5499120671516247,reg,c1ccc2scnc2c1
C[N+](CCO)(CCO)CCCCCCCCCCCCSc1nnc(-c2ccccc2)o1.[Br-],4.0205873022803775,reg,c1ccc(-c2nnco2)cc1
C[N+](CCO)(CCO)CCCCCCCCCCSc1nc2ccccc2o1.[Br-],5.674416480376779,reg,c1ccc2ocnc2c1
C[N+](CCO)(CCO)CCCCCCCCCCSc1nc2ccccc2s1.[Br-],4.6278220627331885,reg,c1ccc2scnc2c1
C[N+](CCO)(CCO)CCCCCCCCCCSc1nnc(-c2ccccc2)o1.[Br-],4.596887453448159,reg,c1ccc(-c2nnco2)cc1
C[N+](CCO)(CCO)CCCCCCCCSc1nc2ccccc2o1,6.533866785072757,reg,c1ccc2ocnc2c1
C[N+](CCO)(CCO)CCCCCCCCSc1nc2ccccc2s1.[Br-],5.710180829241172,reg,c1ccc2scnc2c1
C[N+](CCO)(CCO)CCCCCCCCSc1nnc(-c2ccccc2)o1.[Br-],4.677449349192754,reg,c1ccc(-c2nnco2)cc1
C[N+](CCO)(CCO)CCCCCCSc1nc2ccccc2o1.[Br-],6.850045186373965,reg,c1ccc2ocnc2c1
C[N+](CCO)(CCO)CCCCCCSc1nc2ccccc2s1.[Br-],6.297527361453506,reg,c1ccc2scnc2c1
C[N+](CCO)(CCO)CCCCCCSc1nnc(-c2ccccc2)o1.[Br-],5.762777380494199,reg,c1ccc(-c2nnco2)cc1
C[N+](CCO)(CCO)CCCCSc1nnc(-c2ccccc2)o1.[Br-],5.853471146297513,reg,c1ccc(-c2nnco2)cc1
C[N+](CCO)(CCO)CCCSc1nnc(-c2ccccc2)o1.[Br-],5.901049710024573,reg,c1ccc(-c2nnco2)cc1
C[N+](CCO)(CCO)CCSc1nnc(-c2ccccc2)o1.[Br-],5.950251033697703,reg,c1ccc(-c2nnco2)cc1
C[N+]1(C)CCCN(c2cc3c(cc2F)c(=O)c(C(=O)O)cn3C2CC2)CC1.[I-],2.643856189774725,reg,O=c1ccn(C2CC2)c2cc(N3CCC[NH2+]CC3)ccc12
C[N+]1(C)CCN(c2cc3c(cc2F)c(=O)c(C(=O)O)cn3C2CC2)CC1.[I-],2.643856189774725,reg,O=c1ccn(C2CC2)c2cc(N3CC[NH2+]CC3)ccc12
C[N+]1(CCCCCCCCCCCC[N+]2(C)CCCC2)CCCC1.[Br-].[Br-],7.965784284662087,reg,C(CCCCCC[NH+]1CCCC1)CCCCC[NH+]1CCCC1
C[N+]1(CCCCCCCCCC[N+]2(C)CCCC2)CCCC1.[Br-].[Br-],7.965784284662087,reg,C(CCCCC[NH+]1CCCC1)CCCC[NH+]1CCCC1
C[N+]1(CCCCCCCC[N+]2(C)CCCC2)CCCC1.[Br-].[Br-],7.965784284662087,reg,C(CCCC[NH+]1CCCC1)CCC[NH+]1CCCC1
C[n+]1c2ccccc2c(Nc2ccc(Cl)cc2)c2[nH]c3ccccc3c21.[I-],3.6266587796912897,reg,c1ccc(Nc2c3ccccc3[nH+]c3c2[nH]c2ccccc23)cc1
C[n+]1c2ccccc2c(Nc2ccc(Cl)cc2)c2oc3ccccc3c21.[I-],4.0387767555896765,reg,c1ccc(Nc2c3ccccc3[nH+]c3c2oc2ccccc23)cc1
C[n+]1c2ccccc2c(Nc2ccc(F)cc2)c2[nH]c3ccccc3c21.[I-],4.091414560382034,reg,c1ccc(Nc2c3ccccc3[nH+]c3c2[nH]c2ccccc23)cc1
C[n+]1c2ccccc2c(Nc2ccc(F)cc2)c2oc3ccccc3c21.[I-],4.08839277751334,reg,c1ccc(Nc2c3ccccc3[nH+]c3c2oc2ccccc23)cc1
C[n+]1c2ccccc2c(Nc2ccc(F)cc2F)c2[nH]c3ccccc3c21.[I-],4.0371445179045855,reg,c1ccc(Nc2c3ccccc3[nH+]c3c2[nH]c2ccccc23)cc1
C[n+]1c2ccccc2c(Nc2ccc(F)cc2F)c2oc3ccccc3c21.[I-],4.034234181952623,reg,c1ccc(Nc2c3ccccc3[nH+]c3c2oc2ccccc23)cc1
C[n+]1c2ccccc2c(Nc2ccc(OC(F)(F)F)cc2)c2[nH]c3ccccc3c21.[I-],2.90156157655305,reg,c1ccc(Nc2c3ccccc3[nH+]c3c2[nH]c2ccccc23)cc1
C[n+]1c2ccccc2c(Nc2ccc(OC(F)(F)F)cc2)c2oc3ccccc3c21.[I-],3.4838745532563626,reg,c1ccc(Nc2c3ccccc3[nH+]c3c2oc2ccccc23)cc1
C[n+]1c2ccccc2c(Nc2cccc(F)c2)c2[nH]c3ccccc3c21.[I-],3.67637706110319,reg,c1ccc(Nc2c3ccccc3[nH+]c3c2[nH]c2ccccc23)cc1
C[n+]1c2ccccc2c(Nc2cccc(F)c2)c2oc3ccccc3c21.[I-],4.673355278234496,reg,c1ccc(Nc2c3ccccc3[nH+]c3c2oc2ccccc23)cc1
C[n+]1c2ccccc2c(Nc2ccccc2)c2[nH]c3ccccc3c21.[I-],4.1478061524724605,reg,c1ccc(Nc2c3ccccc3[nH+]c3c2[nH]c2ccccc23)cc1
C[n+]1c2ccccc2c(Nc2ccccc2)c2oc3ccccc3c21.[I-],4.729626548158044,reg,c1ccc(Nc2c3ccccc3[nH+]c3c2oc2ccccc23)cc1
C[n+]1ccc(-c2cc[n+](C)cc2)cc1.[I-].[I-],7.965784284662087,reg,c1cc(-c2cc[nH+]cc2)cc[nH+]1
C[n+]1cccc([C@@H]2CCC[N+]2(C)C)c1.[Br-].[I-],8.965784284662087,reg,c1c[nH+]cc(C2CCC[NH2+]2)c1
C[n+]1nn(CCCCCCn2n[n+](C)c3c2C(=O)c2ccccc2C3=O)c2c1C(=O)c1ccccc1C2=O.O=S(=O)([O-])C(F)(F)F.O=S(=O)([O-])C(F)(F)F,8.272122039910101,reg,O=C1c2ccccc2C(=O)c2c1[nH+]nn2CCCCCCn1n[nH+]c2c1C(=O)c1ccccc1C2=O
Cc1[nH+]c2c(c(CO)c1O)C[N+](C)(C)C2.[Cl-].[Cl-],11.796203006181253,reg,c1c[nH+]c2c(c1)C[NH2+]C2
Cc1[nH+]c2c(c(CO)c1O)C[N+](Cc1ccccc1)(Cc1ccccc1)C2.[Cl-].[Cl-],11.172083132278175,reg,c1ccc(C[N+]2(Cc3ccccc3)Cc3ccc[nH+]c3C2)cc1
Cc1[nH+]c2c(c(CO)c1O)C[N+]1(CCCCC1)C2.[Cl-].[Cl-],11.604024907029903,reg,c1c[nH+]c2c(c1)C[N+]1(CCCCC1)C2
Cc1[nH+]c2c(c(CO)c1O)C[N+]1(CCOCC1)C2.[Cl-].[Cl-],11.595195908538647,reg,c1c[nH+]c2c(c1)C[N+]1(CCOCC1)C2
Cc1[nH+]cc(C[N+](C)(C)CCCCCC[N+](C)(C)Cc2c[nH+]c(C)c(O)c2CO)c(CO)c1O.[Cl-].[Cl-].[Cl-].[Cl-],6.6885201352435155,reg,c1c[nH+]cc(C[NH2+]CCCCCC[NH2+]Cc2ccc[nH+]c2)c1
Cc1[nH+]cc(C[N+](C)(C)CCCC[N+](C)(C)Cc2c[nH+]c(C)c(O)c2CO)c(CO)c1O.[Cl-].[Cl-].[Cl-].[Cl-],6.755268784707199,reg,c1c[nH+]cc(C[NH2+]CCCC[NH2+]Cc2ccc[nH+]c2)c1
Cc1[nH+]cc(C[N+](C)(C)CCC[N+](C)(C)Cc2c[nH+]c(C)c(O)c2CO)c(CO)c1O.[Cl-].[Cl-].[Cl-].[Cl-],6.789838094198694,reg,c1c[nH+]cc(C[NH2+]CCC[NH2+]Cc2ccc[nH+]c2)c1
Cc1[nH+]cc(C[N+](C)(C)CC[N+](C)(C)Cc2c[nH+]c(C)c(O)c2CO)c(CO)c1O.[Cl-].[Cl-].[Cl-].[Cl-],6.825256118512855,reg,c1c[nH+]cc(C[NH2+]CC[NH2+]Cc2ccc[nH+]c2)c1
Cc1c(C(C)(C)C)cc(CN2C(=O)/C(=N\NC(=O)C[n+]3ccccc3)c3cc(Cl)ccc32)cc1C(C)(C)C.[Cl-],5.768123607844064,reg,O=C(C[n+]1ccccc1)NN=C1C(=O)N(Cc2ccccc2)c2ccccc21
Cc1c(C(C)(C)C)cc(CN2C(=O)/C(=N\NC(=O)C[n+]3ccccc3)c3cc(F)ccc32)cc1C(C)(C)C.[Cl-],5.832890014164741,reg,O=C(C[n+]1ccccc1)NN=C1C(=O)N(Cc2ccccc2)c2ccccc21
Cc1c(C(C)(C)C)cc(CN2C(=O)/C(=N\NC(=O)C[n+]3ccccc3)c3ccc(Br)cc32)cc1C(C)(C)C.[Cl-],6.672425341971495,reg,O=C(C[n+]1ccccc1)NN=C1C(=O)N(Cc2ccccc2)c2ccccc21
Cc1c(C(C)(C)C)cc(CN2C(=O)/C(=N\NC(=O)C[n+]3ccccc3)c3ccccc32)cc1C(C)(C)C.[Cl-],5.882643049361842,reg,O=C(C[n+]1ccccc1)NN=C1C(=O)N(Cc2ccccc2)c2ccccc21
Cc1c(CCO)sc[n+]1CCCCCCCCCCCCCCCC[n+]1csc(CCO)c1C.[I-].[I-],7.887105913984769,reg,c1c[n+](CCCCCCCCCCCCCCCC[n+]2ccsc2)cs1
Cc1c(CCO)sc[n+]1CCCCCCCCCCCCCC[n+]1csc(CCO)c1C.[I-].[I-],8.441031029040353,reg,c1c[n+](CCCCCCCCCCCCCC[n+]2ccsc2)cs1
Cc1c(CCO)sc[n+]1CCCCCCCCCCCC[n+]1csc(CCO)c1C.[I-].[I-],6.497050287526028,reg,c1c[n+](CCCCCCCCCCCC[n+]2ccsc2)cs1
Cc1c(CCO)sc[n+]1CCCCCCCCCCC[n+]1csc(CCO)c1C.[I-].[I-],8.52589731427473,reg,c1c[n+](CCCCCCCCCCC[n+]2ccsc2)cs1
Cc1c(CCO)sc[n+]1CCCCCCCCCC[n+]1csc(CCO)c1C.[I-].[I-],7.055332933158092,reg,c1c[n+](CCCCCCCCCC[n+]2ccsc2)cs1
Cc1c(CCO)sc[n+]1CCCCCCCCC[n+]1csc(CCO)c1C.[I-].[I-],8.585381664517024,reg,c1c[n+](CCCCCCCCC[n+]2ccsc2)cs1
Cc1c(CCO)sc[n+]1CCCCCCCC[n+]1csc(CCO)c1C.[I-].[I-],8.616069593597274,reg,c1c[n+](CCCCCCCC[n+]2ccsc2)cs1
Cc1c(CCO)sc[n+]1CCCCCCC[n+]1csc(CCO)c1C.[I-].[I-],8.647424506613632,reg,c1c[n+](CCCCCCC[n+]2ccsc2)cs1
Cc1c(CCO)sc[n+]1CCCCCC[n+]1csc(CCO)c1C.[I-].[I-],7.67947604193135,reg,c1c[n+](CCCCCC[n+]2ccsc2)cs1
Cc1c(CCO)sc[n+]1CCCCC[n+]1csc(CCO)c1C.[I-].[I-],8.712255858426165,reg,c1c[n+](CCCCC[n+]2ccsc2)cs1
Cc1c(CCO)sc[n+]1CCCC[n+]1csc(CCO)c1C.[I-].[I-],8.745797823419908,reg,c1c[n+](CCCC[n+]2ccsc2)cs1
Cc1cc(C)cc(Nc2c3ccccc3[n+](C)c3c2[nH]c2ccccc23)c1.[I-],4.060803517919014,reg,c1ccc(Nc2c3ccccc3[nH+]c3c2[nH]c2ccccc23)cc1
Cc1cc(C)cc(Nc2c3ccccc3[n+](C)c3c2oc2ccccc23)c1.[I-],4.057845110690004,reg,c1ccc(Nc2c3ccccc3[nH+]c3c2oc2ccccc23)cc1
Cc1cc(F)ccc1Nc1c2ccccc2[n+](C)c2c1[nH]c1ccccc12.[I-],4.048925519962332,reg,c1ccc(Nc2c3ccccc3[nH+]c3c2[nH]c2ccccc23)cc1
Cc1cc(F)ccc1Nc1c2ccccc2[n+](C)c2c1oc1ccccc12.[I-],4.045991345249474,reg,c1ccc(Nc2c3ccccc3[nH+]c3c2oc2ccccc23)cc1
Cc1ccc(Nc2c3ccccc3[n+](C)c3c2[nH]c2ccccc23)cc1.[I-],3.6886115916789195,reg,c1ccc(Nc2c3ccccc3[nH+]c3c2[nH]c2ccccc23)cc1
Cc1ccc(Nc2c3ccccc3[n+](C)c3c2[nH]c2ccccc23)cc1C.[I-],4.060803517919014,reg,c1ccc(Nc2c3ccccc3[nH+]c3c2[nH]c2ccccc23)cc1
Cc1ccc(Nc2c3ccccc3[n+](C)c3c2[nH]c2ccccc23)cc1F.[I-],4.048925519962332,reg,c1ccc(Nc2c3ccccc3[nH+]c3c2[nH]c2ccccc23)cc1
Cc1ccc(Nc2c3ccccc3[n+](C)c3c2oc2ccccc23)cc1.[I-],4.100601600568349,reg,c1ccc(Nc2c3ccccc3[nH+]c3c2oc2ccccc23)cc1
Cc1ccc(Nc2c3ccccc3[n+](C)c3c2oc2ccccc23)cc1C.[I-],4.057845110690004,reg,c1ccc(Nc2c3ccccc3[nH+]c3c2oc2ccccc23)cc1
Cc1ccc(Nc2c3ccccc3[n+](C)c3c2oc2ccccc23)cc1F.[I-],4.045991345249474,reg,c1ccc(Nc2c3ccccc3[nH+]c3c2oc2ccccc23)cc1
Cc1ccc2c(c1)/C(=N/NC(=O)C[N+](C)(C)C)C(=O)N2.[Cl-],7.643856189774724,reg,N=C1C(=O)Nc2ccccc21
Cc1ccc2c(c1)/C(=N/NC(=O)C[n+]1ccccc1)C(=O)N2Cc1cc(C(C)(C)C)c(C)c(C(C)(C)C)c1.[Cl-],3.807354922057604,reg,O=C(C[n+]1ccccc1)NN=C1C(=O)N(Cc2ccccc2)c2ccccc21
Cc1ccc[n+](CC(=O)N/N=C/c2c(C(C)(C)C)cc(C(C)(C)C)c(O)c2O)c1C.[Br-],2.9818526532897405,reg,O=C(C[n+]1ccccc1)NN=Cc1ccccc1
Cc1ccc[n+](CC(=O)N/N=C/c2cc(C(C)(C)C)cc(C(C)(C)C)c2O)c1C.[Br-],3.9902411777691302,reg,O=C(C[n+]1ccccc1)NN=Cc1ccccc1
Cc1ccccc1Nc1c2ccccc2[n+](C)c2c1[nH]c1ccccc12.[I-],4.103649090957763,reg,c1ccc(Nc2c3ccccc3[nH+]c3c2[nH]c2ccccc23)cc1
Cc1ccccc1Nc1c2ccccc2[n+](C)c2c1oc1ccccc12.[I-],4.685564101289504,reg,c1ccc(Nc2c3ccccc3[nH+]c3c2oc2ccccc23)cc1
Cc1nc(-c2ccc[n+](Cc3ccccc3)c2)n2c1c(=O)[nH]c1ccccc12.[Cl-],10.277344286717346,reg,O=c1[nH]c2ccccc2n2c(-c3ccc[n+](Cc4ccccc4)c3)ncc12
Cc1nc(C[N+](C)(C/C=C/C#CC(C)(C)C)Cc2cccc3ccccc23)c(CO)c2c1OC(C)(C)OC2.[Br-],4.574350515392663,reg,c1ccc2c(C[NH2+]Cc3cc4c(cn3)OCOC4)cccc2c1
Cc1nc2c(c3c1OC(C)(C)OC3)C[N+](C)(C)C2.[Cl-],11.777829088103255,reg,c1nc2c(c3c1OCOC3)C[NH2+]C2
Cc1nc2c(c3c1OC(C)(C)OC3)C[N+](Cc1ccccc1)(Cc1ccccc1)C2.[Cl-],11.160135224063287,reg,c1ccc(C[N+]2(Cc3ccccc3)Cc3ncc4c(c3C2)COCO4)cc1
Cc1nc2c(c3c1OC(C)(C)OC3)C[N+]1(CCCCC1)C2.[Cl-],11.587929792169648,reg,c1nc2c(c3c1OCOC3)C[N+]1(CCCCC1)C2
Cc1nc2c(c3c1OC(C)(C)OC3)C[N+]1(CCOCC1)C2.[Cl-],11.579198449279943,reg,c1nc2c(c3c1OCOC3)C[N+]1(CCOCC1)C2
Cc1ncc(C[N+](C)(C)CCCCCC[N+](C)(C)Cc2cnc(C)c3c2COC(C)(C)O3)c2c1OC(C)(C)OC2.[Cl-].[Cl-],6.671857482739793,reg,c1ncc2c(c1C[NH2+]CCCCCC[NH2+]Cc1cncc3c1COCO3)COCO2
Cc1ncc(C[N+](C)(C)CCCC[N+](C)(C)Cc2cnc(C)c3c2COC(C)(C)O3)c2c1OC(C)(C)OC2.[Cl-].[Cl-],6.737821847270682,reg,c1ncc2c(c1C[NH2+]CCCC[NH2+]Cc1cncc3c1COCO3)COCO2
Cc1ncc(C[N+](C)(C)CCC[N+](C)(C)Cc2cnc(C)c3c2COC(C)(C)O3)c2c1OC(C)(C)OC2.[Cl-].[Cl-],6.771970660357433,reg,c1ncc2c(c1C[NH2+]CCC[NH2+]Cc1cncc3c1COCO3)COCO2
Cc1ncc(C[N+](C)(C)CC[N+](C)(C)Cc2cnc(C)c3c2COC(C)(C)O3)c2c1OC(C)(C)OC2.[Cl-].[Cl-],6.806947418265754,reg,c1ncc2c(c1C[NH2+]CC[NH2+]Cc1cncc3c1COCO3)COCO2
Cc1nnc(SCCCCCCCCCCCC[N+](C)(CCO)CCCO)o1.[Br-],4.653827855193539,reg,c1nnco1
Cc1nnc(SCCCCCCCCCC[N+](C)(CCO)CCCO)o1.[Br-],5.737729078007245,reg,c1nnco1
Cc1nnc(SCCCCCCCC[N+](C)(CCO)CCCO)o1.[Br-],6.326812582361918,reg,c1nnco1
Cc1nnc(SCCCCCC[N+](C)(CCO)CCCO)o1.[Br-],6.92176094185232,reg,c1nnco1
Cn1c(=O)c2c(-c3ccccc3)nc(-c3ccc[n+](Cc4ccccc4)c3)n2c2ccccc21.[Cl-],10.02773792661706,reg,O=c1[nH]c2ccccc2n2c(-c3ccc[n+](Cc4ccccc4)c3)nc(-c3ccccc3)c12
Cn1cc[n+]([C@H]2COC3C2OC[C@@H]3[n+]2ccn(C)c2)c1.O=S(=O)([O-])C(F)(F)F.O=S(=O)([O-])C(F)(F)F,12.7996764498813,reg,c1c[n+](C2COC3C2OCC3[n+]2cc[nH]c2)c[nH]1
F[B-](F)(F)F.F[B-](F)(F)F.O=C(N/N=C/c1cc[n+](CCCCOc2ccccc2)cc1)c1cc[n+](CCCCOc2ccccc2)cc1,6.018136905523627,reg,O=C(NN=Cc1cc[n+](CCCCOc2ccccc2)cc1)c1cc[n+](CCCCOc2ccccc2)cc1
F[B-](F)(F)F.F[B-](F)(F)F.O=C(N/N=C/c1cc[n+](CCCOc2ccccc2)cc1)c1cc[n+](CCCOc2ccccc2)cc1,7.806114199382138,reg,O=C(NN=Cc1cc[n+](CCCOc2ccccc2)cc1)c1cc[n+](CCCOc2ccccc2)cc1
F[B-](F)(F)F.F[B-](F)(F)F.O=C(N/N=C/c1cc[n+](CCOc2ccccc2)cc1)c1cc[n+](CCOc2ccccc2)cc1,7.867802749566609,reg,O=C(NN=Cc1cc[n+](CCOc2ccccc2)cc1)c1cc[n+](CCOc2ccccc2)cc1
F[B-](F)(F)F.F[B-](F)(F)F.O=C(N/N=C/c1ccc[n+](CCCCOc2ccccc2)c1)c1cc[n+](CCCCOc2ccccc2)cc1,7.746955596019507,reg,O=C(NN=Cc1ccc[n+](CCCCOc2ccccc2)c1)c1cc[n+](CCCCOc2ccccc2)cc1
F[B-](F)(F)F.F[B-](F)(F)F.O=C(N/N=C/c1ccc[n+](CCCOc2ccccc2)c1)c1cc[n+](CCCOc2ccccc2)cc1,7.806114199382138,reg,O=C(NN=Cc1ccc[n+](CCCOc2ccccc2)c1)c1cc[n+](CCCOc2ccccc2)cc1
F[B-](F)(F)F.F[B-](F)(F)F.O=C(N/N=C/c1ccc[n+](CCOc2ccccc2)c1)c1cc[n+](CCOc2ccccc2)cc1,7.867802749566609,reg,O=C(NN=Cc1ccc[n+](CCOc2ccccc2)c1)c1cc[n+](CCOc2ccccc2)cc1
F[P-](F)(F)(F)(F)F.F[P-](F)(F)(F)(F)F.O=C(N/N=C/c1cc[n+](CCCCOc2ccccc2)cc1)c1cc[n+](CCCCOc2ccccc2)cc1,7.524674452692539,reg,O=C(NN=Cc1cc[n+](CCCCOc2ccccc2)cc1)c1cc[n+](CCCCOc2ccccc2)cc1
F[P-](F)(F)(F)(F)F.F[P-](F)(F)(F)(F)F.O=C(N/N=C/c1cc[n+](CCCOc2ccccc2)cc1)c1cc[n+](CCCOc2ccccc2)cc1,7.460826474617745,reg,O=C(NN=Cc1cc[n+](CCCOc2ccccc2)cc1)c1cc[n+](CCCOc2ccccc2)cc1
F[P-](F)(F)(F)(F)F.F[P-](F)(F)(F)(F)F.O=C(N/N=C/c1cc[n+](CCOc2ccccc2)cc1)c1cc[n+](CCOc2ccccc2)cc1,7.513224398818036,reg,O=C(NN=Cc1cc[n+](CCOc2ccccc2)cc1)c1cc[n+](CCOc2ccccc2)cc1
F[P-](F)(F)(F)(F)F.F[P-](F)(F)(F)(F)F.O=C(N/N=C/c1ccc[n+](CCCCOc2ccccc2)c1)c1cc[n+](CCCCOc2ccccc2)cc1,7.524674452692539,reg,O=C(NN=Cc1ccc[n+](CCCCOc2ccccc2)c1)c1cc[n+](CCCCOc2ccccc2)cc1
F[P-](F)(F)(F)(F)F.F[P-](F)(F)(F)(F)F.O=C(N/N=C/c1ccc[n+](CCCOc2ccccc2)c1)c1cc[n+](CCCOc2ccccc2)cc1,7.575235819865685,reg,O=C(NN=Cc1ccc[n+](CCCOc2ccccc2)c1)c1cc[n+](CCCOc2ccccc2)cc1
F[P-](F)(F)(F)(F)F.F[P-](F)(F)(F)(F)F.O=C(N/N=C/c1ccc[n+](CCOc2ccccc2)c1)c1cc[n+](CCOc2ccccc2)cc1,7.398815053570096,reg,O=C(NN=Cc1ccc[n+](CCOc2ccccc2)c1)c1cc[n+](CCOc2ccccc2)cc1
N#C[N-]C#N.N#C[N-]C#N.O=C(N/N=C/c1cc[n+](CCCCOc2ccccc2)cc1)c1cc[n+](CCCCOc2ccccc2)cc1,7.835400293307255,reg,O=C(NN=Cc1cc[n+](CCCCOc2ccccc2)cc1)c1cc[n+](CCCCOc2ccccc2)cc1
N#C[N-]C#N.N#C[N-]C#N.O=C(N/N=C/c1cc[n+](CCCOc2ccccc2)cc1)c1cc[n+](CCCOc2ccccc2)cc1,7.898381906465136,reg,O=C(NN=Cc1cc[n+](CCCOc2ccccc2)cc1)c1cc[n+](CCCOc2ccccc2)cc1
N#C[N-]C#N.N#C[N-]C#N.O=C(N/N=C/c1cc[n+](CCOc2ccccc2)cc1)c1cc[n+](CCOc2ccccc2)cc1,7.964239024330785,reg,O=C(NN=Cc1cc[n+](CCOc2ccccc2)cc1)c1cc[n+](CCOc2ccccc2)cc1
N#C[N-]C#N.N#C[N-]C#N.O=C(N/N=C/c1ccc[n+](CCCCOc2ccccc2)c1)c1cc[n+](CCCCOc2ccccc2)cc1,7.720990948059314,reg,O=C(NN=Cc1ccc[n+](CCCCOc2ccccc2)c1)c1cc[n+](CCCCOc2ccccc2)cc1
N#C[N-]C#N.N#C[N-]C#N.O=C(N/N=C/c1ccc[n+](CCCOc2ccccc2)c1)c1cc[n+](CCCOc2ccccc2)cc1,7.898381906465136,reg,O=C(NN=Cc1ccc[n+](CCCOc2ccccc2)c1)c1cc[n+](CCCOc2ccccc2)cc1
N#C[N-]C#N.N#C[N-]C#N.O=C(N/N=C/c1ccc[n+](CCOc2ccccc2)c1)c1cc[n+](CCOc2ccccc2)cc1,7.964239024330785,reg,O=C(NN=Cc1ccc[n+](CCOc2ccccc2)c1)c1cc[n+](CCOc2ccccc2)cc1
N#C[S-].N#C[S-].O=C(N/N=C/c1cc[n+](CCCCOc2ccccc2)cc1)c1cc[n+](CCCCOc2ccccc2)cc1,7.6419751504061875,reg,O=C(NN=Cc1cc[n+](CCCCOc2ccccc2)cc1)c1cc[n+](CCCCOc2ccccc2)cc1
N#C[S-].N#C[S-].O=C(N/N=C/c1cc[n+](CCCOc2ccccc2)cc1)c1cc[n+](CCCOc2ccccc2)cc1,7.935375219893759,reg,O=C(NN=Cc1cc[n+](CCCOc2ccccc2)cc1)c1cc[n+](CCCOc2ccccc2)cc1
N#C[S-].N#C[S-].O=C(N/N=C/c1cc[n+](CCOc2ccccc2)cc1)c1cc[n+](CCOc2ccccc2)cc1,8.0029835755153,reg,O=C(NN=Cc1cc[n+](CCOc2ccccc2)cc1)c1cc[n+](CCOc2ccccc2)cc1
N#C[S-].N#C[S-].O=C(N/N=C/c1ccc[n+](CCCCOc2ccccc2)c1)c1cc[n+](CCCCOc2ccccc2)cc1,7.870793840902068,reg,O=C(NN=Cc1ccc[n+](CCCCOc2ccccc2)c1)c1cc[n+](CCCCOc2ccccc2)cc1
N#C[S-].N#C[S-].O=C(N/N=C/c1ccc[n+](CCCOc2ccccc2)c1)c1cc[n+](CCCOc2ccccc2)cc1,7.820965874645818,reg,O=C(NN=Cc1ccc[n+](CCCOc2ccccc2)c1)c1cc[n+](CCCOc2ccccc2)cc1
N#C[S-].N#C[S-].O=C(N/N=C/c1ccc[n+](CCOc2ccccc2)c1)c1cc[n+](CCOc2ccccc2)cc1,8.0029835755153,reg,O=C(NN=Cc1ccc[n+](CCOc2ccccc2)c1)c1cc[n+](CCOc2ccccc2)cc1
NC(=NCCCCCCN=C(N)/N=C(\N)Nc1ccc(Cl)cc1)/N=C(\N)Nc1ccc(Cl)cc1,1.9843368755762458,reg,C(=NC=NCCCCCCN=CN=CNc1ccccc1)Nc1ccccc1
NC(=N\CCCCC/N=C(N)/N=C(\N)Nc1ccc(Cl)cc1)/N=C(\N)Nc1ccc(Cl)cc1,0.5249392275502613,reg,C(=NC=NCCCCCN=CN=CNc1ccccc1)Nc1ccccc1
NC(=O)c1cc[n+]([C@H]2COC3C2OC[C@@H]3[n+]2ccc(C(N)=O)cc2)cc1.O=S(=O)([O-])C(F)(F)F.O=S(=O)([O-])C(F)(F)F,12.611490817980448,reg,c1cc[n+](C2COC3C2OCC3[n+]2ccccc2)cc1
O=C(N/N=C/c1cc[n+](CCCCOc2ccccc2)cc1)c1cc[n+](CCCCOc2ccccc2)cc1.O=C([O-])C(F)(F)F.O=C([O-])C(F)(F)F,7.4137050645511495,reg,O=C(NN=Cc1cc[n+](CCCCOc2ccccc2)cc1)c1cc[n+](CCCCOc2ccccc2)cc1
O=C(N/N=C/c1cc[n+](CCCCOc2ccccc2)cc1)c1cc[n+](CCCCOc2ccccc2)cc1.[Br-].[Br-],7.661343806664352,reg,O=C(NN=Cc1cc[n+](CCCCOc2ccccc2)cc1)c1cc[n+](CCCCOc2ccccc2)cc1
O=C(N/N=C/c1cc[n+](CCCOc2ccccc2)cc1)c1cc[n+](CCCOc2ccccc2)cc1.O=C([O-])C(F)(F)F.O=C([O-])C(F)(F)F,7.697471667911135,reg,O=C(NN=Cc1cc[n+](CCCOc2ccccc2)cc1)c1cc[n+](CCCOc2ccccc2)cc1
O=C(N/N=C/c1cc[n+](CCCOc2ccccc2)cc1)c1cc[n+](CCCOc2ccccc2)cc1.[Br-].[Br-],7.836129787224693,reg,O=C(NN=Cc1cc[n+](CCCOc2ccccc2)cc1)c1cc[n+](CCCOc2ccccc2)cc1
O=C(N/N=C/c1cc[n+](CCOc2ccccc2)cc1)c1cc[n+](CCOc2ccccc2)cc1.O=C([O-])C(F)(F)F.O=C([O-])C(F)(F)F,7.754595530233754,reg,O=C(NN=Cc1cc[n+](CCOc2ccccc2)cc1)c1cc[n+](CCOc2ccccc2)cc1
O=C(N/N=C/c1cc[n+](CCOc2ccccc2)cc1)c1cc[n+](CCOc2ccccc2)cc1.[Br-].[Br-],7.89914396078658,reg,O=C(NN=Cc1cc[n+](CCOc2ccccc2)cc1)c1cc[n+](CCOc2ccccc2)cc1
O=C(N/N=C/c1ccc[n+](CCCCOc2ccccc2)c1)c1cc[n+](CCCCOc2ccccc2)cc1.O=C([O-])C(F)(F)F.O=C([O-])C(F)(F)F,7.528114409799089,reg,O=C(NN=Cc1ccc[n+](CCCCOc2ccccc2)c1)c1cc[n+](CCCCOc2ccccc2)cc1
O=C(N/N=C/c1ccc[n+](CCCCOc2ccccc2)c1)c1cc[n+](CCCCOc2ccccc2)cc1.[Br-].[Br-],7.7757531519122915,reg,O=C(NN=Cc1ccc[n+](CCCCOc2ccccc2)c1)c1cc[n+](CCCCOc2ccccc2)cc1
O=C(N/N=C/c1ccc[n+](CCCOc2ccccc2)c1)c1cc[n+](CCCOc2ccccc2)cc1.O=C([O-])C(F)(F)F.O=C([O-])C(F)(F)F,7.697471667911135,reg,O=C(NN=Cc1ccc[n+](CCCOc2ccccc2)c1)c1cc[n+](CCCOc2ccccc2)cc1
O=C(N/N=C/c1ccc[n+](CCCOc2ccccc2)c1)c1cc[n+](CCCOc2ccccc2)cc1.[Br-].[Br-],7.836129787224693,reg,O=C(NN=Cc1ccc[n+](CCCOc2ccccc2)c1)c1cc[n+](CCCOc2ccccc2)cc1
O=C(N/N=C/c1ccc[n+](CCOc2ccccc2)c1)c1cc[n+](CCOc2ccccc2)cc1.O=C([O-])C(F)(F)F.O=C([O-])C(F)(F)F,6.5257768397378735,reg,O=C(NN=Cc1ccc[n+](CCOc2ccccc2)c1)c1cc[n+](CCOc2ccccc2)cc1
O=C(N/N=C/c1ccc[n+](CCOc2ccccc2)c1)c1cc[n+](CCOc2ccccc2)cc1.[Br-].[Br-],7.784734615538639,reg,O=C(NN=Cc1ccc[n+](CCOc2ccccc2)c1)c1cc[n+](CCOc2ccccc2)cc1
O=C(O)C1=Cc2ccccc2N2C[N+]3(CCCN(c4cc5c(cc4F)c(=O)c(C(=O)O)cn5C4CC4)CC3)N=C12.[Cl-],4.643856189774724,reg,O=c1ccn(C2CC2)c2cc(N3CCC[N+]4(CC3)CN3C(=N4)C=Cc4ccccc43)ccc12
O=C(O)C1=Cc2ccccc2N2C[N+]3(CCN(c4cc5c(cc4F)c(=O)c(C(=O)O)cn5C4CC4)CC3)N=C12.[Cl-],1.8211540803455082,reg,O=c1ccn(C2CC2)c2cc(N3CC[N+]4(CC3)CN3C(=N4)C=Cc4ccccc43)ccc12
O=C(O)CC[n+]1ccccc1.[Cl-],12.37985261847659,reg,c1cc[nH+]cc1
O=C(O)C[n+]1ccccc1.[Cl-],16.170025647358937,reg,c1cc[nH+]cc1
O=S(=O)([O-])C(F)(F)F.O=S(=O)([O-])C(F)(F)F.c1cc[n+]([C@H]2COC3C2OC[C@@H]3[n+]2ccccc2)cc1,12.814843879443087,reg,c1cc[n+](C2COC3C2OCC3[n+]2ccccc2)cc1
O=c1[nH]c2ccccc2n2c(-c3ccc[n+](CCCCCC[n+]4cccc(-c5nc(-c6ccccc6)c6c(=O)[nH]c7ccccc7n56)c4)c3)nc(-c3ccccc3)c12.[Br-].[Br-],9.084965563563635,reg,O=c1[nH]c2ccccc2n2c(-c3ccc[n+](CCCCCC[n+]4cccc(-c5nc(-c6ccccc6)c6c(=O)[nH]c7ccccc7n56)c4)c3)nc(-c3ccccc3)c12
O=c1[nH]c2ccccc2n2c(-c3ccc[n+](CCCC[n+]4cccc(-c5nc(-c6ccccc6)c6c(=O)[nH]c7ccccc7n56)c4)c3)nc(-c3ccccc3)c12.[Br-].[Br-],9.129608063898441,reg,O=c1[nH]c2ccccc2n2c(-c3ccc[n+](CCCC[n+]4cccc(-c5nc(-c6ccccc6)c6c(=O)[nH]c7ccccc7n56)c4)c3)nc(-c3ccccc3)c12
O=c1[nH]c2ccccc2n2c(-c3ccc[n+](Cc4ccccc4)c3)nc(-c3ccccc3)c12.[Cl-],10.070618182867008,reg,O=c1[nH]c2ccccc2n2c(-c3ccc[n+](Cc4ccccc4)c3)nc(-c3ccccc3)c12
O=c1c2c(-c3ccccc3)nc3n2c2ccccc2n1CCCCCCCCCCn1c(=O)c2c(-c4ccccc4)nc(n2c2ccccc21)-c1ccc[n+](c1)Cc1cccc(c1)C[n+]1cccc-3c1.[Br-].[Br-],8.856150926218492,reg,O=c1c2c(-c3ccccc3)nc3n2c2ccccc2n1CCCCCCCCCCn1c(=O)c2c(-c4ccccc4)nc(n2c2ccccc21)-c1ccc[n+](c1)Cc1cccc(c1)C[n+]1cccc-3c1
OCCC[n+]1ccccc1.[Cl-],13.491588126438655,reg,c1cc[nH+]cc1
OCC[n+]1ccccc1.[Br-],13.25866947883291,reg,c1cc[nH+]cc1
[Br-].[Br-].c1ccc2cc(Cn3c[n+](CCCCCCCCCCCC[n+]4cnn(Cc5ccc6ccccc6c5)c4)cn3)ccc2c1,0.4215230232014456,reg,c1ccc2cc(Cn3c[n+](CCCCCCCCCCCC[n+]4cnn(Cc5ccc6ccccc6c5)c4)cn3)ccc2c1
[Br-].[Br-].c1ccc2cc(Cn3c[n+](CCCCCCCCCCC[n+]4cnn(Cc5ccc6ccccc6c5)c4)cn3)ccc2c1,1.4488846704234546,reg,c1ccc2cc(Cn3c[n+](CCCCCCCCCCC[n+]4cnn(Cc5ccc6ccccc6c5)c4)cn3)ccc2c1
[Br-].[Br-].c1ccc2cc(Cn3c[n+](CCCCCCCCCC[n+]4cnn(Cc5ccc6ccccc6c5)c4)cn3)ccc2c1,1.4767752976435555,reg,c1ccc2cc(Cn3c[n+](CCCCCCCCCC[n+]4cnn(Cc5ccc6ccccc6c5)c4)cn3)ccc2c1
[Br-].[Br-].c1ccc2cc(Cn3cc[n+](CCCCCCCCCCCC[n+]4ccn(Cc5ccc6ccccc6c5)c4)c3)ccc2c1,-0.07465376924063769,reg,c1ccc2cc(Cn3cc[n+](CCCCCCCCCCCC[n+]4ccn(Cc5ccc6ccccc6c5)c4)c3)ccc2c1
[Br-].[Br-].c1ccc2cc(Cn3cc[n+](CCCCCCCCCCC[n+]4ccn(Cc5ccc6ccccc6c5)c4)c3)ccc2c1,0.4527811784976228,reg,c1ccc2cc(Cn3cc[n+](CCCCCCCCCCC[n+]4ccn(Cc5ccc6ccccc6c5)c4)c3)ccc2c1
[Br-].[Br-].c1ccc2cc(Cn3cc[n+](CCCCCCCCCC[n+]4ccn(Cc5ccc6ccccc6c5)c4)c3)ccc2c1,1.4807479718885213,reg,c1ccc2cc(Cn3cc[n+](CCCCCCCCCC[n+]4ccn(Cc5ccc6ccccc6c5)c4)c3)ccc2c1
