id,batch,smiles_raw,smiles_repaired,canonical_smiles,label,label_binary,parsed,repair_applied,duplicate_conflict
1,A_2025-12-15,C[N+](CCCNC(CCCCCCCCCCCCC)=O)(C)CC1=CC=CC=C1.[Cl-],C[N+](CCCNC(CCCCCCCCCCCCC)=O)(C)CC1=CC=CC=C1.[Cl-],CCCCCCCCCCCCCC(=O)NCCC[N+](C)(C)Cc1ccccc1.[Cl-],Bad,0,True,False,False
2,A_2025-12-15,CCCCCCCCCCCCCCCC[N+]1=CC=CC=C1.[Cl-],CCCCCCCCCCCCCCCC[N+]1=CC=CC=C1.[Cl-],CCCCCCCCCCCCCCCC[n+]1ccccc1.[Cl-],Bad,0,True,False,False
3,A_2025-12-15,CCCCCCCCNC(C=C1)=CC=[N+]1CCCCCCCCCC[N+]2=CC=C(NCCCCCCCC)C=C2.[Cl-].[Cl-],CCCCCCCCNC(C=C1)=CC=[N+]1CCCCCCCCCC[N+]2=CC=C(NCCCCCCCC)C=C2.[Cl-].[Cl-],CCCCCCCCNc1cc[n+](CCCCCCCCCC[n+]2ccc(NCCCCCCCC)cc2)cc1.[Cl-].[Cl-],Good,1,True,False,False
4,A_2025-12-15,CC[N+](CC)(CCOC(CCCCCCCCCCC)=O)CC.[Br-],CC[N+](CC)(CCOC(CCCCCCCCCCC)=O)CC.[Br-],CCCCCCCCCCCC(=O)OCC[N+](CC)(CC)CC.[Br-],Bad,0,True,False,False
5,A_2025-12-15,CC[N+](CC)(CCOC(CCCCCCCCCCCCCCC)=O)CC.[Br-],CC[N+](CC)(CCOC(CCCCCCCCCCCCCCC)=O)CC.[Br-],CCCCCCCCCCCCCCCC(=O)OCC[N+](CC)(CC)CC.[Br-],Bad,0,True,False,False
6,A_2025-12-15,CCCCCCCCCCCC(OCC[N+](CCCC)(CCCC)CCCC)=O.[Br-],CCCCCCCCCCCC(OCC[N+](CCCC)(CCCC)CCCC)=O.[Br-],CCCCCCCCCCCC(=O)OCC[N+](CCCC)(CCCC)CCCC.[Br-],Bad,0,True,False,False
7,A_2025-12-15,O=C(OCC[N+](CCCC)(CCCC)CCCC)CCCCCCCCCCCCCCC.[Br-],O=C(OCC[N+](CCCC)(CCCC)CCCC)CCCCCCCCCCCCCCC.[Br-],CCCCCCCCCCCCCCCC(=O)OCC[N+](CCCC)(CCCC)CCCC.[Br-],Bad,0,True,False,False
8,A_2025-12-15,CCCCCCCCCCCC(OCCC[N+]1=CC=CC=C1)=O.[Cl-],CCCCCCCCCCCC(OCCC[N+]1=CC=CC=C1)=O.[Cl-],CCCCCCCCCCCC(=O)OCCC[n+]1ccccc1.[Cl-],Bad,0,True,False,False
9,A_2025-12-15,CCCCCCCCCCCCCCCC(OCCC[N+]1=CC=CC=C1)=O.[Cl-],CCCCCCCCCCCCCCCC(OCCC[N+]1=CC=CC=C1)=O.[Cl-],CCCCCCCCCCCCCCCC(=O)OCCC[n+]1ccccc1.[Cl-],Bad,0,True,False,False
10,A_2025-12-15,O=C(C[N+]1=CC=CC=C1)NCCCCCCCCCCCC.[Cl-],O=C(C[N+]1=CC=CC=C1)NCCCCCCCCCCCC.[Cl-],CCCCCCCCCCCCNC(=O)C[n+]1ccccc1.[Cl-],Bad,0,True,False,False
11,A_2025-12-15,O=C(C[N+]1=CC=CC=C1)NCCCCCCCCCCCCCCCCCC.[Cl-],O=C(C[N+]1=CC=CC=C1)NCCCCCCCCCCCCCCCCCC.[Cl-],CCCCCCCCCCCCCCCCCCNC(=O)C[n+]1ccccc1.[Cl-],Bad,0,True,False,False
12,A_2025-12-15,CC1(C)C2(CS(NCC[N+](C)(CCCCCCCCCC)C)(=O)=O)CCC1CC2=O.[Br-],CC1(C)C2(CS(NCC[N+](C)(CCCCCCCCCC)C)(=O)=O)CCC1CC2=O.[Br-],CCCCCCCCCC[N+](C)(C)CCNS(=O)(=O)CC12CCC(CC1=O)C2(C)C.[Br-],Bad,0,True,False,False
13,A_2025-12-15,CC1(C)C2(CS(NCC[N+](C)(CCCCCCCCCCCC)C)(=O)=O)CCC1CC2=O.[Br-],CC1(C)C2(CS(NCC[N+](C)(CCCCCCCCCCCC)C)(=O)=O)CCC1CC2=O.[Br-],CCCCCCCCCCCC[N+](C)(C)CCNS(=O)(=O)CC12CCC(CC1=O)C2(C)C.[Br-],Bad,0,True,False,False
14,A_2025-12-15,CC1(C)C2(CS(NCC[N+](C)(CCCCCCCCCCCCCC)C)(=O)=O)CCC1CC2=O.[Br-],CC1(C)C2(CS(NCC[N+](C)(CCCCCCCCCCCCCC)C)(=O)=O)CCC1CC2=O.[Br-],CCCCCCCCCCCCCC[N+](C)(C)CCNS(=O)(=O)CC12CCC(CC1=O)C2(C)C.[Br-],Good,1,True,False,False
15,A_2025-12-15,CC1(C)C2(CS(NCC[N+](C)(CCCCCCCCCCCCCCCC)C)(=O)=O)CCC1CC2=O.[Br-],CC1(C)C2(CS(NCC[N+](C)(CCCCCCCCCCCCCCCC)C)(=O)=O)CCC1CC2=O.[Br-],CCCCCCCCCCCCCCCC[N+](C)(C)CCNS(=O)(=O)CC12CCC(CC1=O)C2(C)C.[Br-],Bad,0,True,False,False
16,A_2025-12-15,CC1(C)C2(CS(NCC[N+](C)(CC(OCCCCCCCCCC)=O)C)(=O)=O)CCC1CC2=O.[Br-],CC1(C)C2(CS(NCC[N+](C)(CC(OCCCCCCCCCC)=O)C)(=O)=O)CCC1CC2=O.[Br-],CCCCCCCCCCOC(=O)C[N+](C)(C)CCNS(=O)(=O)CC12CCC(CC1=O)C2(C)C.[Br-],Bad,0,True,False,False
17,A_2025-12-15,CC1(C)C2(CS(NCC[N+](C)(CC(OCCCCCCCCCCCC)=O)C)(=O)=O)CCC1CC2=O.[Br-],CC1(C)C2(CS(NCC[N+](C)(CC(OCCCCCCCCCCCC)=O)C)(=O)=O)CCC1CC2=O.[Br-],CCCCCCCCCCCCOC(=O)C[N+](C)(C)CCNS(=O)(=O)CC12CCC(CC1=O)C2(C)C.[Br-],Bad,0,True,False,False
18,A_2025-12-15,CC1(C)C2(CS(NCC[N+](C)(CC(OCCCCCCCCCCCCCC)=O)C)(=O)=O)CCC1CC2=O.[Br-],CC1(C)C2(CS(NCC[N+](C)(CC(OCCCCCCCCCCCCCC)=O)C)(=O)=O)CCC1CC2=O.[Br-],CCCCCCCCCCCCCCOC(=O)C[N+](C)(C)CCNS(=O)(=O)CC12CCC(CC1=O)C2(C)C.[Br-],Bad,0,True,False,False
19,A_2025-12-15,CC1(C)C2(CS(N3CC[N+](C)(CCCCCCCCCC)CC3)(=O)=O)CCC1CC2=O.[Br-],CC1(C)C2(CS(N3CC[N+](C)(CCCCCCCCCC)CC3)(=O)=O)CCC1CC2=O.[Br-],CCCCCCCCCC[N+]1(C)CCN(S(=O)(=O)CC23CCC(CC2=O)C3(C)C)CC1.[Br-],Bad,0,True,False,False
20,A_2025-12-15,CC1(C)C2(CS(N3CC[N+](C)(CCCCCCCCCCCC)CC3)(=O)=O)CCC1CC2=O.[Br-],CC1(C)C2(CS(N3CC[N+](C)(CCCCCCCCCCCC)CC3)(=O)=O)CCC1CC2=O.[Br-],CCCCCCCCCCCC[N+]1(C)CCN(S(=O)(=O)CC23CCC(CC2=O)C3(C)C)CC1.[Br-],Bad,0,True,False,False
21,A_2025-12-15,CC1(C)C2(CS(N3CC[N+](C)(CCCCCCCCCCCCCC)CC3)(=O)=O)CCC1CC2=O.[Br-],CC1(C)C2(CS(N3CC[N+](C)(CCCCCCCCCCCCCC)CC3)(=O)=O)CCC1CC2=O.[Br-],CCCCCCCCCCCCCC[N+]1(C)CCN(S(=O)(=O)CC23CCC(CC2=O)C3(C)C)CC1.[Br-],Bad,0,True,False,False
22,A_2025-12-15,CC1(C)C2(CS(N3CC[N+](C)(CCCCCCCCCCCCCCCC)CC3)(=O)=O)CCC1CC2=O.[Br-],CC1(C)C2(CS(N3CC[N+](C)(CCCCCCCCCCCCCCCC)CC3)(=O)=O)CCC1CC2=O.[Br-],CCCCCCCCCCCCCCCC[N+]1(C)CCN(S(=O)(=O)CC23CCC(CC2=O)C3(C)C)CC1.[Br-],Bad,0,True,False,False
23,A_2025-12-15,CC1(C)C2(CS(N3CC[N+](C)(CC(OCCCCCCCCCC)=O)CC3)(=O)=O)CCC1CC2=O.[Br-],CC1(C)C2(CS(N3CC[N+](C)(CC(OCCCCCCCCCC)=O)CC3)(=O)=O)CCC1CC2=O.[Br-],CCCCCCCCCCOC(=O)C[N+]1(C)CCN(S(=O)(=O)CC23CCC(CC2=O)C3(C)C)CC1.[Br-],Bad,0,True,False,False
24,A_2025-12-15,CC1(C)C2(CS(N3CC[N+](C)(CC(OCCCCCCCCCCCC)=O)CC3)(=O)=O)CCC1CC2=O.[Br-],CC1(C)C2(CS(N3CC[N+](C)(CC(OCCCCCCCCCCCC)=O)CC3)(=O)=O)CCC1CC2=O.[Br-],CCCCCCCCCCCCOC(=O)C[N+]1(C)CCN(S(=O)(=O)CC23CCC(CC2=O)C3(C)C)CC1.[Br-],Bad,0,True,False,False
25,A_2025-12-15,CC1(C)C2(CS(N3CC[N+](C)(CC(OCCCCCCCCCCCCCC)=O)CC3)(=O)=O)CCC1CC2=O.[Br-],CC1(C)C2(CS(N3CC[N+](C)(CC(OCCCCCCCCCCCCCC)=O)CC3)(=O)=O)CCC1CC2=O.[Br-],CCCCCCCCCCCCCCOC(=O)C[N+]1(C)CCN(S(=O)(=O)CC23CCC(CC2=O)C3(C)C)CC1.[Br-],Bad,0,True,False,False
26,A_2025-12-15,CC1(C)C2(CS(N3C=C[N+](CC(OCCCCCCCCCC)=O)=C3)(=O)=O)CCC1CC2=O.[Br-],CC1(C)C2(CS(N3C=C[N+](CC(OCCCCCCCCCC)=O)=C3)(=O)=O)CCC1CC2=O.[Br-],CCCCCCCCCCOC(=O)C[n+]1ccn(S(=O)(=O)CC23CCC(CC2=O)C3(C)C)c1.[Br-],Bad,0,True,False,False
27,A_2025-12-15,CC1(C)C2(CS(N3C=C[N+](CC(OCCCCCCCCCCCC)=O)=C3)(=O)=O)CCC1CC2=O.[Br-],CC1(C)C2(CS(N3C=C[N+](CC(OCCCCCCCCCCCC)=O)=C3)(=O)=O)CCC1CC2=O.[Br-],CCCCCCCCCCCCOC(=O)C[n+]1ccn(S(=O)(=O)CC23CCC(CC2=O)C3(C)C)c1.[Br-],Bad,0,True,False,False
28,A_2025-12-15,CC1(C)C2(CS(N3C=C[N+](CC(OCCCCCCCCCCCCCC)=O)=C3)(=O)=O)CCC1CC2=O.[Br-],CC1(C)C2(CS(N3C=C[N+](CC(OCCCCCCCCCCCCCC)=O)=C3)(=O)=O)CCC1CC2=O.[Br-],CCCCCCCCCCCCCCOC(=O)C[n+]1ccn(S(=O)(=O)CC23CCC(CC2=O)C3(C)C)c1.[Br-],Bad,0,True,False,False
29,A_2025-12-15,CC1(C)C2(CS(N3C=C[N+](CC(NCCCCCCCCCC)=O)=C3)(=O)=O)CCC1CC2=O.[Br-],CC1(C)C2(CS(N3C=C[N+](CC(NCCCCCCCCCC)=O)=C3)(=O)=O)CCC1CC2=O.[Br-],CCCCCCCCCCNC(=O)C[n+]1ccn(S(=O)(=O)CC23CCC(CC2=O)C3(C)C)c1.[Br-],Bad,0,True,False,False
30,A_2025-12-15,CC1(C)C2(CS(N3C=C[N+](CC(NCCCCCCCCCCCC)=O)=C3)(=O)=O)CCC1CC2=O.[Br-],CC1(C)C2(CS(N3C=C[N+](CC(NCCCCCCCCCCCC)=O)=C3)(=O)=O)CCC1CC2=O.[Br-],CCCCCCCCCCCCNC(=O)C[n+]1ccn(S(=O)(=O)CC23CCC(CC2=O)C3(C)C)c1.[Br-],Bad,0,True,False,False
31,A_2025-12-15,CC1(C)C2(CS(N3C=C[N+](CC(NCCCCCCCCCCCCCC)=O)=C3)(=O)=O)CCC1CC2=O.[Br-],CC1(C)C2(CS(N3C=C[N+](CC(NCCCCCCCCCCCCCC)=O)=C3)(=O)=O)CCC1CC2=O.[Br-],CCCCCCCCCCCCCCNC(=O)C[n+]1ccn(S(=O)(=O)CC23CCC(CC2=O)C3(C)C)c1.[Br-],Bad,0,True,False,False
32,A_2025-12-15,ClC1=CC(C=NNC(C2=CC=C[N+](CCC)=C2)=O)=CC=C1Cl.[Br-],ClC1=CC(C=NNC(C2=CC=C[N+](CCC)=C2)=O)=CC=C1Cl.[Br-],CCC[n+]1cccc(C(=O)NN=Cc2ccc(Cl)c(Cl)c2)c1.[Br-],Bad,0,True,False,False
33,A_2025-12-15,O=C(N/N=C\C1=C(Cl)C=CC=C1Cl)C2=CC=C[N+](CCC)=C2.[Br-],O=C(N/N=C\C1=C(Cl)C=CC=C1Cl)C2=CC=C[N+](CCC)=C2.[Br-],CCC[n+]1cccc(C(=O)N/N=C\c2c(Cl)cccc2Cl)c1.[Br-],Bad,0,True,False,False
34,A_2025-12-15,O=C(N/N=C\C1=CC=C(N(C)C)C=C1)C2=CC=C[N+](CCC)=C2.[Br-],O=C(N/N=C\C1=CC=C(N(C)C)C=C1)C2=CC=C[N+](CCC)=C2.[Br-],CCC[n+]1cccc(C(=O)N/N=C\c2ccc(N(C)C)cc2)c1.[Br-],Bad,0,True,False,False
35,A_2025-12-15,O=C(N/N=C\C1=CC(O)=C(OC)C=C1)C2=CC=C[N+](CCC)=C2.[Br-],O=C(N/N=C\C1=CC(O)=C(OC)C=C1)C2=CC=C[N+](CCC)=C2.[Br-],CCC[n+]1cccc(C(=O)N/N=C\c2ccc(OC)c(O)c2)c1.[Br-],Bad,0,True,False,False
36,A_2025-12-15,O=C(N/N=C\C1=CC(O)=CC=C1)C2=CC=C[N+](CCC)=C2.[Br-],O=C(N/N=C\C1=CC(O)=CC=C1)C2=CC=C[N+](CCC)=C2.[Br-],CCC[n+]1cccc(C(=O)N/N=C\c2cccc(O)c2)c1.[Br-],Bad,0,True,False,False
37,A_2025-12-15,O=C(N/N=C\C=C\C1=CC=CC=C1)C2=CC=C[N+](CCC)=C2.[Br-],O=C(N/N=C\C=C\C1=CC=CC=C1)C2=CC=C[N+](CCC)=C2.[Br-],CCC[n+]1cccc(C(=O)N/N=C\C=C\c2ccccc2)c1.[Br-],Bad,0,True,False,False
38,A_2025-12-15,O=C(N/N=C\C=C\C1=CC=CC=C1OC)C2=CC=C[N+](CCC)=C2.[Br-],O=C(N/N=C\C=C\C1=CC=CC=C1OC)C2=CC=C[N+](CCC)=C2.[Br-],CCC[n+]1cccc(C(=O)N/N=C\C=C\c2ccccc2OC)c1.[Br-],Bad,0,True,False,False
39,A_2025-12-15,O=C(N/N=C\C1=CC=C(Cl)C=C1)C2=CC=C[N+](CCC)=C2.[Br-],O=C(N/N=C\C1=CC=C(Cl)C=C1)C2=CC=C[N+](CCC)=C2.[Br-],CCC[n+]1cccc(C(=O)N/N=C\c2ccc(Cl)cc2)c1.[Br-],Bad,0,True,False,False
40,A_2025-12-15,C[N+](CCO)(CCO)CCCCCCSC1=NC2=CC=CC=C2O1.[Br-],C[N+](CCO)(CCO)CCCCCCSC1=NC2=CC=CC=C2O1.[Br-],C[N+](CCO)(CCO)CCCCCCSc1nc2ccccc2o1.[Br-],Bad,0,True,False,False
41,A_2025-12-15,C[N+](CCO)(CCO)CCCCCCCCSC1=NC2=CC=CC=C2O1.[Br-],C[N+](CCO)(CCO)CCCCCCCCSC1=NC2=CC=CC=C2O1.[Br-],C[N+](CCO)(CCO)CCCCCCCCSc1nc2ccccc2o1.[Br-],Bad,0,True,False,False
42,A_2025-12-15,C[N+](CCO)(CCO)CCCCCCCCCCSC1=NC2=CC=CC=C2O1.[Br-],C[N+](CCO)(CCO)CCCCCCCCCCSC1=NC2=CC=CC=C2O1.[Br-],C[N+](CCO)(CCO)CCCCCCCCCCSc1nc2ccccc2o1.[Br-],Bad,0,True,False,False
43,A_2025-12-15,C[N+](CCO)(CCO)CCCCCCCCCCCCSC1=NC(C=CC=C2)=C2O1.[Br-],C[N+](CCO)(CCO)CCCCCCCCCCCCSC1=NC(C=CC=C2)=C2O1.[Br-],C[N+](CCO)(CCO)CCCCCCCCCCCCSc1nc2ccccc2o1.[Br-],Good,1,True,False,False
44,A_2025-12-15,C[N+](CCO)(CCO)CCCCCCSC1=NC(C=CC=C2)=C2S1.[Br-],C[N+](CCO)(CCO)CCCCCCSC1=NC(C=CC=C2)=C2S1.[Br-],C[N+](CCO)(CCO)CCCCCCSc1nc2ccccc2s1.[Br-],Bad,0,True,False,False
45,A_2025-12-15,C[N+](CCO)(CCO)CCCCCCCCSC1=NC(C=CC=C2)=C2S1.[Br-],C[N+](CCO)(CCO)CCCCCCCCSC1=NC(C=CC=C2)=C2S1.[Br-],C[N+](CCO)(CCO)CCCCCCCCSc1nc2ccccc2s1.[Br-],Bad,0,True,False,False
46,A_2025-12-15,C[N+](CCO)(CCO)CCCCCCCCCCSC1=NC(C=CC=C2)=C2S1.[Br-],C[N+](CCO)(CCO)CCCCCCCCCCSC1=NC(C=CC=C2)=C2S1.[Br-],C[N+](CCO)(CCO)CCCCCCCCCCSc1nc2ccccc2s1.[Br-],Good,1,True,False,False
47,A_2025-12-15,C[N+](CCO)(CCO)CCCCCCCCCCCCSC1=NC(C=CC=C2)=C2S1.[Br-],C[N+](CCO)(CCO)CCCCCCCCCCCCSC1=NC(C=CC=C2)=C2S1.[Br-],C[N+](CCO)(CCO)CCCCCCCCCCCCSc1nc2ccccc2s1.[Br-],Good,1,True,False,False
48,A_2025-12-15,C[N+](CCO)(CCCO)CCCCCCSC1=NN=C(O1)C2=CC=C(F)C=C2.[Br-],C[N+](CCO)(CCCO)CCCCCCSC1=NN=C(O1)C2=CC=C(F)C=C2.[Br-],C[N+](CCO)(CCCO)CCCCCCSc1nnc(-c2ccc(F)cc2)o1.[Br-],Bad,0,True,False,False
49,A_2025-12-15,C[N+](CCO)(CCCO)CCCCCCCCSC1=NN=C(O1)C2=CC=C(F)C=C2.[Br-],C[N+](CCO)(CCCO)CCCCCCCCSC1=NN=C(O1)C2=CC=C(F)C=C2.[Br-],C[N+](CCO)(CCCO)CCCCCCCCSc1nnc(-c2ccc(F)cc2)o1.[Br-],Bad,0,True,False,False
50,A_2025-12-15,C[N+](CCO)(CCCO)CCCCCCCCCCSC1=NN=C(O1)C2=CC=C(F)C=C2.[Br-],C[N+](CCO)(CCCO)CCCCCCCCCCSC1=NN=C(O1)C2=CC=C(F)C=C2.[Br-],C[N+](CCO)(CCCO)CCCCCCCCCCSc1nnc(-c2ccc(F)cc2)o1.[Br-],Bad,0,True,False,False
51,A_2025-12-15,C[N+](CCO)(CCCO)CCCCCCCCCCCCSC1=NN=C(O1)C2=CC=C(F)C=C2.[Br-],C[N+](CCO)(CCCO)CCCCCCCCCCCCSC1=NN=C(O1)C2=CC=C(F)C=C2.[Br-],C[N+](CCO)(CCCO)CCCCCCCCCCCCSc1nnc(-c2ccc(F)cc2)o1.[Br-],Bad,0,True,False,False
52,A_2025-12-15,C[N+](CCO)(CCCO)CCCCCCSC1=NN=C(O1)C2=CC=C(C(F)(F)F)C=C2.[Br-],C[N+](CCO)(CCCO)CCCCCCSC1=NN=C(O1)C2=CC=C(C(F)(F)F)C=C2.[Br-],C[N+](CCO)(CCCO)CCCCCCSc1nnc(-c2ccc(C(F)(F)F)cc2)o1.[Br-],Bad,0,True,False,False
53,A_2025-12-15,C[N+](CCO)(CCCO)CCCCCCCCSC1=NN=C(O1)C2=CC=C(C(F)(F)F)C=C2.[Br-],C[N+](CCO)(CCCO)CCCCCCCCSC1=NN=C(O1)C2=CC=C(C(F)(F)F)C=C2.[Br-],C[N+](CCO)(CCCO)CCCCCCCCSc1nnc(-c2ccc(C(F)(F)F)cc2)o1.[Br-],Bad,0,True,False,False
54,A_2025-12-15,C[N+](CCO)(CCCO)CCCCCCCCCCSC1=NN=C(O1)C2=CC=C(C(F)(F)F)C=C2.[Br-],C[N+](CCO)(CCCO)CCCCCCCCCCSC1=NN=C(O1)C2=CC=C(C(F)(F)F)C=C2.[Br-],C[N+](CCO)(CCCO)CCCCCCCCCCSc1nnc(-c2ccc(C(F)(F)F)cc2)o1.[Br-],Bad,0,True,False,False
55,A_2025-12-15,C[N+](CCO)(CCCO)CCCCCCCCCCCCSC1=NN=C(O1)C2=CC=C(C(F)(F)F)C=C2.[Br-],C[N+](CCO)(CCCO)CCCCCCCCCCCCSC1=NN=C(O1)C2=CC=C(C(F)(F)F)C=C2.[Br-],C[N+](CCO)(CCCO)CCCCCCCCCCCCSc1nnc(-c2ccc(C(F)(F)F)cc2)o1.[Br-],Good,1,True,False,False
56,A_2025-12-15,C[N+](CCO)(CCCO)CCCCCCSC1=NN=C(O1)C2=CC=C(C(C)(C)C)C=C2.[Br-],C[N+](CCO)(CCCO)CCCCCCSC1=NN=C(O1)C2=CC=C(C(C)(C)C)C=C2.[Br-],CC(C)(C)c1ccc(-c2nnc(SCCCCCC[N+](C)(CCO)CCCO)o2)cc1.[Br-],Bad,0,True,False,False
57,A_2025-12-15,C[N+](CCO)(CCCO)CCCCCCCCSC1=NN=C(O1)C2=CC=C(C(C)(C)C)C=C2.[Br-],C[N+](CCO)(CCCO)CCCCCCCCSC1=NN=C(O1)C2=CC=C(C(C)(C)C)C=C2.[Br-],CC(C)(C)c1ccc(-c2nnc(SCCCCCCCC[N+](C)(CCO)CCCO)o2)cc1.[Br-],Bad,0,True,False,False
58,A_2025-12-15,C[N+](CCO)(CCCO)CCCCCCCCCCSC1=NN=C(O1)C2=CC=C(C(C)(C)C)C=C2.[Br-],C[N+](CCO)(CCCO)CCCCCCCCCCSC1=NN=C(O1)C2=CC=C(C(C)(C)C)C=C2.[Br-],CC(C)(C)c1ccc(-c2nnc(SCCCCCCCCCC[N+](C)(CCO)CCCO)o2)cc1.[Br-],Good,1,True,False,False
59,A_2025-12-15,C[N+](CCO)(CCCO)CCCCCCCCCCCCSC1=NN=C(O1)C2=CC=C(C(C)(C)C)C=C2.[Br-],C[N+](CCO)(CCCO)CCCCCCCCCCCCSC1=NN=C(O1)C2=CC=C(C(C)(C)C)C=C2.[Br-],CC(C)(C)c1ccc(-c2nnc(SCCCCCCCCCCCC[N+](C)(CCO)CCCO)o2)cc1.[Br-],Good,1,True,False,False
60,A_2025-12-15,C[N+](CCO)(CCCO)CCCCCCSC1=NN=C(O1)C.[Br-],C[N+](CCO)(CCCO)CCCCCCSC1=NN=C(O1)C.[Br-],Cc1nnc(SCCCCCC[N+](C)(CCO)CCCO)o1.[Br-],Bad,0,True,False,False
61,A_2025-12-15,C[N+](CCO)(CCCO)CCCCCCCCSC1=NN=C(O1)C.[Br-],C[N+](CCO)(CCCO)CCCCCCCCSC1=NN=C(O1)C.[Br-],Cc1nnc(SCCCCCCCC[N+](C)(CCO)CCCO)o1.[Br-],Bad,0,True,False,False
62,A_2025-12-15,C[N+](CCO)(CCCO)CCCCCCCCCCSC1=NN=C(O1)C.[Br-],C[N+](CCO)(CCCO)CCCCCCCCCCSC1=NN=C(O1)C.[Br-],Cc1nnc(SCCCCCCCCCC[N+](C)(CCO)CCCO)o1.[Br-],Bad,0,True,False,False
63,A_2025-12-15,C[N+](CCO)(CCCO)CCCCCCCCCCCCSC1=NN=C(O1)C.[Br-],C[N+](CCO)(CCCO)CCCCCCCCCCCCSC1=NN=C(O1)C.[Br-],Cc1nnc(SCCCCCCCCCCCC[N+](C)(CCO)CCCO)o1.[Br-],Good,1,True,False,False
64,A_2025-12-15,O=C1NC2=CC=C(C)C=C2/C1=N/NC(C[N+](C)(C)C)=O.[Cl-],O=C1NC2=CC=C(C)C=C2/C1=N/NC(C[N+](C)(C)C)=O.[Cl-],Cc1ccc2c(c1)/C(=N/NC(=O)C[N+](C)(C)C)C(=O)N2.[Cl-],Bad,0,True,False,False
65,A_2025-12-15,O=C1NC2=CC=C(Cl)C=C2/C1=N/NC(C[N+](C)(C)C)=O.[Cl-],O=C1NC2=CC=C(Cl)C=C2/C1=N/NC(C[N+](C)(C)C)=O.[Cl-],C[N+](C)(C)CC(=O)N/N=C1\C(=O)Nc2ccc(Cl)cc21.[Cl-],Bad,0,True,False,False
66,A_2025-12-15,O=C1NC2=CC=C(Br)C=C2/C1=N/NC(C[N+](C)(C)C)=O.[Cl-],O=C1NC2=CC=C(Br)C=C2/C1=N/NC(C[N+](C)(C)C)=O.[Cl-],C[N+](C)(C)CC(=O)N/N=C1\C(=O)Nc2ccc(Br)cc21.[Cl-],Bad,0,True,False,False
67,A_2025-12-15,O=C1NC2=CC(Br)=CC=C2/C1=N/NC(C[N+](C)(C)C)=O.[Cl-],O=C1NC2=CC(Br)=CC=C2/C1=N/NC(C[N+](C)(C)C)=O.[Cl-],C[N+](C)(C)CC(=O)N/N=C1\C(=O)Nc2cc(Br)ccc21.[Cl-],Bad,0,True,False,False
68,A_2025-12-15,O=C1N(CC2=CC(C(C)(C)C)=C(C)C(C(C)(C)C)=C2)C3=CC=CC=C3/C1=N/NC(C[N+]4=CC=CC=C4)=O.[Cl-],O=C1N(CC2=CC(C(C)(C)C)=C(C)C(C(C)(C)C)=C2)C3=CC=CC=C3/C1=N/NC(C[N+]4=CC=CC=C4)=O.[Cl-],Cc1c(C(C)(C)C)cc(CN2C(=O)/C(=N\NC(=O)C[n+]3ccccc3)c3ccccc32)cc1C(C)(C)C.[Cl-],Bad,0,True,False,False
69,A_2025-12-15,O=C1N(CC2=CC(C(C)(C)C)=C(C)C(C(C)(C)C)=C2)C3=CC=C(C)C=C3/C1=N/NC(C[N+]4=CC=CC=C4)=O.[Cl-],O=C1N(CC2=CC(C(C)(C)C)=C(C)C(C(C)(C)C)=C2)C3=CC=C(C)C=C3/C1=N/NC(C[N+]4=CC=CC=C4)=O.[Cl-],Cc1ccc2c(c1)/C(=N/NC(=O)C[n+]1ccccc1)C(=O)N2Cc1cc(C(C)(C)C)c(C)c(C(C)(C)C)c1.[Cl-],Bad,0,True,False,False
70,A_2025-12-15,O=C1N(CC2=CC(C(C)(C)C)=C(C)C(C(C)(C)C)=C2)C3=CC=C(CC)C=C3/C1=N/NC(C[N+]4=CC=CC=C4)=O.[Cl-],O=C1N(CC2=CC(C(C)(C)C)=C(C)C(C(C)(C)C)=C2)C3=CC=C(CC)C=C3/C1=N/NC(C[N+]4=CC=CC=C4)=O.[Cl-],CCc1ccc2c(c1)/C(=N/NC(=O)C[n+]1ccccc1)C(=O)N2Cc1cc(C(C)(C)C)c(C)c(C(C)(C)C)c1.[Cl-],Bad,0,True,False,False
71,A_2025-12-15,O=C1N(CC2=CC(C(C)(C)C)=C(C)C(C(C)(C)C)=C2)C3=CC=C(Cl)C=C3/C1=N/NC(C[N+]4=CC=CC=C4)=O.[Cl-],O=C1N(CC2=CC(C(C)(C)C)=C(C)C(C(C)(C)C)=C2)C3=CC=C(Cl)C=C3/C1=N/NC(C[N+]4=CC=CC=C4)=O.[Cl-],Cc1c(C(C)(C)C)cc(CN2C(=O)/C(=N\NC(=O)C[n+]3ccccc3)c3cc(Cl)ccc32)cc1C(C)(C)C.[Cl-],Bad,0,True,False,False
72,A_2025-12-15,O=C1N(CC2=CC(C(C)(C)C)=C(C)C(C(C)(C)C)=C2)C3=CC=C(F)C=C3/C1=N/NC(C[N+]4=CC=CC=C4)=O.[Cl-],O=C1N(CC2=CC(C(C)(C)C)=C(C)C(C(C)(C)C)=C2)C3=CC=C(F)C=C3/C1=N/NC(C[N+]4=CC=CC=C4)=O.[Cl-],Cc1c(C(C)(C)C)cc(CN2C(=O)/C(=N\NC(=O)C[n+]3ccccc3)c3cc(F)ccc32)cc1C(C)(C)C.[Cl-],Bad,0,True,False,False
73,A_2025-12-15,O=C1N(CC2=CC(C(C)(C)C)=C(C)C(C(C)(C)C)=C2)C3=CC(Br)=CC=C3/C1=N/NC(C[N+]4=CC=CC=C4)=O.[Cl-],O=C1N(CC2=CC(C(C)(C)C)=C(C)C(C(C)(C)C)=C2)C3=CC(Br)=CC=C3/C1=N/NC(C[N+]4=CC=CC=C4)=O.[Cl-],Cc1c(C(C)(C)C)cc(CN2C(=O)/C(=N\NC(=O)C[n+]3ccccc3)c3ccc(Br)cc32)cc1C(C)(C)C.[Cl-],Bad,0,True,False,False
74,A_2025-12-15,OCC(COC1=C[N+](CCCCCCCCCCCC)=CC=C1)(CO)COC2=C[N+](CCCCCCCCCCCC)=CC=C2.[Br-].[Br-],OCC(COC1=C[N+](CCCCCCCCCCCC)=CC=C1)(CO)COC2=C[N+](CCCCCCCCCCCC)=CC=C2.[Br-].[Br-],CCCCCCCCCCCC[n+]1cccc(OCC(CO)(CO)COc2ccc[n+](CCCCCCCCCCCC)c2)c1.[Br-].[Br-],Good,1,True,False,False
75,A_2025-12-15,OCC(COC1=C[N+](CCCCCCCCCC)=CC=C1)(CO)COC2=C[N+](CCCCCCCCCC)=CC=C2.[Br]-[Br]-,OCC(COC1=C[N+](CCCCCCCCCC)=CC=C1)(CO)COC2=C[N+](CCCCCCCCCC)=CC=C2.[Br-][Br-],,Bad,0,False,False,False
76,A_2025-12-15,OCC(COC1=C[N+](CCCCCCCC)=CC=C1)(CO)COC2=C[N+](CCCCCCCC)=CC=C2.[Br]-[Br]-,OCC(COC1=C[N+](CCCCCCCC)=CC=C1)(CO)COC2=C[N+](CCCCCCCC)=CC=C2.[Br-][Br-],,Bad,0,False,False,False
77,A_2025-12-15,OCC(CO)(C[N+]1=CC=C(NCCCCCCC)C=C1)C[N+]2=CC=C(NCCCCCCC)C=C2.[Cl-].[Cl-],OCC(CO)(C[N+]1=CC=C(NCCCCCCC)C=C1)C[N+]2=CC=C(NCCCCCCC)C=C2.[Cl-].[Cl-],CCCCCCCNc1cc[n+](CC(CO)(CO)C[n+]2ccc(NCCCCCCC)cc2)cc1.[Cl-].[Cl-],Bad,0,True,False,False
78,A_2025-12-15,OCC(CO)(C[N+]1=CC=C(NCCCCCCCC)C=C1)C[N+]2=CC=C(NCCCCCCCC)C=C2.[Cl-].[Cl-],OCC(CO)(C[N+]1=CC=C(NCCCCCCCC)C=C1)C[N+]2=CC=C(NCCCCCCCC)C=C2.[Cl-].[Cl-],CCCCCCCCNc1cc[n+](CC(CO)(CO)C[n+]2ccc(NCCCCCCCC)cc2)cc1.[Cl-].[Cl-],Bad,0,True,False,False
79,A_2025-12-15,OCC(CO)(C[N+]1=CC=C(NCCCCCCCCC)C=C1)C[N+]2=CC=C(NCCCCCCCCC)C=C2.[Cl-].[Cl-],OCC(CO)(C[N+]1=CC=C(NCCCCCCCCC)C=C1)C[N+]2=CC=C(NCCCCCCCCC)C=C2.[Cl-].[Cl-],CCCCCCCCCNc1cc[n+](CC(CO)(CO)C[n+]2ccc(NCCCCCCCCC)cc2)cc1.[Cl-].[Cl-],Bad,0,True,False,False
80,A_2025-12-15,OCC(CO)(C[N+]1=CC=C(NCCCCCCCCCC)C=C1)C[N+]2=CC=C(NCCCCCCCCCC)C=C2.[Cl-].[Cl-],OCC(CO)(C[N+]1=CC=C(NCCCCCCCCCC)C=C1)C[N+]2=CC=C(NCCCCCCCCCC)C=C2.[Cl-].[Cl-],CCCCCCCCCCNc1cc[n+](CC(CO)(CO)C[n+]2ccc(NCCCCCCCCCC)cc2)cc1.[Cl-].[Cl-],Bad,0,True,False,False
81,A_2025-12-15,OCC(CO)(C[N+]1=CC=C(NCCCCCCCCCCC)C=C1)C[N+]2=CC=C(NCCCCCCCCCCC)C=C2.[Cl-].[Cl-],OCC(CO)(C[N+]1=CC=C(NCCCCCCCCCCC)C=C1)C[N+]2=CC=C(NCCCCCCCCCCC)C=C2.[Cl-].[Cl-],CCCCCCCCCCCNc1cc[n+](CC(CO)(CO)C[n+]2ccc(NCCCCCCCCCCC)cc2)cc1.[Cl-].[Cl-],Bad,0,True,False,False
82,A_2025-12-15,OCC(CO)(C[N+]1=CC=C(NCCCCCCCCCCCC)C=C1)C[N+]2=CC=C(NCCCCCCCCCCCC)C=C2.[Cl-].[Cl-],OCC(CO)(C[N+]1=CC=C(NCCCCCCCCCCCC)C=C1)C[N+]2=CC=C(NCCCCCCCCCCCC)C=C2.[Cl-].[Cl-],CCCCCCCCCCCCNc1cc[n+](CC(CO)(CO)C[n+]2ccc(NCCCCCCCCCCCC)cc2)cc1.[Cl-].[Cl-],Bad,0,True,False,False
83,A_2025-12-15,C[N+](CC[N+](CC[N+](C)(CC[N+](CC=C)(CCCCCCCCCCCC)C)C)(CC=C)C)(CCCCCCCCCCCC)C.[Br-].[Br-].[Br-].[Br-],C[N+](CC[N+](CC[N+](C)(CC[N+](CC=C)(CCCCCCCCCCCC)C)C)(CC=C)C)(CCCCCCCCCCCC)C.[Br-].[Br-].[Br-].[Br-],C=CC[N+](C)(CCCCCCCCCCCC)CC[N+](C)(C)CC[N+](C)(CC=C)CC[N+](C)(C)CCCCCCCCCCCC.[Br-].[Br-].[Br-].[Br-],Good,1,True,False,False
84,A_2025-12-15,C[N+](CCC[N+](C)(C)CCC[N+](C)(CCCCCCCCCCCC)C)(CCCCCCCCCCCC)C.[Br-].[Br-].[I-],C[N+](CCC[N+](C)(C)CCC[N+](C)(CCCCCCCCCCCC)C)(CCCCCCCCCCCC)C.[Br-].[Br-].[I-],CCCCCCCCCCCC[N+](C)(C)CCC[N+](C)(C)CCC[N+](C)(C)CCCCCCCCCCCC.[Br-].[Br-].[I-],Good,1,True,False,False
85,A_2025-12-15,C[N+]1(C)CC[N+](C)(C)CC[N+](C)(CCCCCCCCCCCCCCCC)CC1.[Br-].[I-].[I-],C[N+]1(C)CC[N+](C)(C)CC[N+](C)(CCCCCCCCCCCCCCCC)CC1.[Br-].[I-].[I-],CCCCCCCCCCCCCCCC[N+]1(C)CC[N+](C)(C)CC[N+](C)(C)CC1.[Br-].[I-].[I-],Good,1,True,False,False
86,A_2025-12-15,C[N+]1(C)CC[N+](C)(C)CC[N+](C)(CCCCCCCCCCCCCCCCCC)CC1.[Br-].[I-].[I-],C[N+]1(C)CC[N+](C)(C)CC[N+](C)(CCCCCCCCCCCCCCCCCC)CC1.[Br-].[I-].[I-],CCCCCCCCCCCCCCCCCC[N+]1(C)CC[N+](C)(C)CC[N+](C)(C)CC1.[Br-].[I-].[I-],Good,1,True,False,False
87,A_2025-12-15,C[N+]1(C)CC[N+](C)(C)CC[N+](C)(CCCCCCCCCCCCCCCCCCCC)CC1.[Br-].[I-].[I-],C[N+]1(C)CC[N+](C)(C)CC[N+](C)(CCCCCCCCCCCCCCCCCCCC)CC1.[Br-].[I-].[I-],CCCCCCCCCCCCCCCCCCCC[N+]1(C)CC[N+](C)(C)CC[N+](C)(C)CC1.[Br-].[I-].[I-],Good,1,True,False,False
88,A_2025-12-15,C[N+](C)(CCCCCCCC)CCN(CC[N+](C)(CCCCCCCC)C)CC[N+](C)(CCCCCCCC)C,C[N+](C)(CCCCCCCC)CCN(CC[N+](C)(CCCCCCCC)C)CC[N+](C)(CCCCCCCC)C,CCCCCCCC[N+](C)(C)CCN(CC[N+](C)(C)CCCCCCCC)CC[N+](C)(C)CCCCCCCC,Bad,0,True,False,False
89,A_2025-12-15,C[N+](C)(CCCCCCCCCC)CCN(CC[N+](C)(CCCCCCCCCC)C)CC[N+](C)(CCCCCCCCCC)C,C[N+](C)(CCCCCCCCCC)CCN(CC[N+](C)(CCCCCCCCCC)C)CC[N+](C)(CCCCCCCCCC)C,CCCCCCCCCC[N+](C)(C)CCN(CC[N+](C)(C)CCCCCCCCCC)CC[N+](C)(C)CCCCCCCCCC,Good,1,True,False,False
90,A_2025-12-15,C[N+](C)(CCCCCCCCCCC)CCN(CC[N+](C)(CCCCCCCCCCC)C)CC[N+](C)(CCCCCCCCCCC)C,C[N+](C)(CCCCCCCCCCC)CCN(CC[N+](C)(CCCCCCCCCCC)C)CC[N+](C)(CCCCCCCCCCC)C,CCCCCCCCCCC[N+](C)(C)CCN(CC[N+](C)(C)CCCCCCCCCCC)CC[N+](C)(C)CCCCCCCCCCC,Good,1,True,False,False
91,A_2025-12-15,C[N+](C)(CCCCCCCCCCCC)CCN(CC[N+](C)(CCCCCCCCCCCC)C)CC[N+](C)(CCCCCCCCCCCC)C,C[N+](C)(CCCCCCCCCCCC)CCN(CC[N+](C)(CCCCCCCCCCCC)C)CC[N+](C)(CCCCCCCCCCCC)C,CCCCCCCCCCCC[N+](C)(C)CCN(CC[N+](C)(C)CCCCCCCCCCCC)CC[N+](C)(C)CCCCCCCCCCCC,Good,1,True,False,False
92,A_2025-12-15,C[N+](C)(CCCCCCCCCCCCCC)CCN(CC[N+](C)(CCCCCCCCCCCCCC)C)CC[N+](C)(CCCCCCCCCCCCCC)C,C[N+](C)(CCCCCCCCCCCCCC)CCN(CC[N+](C)(CCCCCCCCCCCCCC)C)CC[N+](C)(CCCCCCCCCCCCCC)C,CCCCCCCCCCCCCC[N+](C)(C)CCN(CC[N+](C)(C)CCCCCCCCCCCCCC)CC[N+](C)(C)CCCCCCCCCCCCCC,Bad,0,True,False,False
93,A_2025-12-15,C[N+](C)(CCCCCCCCCC)C(C=C1)=CC=C1C(C2=CC=C([N+](C)(C)C)C=C2)C3=CC=C([N+](C)(C)C)C=C3.[I-].[I-].[I-],C[N+](C)(CCCCCCCCCC)C(C=C1)=CC=C1C(C2=CC=C([N+](C)(C)C)C=C2)C3=CC=C([N+](C)(C)C)C=C3.[I-].[I-].[I-],CCCCCCCCCC[N+](C)(C)c1ccc(C(c2ccc([N+](C)(C)C)cc2)c2ccc([N+](C)(C)C)cc2)cc1.[I-].[I-].[I-],Bad,0,True,False,False
94,A_2025-12-15,C[N+](C)(CCCCCCCCCCC)C(C=C1)=CC=C1C(C2=CC=C([N+](C)(C)C)C=C2)C3=CC=C([N+](C)(C)C)C=C3.[I-].[I-].[I-],C[N+](C)(CCCCCCCCCCC)C(C=C1)=CC=C1C(C2=CC=C([N+](C)(C)C)C=C2)C3=CC=C([N+](C)(C)C)C=C3.[I-].[I-].[I-],CCCCCCCCCCC[N+](C)(C)c1ccc(C(c2ccc([N+](C)(C)C)cc2)c2ccc([N+](C)(C)C)cc2)cc1.[I-].[I-].[I-],Bad,0,True,False,False
95,A_2025-12-15,C[N+](C)(CCCCCCCCCCCC)C(C=C1)=CC=C1C(C2=CC=C([N+](C)(C)C)C=C2)C3=CC=C([N+](C)(C)C)C=C3.[I-].[I-].[I-],C[N+](C)(CCCCCCCCCCCC)C(C=C1)=CC=C1C(C2=CC=C([N+](C)(C)C)C=C2)C3=CC=C([N+](C)(C)C)C=C3.[I-].[I-].[I-],CCCCCCCCCCCC[N+](C)(C)c1ccc(C(c2ccc([N+](C)(C)C)cc2)c2ccc([N+](C)(C)C)cc2)cc1.[I-].[I-].[I-],Bad,0,True,False,False
96,A_2025-12-15,C[N+](C)(CCCCCCCCCCCCCC)C(C=C1)=CC=C1C(C2=CC=C([N+](C)(C)C)C=C2)C3=CC=C([N+](C)(C)C)C=C3.[I-].[I-].[I-],C[N+](C)(CCCCCCCCCCCCCC)C(C=C1)=CC=C1C(C2=CC=C([N+](C)(C)C)C=C2)C3=CC=C([N+](C)(C)C)C=C3.[I-].[I-].[I-],CCCCCCCCCCCCCC[N+](C)(C)c1ccc(C(c2ccc([N+](C)(C)C)cc2)c2ccc([N+](C)(C)C)cc2)cc1.[I-].[I-].[I-],Good,1,True,False,False
97,A_2025-12-15,C[N+](C)(CCCCCCCCCCCCCCCC)C(C=C1)=CC=C1C(C2=CC=C([N+](C)(C)C)C=C2)C3=CC=C([N+](C)(C)C)C=C3.[I-].[I-].[I-],C[N+](C)(CCCCCCCCCCCCCCCC)C(C=C1)=CC=C1C(C2=CC=C([N+](C)(C)C)C=C2)C3=CC=C([N+](C)(C)C)C=C3.[I-].[I-].[I-],CCCCCCCCCCCCCCCC[N+](C)(C)c1ccc(C(c2ccc([N+](C)(C)C)cc2)c2ccc([N+](C)(C)C)cc2)cc1.[I-].[I-].[I-],Good,1,True,False,False
98,A_2025-12-15,C[N+](C)(CCCCCCCCCCCCCCCCCC)C(C=C1)=CC=C1C(C2=CC=C([N+](C)(C)C)C=C2)C3=CC=C([N+](C)(C)C)C=C3.[I-].[I-].[I-],C[N+](C)(CCCCCCCCCCCCCCCCCC)C(C=C1)=CC=C1C(C2=CC=C([N+](C)(C)C)C=C2)C3=CC=C([N+](C)(C)C)C=C3.[I-].[I-].[I-],CCCCCCCCCCCCCCCCCC[N+](C)(C)c1ccc(C(c2ccc([N+](C)(C)C)cc2)c2ccc([N+](C)(C)C)cc2)cc1.[I-].[I-].[I-],Good,1,True,False,False
99,A_2025-12-15,C[N+](C)(C)CC1=CC(C[N+](C)(CCCCCCCC)C)=CC(C[N+](C)(CCCCCCCC)C)=C1.[Br-].[Br-].[Br-],C[N+](C)(C)CC1=CC(C[N+](C)(CCCCCCCC)C)=CC(C[N+](C)(CCCCCCCC)C)=C1.[Br-].[Br-].[Br-],CCCCCCCC[N+](C)(C)Cc1cc(C[N+](C)(C)C)cc(C[N+](C)(C)CCCCCCCC)c1.[Br-].[Br-].[Br-],Bad,0,True,False,False
100,A_2025-12-15,C[N+](C)(C)CC1=CC(C[N+](C)(CCCCCCCCCC)C)=CC(C[N+](C)(CCCCCCCCCC)C)=C1.[Br-].[Br-].[Br-],C[N+](C)(C)CC1=CC(C[N+](C)(CCCCCCCCCC)C)=CC(C[N+](C)(CCCCCCCCCC)C)=C1.[Br-].[Br-].[Br-],CCCCCCCCCC[N+](C)(C)Cc1cc(C[N+](C)(C)C)cc(C[N+](C)(C)CCCCCCCCCC)c1.[Br-].[Br-].[Br-],Bad,0,True,False,False
101,A_2025-12-15,C[N+](C)(C)CC1=CC(C[N+](C)(CCCCCCCCCCCC)C)=CC(C[N+](C)(CCCCCCCCCCCC)C)=C1.[Br-].[Br-].[Br-],C[N+](C)(C)CC1=CC(C[N+](C)(CCCCCCCCCCCC)C)=CC(C[N+](C)(CCCCCCCCCCCC)C)=C1.[Br-].[Br-].[Br-],CCCCCCCCCCCC[N+](C)(C)Cc1cc(C[N+](C)(C)C)cc(C[N+](C)(C)CCCCCCCCCCCC)c1.[Br-].[Br-].[Br-],Good,1,True,False,False
102,A_2025-12-15,C[N+](C)(C)CC1=CC(C[N+](C)(CCCCCCCCCCCCCC)C)=CC(C[N+](C)(CCCCCCCCCCCCCC)C)=C1.[Br-].[Br-].[Br-],C[N+](C)(C)CC1=CC(C[N+](C)(CCCCCCCCCCCCCC)C)=CC(C[N+](C)(CCCCCCCCCCCCCC)C)=C1.[Br-].[Br-].[Br-],CCCCCCCCCCCCCC[N+](C)(C)Cc1cc(C[N+](C)(C)C)cc(C[N+](C)(C)CCCCCCCCCCCCCC)c1.[Br-].[Br-].[Br-],Bad,0,True,False,False
103,A_2025-12-15,C[N+](C)(C)CC1=CC(C[N+](C)(CCCCCCCCCCCCCCCC)C)=CC(C[N+](C)(CCCCCCCCCCCCCCCC)C)=C1.[Br-].[Br-].[Br-],C[N+](C)(C)CC1=CC(C[N+](C)(CCCCCCCCCCCCCCCC)C)=CC(C[N+](C)(CCCCCCCCCCCCCCCC)C)=C1.[Br-].[Br-].[Br-],CCCCCCCCCCCCCCCC[N+](C)(C)Cc1cc(C[N+](C)(C)C)cc(C[N+](C)(C)CCCCCCCCCCCCCCCC)c1.[Br-].[Br-].[Br-],Bad,0,True,False,False
104,A_2025-12-15,CCCCCCCC[N+]1=CC=CC(CN(CC2=C[N+](CCCCCCCC)=CC=C2)CC3=C[N+](CCCCCCCC)=CC=C3)=C1.[Br-].[Br-].[Br-],CCCCCCCC[N+]1=CC=CC(CN(CC2=C[N+](CCCCCCCC)=CC=C2)CC3=C[N+](CCCCCCCC)=CC=C3)=C1.[Br-].[Br-].[Br-],CCCCCCCC[n+]1cccc(CN(Cc2ccc[n+](CCCCCCCC)c2)Cc2ccc[n+](CCCCCCCC)c2)c1.[Br-].[Br-].[Br-],Good,1,True,False,False
105,A_2025-12-15,CCCCCCCCCC[N+]1=CC=CC(CN(CC2=C[N+](CCCCCCCCCC)=CC=C2)CC3=C[N+](CCCCCCCCCC)=CC=C3)=C1.[Br-].[Br-].[Br-],CCCCCCCCCC[N+]1=CC=CC(CN(CC2=C[N+](CCCCCCCCCC)=CC=C2)CC3=C[N+](CCCCCCCCCC)=CC=C3)=C1.[Br-].[Br-].[Br-],CCCCCCCCCC[n+]1cccc(CN(Cc2ccc[n+](CCCCCCCCCC)c2)Cc2ccc[n+](CCCCCCCCCC)c2)c1.[Br-].[Br-].[Br-],Good,1,True,False,False
106,A_2025-12-15,CCCCCCCCCCC[N+]1=CC=CC(CN(CC2=C[N+](CCCCCCCCCCC)=CC=C2)CC3=C[N+](CCCCCCCCCCC)=CC=C3)=C1.[Br-].[Br-].[Br-],CCCCCCCCCCC[N+]1=CC=CC(CN(CC2=C[N+](CCCCCCCCCCC)=CC=C2)CC3=C[N+](CCCCCCCCCCC)=CC=C3)=C1.[Br-].[Br-].[Br-],CCCCCCCCCCC[n+]1cccc(CN(Cc2ccc[n+](CCCCCCCCCCC)c2)Cc2ccc[n+](CCCCCCCCCCC)c2)c1.[Br-].[Br-].[Br-],Good,1,True,False,False
107,A_2025-12-15,CCCCCCCCCCCC[N+]1=CC=CC(CN(CC2=C[N+](CCCCCCCCCCCC)=CC=C2)CC3=C[N+](CCCCCCCCCCCC)=CC=C3)=C1.[Br-].[Br-].[Br-],CCCCCCCCCCCC[N+]1=CC=CC(CN(CC2=C[N+](CCCCCCCCCCCC)=CC=C2)CC3=C[N+](CCCCCCCCCCCC)=CC=C3)=C1.[Br-].[Br-].[Br-],CCCCCCCCCCCC[n+]1cccc(CN(Cc2ccc[n+](CCCCCCCCCCCC)c2)Cc2ccc[n+](CCCCCCCCCCCC)c2)c1.[Br-].[Br-].[Br-],Good,1,True,False,False
108,A_2025-12-15,CCCCCCCCCCCCC[N+]1=CC=CC(CN(CC2=C[N+](CCCCCCCCCCCCC)=CC=C2)CC3=C[N+](CCCCCCCCCCCCC)=CC=C3)=C1.[Br-].[Br-].[Br-],CCCCCCCCCCCCC[N+]1=CC=CC(CN(CC2=C[N+](CCCCCCCCCCCCC)=CC=C2)CC3=C[N+](CCCCCCCCCCCCC)=CC=C3)=C1.[Br-].[Br-].[Br-],CCCCCCCCCCCCC[n+]1cccc(CN(Cc2ccc[n+](CCCCCCCCCCCCC)c2)Cc2ccc[n+](CCCCCCCCCCCCC)c2)c1.[Br-].[Br-].[Br-],Bad,0,True,False,False
109,A_2025-12-15,CCCCCCCCCCCCCC[N+]1=CC=CC(CN(CC2=C[N+](CCCCCCCCCCCCCC)=CC=C2)CC3=C[N+](CCCCCCCCCCCCCC)=CC=C3)=C1.[Br-].[Br-].[Br-],CCCCCCCCCCCCCC[N+]1=CC=CC(CN(CC2=C[N+](CCCCCCCCCCCCCC)=CC=C2)CC3=C[N+](CCCCCCCCCCCCCC)=CC=C3)=C1.[Br-].[Br-].[Br-],CCCCCCCCCCCCCC[n+]1cccc(CN(Cc2ccc[n+](CCCCCCCCCCCCCC)c2)Cc2ccc[n+](CCCCCCCCCCCCCC)c2)c1.[Br-].[Br-].[Br-],Bad,0,True,False,False
110,A_2025-12-15,CCCCCCCCCCCCCCCC[N+]1=CC=CC(CN(CC2=C[N+](CCCCCCCCCCCCCCCC)=CC=C2)CC3=C[N+](CCCCCCCCCCCCCCCC)=CC=C3)=C1.[Br-].[Br-].[Br-],CCCCCCCCCCCCCCCC[N+]1=CC=CC(CN(CC2=C[N+](CCCCCCCCCCCCCCCC)=CC=C2)CC3=C[N+](CCCCCCCCCCCCCCCC)=CC=C3)=C1.[Br-].[Br-].[Br-],CCCCCCCCCCCCCCCC[n+]1cccc(CN(Cc2ccc[n+](CCCCCCCCCCCCCCCC)c2)Cc2ccc[n+](CCCCCCCCCCCCCCCC)c2)c1.[Br-].[Br-].[Br-],Bad,0,True,False,False
111,A_2025-12-15,CCCCCCCCCCCCCCCCCC[N+]1=CC=CC(CN(CC2=C[N+](CCCCCCCCCCCCCCCCCC)=CC=C2)CC3=C[N+](CCCCCCCCCCCCCCCCCC)=CC=C3)=C1.[Br-].[Br-].[Br-],CCCCCCCCCCCCCCCCCC[N+]1=CC=CC(CN(CC2=C[N+](CCCCCCCCCCCCCCCCCC)=CC=C2)CC3=C[N+](CCCCCCCCCCCCCCCCCC)=CC=C3)=C1.[Br-].[Br-].[Br-],CCCCCCCCCCCCCCCCCC[n+]1cccc(CN(Cc2ccc[n+](CCCCCCCCCCCCCCCCCC)c2)Cc2ccc[n+](CCCCCCCCCCCCCCCCCC)c2)c1.[Br-].[Br-].[Br-],Bad,0,True,False,False
112,A_2025-12-15,CCCCCCC[N+]1=CC=CC(OCC(COC2=C[N+](CCCCCCC)=CC=C2)(COC3=C[N+](CCCCCCC)=CC=C3)COC4=C[N+](CCCCCCC)=CC=C4)=C1.[Br-].[Br-].[Br-].[Br-],CCCCCCC[N+]1=CC=CC(OCC(COC2=C[N+](CCCCCCC)=CC=C2)(COC3=C[N+](CCCCCCC)=CC=C3)COC4=C[N+](CCCCCCC)=CC=C4)=C1.[Br-].[Br-].[Br-].[Br-],CCCCCCC[n+]1cccc(OCC(COc2ccc[n+](CCCCCCC)c2)(COc2ccc[n+](CCCCCCC)c2)COc2ccc[n+](CCCCCCC)c2)c1.[Br-].[Br-].[Br-].[Br-],Bad,0,True,False,False
113,A_2025-12-15,CCCCCCCC[N+]1=CC=CC(OCC(COC2=C[N+](CCCCCCCC)=CC=C2)(COC3=C[N+](CCCCCCCC)=CC=C3)COC4=C[N+](CCCCCCCC)=CC=C4)=C1.[Br-].[Br-].[Br-].[Br-],CCCCCCCC[N+]1=CC=CC(OCC(COC2=C[N+](CCCCCCCC)=CC=C2)(COC3=C[N+](CCCCCCCC)=CC=C3)COC4=C[N+](CCCCCCCC)=CC=C4)=C1.[Br-].[Br-].[Br-].[Br-],CCCCCCCC[n+]1cccc(OCC(COc2ccc[n+](CCCCCCCC)c2)(COc2ccc[n+](CCCCCCCC)c2)COc2ccc[n+](CCCCCCCC)c2)c1.[Br-].[Br-].[Br-].[Br-],Bad,0,True,False,False
114,A_2025-12-15,CCCCCCCCC[N+]1=CC=CC(OCC(COC2=C[N+](CCCCCCCCC)=CC=C2)(COC3=C[N+](CCCCCCCCC)=CC=C3)COC4=C[N+](CCCCCCCCC)=CC=C4)=C1.[Br-].[Br-].[Br-].[Br-],CCCCCCCCC[N+]1=CC=CC(OCC(COC2=C[N+](CCCCCCCCC)=CC=C2)(COC3=C[N+](CCCCCCCCC)=CC=C3)COC4=C[N+](CCCCCCCCC)=CC=C4)=C1.[Br-].[Br-].[Br-].[Br-],CCCCCCCCC[n+]1cccc(OCC(COc2ccc[n+](CCCCCCCCC)c2)(COc2ccc[n+](CCCCCCCCC)c2)COc2ccc[n+](CCCCCCCCC)c2)c1.[Br-].[Br-].[Br-].[Br-],Bad,0,True,False,False
115,A_2025-12-15,CCCCCCCCCC[N+]1=CC=CC(OCC(COC2=C[N+](CCCCCCCCCC)=CC=C2)(COC3=C[N+](CCCCCCCCCC)=CC=C3)COC4=C[N+](CCCCCCCCCC)=CC=C4)=C1.[Br-].[Br-].[Br-].[Br-],CCCCCCCCCC[N+]1=CC=CC(OCC(COC2=C[N+](CCCCCCCCCC)=CC=C2)(COC3=C[N+](CCCCCCCCCC)=CC=C3)COC4=C[N+](CCCCCCCCCC)=CC=C4)=C1.[Br-].[Br-].[Br-].[Br-],CCCCCCCCCC[n+]1cccc(OCC(COc2ccc[n+](CCCCCCCCCC)c2)(COc2ccc[n+](CCCCCCCCCC)c2)COc2ccc[n+](CCCCCCCCCC)c2)c1.[Br-].[Br-].[Br-].[Br-],Bad,0,True,False,False
116,A_2025-12-15,CCCCCCCCCCC[N+]1=CC=CC(OCC(COC2=C[N+](CCCCCCCCCCC)=CC=C2)(COC3=C[N+](CCCCCCCCCCC)=CC=C3)COC4=C[N+](CCCCCCCCCCC)=CC=C4)=C1.[Br-].[Br-].[Br-].[Br-],CCCCCCCCCCC[N+]1=CC=CC(OCC(COC2=C[N+](CCCCCCCCCCC)=CC=C2)(COC3=C[N+](CCCCCCCCCCC)=CC=C3)COC4=C[N+](CCCCCCCCCCC)=CC=C4)=C1.[Br-].[Br-].[Br-].[Br-],CCCCCCCCCCC[n+]1cccc(OCC(COc2ccc[n+](CCCCCCCCCCC)c2)(COc2ccc[n+](CCCCCCCCCCC)c2)COc2ccc[n+](CCCCCCCCCCC)c2)c1.[Br-].[Br-].[Br-].[Br-],Bad,0,True,False,False
117,A_2025-12-15,CCCCCCCCCCCC[N+]1=CC=CC(OCC(COC2=C[N+](CCCCCCCCCCCC)=CC=C2)(COC3=C[N+](CCCCCCCCCCCC)=CC=C3)COC4=C[N+](CCCCCCCCCCCC)=CC=C4)=C1.[Br-].[Br-].[Br-].[Br-],CCCCCCCCCCCC[N+]1=CC=CC(OCC(COC2=C[N+](CCCCCCCCCCCC)=CC=C2)(COC3=C[N+](CCCCCCCCCCCC)=CC=C3)COC4=C[N+](CCCCCCCCCCCC)=CC=C4)=C1.[Br-].[Br-].[Br-].[Br-],CCCCCCCCCCCC[n+]1cccc(OCC(COc2ccc[n+](CCCCCCCCCCCC)c2)(COc2ccc[n+](CCCCCCCCCCCC)c2)COc2ccc[n+](CCCCCCCCCCCC)c2)c1.[Br-].[Br-].[Br-].[Br-],Bad,0,True,False,False
118,A_2025-12-15,C[N+](CCCCCCCCCCCC)(C)CC1=CC=CC=C1.[Cl-],C[N+](CCCCCCCCCCCC)(C)CC1=CC=CC=C1.[Cl-],CCCCCCCCCCCC[N+](C)(C)Cc1ccccc1.[Cl-],Bad,0,True,False,False
119,A_2025-12-15,C[N+](CCCCCCCCCCCC)(C)CCCCCCCCCCCC.[Cl-],C[N+](CCCCCCCCCCCC)(C)CCCCCCCCCCCC.[Cl-],CCCCCCCCCCCC[N+](C)(C)CCCCCCCCCCCC.[Cl-],Bad,0,True,False,False
120,A_2025-12-15,C[N+](C)(CC[N+](C)(C)C)C,C[N+](C)(CC[N+](C)(C)C)C,C[N+](C)(C)CC[N+](C)(C)C,Bad,0,True,False,False
121,A_2025-12-15,C[N+](CCCCC[N+](C)(C)C)(C)C.[I-].[I-],C[N+](CCCCC[N+](C)(C)C)(C)C.[I-].[I-],C[N+](C)(C)CCCCC[N+](C)(C)C.[I-].[I-],Bad,0,True,False,False
122,A_2025-12-15,C[N+](CC[N+](C)(CCCCCCCCCCCC)C)(CCCCCCCCCCCC)C.[Br-].[Br-],C[N+](CC[N+](C)(CCCCCCCCCCCC)C)(CCCCCCCCCCCC)C.[Br-].[Br-],CCCCCCCCCCCC[N+](C)(C)CC[N+](C)(C)CCCCCCCCCCCC.[Br-].[Br-],Good,1,True,False,False
123,A_2025-12-15,C[N+](CCC[N+](C)(CCCCCCCCCCCC)C)(CCCCCCCCCCCC)C.[Br-].[Br-],C[N+](CCC[N+](C)(CCCCCCCCCCCC)C)(CCCCCCCCCCCC)C.[Br-].[Br-],CCCCCCCCCCCC[N+](C)(C)CCC[N+](C)(C)CCCCCCCCCCCC.[Br-].[Br-],Good,1,True,False,False
124,A_2025-12-15,C[N+](CCCCC[N+](C)(CCCCCCCCCCCC)C)(CCCCCCCCCCCC)C.[Br-].[Br-],C[N+](CCCCC[N+](C)(CCCCCCCCCCCC)C)(CCCCCCCCCCCC)C.[Br-].[Br-],CCCCCCCCCCCC[N+](C)(C)CCCCC[N+](C)(C)CCCCCCCCCCCC.[Br-].[Br-],Good,1,True,False,False
125,A_2025-12-15,C[N+](CCN(C)CC[N+](C)(CCCCCCCCCCCC)C)(CCCCCCCCCCCC)C.[Br-].[Br-],C[N+](CCN(C)CC[N+](C)(CCCCCCCCCCCC)C)(CCCCCCCCCCCC)C.[Br-].[Br-],CCCCCCCCCCCC[N+](C)(C)CCN(C)CC[N+](C)(C)CCCCCCCCCCCC.[Br-].[Br-],Good,1,True,False,False
126,A_2025-12-15,C[N+](CCCN(C)CCC[N+](C)(CCCCCCCCCCCC)C)(CCCCCCCCCCCC)C.[Br-].[Br-],C[N+](CCCN(C)CCC[N+](C)(CCCCCCCCCCCC)C)(CCCCCCCCCCCC)C.[Br-].[Br-],CCCCCCCCCCCC[N+](C)(C)CCCN(C)CCC[N+](C)(C)CCCCCCCCCCCC.[Br-].[Br-],Good,1,True,False,False
127,A_2025-12-15,C[N+](CC[N+](C)(C)CC[N+](C)(CCCCCCCCCCCC)C)(CCCCCCCCCCCC)C.[Br-].[I-].[Br-],C[N+](CC[N+](C)(C)CC[N+](C)(CCCCCCCCCCCC)C)(CCCCCCCCCCCC)C.[Br-].[I-].[Br-],CCCCCCCCCCCC[N+](C)(C)CC[N+](C)(C)CC[N+](C)(C)CCCCCCCCCCCC.[Br-].[Br-].[I-],Good,1,True,False,False
128,A_2025-12-15,C[N+](CCC[N+](C)(C)CCC[N+](C)(CCCCCCCCCCCC)C)(CCCCCCCCCCCC)C.[Br-].[I-].[Br-],C[N+](CCC[N+](C)(C)CCC[N+](C)(CCCCCCCCCCCC)C)(CCCCCCCCCCCC)C.[Br-].[I-].[Br-],CCCCCCCCCCCC[N+](C)(C)CCC[N+](C)(C)CCC[N+](C)(C)CCCCCCCCCCCC.[Br-].[Br-].[I-],Good,1,True,False,False
129,A_2025-12-15,CCCCCCCCCCC[N+]1=CC=C(C=C1)C2=CC=[N+](C=C2)CCCCCCCCCCC.[Br-].[Br-],CCCCCCCCCCC[N+]1=CC=C(C=C1)C2=CC=[N+](C=C2)CCCCCCCCCCC.[Br-].[Br-],CCCCCCCCCCC[n+]1ccc(-c2cc[n+](CCCCCCCCCCC)cc2)cc1.[Br-].[Br-],Good,1,True,False,False
130,A_2025-12-15,C[N+](C)(CCCCCCCCCCC(OC)=O)CCCCCC.[Cl-],C[N+](C)(CCCCCCCCCCC(OC)=O)CCCCCC.[Cl-],CCCCCC[N+](C)(C)CCCCCCCCCCC(=O)OC.[Cl-],Good,1,True,False,False
131,A_2025-12-15,C[N+](C)(CCCCCCCCCCC(OC)=O)CCCCCCCCCCCC.[Cl-],C[N+](C)(CCCCCCCCCCC(OC)=O)CCCCCCCCCCCC.[Cl-],CCCCCCCCCCCC[N+](C)(C)CCCCCCCCCCC(=O)OC.[Cl-],Bad,0,True,False,False
132,A_2025-12-15,C[N+](C)(CCCCCCCCCCC(OC)=O)CCCCCCCCCCCCCCCCCC.[Cl-],C[N+](C)(CCCCCCCCCCC(OC)=O)CCCCCCCCCCCCCCCCCC.[Cl-],CCCCCCCCCCCCCCCCCC[N+](C)(C)CCCCCCCCCCC(=O)OC.[Cl-],Bad,0,True,False,False
133,A_2025-12-15,C[N+](CCCCCCCCCCC(OC)=O)(CCCCCCCCCCC(OC)=O)CCCCCC.[Cl-],C[N+](CCCCCCCCCCC(OC)=O)(CCCCCCCCCCC(OC)=O)CCCCCC.[Cl-],CCCCCC[N+](C)(CCCCCCCCCCC(=O)OC)CCCCCCCCCCC(=O)OC.[Cl-],Bad,0,True,False,False
134,A_2025-12-15,C[N+](CCCCCCCCCCC(OC)=O)(CCCCCCCCCCC(OC)=O)CCCCCCCCCCCC.[Cl-],C[N+](CCCCCCCCCCC(OC)=O)(CCCCCCCCCCC(OC)=O)CCCCCCCCCCCC.[Cl-],CCCCCCCCCCCC[N+](C)(CCCCCCCCCCC(=O)OC)CCCCCCCCCCC(=O)OC.[Cl-],Bad,0,True,False,False
135,A_2025-12-15,C[N+](CCCCCCCCCCC(OC)=O)(CCCCCCCCCCC(OC)=O)CCCCCCCCCCCCCCCCCC.[Cl-],C[N+](CCCCCCCCCCC(OC)=O)(CCCCCCCCCCC(OC)=O)CCCCCCCCCCCCCCCCCC.[Cl-],CCCCCCCCCCCCCCCCCC[N+](C)(CCCCCCCCCCC(=O)OC)CCCCCCCCCCC(=O)OC.[Cl-],Bad,0,True,False,False
136,A_2025-12-15,C[N+](CCCCCCCCCCC(OC)=O)(CCCCCCCC)CCCCCCCC.[Cl-],C[N+](CCCCCCCCCCC(OC)=O)(CCCCCCCC)CCCCCCCC.[Cl-],CCCCCCCC[N+](C)(CCCCCCCC)CCCCCCCCCCC(=O)OC.[Cl-],Bad,0,True,False,False
137,A_2025-12-15,C[N+](C1CCCCC1)(CCCCCCCCCCC(OC)=O)C2CCCCC2.[Cl-],C[N+](C1CCCCC1)(CCCCCCCCCCC(OC)=O)C2CCCCC2.[Cl-],COC(=O)CCCCCCCCCC[N+](C)(C1CCCCC1)C1CCCCC1.[Cl-],Bad,0,True,False,False
138,A_2025-12-15,OC1C[N+]2(CCC)CCC1CC2.[Br-],OC1C[N+]2(CCC)CCC1CC2.[Br-],CCC[N+]12CCC(CC1)C(O)C2.[Br-],Bad,0,True,False,False
139,A_2025-12-15,OC1C[N+]2(CCCC)CCC1CC2.[Br-],OC1C[N+]2(CCCC)CCC1CC2.[Br-],CCCC[N+]12CCC(CC1)C(O)C2.[Br-],Bad,0,True,False,False
140,A_2025-12-15,OC1C[N+]2(CCCCCC)CCC1CC2.[Br-],OC1C[N+]2(CCCCCC)CCC1CC2.[Br-],CCCCCC[N+]12CCC(CC1)C(O)C2.[Br-],Bad,0,True,False,False
141,A_2025-12-15,OC1C[N+]2(CCCCCCCC)CCC1CC2.[Br-],OC1C[N+]2(CCCCCCCC)CCC1CC2.[Br-],CCCCCCCC[N+]12CCC(CC1)C(O)C2.[Br-],Bad,0,True,False,False
142,A_2025-12-15,OC1C[N+]2(CCCCCCCCCC)CCC1CC2.[Br-],OC1C[N+]2(CCCCCCCCCC)CCC1CC2.[Br-],CCCCCCCCCC[N+]12CCC(CC1)C(O)C2.[Br-],Bad,0,True,False,False
143,A_2025-12-15,OC1C[N+]2(CCCCCCCCCCCC)CCC1CC2.[Br-],OC1C[N+]2(CCCCCCCCCCCC)CCC1CC2.[Br-],CCCCCCCCCCCC[N+]12CCC(CC1)C(O)C2.[Br-],Bad,0,True,False,False
144,A_2025-12-15,OC1C[N+]2(CCCCCCCCCCCCCC)CCC1CC2.[Br-],OC1C[N+]2(CCCCCCCCCCCCCC)CCC1CC2.[Br-],CCCCCCCCCCCCCC[N+]12CCC(CC1)C(O)C2.[Br-],Good,1,True,False,False
145,A_2025-12-15,C[N+](CC(OCCCCCC)=O)(CC[N+](C)(CC(OCCCCCC)=O)C)C.[Cl-].[Cl-],C[N+](CC(OCCCCCC)=O)(CC[N+](C)(CC(OCCCCCC)=O)C)C.[Cl-].[Cl-],CCCCCCOC(=O)C[N+](C)(C)CC[N+](C)(C)CC(=O)OCCCCCC.[Cl-].[Cl-],Bad,0,True,False,False
146,A_2025-12-15,C[N+](CC[N+](CC(OCCCCCCCC)=O)(C)C)(C)CC(OCCCCCCCC)=O.[Cl-].[Cl-],C[N+](CC[N+](CC(OCCCCCCCC)=O)(C)C)(C)CC(OCCCCCCCC)=O.[Cl-].[Cl-],CCCCCCCCOC(=O)C[N+](C)(C)CC[N+](C)(C)CC(=O)OCCCCCCCC.[Cl-].[Cl-],Bad,0,True,False,False
147,A_2025-12-15,C[N+](CC(OCCCCCCCCCC)=O)(CC[N+](C)(CC(OCCCCCCCCCC)=O)C)C.[Cl-].[Cl-],C[N+](CC(OCCCCCCCCCC)=O)(CC[N+](C)(CC(OCCCCCCCCCC)=O)C)C.[Cl-].[Cl-],CCCCCCCCCCOC(=O)C[N+](C)(C)CC[N+](C)(C)CC(=O)OCCCCCCCCCC.[Cl-].[Cl-],Bad,0,True,False,False
148,A_2025-12-15,C[N+](CC(OCCCCCCCCCCCC)=O)(CC[N+](C)(CC(OCCCCCCCCCCCC)=O)C)C.[Cl-].[Cl-],C[N+](CC(OCCCCCCCCCCCC)=O)(CC[N+](C)(CC(OCCCCCCCCCCCC)=O)C)C.[Cl-].[Cl-],CCCCCCCCCCCCOC(=O)C[N+](C)(C)CC[N+](C)(C)CC(=O)OCCCCCCCCCCCC.[Cl-].[Cl-],Bad,0,True,False,False
149,A_2025-12-15,C[N+](CC(OCCCCCCCCCCCCCC)=O)(CC[N+](C)(CC(OCCCCCCCCCCCCCC)=O)C)C.[Cl-].[Cl-],C[N+](CC(OCCCCCCCCCCCCCC)=O)(CC[N+](C)(CC(OCCCCCCCCCCCCCC)=O)C)C.[Cl-].[Cl-],CCCCCCCCCCCCCCOC(=O)C[N+](C)(C)CC[N+](C)(C)CC(=O)OCCCCCCCCCCCCCC.[Cl-].[Cl-],Bad,0,True,False,False
150,A_2025-12-15,C[N+](CC(OCCCCCCCCCCCC)=O)(CC[N+](C)(CC(OCCCCCCCCCCCC)=O)C)C.[Br-].[Br-],C[N+](CC(OCCCCCCCCCCCC)=O)(CC[N+](C)(CC(OCCCCCCCCCCCC)=O)C)C.[Br-].[Br-],CCCCCCCCCCCCOC(=O)C[N+](C)(C)CC[N+](C)(C)CC(=O)OCCCCCCCCCCCC.[Br-].[Br-],Bad,0,True,False,False
151,A_2025-12-15,C[N+](CCC[N+](C)(C)CC(OCCCCCCCCCC)=O)(CC(OCCCCCCCCCC)=O)C.[Cl-].[Cl-],C[N+](CCC[N+](C)(C)CC(OCCCCCCCCCC)=O)(CC(OCCCCCCCCCC)=O)C.[Cl-].[Cl-],CCCCCCCCCCOC(=O)C[N+](C)(C)CCC[N+](C)(C)CC(=O)OCCCCCCCCCC.[Cl-].[Cl-],Bad,0,True,False,False
152,A_2025-12-15,C[N+](CCC[N+](C)(C)CC(OCCCCCCCCCCCC)=O)(CC(OCCCCCCCCCCCC)=O)C.[Cl-].[Cl-],C[N+](CCC[N+](C)(C)CC(OCCCCCCCCCCCC)=O)(CC(OCCCCCCCCCCCC)=O)C.[Cl-].[Cl-],CCCCCCCCCCCCOC(=O)C[N+](C)(C)CCC[N+](C)(C)CC(=O)OCCCCCCCCCCCC.[Cl-].[Cl-],Bad,0,True,False,False
153,A_2025-12-15,C[N+](CCC[N+](C)(C)CC(OCCCCCCCCCCCC)=O)(CC(OCCCCCCCCCCCC)=O)C.[Br-].[Br-],C[N+](CCC[N+](C)(C)CC(OCCCCCCCCCCCC)=O)(CC(OCCCCCCCCCCCC)=O)C.[Br-].[Br-],CCCCCCCCCCCCOC(=O)C[N+](C)(C)CCC[N+](C)(C)CC(=O)OCCCCCCCCCCCC.[Br-].[Br-],Bad,0,True,False,False
154,A_2025-12-15,CC1(C)[C@@H]2C[C@H]1CC[C@@H]2CC[N+](C)(CC[C@H]3CC[C@@H]4C[C@H]3C4(C)C)C.[Cl-],CC1(C)[C@@H]2C[C@H]1CC[C@@H]2CC[N+](C)(CC[C@H]3CC[C@@H]4C[C@H]3C4(C)C)C.[Cl-],CC1(C)[C@@H]2CC[C@H](CC[N+](C)(C)CC[C@H]3CC[C@@H]4C[C@H]3C4(C)C)[C@H]1C2.[Cl-],Good,1,True,False,False
155,A_2025-12-15,CC1(C)[C@@H]2C[C@H]1CC[C@@H]2CC[N+](C)(CC[C@H]3CC[C@@H]4C[C@H]3C4(C)C)C.[I-],CC1(C)[C@@H]2C[C@H]1CC[C@@H]2CC[N+](C)(CC[C@H]3CC[C@@H]4C[C@H]3C4(C)C)C.[I-],CC1(C)[C@@H]2CC[C@H](CC[N+](C)(C)CC[C@H]3CC[C@@H]4C[C@H]3C4(C)C)[C@H]1C2.[I-],Bad,0,True,False,False
156,A_2025-12-15,CC1(C)[C@@H]2C[C@H]1CC[C@@H]2CC[N+]3(CC[C@H]4CC[C@@H]5C[C@H]4C5(C)C)CCCCC3.[I-],CC1(C)[C@@H]2C[C@H]1CC[C@@H]2CC[N+]3(CC[C@H]4CC[C@@H]5C[C@H]4C5(C)C)CCCCC3.[I-],CC1(C)[C@@H]2CC[C@H](CC[N+]3(CC[C@H]4CC[C@@H]5C[C@H]4C5(C)C)CCCCC3)[C@H]1C2.[I-],Bad,0,True,False,False
157,A_2025-12-15,CC1(C)[C@@H]2C[C@H]1CC[C@@H]2CC[N+]3(CC[C@H]4CC[C@@H]5C[C@H]4C5(C)C)CCOCC3.[Cl-],CC1(C)[C@@H]2C[C@H]1CC[C@@H]2CC[N+]3(CC[C@H]4CC[C@@H]5C[C@H]4C5(C)C)CCOCC3.[Cl-],CC1(C)[C@@H]2CC[C@H](CC[N+]3(CC[C@H]4CC[C@@H]5C[C@H]4C5(C)C)CCOCC3)[C@H]1C2.[Cl-],Bad,0,True,False,False
158,A_2025-12-15,CC1(C)[C@@H]2C[C@H]1CC[C@@H]2CC[N+]3(CC[C@H]4CC[C@@H]5C[C@H]4C5(C)C)CCOCC3.[Br-],CC1(C)[C@@H]2C[C@H]1CC[C@@H]2CC[N+]3(CC[C@H]4CC[C@@H]5C[C@H]4C5(C)C)CCOCC3.[Br-],CC1(C)[C@@H]2CC[C@H](CC[N+]3(CC[C@H]4CC[C@@H]5C[C@H]4C5(C)C)CCOCC3)[C@H]1C2.[Br-],Bad,0,True,False,False
159,A_2025-12-15,CC1(C)[C@@H]2C[C@H]1CC[C@@H]2CC[N+]3(CC[C@H]4CC[C@@H]5C[C@H]4C5(C)C)CCOCC3.[I-],CC1(C)[C@@H]2C[C@H]1CC[C@@H]2CC[N+]3(CC[C@H]4CC[C@@H]5C[C@H]4C5(C)C)CCOCC3.[I-],CC1(C)[C@@H]2CC[C@H](CC[N+]3(CC[C@H]4CC[C@@H]5C[C@H]4C5(C)C)CCOCC3)[C@H]1C2.[I-],Bad,0,True,False,False
160,A_2025-12-15,C[N+](C)(CC(NCCNC(C[N+](C)(C)CC(NCCCCCC)=O)=O)=O)CC(NCCCCCC)=O.[Br-].[Br-],C[N+](C)(CC(NCCNC(C[N+](C)(C)CC(NCCCCCC)=O)=O)=O)CC(NCCCCCC)=O.[Br-].[Br-],CCCCCCNC(=O)C[N+](C)(C)CC(=O)NCCNC(=O)C[N+](C)(C)CC(=O)NCCCCCC.[Br-].[Br-],Bad,0,True,False,False
161,A_2025-12-15,C[N+](CC(NCCCNC(C[N+](C)(CC(NCCCCCC)=O)C)=O)=O)(CC(NCCCCCC)=O)C.[Br-].[Br-],C[N+](CC(NCCCNC(C[N+](C)(CC(NCCCCCC)=O)C)=O)=O)(CC(NCCCCCC)=O)C.[Br-].[Br-],CCCCCCNC(=O)C[N+](C)(C)CC(=O)NCCCNC(=O)C[N+](C)(C)CC(=O)NCCCCCC.[Br-].[Br-],Bad,0,True,False,False
162,A_2025-12-15,C[N+](CC(NCCCCNC(C[N+](C)(CC(NCCCCCC)=O)C)=O)=O)(CC(NCCCCCC)=O)C.[Br-].[Br-],C[N+](CC(NCCCCNC(C[N+](C)(CC(NCCCCCC)=O)C)=O)=O)(CC(NCCCCCC)=O)C.[Br-].[Br-],CCCCCCNC(=O)C[N+](C)(C)CC(=O)NCCCCNC(=O)C[N+](C)(C)CC(=O)NCCCCCC.[Br-].[Br-],Bad,0,True,False,False
163,A_2025-12-15,C[N+](C)(CC(NCCCCCCNC(C[N+](C)(C)CC(NCCCCCC)=O)=O)=O)CC(NCCCCCC)=O.[Br-].[Br-],C[N+](C)(CC(NCCCCCCNC(C[N+](C)(C)CC(NCCCCCC)=O)=O)=O)CC(NCCCCCC)=O.[Br-].[Br-],CCCCCCNC(=O)C[N+](C)(C)CC(=O)NCCCCCCNC(=O)C[N+](C)(C)CC(=O)NCCCCCC.[Br-].[Br-],Bad,0,True,False,False
164,A_2025-12-15,C[N+](CC(NCCNC(C[N+](C)(CC(NCCCCCCCC)=O)C)=O)=O)(CC(NCCCCCCCC)=O)C.[Br-].[Br-],C[N+](CC(NCCNC(C[N+](C)(CC(NCCCCCCCC)=O)C)=O)=O)(CC(NCCCCCCCC)=O)C.[Br-].[Br-],CCCCCCCCNC(=O)C[N+](C)(C)CC(=O)NCCNC(=O)C[N+](C)(C)CC(=O)NCCCCCCCC.[Br-].[Br-],Bad,0,True,False,False
165,A_2025-12-15,C[N+](CC(NCCCCCCCC)=O)(C)CC(NCCCNC(C[N+](CC(NCCCCCCCC)=O)(C)C)=O)=O.[Br-].[Br-],C[N+](CC(NCCCCCCCC)=O)(C)CC(NCCCNC(C[N+](CC(NCCCCCCCC)=O)(C)C)=O)=O.[Br-].[Br-],CCCCCCCCNC(=O)C[N+](C)(C)CC(=O)NCCCNC(=O)C[N+](C)(C)CC(=O)NCCCCCCCC.[Br-].[Br-],Bad,0,True,False,False
166,A_2025-12-15,C[N+](CC(NCCCCCCCC)=O)(C)CC(NCCCCNC(C[N+](CC(NCCCCCCCC)=O)(C)C)=O)=O.[Br-].[Br-],C[N+](CC(NCCCCCCCC)=O)(C)CC(NCCCCNC(C[N+](CC(NCCCCCCCC)=O)(C)C)=O)=O.[Br-].[Br-],CCCCCCCCNC(=O)C[N+](C)(C)CC(=O)NCCCCNC(=O)C[N+](C)(C)CC(=O)NCCCCCCCC.[Br-].[Br-],Good,1,True,False,False
167,A_2025-12-15,C[N+](CC(NCCCCCCNC(C[N+](C)(CC(NCCCCCCCC)=O)C)=O)=O)(CC(NCCCCCCCC)=O)C.[Br-].[Br-],C[N+](CC(NCCCCCCNC(C[N+](C)(CC(NCCCCCCCC)=O)C)=O)=O)(CC(NCCCCCCCC)=O)C.[Br-].[Br-],CCCCCCCCNC(=O)C[N+](C)(C)CC(=O)NCCCCCCNC(=O)C[N+](C)(C)CC(=O)NCCCCCCCC.[Br-].[Br-],Good,1,True,False,False
168,A_2025-12-15,C[N+](CC(NCCNC(C[N+](C)(CC(NCCCCCCCCCCCC)=O)C)=O)=O)(CC(NCCCCCCCCCCCC)=O)C.[Br-].[Br-],C[N+](CC(NCCNC(C[N+](C)(CC(NCCCCCCCCCCCC)=O)C)=O)=O)(CC(NCCCCCCCCCCCC)=O)C.[Br-].[Br-],CCCCCCCCCCCCNC(=O)C[N+](C)(C)CC(=O)NCCNC(=O)C[N+](C)(C)CC(=O)NCCCCCCCCCCCC.[Br-].[Br-],Bad,0,True,False,False
169,A_2025-12-15,C[N+](CC(NCCCCCCCCCCCC)=O)(C)CC(NCCCNC(C[N+](CC(NCCCCCCCCCCCC)=O)(C)C)=O)=O.[Br-].[Br-],C[N+](CC(NCCCCCCCCCCCC)=O)(C)CC(NCCCNC(C[N+](CC(NCCCCCCCCCCCC)=O)(C)C)=O)=O.[Br-].[Br-],CCCCCCCCCCCCNC(=O)C[N+](C)(C)CC(=O)NCCCNC(=O)C[N+](C)(C)CC(=O)NCCCCCCCCCCCC.[Br-].[Br-],Bad,0,True,False,False
170,A_2025-12-15,C[N+](CC(NCCCCCCCCCCCC)=O)(C)CC(NCCCCNC(C[N+](CC(NCCCCCCCCCCCC)=O)(C)C)=O)=O.[Br-].[Br-],C[N+](CC(NCCCCCCCCCCCC)=O)(C)CC(NCCCCNC(C[N+](CC(NCCCCCCCCCCCC)=O)(C)C)=O)=O.[Br-].[Br-],CCCCCCCCCCCCNC(=O)C[N+](C)(C)CC(=O)NCCCCNC(=O)C[N+](C)(C)CC(=O)NCCCCCCCCCCCC.[Br-].[Br-],Bad,0,True,False,False
171,A_2025-12-15,C[N+](CC(NCCCCCCNC(C[N+](C)(CC(NCCCCCCCCCCCC)=O)C)=O)=O)(CC(NCCCCCCCCCCCC)=O)C.[Br-].[Br-],C[N+](CC(NCCCCCCNC(C[N+](C)(CC(NCCCCCCCCCCCC)=O)C)=O)=O)(CC(NCCCCCCCCCCCC)=O)C.[Br-].[Br-],CCCCCCCCCCCCNC(=O)C[N+](C)(C)CC(=O)NCCCCCCNC(=O)C[N+](C)(C)CC(=O)NCCCCCCCCCCCC.[Br-].[Br-],Bad,0,True,False,False
172,A_2025-12-15,C[N+](CC(NCCNC(C[N+](C)(CC(NCCCCCCCCCCCCCCCC)=O)C)=O)=O)(CC(NCCCCCCCCCCCCCCCC)=O)C.[Br-].[Br-],C[N+](CC(NCCNC(C[N+](C)(CC(NCCCCCCCCCCCCCCCC)=O)C)=O)=O)(CC(NCCCCCCCCCCCCCCCC)=O)C.[Br-].[Br-],CCCCCCCCCCCCCCCCNC(=O)C[N+](C)(C)CC(=O)NCCNC(=O)C[N+](C)(C)CC(=O)NCCCCCCCCCCCCCCCC.[Br-].[Br-],Bad,0,True,False,False
173,A_2025-12-15,C[N+](CC(NCCCCCCCCCCCCCCCC)=O)(C)CC(NCCCNC(C[N+](CC(NCCCCCCCCCCCCCCCC)=O)(C)C)=O)=O.[Br-].[Br-],C[N+](CC(NCCCCCCCCCCCCCCCC)=O)(C)CC(NCCCNC(C[N+](CC(NCCCCCCCCCCCCCCCC)=O)(C)C)=O)=O.[Br-].[Br-],CCCCCCCCCCCCCCCCNC(=O)C[N+](C)(C)CC(=O)NCCCNC(=O)C[N+](C)(C)CC(=O)NCCCCCCCCCCCCCCCC.[Br-].[Br-],Bad,0,True,False,False
174,A_2025-12-15,C[N+](CC(NCCCCCCCCCCCCCCCC)=O)(C)CC(NCCCCNC(C[N+](CC(NCCCCCCCCCCCCCCCC)=O)(C)C)=O)=O.[Br-].[Br-],C[N+](CC(NCCCCCCCCCCCCCCCC)=O)(C)CC(NCCCCNC(C[N+](CC(NCCCCCCCCCCCCCCCC)=O)(C)C)=O)=O.[Br-].[Br-],CCCCCCCCCCCCCCCCNC(=O)C[N+](C)(C)CC(=O)NCCCCNC(=O)C[N+](C)(C)CC(=O)NCCCCCCCCCCCCCCCC.[Br-].[Br-],Bad,0,True,False,False
175,A_2025-12-15,C[N+](CC(NCCCCCCCCCCCCCCCC)=O)(C)CC(NCCCCCCNC(C[N+](CC(NCCCCCCCCCCCCCCCC)=O)(C)C)=O)=O.[Br-].[Br-],C[N+](CC(NCCCCCCCCCCCCCCCC)=O)(C)CC(NCCCCCCNC(C[N+](CC(NCCCCCCCCCCCCCCCC)=O)(C)C)=O)=O.[Br-].[Br-],CCCCCCCCCCCCCCCCNC(=O)C[N+](C)(C)CC(=O)NCCCCCCNC(=O)C[N+](C)(C)CC(=O)NCCCCCCCCCCCCCCCC.[Br-].[Br-],Bad,0,True,False,False
176,A_2025-12-15,O=C(NCC[N+](C)(C)CCCCCCCCCCCC)[C@]12C[C@@H]3C[C@@](C1)(C(NCC[N+](C)(CCCCCCCCCCCC)C)=O)C[C@H](C2)C3.[Br-].[Br-],O=C(NCC[N+](C)(C)CCCCCCCCCCCC)[C@]12C[C@@H]3C[C@@](C1)(C(NCC[N+](C)(CCCCCCCCCCCC)C)=O)C[C@H](C2)C3.[Br-].[Br-],CCCCCCCCCCCC[N+](C)(C)CCNC(=O)[C@]12C[C@H]3C[C@H](C[C@](C(=O)NCC[N+](C)(C)CCCCCCCCCCCC)(C3)C1)C2.[Br-].[Br-],Good,1,True,False,False
177,A_2025-12-15,O=C(NCC[N+](C)(C)CCCCCCCCCCCCCC)[C@]12C[C@@H]3C[C@@](C1)(C(NCC[N+](C)(CCCCCCCCCCCCCC)C)=O)C[C@H](C2)C3.[Br-].[Br-],O=C(NCC[N+](C)(C)CCCCCCCCCCCCCC)[C@]12C[C@@H]3C[C@@](C1)(C(NCC[N+](C)(CCCCCCCCCCCCCC)C)=O)C[C@H](C2)C3.[Br-].[Br-],CCCCCCCCCCCCCC[N+](C)(C)CCNC(=O)[C@]12C[C@H]3C[C@H](C[C@](C(=O)NCC[N+](C)(C)CCCCCCCCCCCCCC)(C3)C1)C2.[Br-].[Br-],Bad,0,True,False,False
178,A_2025-12-15,O=C(NCC[N+](C)(C)CCCCCCCCCCCCCCCC)[C@]12C[C@@H]3C[C@@](C1)(C(NCC[N+](C)(CCCCCCCCCCCCCCCC)C)=O)C[C@H](C2)C3.[Br-].[Br-],O=C(NCC[N+](C)(C)CCCCCCCCCCCCCCCC)[C@]12C[C@@H]3C[C@@](C1)(C(NCC[N+](C)(CCCCCCCCCCCCCCCC)C)=O)C[C@H](C2)C3.[Br-].[Br-],CCCCCCCCCCCCCCCC[N+](C)(C)CCNC(=O)[C@]12C[C@H]3C[C@H](C[C@](C(=O)NCC[N+](C)(C)CCCCCCCCCCCCCCCC)(C3)C1)C2.[Br-].[Br-],Bad,0,True,False,False
179,A_2025-12-15,CN1CC[N+](C)(CCCCCCCCCCCC)CC1.[Cl-],CN1CC[N+](C)(CCCCCCCCCCCC)CC1.[Cl-],CCCCCCCCCCCC[N+]1(C)CCN(C)CC1.[Cl-],Bad,0,True,False,False
180,A_2025-12-15,C[N+]1(CCCCCCCC)CC[N+](C)(CCCCCCCC)CC1.[Br-].[Br-],C[N+]1(CCCCCCCC)CC[N+](C)(CCCCCCCC)CC1.[Br-].[Br-],CCCCCCCC[N+]1(C)CC[N+](C)(CCCCCCCC)CC1.[Br-].[Br-],Bad,0,True,False,False
181,A_2025-12-15,C[N+]1(CCCCCCCCCC)CC[N+](C)(CCCCCCCCCC)CC1.[Br-].[Br-],C[N+]1(CCCCCCCCCC)CC[N+](C)(CCCCCCCCCC)CC1.[Br-].[Br-],CCCCCCCCCC[N+]1(C)CC[N+](C)(CCCCCCCCCC)CC1.[Br-].[Br-],Bad,0,True,False,False
182,A_2025-12-15,C[N+]1(CCCCCCCCCCC)CC[N+](C)(CCCCCCCCCCC)CC1.[Br-].[Br-],C[N+]1(CCCCCCCCCCC)CC[N+](C)(CCCCCCCCCCC)CC1.[Br-].[Br-],CCCCCCCCCCC[N+]1(C)CC[N+](C)(CCCCCCCCCCC)CC1.[Br-].[Br-],Bad,0,True,False,False
183,A_2025-12-15,C[N+]1(CCCCCCCCCCCC)CC[N+](C)(CCCCCCCCCCCC)CC1.[Br-].[Br-],C[N+]1(CCCCCCCCCCCC)CC[N+](C)(CCCCCCCCCCCC)CC1.[Br-].[Br-],CCCCCCCCCCCC[N+]1(C)CC[N+](C)(CCCCCCCCCCCC)CC1.[Br-].[Br-],Good,1,True,False,False
184,A_2025-12-15,C[N+]1(CCCCCCCCCCCC)CC[N+](C)(CCCCCCCCCCCC)CC1.[Cl-].[Br-],C[N+]1(CCCCCCCCCCCC)CC[N+](C)(CCCCCCCCCCCC)CC1.[Cl-].[Br-],CCCCCCCCCCCC[N+]1(C)CC[N+](C)(CCCCCCCCCCCC)CC1.[Br-].[Cl-],Good,1,True,False,False
185,A_2025-12-15,C[N+]1(CCCCCCCCCCCCC)CC[N+](C)(CCCCCCCCCCCCC)CC1.[Br-].[Br-],C[N+]1(CCCCCCCCCCCCC)CC[N+](C)(CCCCCCCCCCCCC)CC1.[Br-].[Br-],CCCCCCCCCCCCC[N+]1(C)CC[N+](C)(CCCCCCCCCCCCC)CC1.[Br-].[Br-],Bad,0,True,False,False
186,A_2025-12-15,C[N+]1(CCCCCCCCCCCCCC)CC[N+](C)(CCCCCCCCCCCCCC)CC1.[Br-].[Br-],C[N+]1(CCCCCCCCCCCCCC)CC[N+](C)(CCCCCCCCCCCCCC)CC1.[Br-].[Br-],CCCCCCCCCCCCCC[N+]1(C)CC[N+](C)(CCCCCCCCCCCCCC)CC1.[Br-].[Br-],Bad,0,True,False,False
187,A_2025-12-15,C[N+]1(CCCCCCCCCCCCCCCC)CC[N+](C)(CCCCCCCCCCCCCCCC)CC1.[Br-].[Br-],C[N+]1(CCCCCCCCCCCCCCCC)CC[N+](C)(CCCCCCCCCCCCCCCC)CC1.[Br-].[Br-],CCCCCCCCCCCCCCCC[N+]1(C)CC[N+](C)(CCCCCCCCCCCCCCCC)CC1.[Br-].[Br-],Bad,0,True,False,False
188,A_2025-12-15,C[N+]1(CCCCCCCCCCCCCCCCCC)CC[N+](C)(CCCCCCCCCCCCCCCCCC)CC1.[Br-].[Br-],C[N+]1(CCCCCCCCCCCCCCCCCC)CC[N+](C)(CCCCCCCCCCCCCCCCCC)CC1.[Br-].[Br-],CCCCCCCCCCCCCCCCCC[N+]1(C)CC[N+](C)(CCCCCCCCCCCCCCCCCC)CC1.[Br-].[Br-],Bad,0,True,False,False
189,A_2025-12-15,C[N+]1(CC[N+](C)(CC1)CC(NCCCCCCCC)=O)CC(NCCCCCCCC)=O.[Br-].[Br-],C[N+]1(CC[N+](C)(CC1)CC(NCCCCCCCC)=O)CC(NCCCCCCCC)=O.[Br-].[Br-],CCCCCCCCNC(=O)C[N+]1(C)CC[N+](C)(CC(=O)NCCCCCCCC)CC1.[Br-].[Br-],Good,1,True,False,False
190,A_2025-12-15,C[N+]1(CC[N+](C)(CC1)CC(NCCCCCCCCC)=O)CC(NCCCCCCCCC)=O.[Br-].[Br-],C[N+]1(CC[N+](C)(CC1)CC(NCCCCCCCCC)=O)CC(NCCCCCCCCC)=O.[Br-].[Br-],CCCCCCCCCNC(=O)C[N+]1(C)CC[N+](C)(CC(=O)NCCCCCCCCC)CC1.[Br-].[Br-],Good,1,True,False,False
191,A_2025-12-15,C[N+]1(CC[N+](C)(CC1)CC(NCCCCCCCCCC)=O)CC(NCCCCCCCCCC)=O.[Br-].[Br-],C[N+]1(CC[N+](C)(CC1)CC(NCCCCCCCCCC)=O)CC(NCCCCCCCCCC)=O.[Br-].[Br-],CCCCCCCCCCNC(=O)C[N+]1(C)CC[N+](C)(CC(=O)NCCCCCCCCCC)CC1.[Br-].[Br-],Good,1,True,False,False
192,A_2025-12-15,C[N+]1(CC[N+](C)(CC1)CC(NCCCCCCCCCCC)=O)CC(NCCCCCCCCCCC)=O.[Br-].[Br-],C[N+]1(CC[N+](C)(CC1)CC(NCCCCCCCCCCC)=O)CC(NCCCCCCCCCCC)=O.[Br-].[Br-],CCCCCCCCCCCNC(=O)C[N+]1(C)CC[N+](C)(CC(=O)NCCCCCCCCCCC)CC1.[Br-].[Br-],Bad,0,True,False,False
193,A_2025-12-15,C[N+]1(CC[N+](C)(CC1)CC(NCCCCCCCCCCCC)=O)CC(NCCCCCCCCCCCC)=O.[Br-].[Br-],C[N+]1(CC[N+](C)(CC1)CC(NCCCCCCCCCCCC)=O)CC(NCCCCCCCCCCCC)=O.[Br-].[Br-],CCCCCCCCCCCCNC(=O)C[N+]1(C)CC[N+](C)(CC(=O)NCCCCCCCCCCCC)CC1.[Br-].[Br-],Bad,0,True,False,False
194,A_2025-12-15,C[N+]1(CC[N+](C)(CC1)CC(NCCCCCCCCCCCCCC)=O)CC(NCCCCCCCCCCCCCC)=O.[Br-].[Br-],C[N+]1(CC[N+](C)(CC1)CC(NCCCCCCCCCCCCCC)=O)CC(NCCCCCCCCCCCCCC)=O.[Br-].[Br-],CCCCCCCCCCCCCCNC(=O)C[N+]1(C)CC[N+](C)(CC(=O)NCCCCCCCCCCCCCC)CC1.[Br-].[Br-],Bad,0,True,False,False
195,A_2025-12-15,CCCCCCCCCCCC[N+]12CCN(CC2)CC1.[Cl-],CCCCCCCCCCCC[N+]12CCN(CC2)CC1.[Cl-],CCCCCCCCCCCC[N+]12CCN(CC1)CC2.[Cl-],Bad,0,True,False,False
196,A_2025-12-15,CCCCCCCCCCCC[N+]12CC[N+](CC2)(CCCCCCCCCCCC)CC1.[Br-].[Br-],CCCCCCCCCCCC[N+]12CC[N+](CC2)(CCCCCCCCCCCC)CC1.[Br-].[Br-],CCCCCCCCCCCC[N+]12CC[N+](CCCCCCCCCCCC)(CC1)CC2.[Br-].[Br-],Good,1,True,False,False
197,A_2025-12-15,O=C(NCCCCCCCCC)C[N+]12CC[N+](CC2)(CC(NCCCCCCCCC)=O)CC1.[Br-].[Br-],O=C(NCCCCCCCCC)C[N+]12CC[N+](CC2)(CC(NCCCCCCCCC)=O)CC1.[Br-].[Br-],CCCCCCCCCNC(=O)C[N+]12CC[N+](CC(=O)NCCCCCCCCC)(CC1)CC2.[Br-].[Br-],Good,1,True,False,False
198,A_2025-12-15,O=C(NCCCCCCCCCC)C[N+]12CC[N+](CC2)(CC(NCCCCCCCCCC)=O)CC1.[Br-].[Br-],O=C(NCCCCCCCCCC)C[N+]12CC[N+](CC2)(CC(NCCCCCCCCCC)=O)CC1.[Br-].[Br-],CCCCCCCCCCNC(=O)C[N+]12CC[N+](CC(=O)NCCCCCCCCCC)(CC1)CC2.[Br-].[Br-],Good,1,True,False,False
199,A_2025-12-15,C[N+](C)(CCCCCCCC)CCCN(CCC[N+](C)(C)CCCCCCCC)CCC[N+](C)(CCCCCCCC)C.[Br-].[Br-].[Br-],C[N+](C)(CCCCCCCC)CCCN(CCC[N+](C)(C)CCCCCCCC)CCC[N+](C)(CCCCCCCC)C.[Br-].[Br-].[Br-],CCCCCCCC[N+](C)(C)CCCN(CCC[N+](C)(C)CCCCCCCC)CCC[N+](C)(C)CCCCCCCC.[Br-].[Br-].[Br-],Bad,0,True,False,False
200,A_2025-12-15,C[N+](CCCCCCCC)(CCC[N+](C)(CCC[N+](CCCCCCCC)(C)C)CCC[N+](C)(CCCCCCCC)C)C.[I-].[Br-].[Br-].[Br-],C[N+](CCCCCCCC)(CCC[N+](C)(CCC[N+](CCCCCCCC)(C)C)CCC[N+](C)(CCCCCCCC)C)C.[I-].[Br-].[Br-].[Br-],CCCCCCCC[N+](C)(C)CCC[N+](C)(CCC[N+](C)(C)CCCCCCCC)CCC[N+](C)(C)CCCCCCCC.[Br-].[Br-].[Br-].[I-],Bad,0,True,False,False
201,A_2025-12-15,C[N+](C)(CCCCCCCC)CCC[N+](CCC[N+](C)(C)CCCCCCCC)(CC=C)CCC[N+](C)(CCCCCCCC)C.[Br-].[Br-].[Br-].[Br-],C[N+](C)(CCCCCCCC)CCC[N+](CCC[N+](C)(C)CCCCCCCC)(CC=C)CCC[N+](C)(CCCCCCCC)C.[Br-].[Br-].[Br-].[Br-],C=CC[N+](CCC[N+](C)(C)CCCCCCCC)(CCC[N+](C)(C)CCCCCCCC)CCC[N+](C)(C)CCCCCCCC.[Br-].[Br-].[Br-].[Br-],Bad,0,True,False,False
202,A_2025-12-15,C[N+](C)(CCCCCCCCCC)CCCN(CCC[N+](C)(C)CCCCCCCCCC)CCC[N+](C)(CCCCCCCCCC)C.[Br-].[Br-].[Br-],C[N+](C)(CCCCCCCCCC)CCCN(CCC[N+](C)(C)CCCCCCCCCC)CCC[N+](C)(CCCCCCCCCC)C.[Br-].[Br-].[Br-],CCCCCCCCCC[N+](C)(C)CCCN(CCC[N+](C)(C)CCCCCCCCCC)CCC[N+](C)(C)CCCCCCCCCC.[Br-].[Br-].[Br-],Good,1,True,False,False
203,A_2025-12-15,C[N+](C)(CCCCCCCCCC)CCC[N+](CCC[N+](C)(C)CCCCCCCCCC)(C)CCC[N+](C)(CCCCCCCCCC)C.[I-].[Br-].[Br-].[Br-],C[N+](C)(CCCCCCCCCC)CCC[N+](CCC[N+](C)(C)CCCCCCCCCC)(C)CCC[N+](C)(CCCCCCCCCC)C.[I-].[Br-].[Br-].[Br-],CCCCCCCCCC[N+](C)(C)CCC[N+](C)(CCC[N+](C)(C)CCCCCCCCCC)CCC[N+](C)(C)CCCCCCCCCC.[Br-].[Br-].[Br-].[I-],Good,1,True,False,False
204,A_2025-12-15,C[N+](C)(CCCCCCCCCC)CCC[N+](CCC[N+](C)(C)CCCCCCCCCC)(CC=C)CCC[N+](C)(CCCCCCCCCC)C.[Br-].[Br-].[Br-].[Br-],C[N+](C)(CCCCCCCCCC)CCC[N+](CCC[N+](C)(C)CCCCCCCCCC)(CC=C)CCC[N+](C)(CCCCCCCCCC)C.[Br-].[Br-].[Br-].[Br-],C=CC[N+](CCC[N+](C)(C)CCCCCCCCCC)(CCC[N+](C)(C)CCCCCCCCCC)CCC[N+](C)(C)CCCCCCCCCC.[Br-].[Br-].[Br-].[Br-],Good,1,True,False,False
205,A_2025-12-15,C[N+](C)(CCCCCCCCCCC)CCCN(CCC[N+](C)(C)CCCCCCCCCCC)CCC[N+](C)(CCCCCCCCCCC)C.[Br-].[Br-].[Br-],C[N+](C)(CCCCCCCCCCC)CCCN(CCC[N+](C)(C)CCCCCCCCCCC)CCC[N+](C)(CCCCCCCCCCC)C.[Br-].[Br-].[Br-],CCCCCCCCCCC[N+](C)(C)CCCN(CCC[N+](C)(C)CCCCCCCCCCC)CCC[N+](C)(C)CCCCCCCCCCC.[Br-].[Br-].[Br-],Good,1,True,False,False
206,A_2025-12-15,C[N+](C)(CCCCCCCCCCC)CCC[N+](CCC[N+](C)(C)CCCCCCCCCCC)(C)CCC[N+](C)(CCCCCCCCCCC)C.[I-].[Br-].[Br-].[Br-],C[N+](C)(CCCCCCCCCCC)CCC[N+](CCC[N+](C)(C)CCCCCCCCCCC)(C)CCC[N+](C)(CCCCCCCCCCC)C.[I-].[Br-].[Br-].[Br-],CCCCCCCCCCC[N+](C)(C)CCC[N+](C)(CCC[N+](C)(C)CCCCCCCCCCC)CCC[N+](C)(C)CCCCCCCCCCC.[Br-].[Br-].[Br-].[I-],Good,1,True,False,False
207,A_2025-12-15,C[N+](C)(CCCCCCCCCCC)CCC[N+](CCC[N+](C)(C)CCCCCCCCCCC)(CC=C)CCC[N+](C)(CCCCCCCCCCC)C.[Br-].[Br-].[Br-].[Br-],C[N+](C)(CCCCCCCCCCC)CCC[N+](CCC[N+](C)(C)CCCCCCCCCCC)(CC=C)CCC[N+](C)(CCCCCCCCCCC)C.[Br-].[Br-].[Br-].[Br-],C=CC[N+](CCC[N+](C)(C)CCCCCCCCCCC)(CCC[N+](C)(C)CCCCCCCCCCC)CCC[N+](C)(C)CCCCCCCCCCC.[Br-].[Br-].[Br-].[Br-],Good,1,True,False,False
208,A_2025-12-15,C[N+](C)(CCCCCCCCCCC)CCC[N+](CCC[N+](C)(C)CCCCCCCCCCC)(CC1=CC=CC=C1)CCC[N+](C)(CCCCCCCCCCC)C.[Br-].[Br-].[Br-].[Br-],C[N+](C)(CCCCCCCCCCC)CCC[N+](CCC[N+](C)(C)CCCCCCCCCCC)(CC1=CC=CC=C1)CCC[N+](C)(CCCCCCCCCCC)C.[Br-].[Br-].[Br-].[Br-],CCCCCCCCCCC[N+](C)(C)CCC[N+](CCC[N+](C)(C)CCCCCCCCCCC)(CCC[N+](C)(C)CCCCCCCCCCC)Cc1ccccc1.[Br-].[Br-].[Br-].[Br-],Good,1,True,False,False
209,A_2025-12-15,C[N+](C)(CCCCCCCCCCCC)CCCN(CCC[N+](C)(C)CCCCCCCCCCCC)CCC[N+](C)(CCCCCCCCCCCC)C.[Br-].[Br-].[Br-],C[N+](C)(CCCCCCCCCCCC)CCCN(CCC[N+](C)(C)CCCCCCCCCCCC)CCC[N+](C)(CCCCCCCCCCCC)C.[Br-].[Br-].[Br-],CCCCCCCCCCCC[N+](C)(C)CCCN(CCC[N+](C)(C)CCCCCCCCCCCC)CCC[N+](C)(C)CCCCCCCCCCCC.[Br-].[Br-].[Br-],Good,1,True,False,False
210,A_2025-12-15,C[N+](C)(CCCCCCCCCCCC)CCC[N+](CCC[N+](C)(C)CCCCCCCCCCCC)(C)CCC[N+](C)(CCCCCCCCCCCC)C.[I-].[Br-].[Br-].[Br-],C[N+](C)(CCCCCCCCCCCC)CCC[N+](CCC[N+](C)(C)CCCCCCCCCCCC)(C)CCC[N+](C)(CCCCCCCCCCCC)C.[I-].[Br-].[Br-].[Br-],CCCCCCCCCCCC[N+](C)(C)CCC[N+](C)(CCC[N+](C)(C)CCCCCCCCCCCC)CCC[N+](C)(C)CCCCCCCCCCCC.[Br-].[Br-].[Br-].[I-],Good,1,True,False,False
211,A_2025-12-15,C[N+](C)(CCCCCCCCCCCC)CCC[N+](CCC[N+](C)(C)CCCCCCCCCCCC)(CC=C)CCC[N+](C)(CCCCCCCCCCCC)C.[Br-].[Br-].[Br-].[Br-],C[N+](C)(CCCCCCCCCCCC)CCC[N+](CCC[N+](C)(C)CCCCCCCCCCCC)(CC=C)CCC[N+](C)(CCCCCCCCCCCC)C.[Br-].[Br-].[Br-].[Br-],C=CC[N+](CCC[N+](C)(C)CCCCCCCCCCCC)(CCC[N+](C)(C)CCCCCCCCCCCC)CCC[N+](C)(C)CCCCCCCCCCCC.[Br-].[Br-].[Br-].[Br-],Good,1,True,False,False
212,A_2025-12-15,C[N+](C)(CCCCCCCCCCCC)CCC[N+](CCC[N+](C)(C)CCCCCCCCCCCC)(CC1=CC=CC=C1)CCC[N+](C)(CCCCCCCCCCCC)C.[Br-].[Br-].[Br-].[Br-],C[N+](C)(CCCCCCCCCCCC)CCC[N+](CCC[N+](C)(C)CCCCCCCCCCCC)(CC1=CC=CC=C1)CCC[N+](C)(CCCCCCCCCCCC)C.[Br-].[Br-].[Br-].[Br-],CCCCCCCCCCCC[N+](C)(C)CCC[N+](CCC[N+](C)(C)CCCCCCCCCCCC)(CCC[N+](C)(C)CCCCCCCCCCCC)Cc1ccccc1.[Br-].[Br-].[Br-].[Br-],Good,1,True,False,False
213,A_2025-12-15,C[N+](C)(CCCCCCCCCCCCC)CCCN(CCC[N+](C)(C)CCCCCCCCCCCCC)CCC[N+](C)(CCCCCCCCCCCCC)C.[Br-].[Br-].[Br-],C[N+](C)(CCCCCCCCCCCCC)CCCN(CCC[N+](C)(C)CCCCCCCCCCCCC)CCC[N+](C)(CCCCCCCCCCCCC)C.[Br-].[Br-].[Br-],CCCCCCCCCCCCC[N+](C)(C)CCCN(CCC[N+](C)(C)CCCCCCCCCCCCC)CCC[N+](C)(C)CCCCCCCCCCCCC.[Br-].[Br-].[Br-],Good,1,True,False,False
214,A_2025-12-15,C[N+](C)(CCCCCCCCCCCCC)CCC[N+](CCC[N+](C)(C)CCCCCCCCCCCCC)(C)CCC[N+](C)(CCCCCCCCCCCCC)C.[I-].[Br-].[Br-].[Br-],C[N+](C)(CCCCCCCCCCCCC)CCC[N+](CCC[N+](C)(C)CCCCCCCCCCCCC)(C)CCC[N+](C)(CCCCCCCCCCCCC)C.[I-].[Br-].[Br-].[Br-],CCCCCCCCCCCCC[N+](C)(C)CCC[N+](C)(CCC[N+](C)(C)CCCCCCCCCCCCC)CCC[N+](C)(C)CCCCCCCCCCCCC.[Br-].[Br-].[Br-].[I-],Good,1,True,False,False
215,A_2025-12-15,C[N+](C)(CCCCCCCCCCCCC)CCC[N+](CCC[N+](C)(C)CCCCCCCCCCCCC)(CC=C)CCC[N+](C)(CCCCCCCCCCCCC)C.[Br-].[Br-].[Br-].[Br-],C[N+](C)(CCCCCCCCCCCCC)CCC[N+](CCC[N+](C)(C)CCCCCCCCCCCCC)(CC=C)CCC[N+](C)(CCCCCCCCCCCCC)C.[Br-].[Br-].[Br-].[Br-],C=CC[N+](CCC[N+](C)(C)CCCCCCCCCCCCC)(CCC[N+](C)(C)CCCCCCCCCCCCC)CCC[N+](C)(C)CCCCCCCCCCCCC.[Br-].[Br-].[Br-].[Br-],Good,1,True,False,False
216,A_2025-12-15,C[N+](C)(CCCCCCCCCCCCCC)CCCN(CCC[N+](C)(C)CCCCCCCCCCCCCC)CCC[N+](C)(CCCCCCCCCCCCCC)C.[Br-].[Br-].[Br-],C[N+](C)(CCCCCCCCCCCCCC)CCCN(CCC[N+](C)(C)CCCCCCCCCCCCCC)CCC[N+](C)(CCCCCCCCCCCCCC)C.[Br-].[Br-].[Br-],CCCCCCCCCCCCCC[N+](C)(C)CCCN(CCC[N+](C)(C)CCCCCCCCCCCCCC)CCC[N+](C)(C)CCCCCCCCCCCCCC.[Br-].[Br-].[Br-],Bad,0,True,False,False
217,A_2025-12-15,C[N+](C)(CCCCCCCCCCCCCC)CCC[N+](CCC[N+](C)(C)CCCCCCCCCCCCCC)(C)CCC[N+](C)(CCCCCCCCCCCCCC)C.[I-].[Br-].[Br-].[Br-],C[N+](C)(CCCCCCCCCCCCCC)CCC[N+](CCC[N+](C)(C)CCCCCCCCCCCCCC)(C)CCC[N+](C)(CCCCCCCCCCCCCC)C.[I-].[Br-].[Br-].[Br-],CCCCCCCCCCCCCC[N+](C)(C)CCC[N+](C)(CCC[N+](C)(C)CCCCCCCCCCCCCC)CCC[N+](C)(C)CCCCCCCCCCCCCC.[Br-].[Br-].[Br-].[I-],Bad,0,True,False,False
218,A_2025-12-15,C[N+](C)(CCCCCCCCCCCCCC)CCC[N+](CCC[N+](C)(C)CCCCCCCCCCCCCC)(CC=C)CCC[N+](C)(CCCCCCCCCCCCCC)C.[Br-].[Br-].[Br-].[Br-],C[N+](C)(CCCCCCCCCCCCCC)CCC[N+](CCC[N+](C)(C)CCCCCCCCCCCCCC)(CC=C)CCC[N+](C)(CCCCCCCCCCCCCC)C.[Br-].[Br-].[Br-].[Br-],C=CC[N+](CCC[N+](C)(C)CCCCCCCCCCCCCC)(CCC[N+](C)(C)CCCCCCCCCCCCCC)CCC[N+](C)(C)CCCCCCCCCCCCCC.[Br-].[Br-].[Br-].[Br-],Bad,0,True,False,False
219,A_2025-12-15,C[N+](C)(CCCCCCCCCCCCCCCC)CCCN(CCC[N+](C)(C)CCCCCCCCCCCCCCCC)CCC[N+](C)(CCCCCCCCCCCCCCCC)C.[Br-].[Br-].[Br-],C[N+](C)(CCCCCCCCCCCCCCCC)CCCN(CCC[N+](C)(C)CCCCCCCCCCCCCCCC)CCC[N+](C)(CCCCCCCCCCCCCCCC)C.[Br-].[Br-].[Br-],CCCCCCCCCCCCCCCC[N+](C)(C)CCCN(CCC[N+](C)(C)CCCCCCCCCCCCCCCC)CCC[N+](C)(C)CCCCCCCCCCCCCCCC.[Br-].[Br-].[Br-],Bad,0,True,False,False
220,A_2025-12-15,C[N+](C)(CCCCCCCCCCCCCCCC)CCC[N+](CCC[N+](C)(C)CCCCCCCCCCCCCCCC)(CC=C)CCC[N+](C)(CCCCCCCCCCCCCCCC)C.[Br-].[Br-].[Br-].[Br-],C[N+](C)(CCCCCCCCCCCCCCCC)CCC[N+](CCC[N+](C)(C)CCCCCCCCCCCCCCCC)(CC=C)CCC[N+](C)(CCCCCCCCCCCCCCCC)C.[Br-].[Br-].[Br-].[Br-],C=CC[N+](CCC[N+](C)(C)CCCCCCCCCCCCCCCC)(CCC[N+](C)(C)CCCCCCCCCCCCCCCC)CCC[N+](C)(C)CCCCCCCCCCCCCCCC.[Br-].[Br-].[Br-].[Br-],Bad,0,True,False,False
221,A_2025-12-15,C[N+](C)(CCCCCCCCCCCCCCCCCC)CCCN(CCC[N+](C)(C)CCCCCCCCCCCCCCCCCC)CCC[N+](C)(CCCCCCCCCCCCCCCCCC)C.[Br-].[Br-].[Br-],C[N+](C)(CCCCCCCCCCCCCCCCCC)CCCN(CCC[N+](C)(C)CCCCCCCCCCCCCCCCCC)CCC[N+](C)(CCCCCCCCCCCCCCCCCC)C.[Br-].[Br-].[Br-],CCCCCCCCCCCCCCCCCC[N+](C)(C)CCCN(CCC[N+](C)(C)CCCCCCCCCCCCCCCCCC)CCC[N+](C)(C)CCCCCCCCCCCCCCCCCC.[Br-].[Br-].[Br-],Bad,0,True,False,False
222,A_2025-12-15,C[N+](C)(CCCCCCCCCCCCCCCCCC)CCC[N+](CCC[N+](C)(C)CCCCCCCCCCCCCCCCCC)(CC=C)CCC[N+](C)(CCCCCCCCCCCCCCCCCC)C.[Br-].[Br-].[Br-].[Br-],C[N+](C)(CCCCCCCCCCCCCCCCCC)CCC[N+](CCC[N+](C)(C)CCCCCCCCCCCCCCCCCC)(CC=C)CCC[N+](C)(CCCCCCCCCCCCCCCCCC)C.[Br-].[Br-].[Br-].[Br-],C=CC[N+](CCC[N+](C)(C)CCCCCCCCCCCCCCCCCC)(CCC[N+](C)(C)CCCCCCCCCCCCCCCCCC)CCC[N+](C)(C)CCCCCCCCCCCCCCCCCC.[Br-].[Br-].[Br-].[Br-],Bad,0,True,False,False
223,A_2025-12-15,CCCCCCCCCC[N+]1=CC=CC(OC2=CC=C(OC3=C[N+](CCCCCCCCCC)=CC=C3)C=C2)=C1.[Br-].[Br-],CCCCCCCCCC[N+]1=CC=CC(OC2=CC=C(OC3=C[N+](CCCCCCCCCC)=CC=C3)C=C2)=C1.[Br-].[Br-],CCCCCCCCCC[n+]1cccc(Oc2ccc(Oc3ccc[n+](CCCCCCCCCC)c3)cc2)c1.[Br-].[Br-],Good,1,True,False,False
224,A_2025-12-15,CCCCCCCCCCC[N+]1=CC=CC(OC2=CC=C(OC3=C[N+](CCCCCCCCCCC)=CC=C3)C=C2)=C1.[Br-].[Br-],CCCCCCCCCCC[N+]1=CC=CC(OC2=CC=C(OC3=C[N+](CCCCCCCCCCC)=CC=C3)C=C2)=C1.[Br-].[Br-],CCCCCCCCCCC[n+]1cccc(Oc2ccc(Oc3ccc[n+](CCCCCCCCCCC)c3)cc2)c1.[Br-].[Br-],Good,1,True,False,False
225,A_2025-12-15,CCCCCCCCCCCC[N+]1=CC=CC(OC2=CC=C(OC3=C[N+](CCCCCCCCCCCC)=CC=C3)C=C2)=C1.[Br-].[Br-],CCCCCCCCCCCC[N+]1=CC=CC(OC2=CC=C(OC3=C[N+](CCCCCCCCCCCC)=CC=C3)C=C2)=C1.[Br-].[Br-],CCCCCCCCCCCC[n+]1cccc(Oc2ccc(Oc3ccc[n+](CCCCCCCCCCCC)c3)cc2)c1.[Br-].[Br-],Bad,0,True,False,False
226,A_2025-12-15,CCCCCCCCCCC[N+](C=C1)=CC=C1OC2=CC=C(OC3=CC=[N+](CCCCCCCCCCC)C=C3)C=C2.[Br-].[Br-],CCCCCCCCCCC[N+](C=C1)=CC=C1OC2=CC=C(OC3=CC=[N+](CCCCCCCCCCC)C=C3)C=C2.[Br-].[Br-],CCCCCCCCCCC[n+]1ccc(Oc2ccc(Oc3cc[n+](CCCCCCCCCCC)cc3)cc2)cc1.[Br-].[Br-],Good,1,True,False,False
227,A_2025-12-15,CCCCCCCCCC[N+](C=CC=C1)=C1OC2=CC=C(OC3=[N+](CCCCCCCCCC)C=CC=C3)C=C2.[Br-].[Br-],CCCCCCCCCC[N+](C=CC=C1)=C1OC2=CC=C(OC3=[N+](CCCCCCCCCC)C=CC=C3)C=C2.[Br-].[Br-],CCCCCCCCCC[n+]1ccccc1Oc1ccc(Oc2cccc[n+]2CCCCCCCCCC)cc1.[Br-].[Br-],Good,1,True,False,False
228,A_2025-12-15,CCCCCCCCCC[N+](C=CC=C1)=C1OC2=CC=CC(OC3=[N+](CCCCCCCCCC)C=CC=C3)=C2.[Br-].[Br-],CCCCCCCCCC[N+](C=CC=C1)=C1OC2=CC=CC(OC3=[N+](CCCCCCCCCC)C=CC=C3)=C2.[Br-].[Br-],CCCCCCCCCC[n+]1ccccc1Oc1cccc(Oc2cccc[n+]2CCCCCCCCCC)c1.[Br-].[Br-],Good,1,True,False,False
229,A_2025-12-15,CCCCCCCCCC[N+]1=CC(OC2=CC=CC(OC3=CC=C[N+](CCCCCCCCCC)=C3)=C2)=CC=C1.[Br-].[Br-],CCCCCCCCCC[N+]1=CC(OC2=CC=CC(OC3=CC=C[N+](CCCCCCCCCC)=C3)=C2)=CC=C1.[Br-].[Br-],CCCCCCCCCC[n+]1cccc(Oc2cccc(Oc3ccc[n+](CCCCCCCCCC)c3)c2)c1.[Br-].[Br-],Bad,0,True,False,False
230,A_2025-12-15,CCCCCCCCCCC[N+]1=CC(OC2=CC=CC(OC3=CC=C[N+](CCCCCCCCCCC)=C3)=C2)=CC=C1.[Br-].[Br-],CCCCCCCCCCC[N+]1=CC(OC2=CC=CC(OC3=CC=C[N+](CCCCCCCCCCC)=C3)=C2)=CC=C1.[Br-].[Br-],CCCCCCCCCCC[n+]1cccc(Oc2cccc(Oc3ccc[n+](CCCCCCCCCCC)c3)c2)c1.[Br-].[Br-],Good,1,True,False,False
231,A_2025-12-15,CCCCCCCCC[N+](C=CC=C1)=C1OC2=CC=CC=C2OC3=CC=CC=[N+]3CCCCCCCCC.[Br-].[Br-],CCCCCCCCC[N+](C=CC=C1)=C1OC2=CC=CC=C2OC3=CC=CC=[N+]3CCCCCCCCC.[Br-].[Br-],CCCCCCCCC[n+]1ccccc1Oc1ccccc1Oc1cccc[n+]1CCCCCCCCC.[Br-].[Br-],Bad,0,True,False,False
232,A_2025-12-15,CCCCCCCCCC[N+](C=CC=C1)=C1OC2=CC=CC=C2OC3=CC=CC=[N+]3CCCCCCCCCC.[Br-].[Br-],CCCCCCCCCC[N+](C=CC=C1)=C1OC2=CC=CC=C2OC3=CC=CC=[N+]3CCCCCCCCCC.[Br-].[Br-],CCCCCCCCCC[n+]1ccccc1Oc1ccccc1Oc1cccc[n+]1CCCCCCCCCC.[Br-].[Br-],Bad,0,True,False,False
233,A_2025-12-15,CCCCCCCCC[N+]1=CC(OC2=CC=C(C3=CC=C(OC4=CC=C[N+](CCCCCCCCC)=C4)C=C3)C=C2)=CC=C1.[Br-].[Br-],CCCCCCCCC[N+]1=CC(OC2=CC=C(C3=CC=C(OC4=CC=C[N+](CCCCCCCCC)=C4)C=C3)C=C2)=CC=C1.[Br-].[Br-],CCCCCCCCC[n+]1cccc(Oc2ccc(-c3ccc(Oc4ccc[n+](CCCCCCCCC)c4)cc3)cc2)c1.[Br-].[Br-],Good,1,True,False,False
234,A_2025-12-15,CCCCCCCCCC[N+]1=CC(OC2=CC=C(C3=CC=C(OC4=CC=C[N+](CCCCCCCCCC)=C4)C=C3)C=C2)=CC=C1.[Br-].[Br-],CCCCCCCCCC[N+]1=CC(OC2=CC=C(C3=CC=C(OC4=CC=C[N+](CCCCCCCCCC)=C4)C=C3)C=C2)=CC=C1.[Br-].[Br-],CCCCCCCCCC[n+]1cccc(Oc2ccc(-c3ccc(Oc4ccc[n+](CCCCCCCCCC)c4)cc3)cc2)c1.[Br-].[Br-],Good,1,True,False,False
235,A_2025-12-15,CCCCCCC[N+]1=CC(OC2=CC=C(OC3=CC=C(OC4=C[N+](CCCCCCC)=CC=C4)C=C3)C=C2)=CC=C1.[Br-].[Br-],CCCCCCC[N+]1=CC(OC2=CC=C(OC3=CC=C(OC4=C[N+](CCCCCCC)=CC=C4)C=C3)C=C2)=CC=C1.[Br-].[Br-],CCCCCCC[n+]1cccc(Oc2ccc(Oc3ccc(Oc4ccc[n+](CCCCCCC)c4)cc3)cc2)c1.[Br-].[Br-],Good,1,True,False,True
236,A_2025-12-15,CCCCCCCCCC[N+]1=CC=CC(COCCCCOCC2=C[N+](CCCCCCCCCC)=CC=C2)=C1.[Br-].[Br-],CCCCCCCCCC[N+]1=CC=CC(COCCCCOCC2=C[N+](CCCCCCCCCC)=CC=C2)=C1.[Br-].[Br-],CCCCCCCCCC[n+]1cccc(COCCCCOCc2ccc[n+](CCCCCCCCCC)c2)c1.[Br-].[Br-],Good,1,True,False,False
237,A_2025-12-15,O=C(N(CC[N+]1=CC=C(NCCCCCCC)C=C1)C(N2CC[N+]3=CC=C(NCCCCCCC)C=C3)=O)N(CC[N+]4=CC=C(NCCCCCCC)C=C4)C2=O.[Cl-].[Cl-].[Cl-],O=C(N(CC[N+]1=CC=C(NCCCCCCC)C=C1)C(N2CC[N+]3=CC=C(NCCCCCCC)C=C3)=O)N(CC[N+]4=CC=C(NCCCCCCC)C=C4)C2=O.[Cl-].[Cl-].[Cl-],CCCCCCCNc1cc[n+](CCn2c(=O)n(CC[n+]3ccc(NCCCCCCC)cc3)c(=O)n(CC[n+]3ccc(NCCCCCCC)cc3)c2=O)cc1.[Cl-].[Cl-].[Cl-],Bad,0,True,False,False
238,A_2025-12-15,O=C(N(CC[N+]1=CC=C(NCCCCCCCC)C=C1)C(N2CC[N+]3=CC=C(NCCCCCCCC)C=C3)=O)N(CC[N+]4=CC=C(NCCCCCCCC)C=C4)C2=O.[Cl-].[Cl-].[Cl-],O=C(N(CC[N+]1=CC=C(NCCCCCCCC)C=C1)C(N2CC[N+]3=CC=C(NCCCCCCCC)C=C3)=O)N(CC[N+]4=CC=C(NCCCCCCCC)C=C4)C2=O.[Cl-].[Cl-].[Cl-],CCCCCCCCNc1cc[n+](CCn2c(=O)n(CC[n+]3ccc(NCCCCCCCC)cc3)c(=O)n(CC[n+]3ccc(NCCCCCCCC)cc3)c2=O)cc1.[Cl-].[Cl-].[Cl-],Bad,0,True,False,False
239,A_2025-12-15,O=C(N(CC[N+]1=CC=C(NCCCCCCCCC)C=C1)C(N2CC[N+]3=CC=C(NCCCCCCCCC)C=C3)=O)N(CC[N+]4=CC=C(NCCCCCCCCC)C=C4)C2=O.[Cl-].[Cl-].[Cl-],O=C(N(CC[N+]1=CC=C(NCCCCCCCCC)C=C1)C(N2CC[N+]3=CC=C(NCCCCCCCCC)C=C3)=O)N(CC[N+]4=CC=C(NCCCCCCCCC)C=C4)C2=O.[Cl-].[Cl-].[Cl-],CCCCCCCCCNc1cc[n+](CCn2c(=O)n(CC[n+]3ccc(NCCCCCCCCC)cc3)c(=O)n(CC[n+]3ccc(NCCCCCCCCC)cc3)c2=O)cc1.[Cl-].[Cl-].[Cl-],Bad,0,True,False,False
240,A_2025-12-15,O=C(N(CC[N+]1=CC=C(NCCCCCCCCCC)C=C1)C(N2CC[N+]3=CC=C(NCCCCCCCCCC)C=C3)=O)N(CC[N+]4=CC=C(NCCCCCCCCCC)C=C4)C2=O.[Cl-].[Cl-].[Cl-],O=C(N(CC[N+]1=CC=C(NCCCCCCCCCC)C=C1)C(N2CC[N+]3=CC=C(NCCCCCCCCCC)C=C3)=O)N(CC[N+]4=CC=C(NCCCCCCCCCC)C=C4)C2=O.[Cl-].[Cl-].[Cl-],CCCCCCCCCCNc1cc[n+](CCn2c(=O)n(CC[n+]3ccc(NCCCCCCCCCC)cc3)c(=O)n(CC[n+]3ccc(NCCCCCCCCCC)cc3)c2=O)cc1.[Cl-].[Cl-].[Cl-],Bad,0,True,False,False
241,A_2025-12-15,O=C(N(CC[N+]1=CC=C(NCCCCCCCCCCC)C=C1)C(N2CC[N+]3=CC=C(NCCCCCCCCCCC)C=C3)=O)N(CC[N+]4=CC=C(NCCCCCCCCCCC)C=C4)C2=O.[Cl-].[Cl-].[Cl-],O=C(N(CC[N+]1=CC=C(NCCCCCCCCCCC)C=C1)C(N2CC[N+]3=CC=C(NCCCCCCCCCCC)C=C3)=O)N(CC[N+]4=CC=C(NCCCCCCCCCCC)C=C4)C2=O.[Cl-].[Cl-].[Cl-],CCCCCCCCCCCNc1cc[n+](CCn2c(=O)n(CC[n+]3ccc(NCCCCCCCCCCC)cc3)c(=O)n(CC[n+]3ccc(NCCCCCCCCCCC)cc3)c2=O)cc1.[Cl-].[Cl-].[Cl-],Bad,0,True,False,False
242,A_2025-12-15,O=C(N(CC[N+]1=CC=C(NCCCCCCCCCCCC)C=C1)C(N2CC[N+]3=CC=C(NCCCCCCCCCCCC)C=C3)=O)N(CC[N+]4=CC=C(NCCCCCCCCCCCC)C=C4)C2=O.[Cl-].[Cl-].[Cl-],O=C(N(CC[N+]1=CC=C(NCCCCCCCCCCCC)C=C1)C(N2CC[N+]3=CC=C(NCCCCCCCCCCCC)C=C3)=O)N(CC[N+]4=CC=C(NCCCCCCCCCCCC)C=C4)C2=O.[Cl-].[Cl-].[Cl-],CCCCCCCCCCCCNc1cc[n+](CCn2c(=O)n(CC[n+]3ccc(NCCCCCCCCCCCC)cc3)c(=O)n(CC[n+]3ccc(NCCCCCCCCCCCC)cc3)c2=O)cc1.[Cl-].[Cl-].[Cl-],Bad,0,True,False,False
243,A_2025-12-15,O=C(N(CCCC[N+]1=CC=C(NCCCCCCC)C=C1)C(N2CCCC[N+]3=CC=C(NCCCCCCC)C=C3)=O)N(CCCC[N+]4=CC=C(NCCCCCCC)C=C4)C2=O.[Cl-].[Cl-].[Cl-],O=C(N(CCCC[N+]1=CC=C(NCCCCCCC)C=C1)C(N2CCCC[N+]3=CC=C(NCCCCCCC)C=C3)=O)N(CCCC[N+]4=CC=C(NCCCCCCC)C=C4)C2=O.[Cl-].[Cl-].[Cl-],CCCCCCCNc1cc[n+](CCCCn2c(=O)n(CCCC[n+]3ccc(NCCCCCCC)cc3)c(=O)n(CCCC[n+]3ccc(NCCCCCCC)cc3)c2=O)cc1.[Cl-].[Cl-].[Cl-],Bad,0,True,False,False
244,A_2025-12-15,O=C(N(CCCC[N+]1=CC=C(NCCCCCCCC)C=C1)C(N2CCCC[N+]3=CC=C(NCCCCCCCC)C=C3)=O)N(CCCC[N+]4=CC=C(NCCCCCCCC)C=C4)C2=O.[Cl-].[Cl-].[Cl-],O=C(N(CCCC[N+]1=CC=C(NCCCCCCCC)C=C1)C(N2CCCC[N+]3=CC=C(NCCCCCCCC)C=C3)=O)N(CCCC[N+]4=CC=C(NCCCCCCCC)C=C4)C2=O.[Cl-].[Cl-].[Cl-],CCCCCCCCNc1cc[n+](CCCCn2c(=O)n(CCCC[n+]3ccc(NCCCCCCCC)cc3)c(=O)n(CCCC[n+]3ccc(NCCCCCCCC)cc3)c2=O)cc1.[Cl-].[Cl-].[Cl-],Bad,0,True,False,False
245,A_2025-12-15,O=C(N(CCCC[N+]1=CC=C(NCCCCCCCC)C=C1)C(N2CCCC[N+]3=CC=C(NCCCCCCCCC)C=C3)=O)N(CCCC[N+]4=CC=C(NCCCCCCCCC)C=C4)C2=O.[Cl-].[Cl-].[Cl-],O=C(N(CCCC[N+]1=CC=C(NCCCCCCCC)C=C1)C(N2CCCC[N+]3=CC=C(NCCCCCCCCC)C=C3)=O)N(CCCC[N+]4=CC=C(NCCCCCCCCC)C=C4)C2=O.[Cl-].[Cl-].[Cl-],CCCCCCCCCNc1cc[n+](CCCCn2c(=O)n(CCCC[n+]3ccc(NCCCCCCCC)cc3)c(=O)n(CCCC[n+]3ccc(NCCCCCCCCC)cc3)c2=O)cc1.[Cl-].[Cl-].[Cl-],Bad,0,True,False,False
246,A_2025-12-15,O=C(N(CCCC[N+]1=CC=C(NCCCCCCCCC)C=C1)C(N2CCCC[N+]3=CC=C(NCCCCCCCCCC)C=C3)=O)N(CCCC[N+]4=CC=C(NCCCCCCCCCC)C=C4)C2=O.[Cl-].[Cl-].[Cl-],O=C(N(CCCC[N+]1=CC=C(NCCCCCCCCC)C=C1)C(N2CCCC[N+]3=CC=C(NCCCCCCCCCC)C=C3)=O)N(CCCC[N+]4=CC=C(NCCCCCCCCCC)C=C4)C2=O.[Cl-].[Cl-].[Cl-],CCCCCCCCCCNc1cc[n+](CCCCn2c(=O)n(CCCC[n+]3ccc(NCCCCCCCCC)cc3)c(=O)n(CCCC[n+]3ccc(NCCCCCCCCCC)cc3)c2=O)cc1.[Cl-].[Cl-].[Cl-],Bad,0,True,False,False
247,A_2025-12-15,O=C(N(CCCC[N+]1=CC=C(NCCCCCCCCCC)C=C1)C(N2CCCC[N+]3=CC=C(NCCCCCCCCCCC)C=C3)=O)N(CCCC[N+]4=CC=C(NCCCCCCCCCCC)C=C4)C2=O.[Cl-].[Cl-].[Cl-],O=C(N(CCCC[N+]1=CC=C(NCCCCCCCCCC)C=C1)C(N2CCCC[N+]3=CC=C(NCCCCCCCCCCC)C=C3)=O)N(CCCC[N+]4=CC=C(NCCCCCCCCCCC)C=C4)C2=O.[Cl-].[Cl-].[Cl-],CCCCCCCCCCCNc1cc[n+](CCCCn2c(=O)n(CCCC[n+]3ccc(NCCCCCCCCCC)cc3)c(=O)n(CCCC[n+]3ccc(NCCCCCCCCCCC)cc3)c2=O)cc1.[Cl-].[Cl-].[Cl-],Bad,0,True,False,False
248,A_2025-12-15,O=C(N(CCCC[N+]1=CC=C(NCCCCCCCCCCC)C=C1)C(N2CCCC[N+]3=CC=C(NCCCCCCCCCCCC)C=C3)=O)N(CCCC[N+]4=CC=C(NCCCCCCCCCCCC)C=C4)C2=O.[Cl-].[Cl-].[Cl-],O=C(N(CCCC[N+]1=CC=C(NCCCCCCCCCCC)C=C1)C(N2CCCC[N+]3=CC=C(NCCCCCCCCCCCC)C=C3)=O)N(CCCC[N+]4=CC=C(NCCCCCCCCCCCC)C=C4)C2=O.[Cl-].[Cl-].[Cl-],CCCCCCCCCCCCNc1cc[n+](CCCCn2c(=O)n(CCCC[n+]3ccc(NCCCCCCCCCCC)cc3)c(=O)n(CCCC[n+]3ccc(NCCCCCCCCCCCC)cc3)c2=O)cc1.[Cl-].[Cl-].[Cl-],Bad,0,True,False,False
249,A_2025-12-15,O=C(N(CCCCC[N+]1=CC=C(NCCCCCCC)C=C1)C(N2CCCCC[N+]3=CC=C(NCCCCCCC)C=C3)=O)N(CCCCC[N+]4=CC=C(NCCCCCCC)C=C4)C2=O.[Cl-].[Cl-].[Cl-],O=C(N(CCCCC[N+]1=CC=C(NCCCCCCC)C=C1)C(N2CCCCC[N+]3=CC=C(NCCCCCCC)C=C3)=O)N(CCCCC[N+]4=CC=C(NCCCCCCC)C=C4)C2=O.[Cl-].[Cl-].[Cl-],CCCCCCCNc1cc[n+](CCCCCn2c(=O)n(CCCCC[n+]3ccc(NCCCCCCC)cc3)c(=O)n(CCCCC[n+]3ccc(NCCCCCCC)cc3)c2=O)cc1.[Cl-].[Cl-].[Cl-],Bad,0,True,False,False
250,A_2025-12-15,O=C(N(CCCCC[N+]1=CC=C(NCCCCCCCC)C=C1)C(N2CCCCC[N+]3=CC=C(NCCCCCCCC)C=C3)=O)N(CCCCC[N+]4=CC=C(NCCCCCCCC)C=C4)C2=O.[Cl-].[Cl-].[Cl-],O=C(N(CCCCC[N+]1=CC=C(NCCCCCCCC)C=C1)C(N2CCCCC[N+]3=CC=C(NCCCCCCCC)C=C3)=O)N(CCCCC[N+]4=CC=C(NCCCCCCCC)C=C4)C2=O.[Cl-].[Cl-].[Cl-],CCCCCCCCNc1cc[n+](CCCCCn2c(=O)n(CCCCC[n+]3ccc(NCCCCCCCC)cc3)c(=O)n(CCCCC[n+]3ccc(NCCCCCCCC)cc3)c2=O)cc1.[Cl-].[Cl-].[Cl-],Bad,0,True,False,False
251,A_2025-12-15,O=C(N(CCCCC[N+]1=CC=C(NCCCCCCCCC)C=C1)C(N2CCCCC[N+]3=CC=C(NCCCCCCCCC)C=C3)=O)N(CCCCC[N+]4=CC=C(NCCCCCCCCC)C=C4)C2=O.[Cl-].[Cl-].[Cl-],O=C(N(CCCCC[N+]1=CC=C(NCCCCCCCCC)C=C1)C(N2CCCCC[N+]3=CC=C(NCCCCCCCCC)C=C3)=O)N(CCCCC[N+]4=CC=C(NCCCCCCCCC)C=C4)C2=O.[Cl-].[Cl-].[Cl-],CCCCCCCCCNc1cc[n+](CCCCCn2c(=O)n(CCCCC[n+]3ccc(NCCCCCCCCC)cc3)c(=O)n(CCCCC[n+]3ccc(NCCCCCCCCC)cc3)c2=O)cc1.[Cl-].[Cl-].[Cl-],Bad,0,True,False,False
252,A_2025-12-15,O=C(N(CCCCC[N+]1=CC=C(NCCCCCCCCCC)C=C1)C(N2CCCCC[N+]3=CC=C(NCCCCCCCCCC)C=C3)=O)N(CCCCC[N+]4=CC=C(NCCCCCCCCCC)C=C4)C2=O.[Cl-].[Cl-].[Cl-],O=C(N(CCCCC[N+]1=CC=C(NCCCCCCCCCC)C=C1)C(N2CCCCC[N+]3=CC=C(NCCCCCCCCCC)C=C3)=O)N(CCCCC[N+]4=CC=C(NCCCCCCCCCC)C=C4)C2=O.[Cl-].[Cl-].[Cl-],CCCCCCCCCCNc1cc[n+](CCCCCn2c(=O)n(CCCCC[n+]3ccc(NCCCCCCCCCC)cc3)c(=O)n(CCCCC[n+]3ccc(NCCCCCCCCCC)cc3)c2=O)cc1.[Cl-].[Cl-].[Cl-],Bad,0,True,False,False
253,A_2025-12-15,O=C(N(CCCCC[N+]1=CC=C(NCCCCCCCCCCC)C=C1)C(N2CCCCC[N+]3=CC=C(NCCCCCCCCCCC)C=C3)=O)N(CCCCC[N+]4=CC=C(NCCCCCCCCCCC)C=C4)C2=O.[Cl-].[Cl-].[Cl-],O=C(N(CCCCC[N+]1=CC=C(NCCCCCCCCCCC)C=C1)C(N2CCCCC[N+]3=CC=C(NCCCCCCCCCCC)C=C3)=O)N(CCCCC[N+]4=CC=C(NCCCCCCCCCCC)C=C4)C2=O.[Cl-].[Cl-].[Cl-],CCCCCCCCCCCNc1cc[n+](CCCCCn2c(=O)n(CCCCC[n+]3ccc(NCCCCCCCCCCC)cc3)c(=O)n(CCCCC[n+]3ccc(NCCCCCCCCCCC)cc3)c2=O)cc1.[Cl-].[Cl-].[Cl-],Bad,0,True,False,False
254,A_2025-12-15,O=C(N(CCCCC[N+]1=CC=C(NCCCCCCCCCCCC)C=C1)C(N2CCCCC[N+]3=CC=C(NCCCCCCCCCCCC)C=C3)=O)N(CCCCC[N+]4=CC=C(NCCCCCCCCCCCC)C=C4)C2=O.[Cl-].[Cl-].[Cl-],O=C(N(CCCCC[N+]1=CC=C(NCCCCCCCCCCCC)C=C1)C(N2CCCCC[N+]3=CC=C(NCCCCCCCCCCCC)C=C3)=O)N(CCCCC[N+]4=CC=C(NCCCCCCCCCCCC)C=C4)C2=O.[Cl-].[Cl-].[Cl-],CCCCCCCCCCCCNc1cc[n+](CCCCCn2c(=O)n(CCCCC[n+]3ccc(NCCCCCCCCCCCC)cc3)c(=O)n(CCCCC[n+]3ccc(NCCCCCCCCCCCC)cc3)c2=O)cc1.[Cl-].[Cl-].[Cl-],Bad,0,True,False,False
255,A_2025-12-15,O=C(N(CCCCCC[N+]1=CC=C(NCCCCCCC)C=C1)C(N2CCCCCC[N+]3=CC=C(NCCCCCCC)C=C3)=O)N(CCCCCC[N+]4=CC=C(NCCCCCCC)C=C4)C2=O.[Cl-].[Cl-].[Cl-],O=C(N(CCCCCC[N+]1=CC=C(NCCCCCCC)C=C1)C(N2CCCCCC[N+]3=CC=C(NCCCCCCC)C=C3)=O)N(CCCCCC[N+]4=CC=C(NCCCCCCC)C=C4)C2=O.[Cl-].[Cl-].[Cl-],CCCCCCCNc1cc[n+](CCCCCCn2c(=O)n(CCCCCC[n+]3ccc(NCCCCCCC)cc3)c(=O)n(CCCCCC[n+]3ccc(NCCCCCCC)cc3)c2=O)cc1.[Cl-].[Cl-].[Cl-],Good,1,True,False,False
256,A_2025-12-15,O=C(N(CCCCCC[N+]1=CC=C(NCCCCCCCC)C=C1)C(N2CCCCCC[N+]3=CC=C(NCCCCCCCC)C=C3)=O)N(CCCCCC[N+]4=CC=C(NCCCCCCCC)C=C4)C2=O.[Cl-].[Cl-].[Cl-],O=C(N(CCCCCC[N+]1=CC=C(NCCCCCCCC)C=C1)C(N2CCCCCC[N+]3=CC=C(NCCCCCCCC)C=C3)=O)N(CCCCCC[N+]4=CC=C(NCCCCCCCC)C=C4)C2=O.[Cl-].[Cl-].[Cl-],CCCCCCCCNc1cc[n+](CCCCCCn2c(=O)n(CCCCCC[n+]3ccc(NCCCCCCCC)cc3)c(=O)n(CCCCCC[n+]3ccc(NCCCCCCCC)cc3)c2=O)cc1.[Cl-].[Cl-].[Cl-],Good,1,True,False,False
257,A_2025-12-15,O=C(N(CCCCCC[N+]1=CC=C(NCCCCCCCCC)C=C1)C(N2CCCCCC[N+]3=CC=C(NCCCCCCCCC)C=C3)=O)N(CCCCCC[N+]4=CC=C(NCCCCCCCCC)C=C4)C2=O.[Cl-].[Cl-].[Cl-],O=C(N(CCCCCC[N+]1=CC=C(NCCCCCCCCC)C=C1)C(N2CCCCCC[N+]3=CC=C(NCCCCCCCCC)C=C3)=O)N(CCCCCC[N+]4=CC=C(NCCCCCCCCC)C=C4)C2=O.[Cl-].[Cl-].[Cl-],CCCCCCCCCNc1cc[n+](CCCCCCn2c(=O)n(CCCCCC[n+]3ccc(NCCCCCCCCC)cc3)c(=O)n(CCCCCC[n+]3ccc(NCCCCCCCCC)cc3)c2=O)cc1.[Cl-].[Cl-].[Cl-],Good,1,True,False,False
258,A_2025-12-15,O=C(N(CCCCCC[N+]1=CC=C(NCCCCCCCCCC)C=C1)C(N2CCCCCC[N+]3=CC=C(NCCCCCCCCCC)C=C3)=O)N(CCCCCC[N+]4=CC=C(NCCCCCCCCCC)C=C4)C2=O.[Cl-].[Cl-].[Cl-],O=C(N(CCCCCC[N+]1=CC=C(NCCCCCCCCCC)C=C1)C(N2CCCCCC[N+]3=CC=C(NCCCCCCCCCC)C=C3)=O)N(CCCCCC[N+]4=CC=C(NCCCCCCCCCC)C=C4)C2=O.[Cl-].[Cl-].[Cl-],CCCCCCCCCCNc1cc[n+](CCCCCCn2c(=O)n(CCCCCC[n+]3ccc(NCCCCCCCCCC)cc3)c(=O)n(CCCCCC[n+]3ccc(NCCCCCCCCCC)cc3)c2=O)cc1.[Cl-].[Cl-].[Cl-],Bad,0,True,False,False
259,A_2025-12-15,O=C(N(CCCCCC[N+]1=CC=C(NCCCCCCCCCCCC)C=C1)C(N2CCCCCC[N+]3=CC=C(NCCCCCCCCCCCC)C=C3)=O)N(CCCCCC[N+]4=CC=C(NCCCCCCCCCCCC)C=C4)C2=O.[Cl-].[Cl-].[Cl-],O=C(N(CCCCCC[N+]1=CC=C(NCCCCCCCCCCCC)C=C1)C(N2CCCCCC[N+]3=CC=C(NCCCCCCCCCCCC)C=C3)=O)N(CCCCCC[N+]4=CC=C(NCCCCCCCCCCCC)C=C4)C2=O.[Cl-].[Cl-].[Cl-],CCCCCCCCCCCCNc1cc[n+](CCCCCCn2c(=O)n(CCCCCC[n+]3ccc(NCCCCCCCCCCCC)cc3)c(=O)n(CCCCCC[n+]3ccc(NCCCCCCCCCCCC)cc3)c2=O)cc1.[Cl-].[Cl-].[Cl-],Bad,0,True,False,False
260,A_2025-12-15,O=C(N(CCOCC[N+]1=CC=C(NCCCCCC)C=C1)C(N2CCOCC[N+]3=CC=C(NCCCCCC)C=C3)=O)N(CCOCC[N+]4=CC=C(NCCCCCC)C=C4)C2=O.[Cl-].[Cl-].[Cl-],O=C(N(CCOCC[N+]1=CC=C(NCCCCCC)C=C1)C(N2CCOCC[N+]3=CC=C(NCCCCCC)C=C3)=O)N(CCOCC[N+]4=CC=C(NCCCCCC)C=C4)C2=O.[Cl-].[Cl-].[Cl-],CCCCCCNc1cc[n+](CCOCCn2c(=O)n(CCOCC[n+]3ccc(NCCCCCC)cc3)c(=O)n(CCOCC[n+]3ccc(NCCCCCC)cc3)c2=O)cc1.[Cl-].[Cl-].[Cl-],Bad,0,True,False,False
261,A_2025-12-15,O=C(N(CCOCC[N+]1=CC=C(NCCCCCCC)C=C1)C(N2CCOCC[N+]3=CC=C(NCCCCCCC)C=C3)=O)N(CCOCC[N+]4=CC=C(NCCCCCCC)C=C4)C2=O.[Cl-].[Cl-].[Cl-],O=C(N(CCOCC[N+]1=CC=C(NCCCCCCC)C=C1)C(N2CCOCC[N+]3=CC=C(NCCCCCCC)C=C3)=O)N(CCOCC[N+]4=CC=C(NCCCCCCC)C=C4)C2=O.[Cl-].[Cl-].[Cl-],CCCCCCCNc1cc[n+](CCOCCn2c(=O)n(CCOCC[n+]3ccc(NCCCCCCC)cc3)c(=O)n(CCOCC[n+]3ccc(NCCCCCCC)cc3)c2=O)cc1.[Cl-].[Cl-].[Cl-],Bad,0,True,False,False
262,A_2025-12-15,O=C(N(CCOCC[N+]1=CC=C(NCCCCCCCC)C=C1)C(N2CCOCC[N+]3=CC=C(NCCCCCCCC)C=C3)=O)N(CCOCC[N+]4=CC=C(NCCCCCCCC)C=C4)C2=O.[Cl-].[Cl-].[Cl-],O=C(N(CCOCC[N+]1=CC=C(NCCCCCCCC)C=C1)C(N2CCOCC[N+]3=CC=C(NCCCCCCCC)C=C3)=O)N(CCOCC[N+]4=CC=C(NCCCCCCCC)C=C4)C2=O.[Cl-].[Cl-].[Cl-],CCCCCCCCNc1cc[n+](CCOCCn2c(=O)n(CCOCC[n+]3ccc(NCCCCCCCC)cc3)c(=O)n(CCOCC[n+]3ccc(NCCCCCCCC)cc3)c2=O)cc1.[Cl-].[Cl-].[Cl-],Good,1,True,False,False
263,A_2025-12-15,O=C(N(CCOCC[N+]1=CC=C(NCCCCCCCCC)C=C1)C(N2CCOCC[N+]3=CC=C(NCCCCCCCCC)C=C3)=O)N(CCOCC[N+]4=CC=C(NCCCCCCCCC)C=C4)C2=O.[Cl-].[Cl-].[Cl-],O=C(N(CCOCC[N+]1=CC=C(NCCCCCCCCC)C=C1)C(N2CCOCC[N+]3=CC=C(NCCCCCCCCC)C=C3)=O)N(CCOCC[N+]4=CC=C(NCCCCCCCCC)C=C4)C2=O.[Cl-].[Cl-].[Cl-],CCCCCCCCCNc1cc[n+](CCOCCn2c(=O)n(CCOCC[n+]3ccc(NCCCCCCCCC)cc3)c(=O)n(CCOCC[n+]3ccc(NCCCCCCCCC)cc3)c2=O)cc1.[Cl-].[Cl-].[Cl-],Good,1,True,False,False
264,A_2025-12-15,O=C(N(CCOCC[N+]1=CC=C(NCCCCCCCCCC)C=C1)C(N2CCOCC[N+]3=CC=C(NCCCCCCCCCC)C=C3)=O)N(CCOCC[N+]4=CC=C(NCCCCCCCCCC)C=C4)C2=O.[Cl-].[Cl-].[Cl-],O=C(N(CCOCC[N+]1=CC=C(NCCCCCCCCCC)C=C1)C(N2CCOCC[N+]3=CC=C(NCCCCCCCCCC)C=C3)=O)N(CCOCC[N+]4=CC=C(NCCCCCCCCCC)C=C4)C2=O.[Cl-].[Cl-].[Cl-],CCCCCCCCCCNc1cc[n+](CCOCCn2c(=O)n(CCOCC[n+]3ccc(NCCCCCCCCCC)cc3)c(=O)n(CCOCC[n+]3ccc(NCCCCCCCCCC)cc3)c2=O)cc1.[Cl-].[Cl-].[Cl-],Bad,0,True,False,False
265,A_2025-12-15,O=C(N(CCOCC[N+]1=CC=C(NCCCCCCCCCCC)C=C1)C(N2CCOCC[N+]3=CC=C(NCCCCCCCCCCC)C=C3)=O)N(CCOCC[N+]4=CC=C(NCCCCCCCCCCC)C=C4)C2=O.[Cl-].[Cl-].[Cl-],O=C(N(CCOCC[N+]1=CC=C(NCCCCCCCCCCC)C=C1)C(N2CCOCC[N+]3=CC=C(NCCCCCCCCCCC)C=C3)=O)N(CCOCC[N+]4=CC=C(NCCCCCCCCCCC)C=C4)C2=O.[Cl-].[Cl-].[Cl-],CCCCCCCCCCCNc1cc[n+](CCOCCn2c(=O)n(CCOCC[n+]3ccc(NCCCCCCCCCCC)cc3)c(=O)n(CCOCC[n+]3ccc(NCCCCCCCCCCC)cc3)c2=O)cc1.[Cl-].[Cl-].[Cl-],Bad,0,True,False,False
266,A_2025-12-15,O=C(N(CCOCC[N+]1=CC=C(NCCCCCCCCCCCC)C=C1)C(N2CCOCC[N+]3=CC=C(NCCCCCCCCCCCC)C=C3)=O)N(CCOCC[N+]4=CC=C(NCCCCCCCCCCCC)C=C4)C2=O.[Cl-].[Cl-].[Cl-],O=C(N(CCOCC[N+]1=CC=C(NCCCCCCCCCCCC)C=C1)C(N2CCOCC[N+]3=CC=C(NCCCCCCCCCCCC)C=C3)=O)N(CCOCC[N+]4=CC=C(NCCCCCCCCCCCC)C=C4)C2=O.[Cl-].[Cl-].[Cl-],CCCCCCCCCCCCNc1cc[n+](CCOCCn2c(=O)n(CCOCC[n+]3ccc(NCCCCCCCCCCCC)cc3)c(=O)n(CCOCC[n+]3ccc(NCCCCCCCCCCCC)cc3)c2=O)cc1.[Cl-].[Cl-].[Cl-],Bad,0,True,False,False
267,A_2025-12-15,CCCCCCC[N+](C=C1)=CC=C1OC2=CC=C(C=CC(OC3=CC=[N+](CCCCCCC)C=C3)=C4)C4=C2.[Br-].[Br-],CCCCCCC[N+](C=C1)=CC=C1OC2=CC=C(C=CC(OC3=CC=[N+](CCCCCCC)C=C3)=C4)C4=C2.[Br-].[Br-],CCCCCCC[n+]1ccc(Oc2ccc3ccc(Oc4cc[n+](CCCCCCC)cc4)cc3c2)cc1.[Br-].[Br-],Bad,0,True,False,False
268,A_2025-12-15,CCCCCCCC[N+](C=C1)=CC=C1OC2=CC=C(C=CC(OC3=CC=[N+](CCCCCCCC)C=C3)=C4)C4=C2.[Br-].[Br-],CCCCCCCC[N+](C=C1)=CC=C1OC2=CC=C(C=CC(OC3=CC=[N+](CCCCCCCC)C=C3)=C4)C4=C2.[Br-].[Br-],CCCCCCCC[n+]1ccc(Oc2ccc3ccc(Oc4cc[n+](CCCCCCCC)cc4)cc3c2)cc1.[Br-].[Br-],Bad,0,True,False,False
269,A_2025-12-15,CCCCCCCC[N+](C=C1)=CC=C1OC2=CC=C(C=CC(OC3=CC=[N+](CCCCCCCC)C=C3)=C4)C4=C2.[I-].[I-],CCCCCCCC[N+](C=C1)=CC=C1OC2=CC=C(C=CC(OC3=CC=[N+](CCCCCCCC)C=C3)=C4)C4=C2.[I-].[I-],CCCCCCCC[n+]1ccc(Oc2ccc3ccc(Oc4cc[n+](CCCCCCCC)cc4)cc3c2)cc1.[I-].[I-],Bad,0,True,False,False
270,A_2025-12-15,CCCCCCCCC[N+](C=C1)=CC=C1OC2=CC=C(C=CC(OC3=CC=[N+](CCCCCCCCC)C=C3)=C4)C4=C2.[Br-].[Br-],CCCCCCCCC[N+](C=C1)=CC=C1OC2=CC=C(C=CC(OC3=CC=[N+](CCCCCCCCC)C=C3)=C4)C4=C2.[Br-].[Br-],CCCCCCCCC[n+]1ccc(Oc2ccc3ccc(Oc4cc[n+](CCCCCCCCC)cc4)cc3c2)cc1.[Br-].[Br-],Bad,0,True,False,False
271,A_2025-12-15,CCCCCCCCCC[N+](C=C1)=CC=C1OC2=CC=C(C=CC(OC3=CC=[N+](CCCCCCCCCC)C=C3)=C4)C4=C2.[Br-].[Br-],CCCCCCCCCC[N+](C=C1)=CC=C1OC2=CC=C(C=CC(OC3=CC=[N+](CCCCCCCCCC)C=C3)=C4)C4=C2.[Br-].[Br-],CCCCCCCCCC[n+]1ccc(Oc2ccc3ccc(Oc4cc[n+](CCCCCCCCCC)cc4)cc3c2)cc1.[Br-].[Br-],Bad,0,True,False,False
272,A_2025-12-15,CCCCCCCCCCC[N+](C=C1)=CC=C1OC2=CC=C(C=CC(OC3=CC=[N+](CCCCCCCCCCC)C=C3)=C4)C4=C2.[Br-].[Br-],CCCCCCCCCCC[N+](C=C1)=CC=C1OC2=CC=C(C=CC(OC3=CC=[N+](CCCCCCCCCCC)C=C3)=C4)C4=C2.[Br-].[Br-],CCCCCCCCCCC[n+]1ccc(Oc2ccc3ccc(Oc4cc[n+](CCCCCCCCCCC)cc4)cc3c2)cc1.[Br-].[Br-],Bad,0,True,False,False
273,A_2025-12-15,CCCCCCCCCCCC[N+](C=C1)=CC=C1OC2=CC=C(C=CC(OC3=CC=[N+](CCCCCCCCCCCC)C=C3)=C4)C4=C2.[Br-].[Br-],CCCCCCCCCCCC[N+](C=C1)=CC=C1OC2=CC=C(C=CC(OC3=CC=[N+](CCCCCCCCCCCC)C=C3)=C4)C4=C2.[Br-].[Br-],CCCCCCCCCCCC[n+]1ccc(Oc2ccc3ccc(Oc4cc[n+](CCCCCCCCCCCC)cc4)cc3c2)cc1.[Br-].[Br-],Bad,0,True,False,False
274,A_2025-12-15,CCCCCCC[N+](C=C1)=CC=C1OC2=CC=C3C(C=CC=C3OC4=CC=[N+](CCCCCCC)C=C4)=C2.[Br-].[Br-],CCCCCCC[N+](C=C1)=CC=C1OC2=CC=C3C(C=CC=C3OC4=CC=[N+](CCCCCCC)C=C4)=C2.[Br-].[Br-],CCCCCCC[n+]1ccc(Oc2ccc3c(Oc4cc[n+](CCCCCCC)cc4)cccc3c2)cc1.[Br-].[Br-],Bad,0,True,False,False
275,A_2025-12-15,CCCCCCCC[N+](C=C1)=CC=C1OC2=CC=C3C(C=CC=C3OC4=CC=[N+](CCCCCCCC)C=C4)=C2.[Br-].[Br-],CCCCCCCC[N+](C=C1)=CC=C1OC2=CC=C3C(C=CC=C3OC4=CC=[N+](CCCCCCCC)C=C4)=C2.[Br-].[Br-],CCCCCCCC[n+]1ccc(Oc2ccc3c(Oc4cc[n+](CCCCCCCC)cc4)cccc3c2)cc1.[Br-].[Br-],Bad,0,True,False,False
276,A_2025-12-15,CCCCCCCC[N+](C=C1)=CC=C1OC2=CC=C3C(C=CC=C3OC4=CC=[N+](CCCCCCCC)C=C4)=C2.[I-].[I-],CCCCCCCC[N+](C=C1)=CC=C1OC2=CC=C3C(C=CC=C3OC4=CC=[N+](CCCCCCCC)C=C4)=C2.[I-].[I-],CCCCCCCC[n+]1ccc(Oc2ccc3c(Oc4cc[n+](CCCCCCCC)cc4)cccc3c2)cc1.[I-].[I-],Bad,0,True,False,False
277,A_2025-12-15,CCCCCCCCC[N+](C=C1)=CC=C1OC2=CC=C3C(C=CC=C3OC4=CC=[N+](CCCCCCCCC)C=C4)=C2.[Br-].[Br-],CCCCCCCCC[N+](C=C1)=CC=C1OC2=CC=C3C(C=CC=C3OC4=CC=[N+](CCCCCCCCC)C=C4)=C2.[Br-].[Br-],CCCCCCCCC[n+]1ccc(Oc2ccc3c(Oc4cc[n+](CCCCCCCCC)cc4)cccc3c2)cc1.[Br-].[Br-],Bad,0,True,False,False
278,A_2025-12-15,CCCCCCCCCC[N+](C=C1)=CC=C1OC2=CC=C3C(C=CC=C3OC4=CC=[N+](CCCCCCCCCC)C=C4)=C2.[Br-].[Br-],CCCCCCCCCC[N+](C=C1)=CC=C1OC2=CC=C3C(C=CC=C3OC4=CC=[N+](CCCCCCCCCC)C=C4)=C2.[Br-].[Br-],CCCCCCCCCC[n+]1ccc(Oc2ccc3c(Oc4cc[n+](CCCCCCCCCC)cc4)cccc3c2)cc1.[Br-].[Br-],Bad,0,True,False,False
279,A_2025-12-15,CCCCCCCCCCC[N+](C=C1)=CC=C1OC2=CC=C3C(C=CC=C3OC4=CC=[N+](CCCCCCCCCCC)C=C4)=C2.[Br-].[Br-],CCCCCCCCCCC[N+](C=C1)=CC=C1OC2=CC=C3C(C=CC=C3OC4=CC=[N+](CCCCCCCCCCC)C=C4)=C2.[Br-].[Br-],CCCCCCCCCCC[n+]1ccc(Oc2ccc3c(Oc4cc[n+](CCCCCCCCCCC)cc4)cccc3c2)cc1.[Br-].[Br-],Bad,0,True,False,False
280,A_2025-12-15,CCCCCCCCCCCC[N+](C=C1)=CC=C1OC2=CC=C3C(C=CC=C3OC4=CC=[N+](CCCCCCCCCCCC)C=C4)=C2.[Br-].[Br-],CCCCCCCCCCCC[N+](C=C1)=CC=C1OC2=CC=C3C(C=CC=C3OC4=CC=[N+](CCCCCCCCCCCC)C=C4)=C2.[Br-].[Br-],CCCCCCCCCCCC[n+]1ccc(Oc2ccc3c(Oc4cc[n+](CCCCCCCCCCCC)cc4)cccc3c2)cc1.[Br-].[Br-],Bad,0,True,False,False
281,A_2025-12-15,CCCCCCC[N+](C=C1)=CC=C1OC2=CC=CC3=C(OC4=CC=[N+](CCCCCCC)C=C4)C=CC=C32.[Br-].[Br-],CCCCCCC[N+](C=C1)=CC=C1OC2=CC=CC3=C(OC4=CC=[N+](CCCCCCC)C=C4)C=CC=C32.[Br-].[Br-],CCCCCCC[n+]1ccc(Oc2cccc3c(Oc4cc[n+](CCCCCCC)cc4)cccc23)cc1.[Br-].[Br-],Bad,0,True,False,False
282,A_2025-12-15,CCCCCCCC[N+](C=C1)=CC=C1OC2=CC=CC3=C(OC4=CC=[N+](CCCCCCCC)C=C4)C=CC=C32.[Br-].[Br-],CCCCCCCC[N+](C=C1)=CC=C1OC2=CC=CC3=C(OC4=CC=[N+](CCCCCCCC)C=C4)C=CC=C32.[Br-].[Br-],CCCCCCCC[n+]1ccc(Oc2cccc3c(Oc4cc[n+](CCCCCCCC)cc4)cccc23)cc1.[Br-].[Br-],Bad,0,True,False,False
283,A_2025-12-15,CCCCCCCCC[N+](C=C1)=CC=C1OC2=CC=CC3=C(OC4=CC=[N+](CCCCCCCCC)C=C4)C=CC=C32.[Br-].[Br-],CCCCCCCCC[N+](C=C1)=CC=C1OC2=CC=CC3=C(OC4=CC=[N+](CCCCCCCCC)C=C4)C=CC=C32.[Br-].[Br-],CCCCCCCCC[n+]1ccc(Oc2cccc3c(Oc4cc[n+](CCCCCCCCC)cc4)cccc23)cc1.[Br-].[Br-],Bad,0,True,False,False
284,A_2025-12-15,CCCCCCCCCC[N+](C=C1)=CC=C1OC2=CC=CC3=C(OC4=CC=[N+](CCCCCCCCCC)C=C4)C=CC=C32.[Br-].[Br-],CCCCCCCCCC[N+](C=C1)=CC=C1OC2=CC=CC3=C(OC4=CC=[N+](CCCCCCCCCC)C=C4)C=CC=C32.[Br-].[Br-],CCCCCCCCCC[n+]1ccc(Oc2cccc3c(Oc4cc[n+](CCCCCCCCCC)cc4)cccc23)cc1.[Br-].[Br-],Good,1,True,False,False
285,A_2025-12-15,CCCCCCCCCCCC[N+](C=C1)=CC=C1OC2=CC=CC3=C(OC4=CC=[N+](CCCCCCCCCCCC)C=C4)C=CC=C32.[Br-].[Br-],CCCCCCCCCCCC[N+](C=C1)=CC=C1OC2=CC=CC3=C(OC4=CC=[N+](CCCCCCCCCCCC)C=C4)C=CC=C32.[Br-].[Br-],CCCCCCCCCCCC[n+]1ccc(Oc2cccc3c(Oc4cc[n+](CCCCCCCCCCCC)cc4)cccc23)cc1.[Br-].[Br-],Bad,0,True,False,False
286,A_2025-12-15,CCCCCCCCC[N+](C=C1)=CC=C1C2OCC(C3COC(C4=CC=[N+](CCCCCCCCC)C=C4)OC3)CO2.[Br-].[Br-],CCCCCCCCC[N+](C=C1)=CC=C1C2OCC(C3COC(C4=CC=[N+](CCCCCCCCC)C=C4)OC3)CO2.[Br-].[Br-],CCCCCCCCC[n+]1ccc(C2OCC(C3COC(c4cc[n+](CCCCCCCCC)cc4)OC3)CO2)cc1.[Br-].[Br-],Bad,0,True,False,False
287,A_2025-12-15,CCCCCCCCCC[N+](C=C1)=CC=C1C2OCC(C3COC(C4=CC=[N+](CCCCCCCCCC)C=C4)OC3)CO2.[Br-].[Br-],CCCCCCCCCC[N+](C=C1)=CC=C1C2OCC(C3COC(C4=CC=[N+](CCCCCCCCCC)C=C4)OC3)CO2.[Br-].[Br-],CCCCCCCCCC[n+]1ccc(C2OCC(C3COC(c4cc[n+](CCCCCCCCCC)cc4)OC3)CO2)cc1.[Br-].[Br-],Good,1,True,False,False
288,A_2025-12-15,CCCCCCC[N+](C=C1)=CC=C1C(OC2)OCC32COC(C4=CC=[N+](CCCCCCC)C=C4)OC3.[Br-].[Br-],CCCCCCC[N+](C=C1)=CC=C1C(OC2)OCC32COC(C4=CC=[N+](CCCCCCC)C=C4)OC3.[Br-].[Br-],CCCCCCC[n+]1ccc(C2OCC3(CO2)COC(c2cc[n+](CCCCCCC)cc2)OC3)cc1.[Br-].[Br-],Bad,0,True,False,False
289,A_2025-12-15,CCCCCCCC[N+](C=C1)=CC=C1C(OC2)OCC32COC(C4=CC=[N+](CCCCCCCC)C=C4)OC3.[Br-].[Br-],CCCCCCCC[N+](C=C1)=CC=C1C(OC2)OCC32COC(C4=CC=[N+](CCCCCCCC)C=C4)OC3.[Br-].[Br-],CCCCCCCC[n+]1ccc(C2OCC3(CO2)COC(c2cc[n+](CCCCCCCC)cc2)OC3)cc1.[Br-].[Br-],Bad,0,True,False,False
290,A_2025-12-15,CCCCCCCCC[N+](C=C1)=CC=C1C(OC2)OCC32COC(C4=CC=[N+](CCCCCCCCC)C=C4)OC3.[Br-].[Br-],CCCCCCCCC[N+](C=C1)=CC=C1C(OC2)OCC32COC(C4=CC=[N+](CCCCCCCCC)C=C4)OC3.[Br-].[Br-],CCCCCCCCC[n+]1ccc(C2OCC3(CO2)COC(c2cc[n+](CCCCCCCCC)cc2)OC3)cc1.[Br-].[Br-],Bad,0,True,False,False
291,A_2025-12-15,CCCCCCCCCC[N+](C=C1)=CC=C1C(OC2)OCC32COC(C4=CC=[N+](CCCCCCCCCC)C=C4)OC3.[Br-].[Br-],CCCCCCCCCC[N+](C=C1)=CC=C1C(OC2)OCC32COC(C4=CC=[N+](CCCCCCCCCC)C=C4)OC3.[Br-].[Br-],CCCCCCCCCC[n+]1ccc(C2OCC3(CO2)COC(c2cc[n+](CCCCCCCCCC)cc2)OC3)cc1.[Br-].[Br-],Good,1,True,False,False
292,A_2025-12-15,CCCCCCCCCCC[N+](C=C1)=CC=C1C(OC2)OCC32COC(C4=CC=[N+](CCCCCCCCCCC)C=C4)OC3.[Br-].[Br-],CCCCCCCCCCC[N+](C=C1)=CC=C1C(OC2)OCC32COC(C4=CC=[N+](CCCCCCCCCCC)C=C4)OC3.[Br-].[Br-],CCCCCCCCCCC[n+]1ccc(C2OCC3(CO2)COC(c2cc[n+](CCCCCCCCCCC)cc2)OC3)cc1.[Br-].[Br-],Good,1,True,False,False
293,A_2025-12-15,CCCCCCCCCCCC[N+](C=C1)=CC=C1C(OC2)OCC32COC(C4=CC=[N+](CCCCCCCCCCCC)C=C4)OC3.[Br-].[Br-],CCCCCCCCCCCC[N+](C=C1)=CC=C1C(OC2)OCC32COC(C4=CC=[N+](CCCCCCCCCCCC)C=C4)OC3.[Br-].[Br-],CCCCCCCCCCCC[n+]1ccc(C2OCC3(CO2)COC(c2cc[n+](CCCCCCCCCCCC)cc2)OC3)cc1.[Br-].[Br-],Bad,0,True,False,False
294,A_2025-12-15,CCCCCCCC[N+]1=CC(C2OCC3(COC(C4=C[N+](CCCCCCCC)=CC=C4)OC3)CO2)=CC=C1.[Br-].[Br-],CCCCCCCC[N+]1=CC(C2OCC3(COC(C4=C[N+](CCCCCCCC)=CC=C4)OC3)CO2)=CC=C1.[Br-].[Br-],CCCCCCCC[n+]1cccc(C2OCC3(CO2)COC(c2ccc[n+](CCCCCCCC)c2)OC3)c1.[Br-].[Br-],Bad,0,True,False,False
295,A_2025-12-15,CCCCCCCCCC[N+]1=CC(C2OCC3(COC(C4=C[N+](CCCCCCCCCC)=CC=C4)OC3)CO2)=CC=C1.[Br-].[Br-],CCCCCCCCCC[N+]1=CC(C2OCC3(COC(C4=C[N+](CCCCCCCCCC)=CC=C4)OC3)CO2)=CC=C1.[Br-].[Br-],CCCCCCCCCC[n+]1cccc(C2OCC3(CO2)COC(c2ccc[n+](CCCCCCCCCC)c2)OC3)c1.[Br-].[Br-],Good,1,True,False,False
296,A_2025-12-15,CCCCCCCCCCCC[N+]1=CC(C2OCC3(COC(C4=C[N+](CCCCCCCCCCCC)=CC=C4)OC3)CO2)=CC=C1.[Br-].[Br-],CCCCCCCCCCCC[N+]1=CC(C2OCC3(COC(C4=C[N+](CCCCCCCCCCCC)=CC=C4)OC3)CO2)=CC=C1.[Br-].[Br-],CCCCCCCCCCCC[n+]1cccc(C2OCC3(CO2)COC(c2ccc[n+](CCCCCCCCCCCC)c2)OC3)c1.[Br-].[Br-],Bad,0,True,False,False
297,A_2025-12-15,CCCCCC[N+](C=C1)=CC=C1C2OCC3(COC(C4=CC=C(C5OCC6(COC(C7=CC=[N+](CCCCCC)C=C7)OC6)CO5)O4)OC3)CO2.[I-].[I-],CCCCCC[N+](C=C1)=CC=C1C2OCC3(COC(C4=CC=C(C5OCC6(COC(C7=CC=[N+](CCCCCC)C=C7)OC6)CO5)O4)OC3)CO2.[I-].[I-],CCCCCC[n+]1ccc(C2OCC3(CO2)COC(c2ccc(C4OCC5(COC(c6cc[n+](CCCCCC)cc6)OC5)CO4)o2)OC3)cc1.[I-].[I-],Bad,0,True,False,False
298,A_2025-12-15,CCCCCCC[N+](C=C1)=CC=C1C2OCC3(COC(C4=CC=C(C5OCC6(COC(C7=CC=[N+](CCCCCCC)C=C7)OC6)CO5)O4)OC3)CO2.[I-].[I-],CCCCCCC[N+](C=C1)=CC=C1C2OCC3(COC(C4=CC=C(C5OCC6(COC(C7=CC=[N+](CCCCCCC)C=C7)OC6)CO5)O4)OC3)CO2.[I-].[I-],CCCCCCC[n+]1ccc(C2OCC3(CO2)COC(c2ccc(C4OCC5(COC(c6cc[n+](CCCCCCC)cc6)OC5)CO4)o2)OC3)cc1.[I-].[I-],Bad,0,True,False,False
299,A_2025-12-15,CCCCCCCC[N+](C=C1)=CC=C1C2OCC3(COC(C4=CC=C(C5OCC6(COC(C7=CC=[N+](CCCCCCCC)C=C7)OC6)CO5)O4)OC3)CO2.[I-].[I-],CCCCCCCC[N+](C=C1)=CC=C1C2OCC3(COC(C4=CC=C(C5OCC6(COC(C7=CC=[N+](CCCCCCCC)C=C7)OC6)CO5)O4)OC3)CO2.[I-].[I-],CCCCCCCC[n+]1ccc(C2OCC3(CO2)COC(c2ccc(C4OCC5(COC(c6cc[n+](CCCCCCCC)cc6)OC5)CO4)o2)OC3)cc1.[I-].[I-],Bad,0,True,False,False
300,A_2025-12-15,CCCCCCCCCC[N+](C=C1)=CC=C1C2OCC3(COC(C4=CC=C(C5OCC6(COC(C7=CC=[N+](CCCCCCCCCC)C=C7)OC6)CO5)O4)OC3)CO2.[I-].[I-],CCCCCCCCCC[N+](C=C1)=CC=C1C2OCC3(COC(C4=CC=C(C5OCC6(COC(C7=CC=[N+](CCCCCCCCCC)C=C7)OC6)CO5)O4)OC3)CO2.[I-].[I-],CCCCCCCCCC[n+]1ccc(C2OCC3(CO2)COC(c2ccc(C4OCC5(COC(c6cc[n+](CCCCCCCCCC)cc6)OC5)CO4)o2)OC3)cc1.[I-].[I-],Bad,0,True,False,False
301,A_2025-12-15,CCCCCCCCCCCC[N+](C=C1)=CC=C1C2OCC3(COC(C4=CC=C(C5OCC6(COC(C7=CC=[N+](CCCCCCCCCCCC)C=C7)OC6)CO5)O4)OC3)CO2.[I-].[I-],CCCCCCCCCCCC[N+](C=C1)=CC=C1C2OCC3(COC(C4=CC=C(C5OCC6(COC(C7=CC=[N+](CCCCCCCCCCCC)C=C7)OC6)CO5)O4)OC3)CO2.[I-].[I-],CCCCCCCCCCCC[n+]1ccc(C2OCC3(CO2)COC(c2ccc(C4OCC5(COC(c6cc[n+](CCCCCCCCCCCC)cc6)OC5)CO4)o2)OC3)cc1.[I-].[I-],Bad,0,True,False,False
302,A_2025-12-15,CCCCCC[N+]1=CC(OC(C=C2)=CC=C2C(OC3)OCC43COC(C5=CC=C(OC6=C[N+](CCCCCC)=CC=C6)C=C5)OC4)=CC=C1.[Br-].[Br-],CCCCCC[N+]1=CC(OC(C=C2)=CC=C2C(OC3)OCC43COC(C5=CC=C(OC6=C[N+](CCCCCC)=CC=C6)C=C5)OC4)=CC=C1.[Br-].[Br-],CCCCCC[n+]1cccc(Oc2ccc(C3OCC4(CO3)COC(c3ccc(Oc5ccc[n+](CCCCCC)c5)cc3)OC4)cc2)c1.[Br-].[Br-],Bad,0,True,False,False
303,A_2025-12-15,CCCCCCC[N+]1=CC(OC(C=C2)=CC=C2C(OC3)OCC43COC(C5=CC=C(OC6=C[N+](CCCCCCC)=CC=C6)C=C5)OC4)=CC=C1.[Br-].[Br-],CCCCCCC[N+]1=CC(OC(C=C2)=CC=C2C(OC3)OCC43COC(C5=CC=C(OC6=C[N+](CCCCCCC)=CC=C6)C=C5)OC4)=CC=C1.[Br-].[Br-],CCCCCCC[n+]1cccc(Oc2ccc(C3OCC4(CO3)COC(c3ccc(Oc5ccc[n+](CCCCCCC)c5)cc3)OC4)cc2)c1.[Br-].[Br-],Bad,0,True,False,False
304,A_2025-12-15,CCCCCCCC[N+]1=CC(OC(C=C2)=CC=C2C(OC3)OCC43COC(C5=CC=C(OC6=C[N+](CCCCCCCC)=CC=C6)C=C5)OC4)=CC=C1.[Br-].[Br-],CCCCCCCC[N+]1=CC(OC(C=C2)=CC=C2C(OC3)OCC43COC(C5=CC=C(OC6=C[N+](CCCCCCCC)=CC=C6)C=C5)OC4)=CC=C1.[Br-].[Br-],CCCCCCCC[n+]1cccc(Oc2ccc(C3OCC4(CO3)COC(c3ccc(Oc5ccc[n+](CCCCCCCC)c5)cc3)OC4)cc2)c1.[Br-].[Br-],Good,1,True,False,False
305,A_2025-12-15,CCCCCCCCC[N+]1=CC(OC(C=C2)=CC=C2C(OC3)OCC43COC(C5=CC=C(OC6=C[N+](CCCCCCCCC)=CC=C6)C=C5)OC4)=CC=C1.[Br-].[Br-],CCCCCCCCC[N+]1=CC(OC(C=C2)=CC=C2C(OC3)OCC43COC(C5=CC=C(OC6=C[N+](CCCCCCCCC)=CC=C6)C=C5)OC4)=CC=C1.[Br-].[Br-],CCCCCCCCC[n+]1cccc(Oc2ccc(C3OCC4(CO3)COC(c3ccc(Oc5ccc[n+](CCCCCCCCC)c5)cc3)OC4)cc2)c1.[Br-].[Br-],Good,1,True,False,False
306,A_2025-12-15,CCCCCCCCCC[N+]1=CC(OC(C=C2)=CC=C2C(OC3)OCC43COC(C5=CC=C(OC6=C[N+](CCCCCCCCCC)=CC=C6)C=C5)OC4)=CC=C1.[Br-].[Br-],CCCCCCCCCC[N+]1=CC(OC(C=C2)=CC=C2C(OC3)OCC43COC(C5=CC=C(OC6=C[N+](CCCCCCCCCC)=CC=C6)C=C5)OC4)=CC=C1.[Br-].[Br-],CCCCCCCCCC[n+]1cccc(Oc2ccc(C3OCC4(CO3)COC(c3ccc(Oc5ccc[n+](CCCCCCCCCC)c5)cc3)OC4)cc2)c1.[Br-].[Br-],Good,1,True,False,False
307,A_2025-12-15,CCCCCCCCCCC[N+]1=CC(OC(C=C2)=CC=C2C(OC3)OCC43COC(C5=CC=C(OC6=C[N+](CCCCCCCCCCC)=CC=C6)C=C5)OC4)=CC=C1.[Br-].[Br-],CCCCCCCCCCC[N+]1=CC(OC(C=C2)=CC=C2C(OC3)OCC43COC(C5=CC=C(OC6=C[N+](CCCCCCCCCCC)=CC=C6)C=C5)OC4)=CC=C1.[Br-].[Br-],CCCCCCCCCCC[n+]1cccc(Oc2ccc(C3OCC4(CO3)COC(c3ccc(Oc5ccc[n+](CCCCCCCCCCC)c5)cc3)OC4)cc2)c1.[Br-].[Br-],Good,1,True,False,False
308,A_2025-12-15,CCCCCCCCCCCC[N+]1=CC(OC(C=C2)=CC=C2C(OC3)OCC43COC(C5=CC=C(OC6=C[N+](CCCCCCCCCCCC)=CC=C6)C=C5)OC4)=CC=C1.[Br-].[Br-],CCCCCCCCCCCC[N+]1=CC(OC(C=C2)=CC=C2C(OC3)OCC43COC(C5=CC=C(OC6=C[N+](CCCCCCCCCCCC)=CC=C6)C=C5)OC4)=CC=C1.[Br-].[Br-],CCCCCCCCCCCC[n+]1cccc(Oc2ccc(C3OCC4(CO3)COC(c3ccc(Oc5ccc[n+](CCCCCCCCCCCC)c5)cc3)OC4)cc2)c1.[Br-].[Br-],Bad,0,True,False,False
309,A_2025-12-15,CCCCCCCC[N+](C=C1)=CC=C1OC(C=C2)=CC=C2C(OC3)OCC43COC(C5=CC=C(OC6=CC=[N+](CCCCCCCC)C=C6)C=C5)OC4.[Br-].[Br-],CCCCCCCC[N+](C=C1)=CC=C1OC(C=C2)=CC=C2C(OC3)OCC43COC(C5=CC=C(OC6=CC=[N+](CCCCCCCC)C=C6)C=C5)OC4.[Br-].[Br-],CCCCCCCC[n+]1ccc(Oc2ccc(C3OCC4(CO3)COC(c3ccc(Oc5cc[n+](CCCCCCCC)cc5)cc3)OC4)cc2)cc1.[Br-].[Br-],Good,1,True,False,False
310,A_2025-12-15,CCCCCCCCC[N+](C=C1)=CC=C1OC(C=C2)=CC=C2C(OC3)OCC43COC(C5=CC=C(OC6=CC=[N+](CCCCCCCCC)C=C6)C=C5)OC4.[Br-].[Br-],CCCCCCCCC[N+](C=C1)=CC=C1OC(C=C2)=CC=C2C(OC3)OCC43COC(C5=CC=C(OC6=CC=[N+](CCCCCCCCC)C=C6)C=C5)OC4.[Br-].[Br-],CCCCCCCCC[n+]1ccc(Oc2ccc(C3OCC4(CO3)COC(c3ccc(Oc5cc[n+](CCCCCCCCC)cc5)cc3)OC4)cc2)cc1.[Br-].[Br-],Good,1,True,False,False
311,A_2025-12-15,CCCCCCCCCC[N+](C=C1)=CC=C1OC(C=C2)=CC=C2C(OC3)OCC43COC(C5=CC=C(OC6=CC=[N+](CCCCCCCCCC)C=C6)C=C5)OC4.[Br-].[Br-],CCCCCCCCCC[N+](C=C1)=CC=C1OC(C=C2)=CC=C2C(OC3)OCC43COC(C5=CC=C(OC6=CC=[N+](CCCCCCCCCC)C=C6)C=C5)OC4.[Br-].[Br-],CCCCCCCCCC[n+]1ccc(Oc2ccc(C3OCC4(CO3)COC(c3ccc(Oc5cc[n+](CCCCCCCCCC)cc5)cc3)OC4)cc2)cc1.[Br-].[Br-],Bad,0,True,False,False
312,A_2025-12-15,CC(C1=CC=C(OC2=CC=C[N+](CCCCCC)=C2)C=C1)(C)C3=CC=C(OC4=C[N+](CCCCCC)=CC=C4)C=C3.[Br-].[Br-],CC(C1=CC=C(OC2=CC=C[N+](CCCCCC)=C2)C=C1)(C)C3=CC=C(OC4=C[N+](CCCCCC)=CC=C4)C=C3.[Br-].[Br-],CCCCCC[n+]1cccc(Oc2ccc(C(C)(C)c3ccc(Oc4ccc[n+](CCCCCC)c4)cc3)cc2)c1.[Br-].[Br-],Bad,0,True,False,False
313,A_2025-12-15,CC(C1=CC=C(OC2=CC=C[N+](CCCCCCC)=C2)C=C1)(C)C3=CC=C(OC4=C[N+](CCCCCCC)=CC=C4)C=C3.[Br-].[Br-],CC(C1=CC=C(OC2=CC=C[N+](CCCCCCC)=C2)C=C1)(C)C3=CC=C(OC4=C[N+](CCCCCCC)=CC=C4)C=C3.[Br-].[Br-],CCCCCCC[n+]1cccc(Oc2ccc(C(C)(C)c3ccc(Oc4ccc[n+](CCCCCCC)c4)cc3)cc2)c1.[Br-].[Br-],Bad,0,True,False,False
314,A_2025-12-15,CC(C1=CC=C(OC2=CC=C[N+](CCCCCCCC)=C2)C=C1)(C)C3=CC=C(OC4=C[N+](CCCCCCCC)=CC=C4)C=C3.[Br-].[Br-],CC(C1=CC=C(OC2=CC=C[N+](CCCCCCCC)=C2)C=C1)(C)C3=CC=C(OC4=C[N+](CCCCCCCC)=CC=C4)C=C3.[Br-].[Br-],CCCCCCCC[n+]1cccc(Oc2ccc(C(C)(C)c3ccc(Oc4ccc[n+](CCCCCCCC)c4)cc3)cc2)c1.[Br-].[Br-],Good,1,True,False,False
315,A_2025-12-15,CC(C1=CC=C(OC2=CC=C[N+](CCCCCCCCC)=C2)C=C1)(C)C3=CC=C(OC4=C[N+](CCCCCCCCC)=CC=C4)C=C3.[Br-].[Br-],CC(C1=CC=C(OC2=CC=C[N+](CCCCCCCCC)=C2)C=C1)(C)C3=CC=C(OC4=C[N+](CCCCCCCCC)=CC=C4)C=C3.[Br-].[Br-],CCCCCCCCC[n+]1cccc(Oc2ccc(C(C)(C)c3ccc(Oc4ccc[n+](CCCCCCCCC)c4)cc3)cc2)c1.[Br-].[Br-],Good,1,True,False,False
316,A_2025-12-15,CC(C1=CC=C(OC2=CC=C[N+](CCCCCCCCCC)=C2)C=C1)(C)C3=CC=C(OC4=C[N+](CCCCCCCCCC)=CC=C4)C=C3.[Br-].[Br-],CC(C1=CC=C(OC2=CC=C[N+](CCCCCCCCCC)=C2)C=C1)(C)C3=CC=C(OC4=C[N+](CCCCCCCCCC)=CC=C4)C=C3.[Br-].[Br-],CCCCCCCCCC[n+]1cccc(Oc2ccc(C(C)(C)c3ccc(Oc4ccc[n+](CCCCCCCCCC)c4)cc3)cc2)c1.[Br-].[Br-],Bad,0,True,False,False
317,A_2025-12-15,CC(C1=CC=C(OC2=CC=C[N+](CCCCCCCCCCC)=C2)C=C1)(C)C3=CC=C(OC4=C[N+](CCCCCCCCCCC)=CC=C4)C=C3.[Br-].[Br-],CC(C1=CC=C(OC2=CC=C[N+](CCCCCCCCCCC)=C2)C=C1)(C)C3=CC=C(OC4=C[N+](CCCCCCCCCCC)=CC=C4)C=C3.[Br-].[Br-],CCCCCCCCCCC[n+]1cccc(Oc2ccc(C(C)(C)c3ccc(Oc4ccc[n+](CCCCCCCCCCC)c4)cc3)cc2)c1.[Br-].[Br-],Bad,0,True,False,False
318,A_2025-12-15,CC(C1=CC=C(OC2=CC=C[N+](CCCCCCCCCCCC)=C2)C=C1)(C)C3=CC=C(OC4=C[N+](CCCCCCCCCCCC)=CC=C4)C=C3.[Br-].[Br-],CC(C1=CC=C(OC2=CC=C[N+](CCCCCCCCCCCC)=C2)C=C1)(C)C3=CC=C(OC4=C[N+](CCCCCCCCCCCC)=CC=C4)C=C3.[Br-].[Br-],CCCCCCCCCCCC[n+]1cccc(Oc2ccc(C(C)(C)c3ccc(Oc4ccc[n+](CCCCCCCCCCCC)c4)cc3)cc2)c1.[Br-].[Br-],Bad,0,True,False,False
319,A_2025-12-15,CC(C1=CC=C(OC2=CC=[N+](CCCCCCCC)C=C2)C=C1)(C)C3=CC=C(OC4=CC=[N+](CCCCCCCC)C=C4)C=C3.[Br-].[Br-],CC(C1=CC=C(OC2=CC=[N+](CCCCCCCC)C=C2)C=C1)(C)C3=CC=C(OC4=CC=[N+](CCCCCCCC)C=C4)C=C3.[Br-].[Br-],CCCCCCCC[n+]1ccc(Oc2ccc(C(C)(C)c3ccc(Oc4cc[n+](CCCCCCCC)cc4)cc3)cc2)cc1.[Br-].[Br-],Bad,0,True,False,False
320,A_2025-12-15,CC(C1=CC=C(OC2=CC=[N+](CCCCCCCCCC)C=C2)C=C1)(C)C3=CC=C(OC4=CC=[N+](CCCCCCCCCC)C=C4)C=C3.[Br-].[Br-],CC(C1=CC=C(OC2=CC=[N+](CCCCCCCCCC)C=C2)C=C1)(C)C3=CC=C(OC4=CC=[N+](CCCCCCCCCC)C=C4)C=C3.[Br-].[Br-],CCCCCCCCCC[n+]1ccc(Oc2ccc(C(C)(C)c3ccc(Oc4cc[n+](CCCCCCCCCC)cc4)cc3)cc2)cc1.[Br-].[Br-],Bad,0,True,False,False
321,A_2025-12-15,CC(C1=CC=C(OC2=[N+](CCCCCC)C=CC=C2)C=C1)(C)C3=CC=C(OC4=CC=CC=[N+]4CCCCCC)C=C3.[I-].[I-],CC(C1=CC=C(OC2=[N+](CCCCCC)C=CC=C2)C=C1)(C)C3=CC=C(OC4=CC=CC=[N+]4CCCCCC)C=C3.[I-].[I-],CCCCCC[n+]1ccccc1Oc1ccc(C(C)(C)c2ccc(Oc3cccc[n+]3CCCCCC)cc2)cc1.[I-].[I-],Bad,0,True,False,False
322,A_2025-12-15,CC(C1=CC=C(OC2=[N+](CCCCCCC)C=CC=C2)C=C1)(C)C3=CC=C(OC4=CC=CC=[N+]4CCCCCCC)C=C3.[I-].[I-],CC(C1=CC=C(OC2=[N+](CCCCCCC)C=CC=C2)C=C1)(C)C3=CC=C(OC4=CC=CC=[N+]4CCCCCCC)C=C3.[I-].[I-],CCCCCCC[n+]1ccccc1Oc1ccc(C(C)(C)c2ccc(Oc3cccc[n+]3CCCCCCC)cc2)cc1.[I-].[I-],Bad,0,True,False,False
323,A_2025-12-15,CC(C1=CC=C(OC2=[N+](CCCCCCCC)C=CC=C2)C=C1)(C)C3=CC=C(OC4=CC=CC=[N+]4CCCCCCCC)C=C3.[I-].[I-],CC(C1=CC=C(OC2=[N+](CCCCCCCC)C=CC=C2)C=C1)(C)C3=CC=C(OC4=CC=CC=[N+]4CCCCCCCC)C=C3.[I-].[I-],CCCCCCCC[n+]1ccccc1Oc1ccc(C(C)(C)c2ccc(Oc3cccc[n+]3CCCCCCCC)cc2)cc1.[I-].[I-],Bad,0,True,False,False
324,A_2025-12-15,CC(C1=CC=C(OC2=[N+](CCCCCCCCCC)C=CC=C2)C=C1)(C)C3=CC=C(OC4=CC=CC=[N+]4CCCCCCCCCC)C=C3.[I-].[I-],CC(C1=CC=C(OC2=[N+](CCCCCCCCCC)C=CC=C2)C=C1)(C)C3=CC=C(OC4=CC=CC=[N+]4CCCCCCCCCC)C=C3.[I-].[I-],CCCCCCCCCC[n+]1ccccc1Oc1ccc(C(C)(C)c2ccc(Oc3cccc[n+]3CCCCCCCCCC)cc2)cc1.[I-].[I-],Bad,0,True,False,False
325,A_2025-12-15,CC(C1=CC=C(OC2=[N+](CCCCCCCCCCCC)C=CC=C2)C=C1)(C)C3=CC=C(OC4=CC=CC=[N+]4CCCCCCCCCCCC)C=C3.[I-].[I-],CC(C1=CC=C(OC2=[N+](CCCCCCCCCCCC)C=CC=C2)C=C1)(C)C3=CC=C(OC4=CC=CC=[N+]4CCCCCCCCCCCC)C=C3.[I-].[I-],CCCCCCCCCCCC[n+]1ccccc1Oc1ccc(C(C)(C)c2ccc(Oc3cccc[n+]3CCCCCCCCCCCC)cc2)cc1.[I-].[I-],Bad,0,True,False,False
326,A_2025-12-15,CCCCCCC[N+]1=CC=CC(OC2=CC=C(C3=CC=C(OC4=C[N+](CCCCCCC)=CC=C4)C=C3)C=C2)=C1.[Br-].[Br-],CCCCCCC[N+]1=CC=CC(OC2=CC=C(C3=CC=C(OC4=C[N+](CCCCCCC)=CC=C4)C=C3)C=C2)=C1.[Br-].[Br-],CCCCCCC[n+]1cccc(Oc2ccc(-c3ccc(Oc4ccc[n+](CCCCCCC)c4)cc3)cc2)c1.[Br-].[Br-],Bad,0,True,False,False
327,A_2025-12-15,CCCCCCC[N+]1=CC=CC(OC2=CC=C(C3=CC=C(OC4=C[N+](CCCCCCC)=CC=C4)C=C3)C=C2)=C1.[I-].[I-],CCCCCCC[N+]1=CC=CC(OC2=CC=C(C3=CC=C(OC4=C[N+](CCCCCCC)=CC=C4)C=C3)C=C2)=C1.[I-].[I-],CCCCCCC[n+]1cccc(Oc2ccc(-c3ccc(Oc4ccc[n+](CCCCCCC)c4)cc3)cc2)c1.[I-].[I-],Bad,0,True,False,False
328,A_2025-12-15,CCCCCCCC[N+]1=CC=CC(OC2=CC=C(C3=CC=C(OC4=C[N+](CCCCCCCC)=CC=C4)C=C3)C=C2)=C1.[Br-].[Br-],CCCCCCCC[N+]1=CC=CC(OC2=CC=C(C3=CC=C(OC4=C[N+](CCCCCCCC)=CC=C4)C=C3)C=C2)=C1.[Br-].[Br-],CCCCCCCC[n+]1cccc(Oc2ccc(-c3ccc(Oc4ccc[n+](CCCCCCCC)c4)cc3)cc2)c1.[Br-].[Br-],Good,1,True,False,False
329,A_2025-12-15,CCCCCCCC[N+]1=CC=CC(OC2=CC=C(C3=CC=C(OC4=C[N+](CCCCCCCC)=CC=C4)C=C3)C=C2)=C1.[I-].[I-],CCCCCCCC[N+]1=CC=CC(OC2=CC=C(C3=CC=C(OC4=C[N+](CCCCCCCC)=CC=C4)C=C3)C=C2)=C1.[I-].[I-],CCCCCCCC[n+]1cccc(Oc2ccc(-c3ccc(Oc4ccc[n+](CCCCCCCC)c4)cc3)cc2)c1.[I-].[I-],Bad,0,True,False,False
330,A_2025-12-15,CCCCCCCCCC[N+]1=CC=CC(OC2=CC=C(C3=CC=C(OC4=C[N+](CCCCCCCCCC)=CC=C4)C=C3)C=C2)=C1.[Cl-].[Cl-],CCCCCCCCCC[N+]1=CC=CC(OC2=CC=C(C3=CC=C(OC4=C[N+](CCCCCCCCCC)=CC=C4)C=C3)C=C2)=C1.[Cl-].[Cl-],CCCCCCCCCC[n+]1cccc(Oc2ccc(-c3ccc(Oc4ccc[n+](CCCCCCCCCC)c4)cc3)cc2)c1.[Cl-].[Cl-],Good,1,True,False,False
331,A_2025-12-15,CCCCCCCCCC[N+]1=CC=CC(OC2=CC=C(C3=CC=C(OC4=C[N+](CCCCCCCCCC)=CC=C4)C=C3)C=C2)=C1.[I-].[I-],CCCCCCCCCC[N+]1=CC=CC(OC2=CC=C(C3=CC=C(OC4=C[N+](CCCCCCCCCC)=CC=C4)C=C3)C=C2)=C1.[I-].[I-],CCCCCCCCCC[n+]1cccc(Oc2ccc(-c3ccc(Oc4ccc[n+](CCCCCCCCCC)c4)cc3)cc2)c1.[I-].[I-],Good,1,True,False,False
332,A_2025-12-15,CCCCCCCCCCC[N+]1=CC=CC(OC2=CC=C(C3=CC=C(OC4=C[N+](CCCCCCCCCCC)=CC=C4)C=C3)C=C2)=C1.[Br-].[Br-],CCCCCCCCCCC[N+]1=CC=CC(OC2=CC=C(C3=CC=C(OC4=C[N+](CCCCCCCCCCC)=CC=C4)C=C3)C=C2)=C1.[Br-].[Br-],CCCCCCCCCCC[n+]1cccc(Oc2ccc(-c3ccc(Oc4ccc[n+](CCCCCCCCCCC)c4)cc3)cc2)c1.[Br-].[Br-],Bad,0,True,False,False
333,A_2025-12-15,CCCCCCCCCCCC[N+]1=CC=CC(OC2=CC=C(C3=CC=C(OC4=C[N+](CCCCCCCCCCCC)=CC=C4)C=C3)C=C2)=C1.[Br-].[Br-],CCCCCCCCCCCC[N+]1=CC=CC(OC2=CC=C(C3=CC=C(OC4=C[N+](CCCCCCCCCCCC)=CC=C4)C=C3)C=C2)=C1.[Br-].[Br-],CCCCCCCCCCCC[n+]1cccc(Oc2ccc(-c3ccc(Oc4ccc[n+](CCCCCCCCCCCC)c4)cc3)cc2)c1.[Br-].[Br-],Bad,0,True,False,False
334,A_2025-12-15,CCCCCCCCCCCC[N+]1=CC=CC(OC2=CC=C(C3=CC=C(OC4=C[N+](CCCCCCCCCCCC)=CC=C4)C=C3)C=C2)=C1.[I-].[I-],CCCCCCCCCCCC[N+]1=CC=CC(OC2=CC=C(C3=CC=C(OC4=C[N+](CCCCCCCCCCCC)=CC=C4)C=C3)C=C2)=C1.[I-].[I-],CCCCCCCCCCCC[n+]1cccc(Oc2ccc(-c3ccc(Oc4ccc[n+](CCCCCCCCCCCC)c4)cc3)cc2)c1.[I-].[I-],Bad,0,True,False,False
335,A_2025-12-15,CCCCCCCCCCCCCC[N+]1=CC=CC(OC2=CC=C(C3=CC=C(OC4=C[N+](CCCCCCCCCCCCCC)=CC=C4)C=C3)C=C2)=C1.[Br-].[Br-],CCCCCCCCCCCCCC[N+]1=CC=CC(OC2=CC=C(C3=CC=C(OC4=C[N+](CCCCCCCCCCCCCC)=CC=C4)C=C3)C=C2)=C1.[Br-].[Br-],CCCCCCCCCCCCCC[n+]1cccc(Oc2ccc(-c3ccc(Oc4ccc[n+](CCCCCCCCCCCCCC)c4)cc3)cc2)c1.[Br-].[Br-],Bad,0,True,False,False
336,A_2025-12-15,CCCCCCCCCCCCCCCC[N+]1=CC=CC(OC2=CC=C(C3=CC=C(OC4=C[N+](CCCCCCCCCCCCCCCC)=CC=C4)C=C3)C=C2)=C1.[Br-].[Br-],CCCCCCCCCCCCCCCC[N+]1=CC=CC(OC2=CC=C(C3=CC=C(OC4=C[N+](CCCCCCCCCCCCCCCC)=CC=C4)C=C3)C=C2)=C1.[Br-].[Br-],CCCCCCCCCCCCCCCC[n+]1cccc(Oc2ccc(-c3ccc(Oc4ccc[n+](CCCCCCCCCCCCCCCC)c4)cc3)cc2)c1.[Br-].[Br-],Bad,0,True,False,False
337,A_2025-12-15,CCCCCCC[N+]1=CC=CC(OC2=CC=C(OC3=CC=C(OC4=C[N+](CCCCCCC)=CC=C4)C=C3)C=C2)=C1.[Br-].[Br-],CCCCCCC[N+]1=CC=CC(OC2=CC=C(OC3=CC=C(OC4=C[N+](CCCCCCC)=CC=C4)C=C3)C=C2)=C1.[Br-].[Br-],CCCCCCC[n+]1cccc(Oc2ccc(Oc3ccc(Oc4ccc[n+](CCCCCCC)c4)cc3)cc2)c1.[Br-].[Br-],Bad,0,True,False,True
338,A_2025-12-15,CCCCCCC[N+]1=CC=CC(OC2=CC=C(OC3=CC=C(OC4=C[N+](CCCCCCC)=CC=C4)C=C3)C=C2)=C1.[I-].[I-],CCCCCCC[N+]1=CC=CC(OC2=CC=C(OC3=CC=C(OC4=C[N+](CCCCCCC)=CC=C4)C=C3)C=C2)=C1.[I-].[I-],CCCCCCC[n+]1cccc(Oc2ccc(Oc3ccc(Oc4ccc[n+](CCCCCCC)c4)cc3)cc2)c1.[I-].[I-],Bad,0,True,False,False
339,A_2025-12-15,CCCCCCCC[N+]1=CC=CC(OC2=CC=C(OC3=CC=C(OC4=C[N+](CCCCCCCC)=CC=C4)C=C3)C=C2)=C1.[Br-].[Br-],CCCCCCCC[N+]1=CC=CC(OC2=CC=C(OC3=CC=C(OC4=C[N+](CCCCCCCC)=CC=C4)C=C3)C=C2)=C1.[Br-].[Br-],CCCCCCCC[n+]1cccc(Oc2ccc(Oc3ccc(Oc4ccc[n+](CCCCCCCC)c4)cc3)cc2)c1.[Br-].[Br-],Bad,0,True,False,False
340,A_2025-12-15,CCCCCCCC[N+]1=CC=CC(OC2=CC=C(OC3=CC=C(OC4=C[N+](CCCCCCCC)=CC=C4)C=C3)C=C2)=C1.[I-].[I-],CCCCCCCC[N+]1=CC=CC(OC2=CC=C(OC3=CC=C(OC4=C[N+](CCCCCCCC)=CC=C4)C=C3)C=C2)=C1.[I-].[I-],CCCCCCCC[n+]1cccc(Oc2ccc(Oc3ccc(Oc4ccc[n+](CCCCCCCC)c4)cc3)cc2)c1.[I-].[I-],Bad,0,True,False,False
341,A_2025-12-15,CCCCCCCCC[N+]1=CC=CC(OC2=CC=C(OC3=CC=C(OC4=C[N+](CCCCCCCCC)=CC=C4)C=C3)C=C2)=C1.[Br-].[Br-],CCCCCCCCC[N+]1=CC=CC(OC2=CC=C(OC3=CC=C(OC4=C[N+](CCCCCCCCC)=CC=C4)C=C3)C=C2)=C1.[Br-].[Br-],CCCCCCCCC[n+]1cccc(Oc2ccc(Oc3ccc(Oc4ccc[n+](CCCCCCCCC)c4)cc3)cc2)c1.[Br-].[Br-],Good,1,True,False,False
342,A_2025-12-15,CCCCCCCCCC[N+]1=CC=CC(OC2=CC=C(OC3=CC=C(OC4=C[N+](CCCCCCCCCC)=CC=C4)C=C3)C=C2)=C1.[I-].[I-],CCCCCCCCCC[N+]1=CC=CC(OC2=CC=C(OC3=CC=C(OC4=C[N+](CCCCCCCCCC)=CC=C4)C=C3)C=C2)=C1.[I-].[I-],CCCCCCCCCC[n+]1cccc(Oc2ccc(Oc3ccc(Oc4ccc[n+](CCCCCCCCCC)c4)cc3)cc2)c1.[I-].[I-],Good,1,True,False,False
343,A_2025-12-15,CCCCCCCCCC[N+]1=CC=CC(OC2=CC=C(OC3=CC=C(OC4=C[N+](CCCCCCCCCC)=CC=C4)C=C3)C=C2)=C1.[Cl-].[Cl-],CCCCCCCCCC[N+]1=CC=CC(OC2=CC=C(OC3=CC=C(OC4=C[N+](CCCCCCCCCC)=CC=C4)C=C3)C=C2)=C1.[Cl-].[Cl-],CCCCCCCCCC[n+]1cccc(Oc2ccc(Oc3ccc(Oc4ccc[n+](CCCCCCCCCC)c4)cc3)cc2)c1.[Cl-].[Cl-],Good,1,True,False,False
344,A_2025-12-15,CCCCCCCCCCC[N+]1=CC=CC(OC2=CC=C(OC3=CC=C(OC4=C[N+](CCCCCCCCCCC)=CC=C4)C=C3)C=C2)=C1.[Br-].[Br-],CCCCCCCCCCC[N+]1=CC=CC(OC2=CC=C(OC3=CC=C(OC4=C[N+](CCCCCCCCCCC)=CC=C4)C=C3)C=C2)=C1.[Br-].[Br-],CCCCCCCCCCC[n+]1cccc(Oc2ccc(Oc3ccc(Oc4ccc[n+](CCCCCCCCCCC)c4)cc3)cc2)c1.[Br-].[Br-],Good,1,True,False,False
345,A_2025-12-15,CCCCCCCCCCCC[N+]1=CC=CC(OC2=CC=C(OC3=CC=C(OC4=C[N+](CCCCCCCCCCCC)=CC=C4)C=C3)C=C2)=C1.[Br-].[Br-],CCCCCCCCCCCC[N+]1=CC=CC(OC2=CC=C(OC3=CC=C(OC4=C[N+](CCCCCCCCCCCC)=CC=C4)C=C3)C=C2)=C1.[Br-].[Br-],CCCCCCCCCCCC[n+]1cccc(Oc2ccc(Oc3ccc(Oc4ccc[n+](CCCCCCCCCCCC)c4)cc3)cc2)c1.[Br-].[Br-],Bad,0,True,False,False
346,A_2025-12-15,CCCCCCCCCCCC[N+]1=CC=CC(OC2=CC=C(OC3=CC=C(OC4=C[N+](CCCCCCCCCCCC)=CC=C4)C=C3)C=C2)=C1.[I-].[I-],CCCCCCCCCCCC[N+]1=CC=CC(OC2=CC=C(OC3=CC=C(OC4=C[N+](CCCCCCCCCCCC)=CC=C4)C=C3)C=C2)=C1.[I-].[I-],CCCCCCCCCCCC[n+]1cccc(Oc2ccc(Oc3ccc(Oc4ccc[n+](CCCCCCCCCCCC)c4)cc3)cc2)c1.[I-].[I-],Bad,0,True,False,False
347,A_2025-12-15,CCCCCCCCCCCCCC[N+]1=CC=CC(OC2=CC=C(OC3=CC=C(OC4=C[N+](CCCCCCCCCCCCCC)=CC=C4)C=C3)C=C2)=C1.[Br-].[Br-],CCCCCCCCCCCCCC[N+]1=CC=CC(OC2=CC=C(OC3=CC=C(OC4=C[N+](CCCCCCCCCCCCCC)=CC=C4)C=C3)C=C2)=C1.[Br-].[Br-],CCCCCCCCCCCCCC[n+]1cccc(Oc2ccc(Oc3ccc(Oc4ccc[n+](CCCCCCCCCCCCCC)c4)cc3)cc2)c1.[Br-].[Br-],Bad,0,True,False,False
348,A_2025-12-15,CCCCCCC[N+]1=CC=CC(OC2=CC=C(C3=CC=C(C4=CC=C(OC5=C[N+](CCCCCCC)=CC=C5)C=C4)C=C3)C=C2)=C1.[Br-].[Br-],CCCCCCC[N+]1=CC=CC(OC2=CC=C(C3=CC=C(C4=CC=C(OC5=C[N+](CCCCCCC)=CC=C5)C=C4)C=C3)C=C2)=C1.[Br-].[Br-],CCCCCCC[n+]1cccc(Oc2ccc(-c3ccc(-c4ccc(Oc5ccc[n+](CCCCCCC)c5)cc4)cc3)cc2)c1.[Br-].[Br-],Bad,0,True,False,False
349,A_2025-12-15,CCCCCCCC[N+]1=CC=CC(OC2=CC=C(C3=CC=C(C4=CC=C(OC5=C[N+](CCCCCCCC)=CC=C5)C=C4)C=C3)C=C2)=C1.[Br-].[Br-],CCCCCCCC[N+]1=CC=CC(OC2=CC=C(C3=CC=C(C4=CC=C(OC5=C[N+](CCCCCCCC)=CC=C5)C=C4)C=C3)C=C2)=C1.[Br-].[Br-],CCCCCCCC[n+]1cccc(Oc2ccc(-c3ccc(-c4ccc(Oc5ccc[n+](CCCCCCCC)c5)cc4)cc3)cc2)c1.[Br-].[Br-],Bad,0,True,False,False
350,A_2025-12-15,CCCCCCCCC[N+]1=CC=CC(OC2=CC=C(C3=CC=C(C4=CC=C(OC5=C[N+](CCCCCCCCC)=CC=C5)C=C4)C=C3)C=C2)=C1.[Br-].[Br-],CCCCCCCCC[N+]1=CC=CC(OC2=CC=C(C3=CC=C(C4=CC=C(OC5=C[N+](CCCCCCCCC)=CC=C5)C=C4)C=C3)C=C2)=C1.[Br-].[Br-],CCCCCCCCC[n+]1cccc(Oc2ccc(-c3ccc(-c4ccc(Oc5ccc[n+](CCCCCCCCC)c5)cc4)cc3)cc2)c1.[Br-].[Br-],Bad,0,True,False,False
351,A_2025-12-15,CCCCCCCCCC[N+]1=CC=CC(OC2=CC=C(C3=CC=C(C4=CC=C(OC5=C[N+](CCCCCCCCCC)=CC=C5)C=C4)C=C3)C=C2)=C1.[Br-].[Br-],CCCCCCCCCC[N+]1=CC=CC(OC2=CC=C(C3=CC=C(C4=CC=C(OC5=C[N+](CCCCCCCCCC)=CC=C5)C=C4)C=C3)C=C2)=C1.[Br-].[Br-],CCCCCCCCCC[n+]1cccc(Oc2ccc(-c3ccc(-c4ccc(Oc5ccc[n+](CCCCCCCCCC)c5)cc4)cc3)cc2)c1.[Br-].[Br-],Bad,0,True,False,False
352,A_2025-12-15,CCCCCCCCCCC[N+]1=CC=CC(OC2=CC=C(C3=CC=C(C4=CC=C(OC5=C[N+](CCCCCCCCCCC)=CC=C5)C=C4)C=C3)C=C2)=C1.[Br-].[Br-],CCCCCCCCCCC[N+]1=CC=CC(OC2=CC=C(C3=CC=C(C4=CC=C(OC5=C[N+](CCCCCCCCCCC)=CC=C5)C=C4)C=C3)C=C2)=C1.[Br-].[Br-],CCCCCCCCCCC[n+]1cccc(Oc2ccc(-c3ccc(-c4ccc(Oc5ccc[n+](CCCCCCCCCCC)c5)cc4)cc3)cc2)c1.[Br-].[Br-],Bad,0,True,False,False
353,A_2025-12-15,CCCCCCCC[N+]1=CC=CC=C1OC2=CC=C(C=CC(OC3=CC=CC=[N+]3CCCCCCCC)=C4)C4=C2.[Br-].[Br-],CCCCCCCC[N+]1=CC=CC=C1OC2=CC=C(C=CC(OC3=CC=CC=[N+]3CCCCCCCC)=C4)C4=C2.[Br-].[Br-],CCCCCCCC[n+]1ccccc1Oc1ccc2ccc(Oc3cccc[n+]3CCCCCCCC)cc2c1.[Br-].[Br-],Bad,0,True,False,False
354,A_2025-12-15,CCCCCCCCC[N+]1=CC=CC=C1OC2=CC=C(C=CC(OC3=CC=CC=[N+]3CCCCCCCCC)=C4)C4=C2.[Br-].[Br-],CCCCCCCCC[N+]1=CC=CC=C1OC2=CC=C(C=CC(OC3=CC=CC=[N+]3CCCCCCCCC)=C4)C4=C2.[Br-].[Br-],CCCCCCCCC[n+]1ccccc1Oc1ccc2ccc(Oc3cccc[n+]3CCCCCCCCC)cc2c1.[Br-].[Br-],Good,1,True,False,False
355,A_2025-12-15,CCCCCCCCCC[N+]1=CC=CC=C1OC2=CC=C(C=CC(OC3=CC=CC=[N+]3CCCCCCCCCC)=C4)C4=C2.[Br-].[Br-],CCCCCCCCCC[N+]1=CC=CC=C1OC2=CC=C(C=CC(OC3=CC=CC=[N+]3CCCCCCCCCC)=C4)C4=C2.[Br-].[Br-],CCCCCCCCCC[n+]1ccccc1Oc1ccc2ccc(Oc3cccc[n+]3CCCCCCCCCC)cc2c1.[Br-].[Br-],Good,1,True,False,False
356,A_2025-12-15,CCCCCCCCCCC[N+]1=CC=CC=C1OC2=CC=C(C=CC(OC3=CC=CC=[N+]3CCCCCCCCCCC)=C4)C4=C2.[Br-].[Br-],CCCCCCCCCCC[N+]1=CC=CC=C1OC2=CC=C(C=CC(OC3=CC=CC=[N+]3CCCCCCCCCCC)=C4)C4=C2.[Br-].[Br-],CCCCCCCCCCC[n+]1ccccc1Oc1ccc2ccc(Oc3cccc[n+]3CCCCCCCCCCC)cc2c1.[Br-].[Br-],Bad,0,True,False,False
357,A_2025-12-15,CCCCCCCCCCCC[N+]1=CC=CC=C1OC2=CC=C(C=CC(OC3=CC=CC=[N+]3CCCCCCCCCCCC)=C4)C4=C2.[Br-].[Br-],CCCCCCCCCCCC[N+]1=CC=CC=C1OC2=CC=C(C=CC(OC3=CC=CC=[N+]3CCCCCCCCCCCC)=C4)C4=C2.[Br-].[Br-],CCCCCCCCCCCC[n+]1ccccc1Oc1ccc2ccc(Oc3cccc[n+]3CCCCCCCCCCCC)cc2c1.[Br-].[Br-],Bad,0,True,False,False
358,A_2025-12-15,CCCCCCCC[N+]1=C(OC(C=C2)=CC=C2C(C=C3)=CC=C3OC4=CC=CC=[N+]4CCCCCCCC)C=CC=C1.[Br-].[Br-],CCCCCCCC[N+]1=C(OC(C=C2)=CC=C2C(C=C3)=CC=C3OC4=CC=CC=[N+]4CCCCCCCC)C=CC=C1.[Br-].[Br-],CCCCCCCC[n+]1ccccc1Oc1ccc(-c2ccc(Oc3cccc[n+]3CCCCCCCC)cc2)cc1.[Br-].[Br-],Good,1,True,False,False
359,A_2025-12-15,CCCCCCCC[N+]1=C(OC(C=C2)=CC=C2C(C=C3)=CC=C3OC4=CC=CC=[N+]4CCCCCCCC)C=CC=C1.[I-].[I-],CCCCCCCC[N+]1=C(OC(C=C2)=CC=C2C(C=C3)=CC=C3OC4=CC=CC=[N+]4CCCCCCCC)C=CC=C1.[I-].[I-],CCCCCCCC[n+]1ccccc1Oc1ccc(-c2ccc(Oc3cccc[n+]3CCCCCCCC)cc2)cc1.[I-].[I-],Bad,0,True,False,False
360,A_2025-12-15,CCCCCCCCCC[N+]1=CC=CC=C1OC2=CC=C(C3=CC=C(OC4=[N+](CCCCCCCCCC)C=CC=C4)C=C3)C=C2.[Br-].[Br-],CCCCCCCCCC[N+]1=CC=CC=C1OC2=CC=C(C3=CC=C(OC4=[N+](CCCCCCCCCC)C=CC=C4)C=C3)C=C2.[Br-].[Br-],CCCCCCCCCC[n+]1ccccc1Oc1ccc(-c2ccc(Oc3cccc[n+]3CCCCCCCCCC)cc2)cc1.[Br-].[Br-],Good,1,True,False,False
361,A_2025-12-15,CCCCCCCCCC[N+]1=CC=CC=C1OC2=CC=C(C3=CC=C(OC4=[N+](CCCCCCCCCC)C=CC=C4)C=C3)C=C2.[I-].[I-],CCCCCCCCCC[N+]1=CC=CC=C1OC2=CC=C(C3=CC=C(OC4=[N+](CCCCCCCCCC)C=CC=C4)C=C3)C=C2.[I-].[I-],CCCCCCCCCC[n+]1ccccc1Oc1ccc(-c2ccc(Oc3cccc[n+]3CCCCCCCCCC)cc2)cc1.[I-].[I-],Bad,0,True,False,False
362,A_2025-12-15,CCCCCCCCCCCC[N+]1=CC=CC=C1OC2=CC=C(C3=CC=C(OC4=[N+](CCCCCCCCCCCC)C=CC=C4)C=C3)C=C2.[Br-].[Br-],CCCCCCCCCCCC[N+]1=CC=CC=C1OC2=CC=C(C3=CC=C(OC4=[N+](CCCCCCCCCCCC)C=CC=C4)C=C3)C=C2.[Br-].[Br-],CCCCCCCCCCCC[n+]1ccccc1Oc1ccc(-c2ccc(Oc3cccc[n+]3CCCCCCCCCCCC)cc2)cc1.[Br-].[Br-],Bad,0,True,False,False
363,A_2025-12-15,CCCCCCCCCCCC[N+]1=CC=CC=C1OC2=CC=C(C3=CC=C(OC4=[N+](CCCCCCCCCCCC)C=CC=C4)C=C3)C=C2.[I-].[I-],CCCCCCCCCCCC[N+]1=CC=CC=C1OC2=CC=C(C3=CC=C(OC4=[N+](CCCCCCCCCCCC)C=CC=C4)C=C3)C=C2.[I-].[I-],CCCCCCCCCCCC[n+]1ccccc1Oc1ccc(-c2ccc(Oc3cccc[n+]3CCCCCCCCCCCC)cc2)cc1.[I-].[I-],Bad,0,True,False,False
364,A_2025-12-15,CCCCCCCC[N+]1=CC=C(OC(C=C2)=CC=C2C3=CC=C(OC4=CC=[N+](CCCCCCCC)C=C4)C=C3)C=C1.[Br-].[Br-],CCCCCCCC[N+]1=CC=C(OC(C=C2)=CC=C2C3=CC=C(OC4=CC=[N+](CCCCCCCC)C=C4)C=C3)C=C1.[Br-].[Br-],CCCCCCCC[n+]1ccc(Oc2ccc(-c3ccc(Oc4cc[n+](CCCCCCCC)cc4)cc3)cc2)cc1.[Br-].[Br-],Good,1,True,False,False
365,A_2025-12-15,CCCCCCCC[N+]1=CC=C(OC(C=C2)=CC=C2C3=CC=C(OC4=CC=[N+](CCCCCCCC)C=C4)C=C3)C=C1.[I-].[I-],CCCCCCCC[N+]1=CC=C(OC(C=C2)=CC=C2C3=CC=C(OC4=CC=[N+](CCCCCCCC)C=C4)C=C3)C=C1.[I-].[I-],CCCCCCCC[n+]1ccc(Oc2ccc(-c3ccc(Oc4cc[n+](CCCCCCCC)cc4)cc3)cc2)cc1.[I-].[I-],Good,1,True,False,False
366,A_2025-12-15,CCCCCCCCCC[N+]1=CC=C(OC2=CC=C(C3=CC=C(OC4=CC=[N+](CCCCCCCCCC)C=C4)C=C3)C=C2)C=C1.[Br-].[Br-],CCCCCCCCCC[N+]1=CC=C(OC2=CC=C(C3=CC=C(OC4=CC=[N+](CCCCCCCCCC)C=C4)C=C3)C=C2)C=C1.[Br-].[Br-],CCCCCCCCCC[n+]1ccc(Oc2ccc(-c3ccc(Oc4cc[n+](CCCCCCCCCC)cc4)cc3)cc2)cc1.[Br-].[Br-],Good,1,True,False,False
367,A_2025-12-15,CCCCCCCCCC[N+]1=CC=C(OC2=CC=C(C3=CC=C(OC4=CC=[N+](CCCCCCCCCC)C=C4)C=C3)C=C2)C=C1.[I-].[I-],CCCCCCCCCC[N+]1=CC=C(OC2=CC=C(C3=CC=C(OC4=CC=[N+](CCCCCCCCCC)C=C4)C=C3)C=C2)C=C1.[I-].[I-],CCCCCCCCCC[n+]1ccc(Oc2ccc(-c3ccc(Oc4cc[n+](CCCCCCCCCC)cc4)cc3)cc2)cc1.[I-].[I-],Bad,0,True,False,False
368,A_2025-12-15,CCCCCCCCCCCC[N+]1=CC=C(OC2=CC=C(C3=CC=C(OC4=CC=[N+](CCCCCCCCCCCC)C=C4)C=C3)C=C2)C=C1.[Br-].[Br-],CCCCCCCCCCCC[N+]1=CC=C(OC2=CC=C(C3=CC=C(OC4=CC=[N+](CCCCCCCCCCCC)C=C4)C=C3)C=C2)C=C1.[Br-].[Br-],CCCCCCCCCCCC[n+]1ccc(Oc2ccc(-c3ccc(Oc4cc[n+](CCCCCCCCCCCC)cc4)cc3)cc2)cc1.[Br-].[Br-],Bad,0,True,False,False
369,A_2025-12-15,CCCCCCCCCCCC[N+]1=CC=C(OC2=CC=C(C3=CC=C(OC4=CC=[N+](CCCCCCCCCCCC)C=C4)C=C3)C=C2)C=C1.[I-].[I-],CCCCCCCCCCCC[N+]1=CC=C(OC2=CC=C(C3=CC=C(OC4=CC=[N+](CCCCCCCCCCCC)C=C4)C=C3)C=C2)C=C1.[I-].[I-],CCCCCCCCCCCC[n+]1ccc(Oc2ccc(-c3ccc(Oc4cc[n+](CCCCCCCCCCCC)cc4)cc3)cc2)cc1.[I-].[I-],Bad,0,True,False,False
370,A_2025-12-15,CCCCCCCC[N+]1=CC=C(OC2=CC=C(OC3=CC=C(OC4=CC=[N+](CCCCCCCC)C=C4)C=C3)C=C2)C=C1.[Br-].[Br-],CCCCCCCC[N+]1=CC=C(OC2=CC=C(OC3=CC=C(OC4=CC=[N+](CCCCCCCC)C=C4)C=C3)C=C2)C=C1.[Br-].[Br-],CCCCCCCC[n+]1ccc(Oc2ccc(Oc3ccc(Oc4cc[n+](CCCCCCCC)cc4)cc3)cc2)cc1.[Br-].[Br-],Good,1,True,False,False
371,A_2025-12-15,CCCCCCCCC[N+]1=CC=C(OC2=CC=C(OC3=CC=C(OC4=CC=[N+](CCCCCCCCC)C=C4)C=C3)C=C2)C=C1.[Br-].[Br-],CCCCCCCCC[N+]1=CC=C(OC2=CC=C(OC3=CC=C(OC4=CC=[N+](CCCCCCCCC)C=C4)C=C3)C=C2)C=C1.[Br-].[Br-],CCCCCCCCC[n+]1ccc(Oc2ccc(Oc3ccc(Oc4cc[n+](CCCCCCCCC)cc4)cc3)cc2)cc1.[Br-].[Br-],Good,1,True,False,False
372,A_2025-12-15,CCCCCCCCCC[N+]1=CC=C(OC2=CC=C(OC3=CC=C(OC4=CC=[N+](CCCCCCCCCC)C=C4)C=C3)C=C2)C=C1.[Cl-].[Cl-],CCCCCCCCCC[N+]1=CC=C(OC2=CC=C(OC3=CC=C(OC4=CC=[N+](CCCCCCCCCC)C=C4)C=C3)C=C2)C=C1.[Cl-].[Cl-],CCCCCCCCCC[n+]1ccc(Oc2ccc(Oc3ccc(Oc4cc[n+](CCCCCCCCCC)cc4)cc3)cc2)cc1.[Cl-].[Cl-],Good,1,True,False,False
373,A_2025-12-15,CCCCCCCCCC[N+]1=CC=C(OC2=CC=C(OC3=CC=C(OC4=CC=[N+](CCCCCCCCCC)C=C4)C=C3)C=C2)C=C1.[Br-].[Br-],CCCCCCCCCC[N+]1=CC=C(OC2=CC=C(OC3=CC=C(OC4=CC=[N+](CCCCCCCCCC)C=C4)C=C3)C=C2)C=C1.[Br-].[Br-],CCCCCCCCCC[n+]1ccc(Oc2ccc(Oc3ccc(Oc4cc[n+](CCCCCCCCCC)cc4)cc3)cc2)cc1.[Br-].[Br-],Good,1,True,False,False
374,A_2025-12-15,CCCCCCCCCC[N+]1=CC=C(OC2=CC=C(OC3=CC=C(OC4=CC=[N+](CCCCCCCCCC)C=C4)C=C3)C=C2)C=C1.[I-].[I-],CCCCCCCCCC[N+]1=CC=C(OC2=CC=C(OC3=CC=C(OC4=CC=[N+](CCCCCCCCCC)C=C4)C=C3)C=C2)C=C1.[I-].[I-],CCCCCCCCCC[n+]1ccc(Oc2ccc(Oc3ccc(Oc4cc[n+](CCCCCCCCCC)cc4)cc3)cc2)cc1.[I-].[I-],Bad,0,True,False,False
375,A_2025-12-15,CCCCCCCCCCC[N+]1=CC=C(OC2=CC=C(OC3=CC=C(OC4=CC=[N+](CCCCCCCCCCC)C=C4)C=C3)C=C2)C=C1.[Br-].[Br-],CCCCCCCCCCC[N+]1=CC=C(OC2=CC=C(OC3=CC=C(OC4=CC=[N+](CCCCCCCCCCC)C=C4)C=C3)C=C2)C=C1.[Br-].[Br-],CCCCCCCCCCC[n+]1ccc(Oc2ccc(Oc3ccc(Oc4cc[n+](CCCCCCCCCCC)cc4)cc3)cc2)cc1.[Br-].[Br-],Bad,0,True,False,False
376,A_2025-12-15,CCCCCCNC(C=C1)=CC=[N+]1CC2=CC=CC=C2OCCCCOC3=C(C[N+]4=CC=C(NCCCCCC)C=C4)C=CC=C3.[Cl-].[Cl-],CCCCCCNC(C=C1)=CC=[N+]1CC2=CC=CC=C2OCCCCOC3=C(C[N+]4=CC=C(NCCCCCC)C=C4)C=CC=C3.[Cl-].[Cl-],CCCCCCNc1cc[n+](Cc2ccccc2OCCCCOc2ccccc2C[n+]2ccc(NCCCCCC)cc2)cc1.[Cl-].[Cl-],Bad,0,True,False,False
377,A_2025-12-15,CCCCCCCNC(C=C1)=CC=[N+]1CC2=C(OCCCCOC3=CC=CC=C3C[N+]4=CC=C(NCCCCCCC)C=C4)C=CC=C2.[Cl-].[Cl-],CCCCCCCNC(C=C1)=CC=[N+]1CC2=C(OCCCCOC3=CC=CC=C3C[N+]4=CC=C(NCCCCCCC)C=C4)C=CC=C2.[Cl-].[Cl-],CCCCCCCNc1cc[n+](Cc2ccccc2OCCCCOc2ccccc2C[n+]2ccc(NCCCCCCC)cc2)cc1.[Cl-].[Cl-],Bad,0,True,False,False
378,A_2025-12-15,CCCCCCCCNC(C=C1)=CC=[N+]1CC2=C(OCCCCOC3=CC=CC=C3C[N+]4=CC=C(NCCCCCCCC)C=C4)C=CC=C2.[Cl-].[Cl-],CCCCCCCCNC(C=C1)=CC=[N+]1CC2=C(OCCCCOC3=CC=CC=C3C[N+]4=CC=C(NCCCCCCCC)C=C4)C=CC=C2.[Cl-].[Cl-],CCCCCCCCNc1cc[n+](Cc2ccccc2OCCCCOc2ccccc2C[n+]2ccc(NCCCCCCCC)cc2)cc1.[Cl-].[Cl-],Bad,0,True,False,False
379,A_2025-12-15,CCCCCCCCCNC(C=C1)=CC=[N+]1CC2=C(OCCCCOC3=CC=CC=C3C[N+]4=CC=C(NCCCCCCCCC)C=C4)C=CC=C2.[Cl-].[Cl-],CCCCCCCCCNC(C=C1)=CC=[N+]1CC2=C(OCCCCOC3=CC=CC=C3C[N+]4=CC=C(NCCCCCCCCC)C=C4)C=CC=C2.[Cl-].[Cl-],CCCCCCCCCNc1cc[n+](Cc2ccccc2OCCCCOc2ccccc2C[n+]2ccc(NCCCCCCCCC)cc2)cc1.[Cl-].[Cl-],Bad,0,True,False,False
380,A_2025-12-15,CCCCCCCCCCNC(C=C1)=CC=[N+]1CC2=C(OCCCCOC3=CC=CC=C3C[N+]4=CC=C(NCCCCCCCCCC)C=C4)C=CC=C2.[Cl-].[Cl-],CCCCCCCCCCNC(C=C1)=CC=[N+]1CC2=C(OCCCCOC3=CC=CC=C3C[N+]4=CC=C(NCCCCCCCCCC)C=C4)C=CC=C2.[Cl-].[Cl-],CCCCCCCCCCNc1cc[n+](Cc2ccccc2OCCCCOc2ccccc2C[n+]2ccc(NCCCCCCCCCC)cc2)cc1.[Cl-].[Cl-],Bad,0,True,False,False
381,A_2025-12-15,CCCCCCCCCCCNC(C=C1)=CC=[N+]1CC2=C(OCCCCOC3=CC=CC=C3C[N+]4=CC=C(NCCCCCCCCCCC)C=C4)C=CC=C2.[Cl-].[Cl-],CCCCCCCCCCCNC(C=C1)=CC=[N+]1CC2=C(OCCCCOC3=CC=CC=C3C[N+]4=CC=C(NCCCCCCCCCCC)C=C4)C=CC=C2.[Cl-].[Cl-],CCCCCCCCCCCNc1cc[n+](Cc2ccccc2OCCCCOc2ccccc2C[n+]2ccc(NCCCCCCCCCCC)cc2)cc1.[Cl-].[Cl-],Bad,0,True,False,False
382,A_2025-12-15,CCCCCCCCCCCCNC(C=C1)=CC=[N+]1CC2=C(OCCCCOC3=CC=CC=C3C[N+]4=CC=C(NCCCCCCCCCCCC)C=C4)C=CC=C2.[Cl-].[Cl-],CCCCCCCCCCCCNC(C=C1)=CC=[N+]1CC2=C(OCCCCOC3=CC=CC=C3C[N+]4=CC=C(NCCCCCCCCCCCC)C=C4)C=CC=C2.[Cl-].[Cl-],CCCCCCCCCCCCNc1cc[n+](Cc2ccccc2OCCCCOc2ccccc2C[n+]2ccc(NCCCCCCCCCCCC)cc2)cc1.[Cl-].[Cl-],Bad,0,True,False,False
383,A_2025-12-15,CCCCCCNC1=CC=C[N+](CC2=CC=CC=C2OCCCCOC3=C(C[N+]4=CC=CC(NCCCCCC)=C4)C=CC=C3)=C1.[Cl-].[Cl-],CCCCCCNC1=CC=C[N+](CC2=CC=CC=C2OCCCCOC3=C(C[N+]4=CC=CC(NCCCCCC)=C4)C=CC=C3)=C1.[Cl-].[Cl-],CCCCCCNc1ccc[n+](Cc2ccccc2OCCCCOc2ccccc2C[n+]2cccc(NCCCCCC)c2)c1.[Cl-].[Cl-],Bad,0,True,False,False
384,A_2025-12-15,CCCCCCCCNC1=C[N+](CC2=C(OCCCCOC3=CC=CC=C3C[N+]4=CC(NCCCCCCCC)=CC=C4)C=CC=C2)=CC=C1.[Cl-].[Cl-],CCCCCCCCNC1=C[N+](CC2=C(OCCCCOC3=CC=CC=C3C[N+]4=CC(NCCCCCCCC)=CC=C4)C=CC=C2)=CC=C1.[Cl-].[Cl-],CCCCCCCCNc1ccc[n+](Cc2ccccc2OCCCCOc2ccccc2C[n+]2cccc(NCCCCCCCC)c2)c1.[Cl-].[Cl-],Bad,0,True,False,False
385,A_2025-12-15,CCCCCCCCCNC1=C[N+](CC2=C(OCCCCOC3=CC=CC=C3C[N+]4=CC(NCCCCCCCCC)=CC=C4)C=CC=C2)=CC=C1.[Cl-].[Cl-],CCCCCCCCCNC1=C[N+](CC2=C(OCCCCOC3=CC=CC=C3C[N+]4=CC(NCCCCCCCCC)=CC=C4)C=CC=C2)=CC=C1.[Cl-].[Cl-],CCCCCCCCCNc1ccc[n+](Cc2ccccc2OCCCCOc2ccccc2C[n+]2cccc(NCCCCCCCCC)c2)c1.[Cl-].[Cl-],Bad,0,True,False,False
386,A_2025-12-15,CCCCCCCCCCNC1=C[N+](CC2=C(OCCCCOC3=CC=CC=C3C[N+]4=CC(NCCCCCCCCCC)=CC=C4)C=CC=C2)=CC=C1.[Cl-].[Cl-],CCCCCCCCCCNC1=C[N+](CC2=C(OCCCCOC3=CC=CC=C3C[N+]4=CC(NCCCCCCCCCC)=CC=C4)C=CC=C2)=CC=C1.[Cl-].[Cl-],CCCCCCCCCCNc1ccc[n+](Cc2ccccc2OCCCCOc2ccccc2C[n+]2cccc(NCCCCCCCCCC)c2)c1.[Cl-].[Cl-],Bad,0,True,False,False
387,A_2025-12-15,CCCCCCCCCCCNC1=C[N+](CC2=C(OCCCCOC3=CC=CC=C3C[N+]4=CC(NCCCCCCCCCCC)=CC=C4)C=CC=C2)=CC=C1.[Cl-].[Cl-],CCCCCCCCCCCNC1=C[N+](CC2=C(OCCCCOC3=CC=CC=C3C[N+]4=CC(NCCCCCCCCCCC)=CC=C4)C=CC=C2)=CC=C1.[Cl-].[Cl-],CCCCCCCCCCCNc1ccc[n+](Cc2ccccc2OCCCCOc2ccccc2C[n+]2cccc(NCCCCCCCCCCC)c2)c1.[Cl-].[Cl-],Bad,0,True,False,False
388,A_2025-12-15,CCCCCCCCCCCCNC1=C[N+](CC2=C(OCCCCOC3=CC=CC=C3C[N+]4=CC(NCCCCCCCCCCCC)=CC=C4)C=CC=C2)=CC=C1.[Cl-].[Cl-],CCCCCCCCCCCCNC1=C[N+](CC2=C(OCCCCOC3=CC=CC=C3C[N+]4=CC(NCCCCCCCCCCCC)=CC=C4)C=CC=C2)=CC=C1.[Cl-].[Cl-],CCCCCCCCCCCCNc1ccc[n+](Cc2ccccc2OCCCCOc2ccccc2C[n+]2cccc(NCCCCCCCCCCCC)c2)c1.[Cl-].[Cl-],Bad,0,True,False,False
389,A_2025-12-15,CCCCCCCC[N+](C)(CC1=C(C)C(OC(C)=O)=C(C)N=C1)C.[Cl-],CCCCCCCC[N+](C)(CC1=C(C)C(OC(C)=O)=C(C)N=C1)C.[Cl-],CCCCCCCC[N+](C)(C)Cc1cnc(C)c(OC(C)=O)c1C.[Cl-],Bad,0,True,False,False
390,A_2025-12-15,CCCCCCCCCCCC[N+](C)(CC1=C(C)C(OC(C)=O)=C(C)N=C1)C.[Cl-],CCCCCCCCCCCC[N+](C)(CC1=C(C)C(OC(C)=O)=C(C)N=C1)C.[Cl-],CCCCCCCCCCCC[N+](C)(C)Cc1cnc(C)c(OC(C)=O)c1C.[Cl-],Bad,0,True,False,False
391,A_2025-12-15,CCCCCCCCCCCCCCCCCC[N+](C)(CC1=C(C)C(OC(C)=O)=C(C)N=C1)C.[Cl-],CCCCCCCCCCCCCCCCCC[N+](C)(CC1=C(C)C(OC(C)=O)=C(C)N=C1)C.[Cl-],CCCCCCCCCCCCCCCCCC[N+](C)(C)Cc1cnc(C)c(OC(C)=O)c1C.[Cl-],Bad,0,True,False,False
392,A_2025-12-15,CC1=C(C[N+](C)(CCCCCCCC)C)C=[NH+]C(C)=C1O.[Cl-].[Cl-],CC1=C(C[N+](C)(CCCCCCCC)C)C=[NH+]C(C)=C1O.[Cl-].[Cl-],CCCCCCCC[N+](C)(C)Cc1c[nH+]c(C)c(O)c1C.[Cl-].[Cl-],Bad,0,True,False,False
393,A_2025-12-15,CC1=C(C[N+](C)(CCCCCCCCCCCC)C)C=[NH+]C(C)=C1O.[Cl-].[Cl-],CC1=C(C[N+](C)(CCCCCCCCCCCC)C)C=[NH+]C(C)=C1O.[Cl-].[Cl-],CCCCCCCCCCCC[N+](C)(C)Cc1c[nH+]c(C)c(O)c1C.[Cl-].[Cl-],Bad,0,True,False,False
394,A_2025-12-15,CC1=C(C[N+](C)(C)CCCCCCCCCCCCCCCCCC)C=[NH+]C(C)=C1O.[Cl-].[Cl-],CC1=C(C[N+](C)(C)CCCCCCCCCCCCCCCCCC)C=[NH+]C(C)=C1O.[Cl-].[Cl-],CCCCCCCCCCCCCCCCCC[N+](C)(C)Cc1c[nH+]c(C)c(O)c1C.[Cl-].[Cl-],Bad,0,True,False,False
395,A_2025-12-15,CC1=C2C(COCO2)=C(C[N+](C)(C)CCCCCCCCCCCCCCCCCC)C=N1.[Cl-],CC1=C2C(COCO2)=C(C[N+](C)(C)CCCCCCCCCCCCCCCCCC)C=N1.[Cl-],CCCCCCCCCCCCCCCCCC[N+](C)(C)Cc1cnc(C)c2c1COCO2.[Cl-],Bad,0,True,False,False
396,A_2025-12-15,CC1=C2C(COC(CC)O2)=C(C[N+](C)(C)CCCCCCCCCCCCCCCCCC)C=N1.[Cl-],CC1=C2C(COC(CC)O2)=C(C[N+](C)(C)CCCCCCCCCCCCCCCCCC)C=N1.[Cl-],CCCCCCCCCCCCCCCCCC[N+](C)(C)Cc1cnc(C)c2c1COC(CC)O2.[Cl-],Bad,0,True,False,False
397,A_2025-12-15,CC1=C2C(COC(CCC)O2)=C(C[N+](C)(C)CCCCCCCCCCCCCCCCCC)C=N1.[Cl-],CC1=C2C(COC(CCC)O2)=C(C[N+](C)(C)CCCCCCCCCCCCCCCCCC)C=N1.[Cl-],CCCCCCCCCCCCCCCCCC[N+](C)(C)Cc1cnc(C)c2c1COC(CCC)O2.[Cl-],Bad,0,True,False,False
398,A_2025-12-15,CC1=C2C(COC(CCCC)O2)=C(C[N+](C)(C)CCCCCCCCCCCCCCCCCC)C=N1.[Cl-],CC1=C2C(COC(CCCC)O2)=C(C[N+](C)(C)CCCCCCCCCCCCCCCCCC)C=N1.[Cl-],CCCCCCCCCCCCCCCCCC[N+](C)(C)Cc1cnc(C)c2c1COC(CCCC)O2.[Cl-],Bad,0,True,False,False
399,A_2025-12-15,CC1=C2C(COC(C(C)(C)C)O2)=C(C[N+](C)(C)CCCCCCCCCCCCCCCCCC)C=N1.[Cl-],CC1=C2C(COC(C(C)(C)C)O2)=C(C[N+](C)(C)CCCCCCCCCCCCCCCCCC)C=N1.[Cl-],CCCCCCCCCCCCCCCCCC[N+](C)(C)Cc1cnc(C)c2c1COC(C(C)(C)C)O2.[Cl-],Bad,0,True,False,False
400,A_2025-12-15,CC1=C2C(COC(CCCCCCCC)O2)=C(C[N+](C)(C)CCCCCCCCCCCCCCCCCC)C=N1.[Cl-],CC1=C2C(COC(CCCCCCCC)O2)=C(C[N+](C)(C)CCCCCCCCCCCCCCCCCC)C=N1.[Cl-],CCCCCCCCCCCCCCCCCC[N+](C)(C)Cc1cnc(C)c2c1COC(CCCCCCCC)O2.[Cl-],Bad,0,True,False,False
401,A_2025-12-15,CC1=C2C(COC(C(C)CCCCCCCCC)O2)=C(C[N+](C)(C)CCCCCCCCCCCCCCCCCC)C=N1.[Cl-],CC1=C2C(COC(C(C)CCCCCCCCC)O2)=C(C[N+](C)(C)CCCCCCCCCCCCCCCCCC)C=N1.[Cl-],CCCCCCCCCCCCCCCCCC[N+](C)(C)Cc1cnc(C)c2c1COC(C(C)CCCCCCCCC)O2.[Cl-],Bad,0,True,False,False
402,A_2025-12-15,CC1=C2C(COC3(CCCC3)O2)=C(C[N+](C)(C)CCCCCCCCCCCCCCCCCC)C=N1.[Cl-],CC1=C2C(COC3(CCCC3)O2)=C(C[N+](C)(C)CCCCCCCCCCCCCCCCCC)C=N1.[Cl-],CCCCCCCCCCCCCCCCCC[N+](C)(C)Cc1cnc(C)c2c1COC1(CCCC1)O2.[Cl-],Bad,0,True,False,False
403,A_2025-12-15,CC1(C)OC2=C(C[N+](C)(C)CCCCCCCC)N=C(CO)C(CO)=C2CO1.[Cl-],CC1(C)OC2=C(C[N+](C)(C)CCCCCCCC)N=C(CO)C(CO)=C2CO1.[Cl-],CCCCCCCC[N+](C)(C)Cc1nc(CO)c(CO)c2c1OC(C)(C)OC2.[Cl-],Bad,0,True,False,False
404,A_2025-12-15,CC1(C)OC2=C(C[N+](C)(C)CCCCCCCCCCCCCCCCCC)N=C(CO)C(CO)=C2CO1.[Cl-],CC1(C)OC2=C(C[N+](C)(C)CCCCCCCCCCCCCCCCCC)N=C(CO)C(CO)=C2CO1.[Cl-],CCCCCCCCCCCCCCCCCC[N+](C)(C)Cc1nc(CO)c(CO)c2c1OC(C)(C)OC2.[Cl-],Bad,0,True,False,False
405,A_2025-12-15,OC1=C(C[N+](C)(C)CCCCCCCC)N=C(CO)C(CO)=C1CO.[Cl-],OC1=C(C[N+](C)(C)CCCCCCCC)N=C(CO)C(CO)=C1CO.[Cl-],CCCCCCCC[N+](C)(C)Cc1nc(CO)c(CO)c(CO)c1O.[Cl-],Bad,0,True,False,False
406,A_2025-12-15,OC1=C(C[N+](C)(C)CCCCCCCCCCCCCCCCCC)N=C(CO)C(CO)=C1CO.[Cl-],OC1=C(C[N+](C)(C)CCCCCCCCCCCCCCCCCC)N=C(CO)C(CO)=C1CO.[Cl-],CCCCCCCCCCCCCCCCCC[N+](C)(C)Cc1nc(CO)c(CO)c(CO)c1O.[Cl-],Bad,0,True,False,False
407,A_2025-12-15,CC1=C2C(COC(C)(C)O2)=C(C[N+](C)(C)CC[N+](CC3=C(COC(C)(C)O4)C4=C(C)N=C3)(C)C)C=N1.[Cl-].[Cl-],CC1=C2C(COC(C)(C)O2)=C(C[N+](C)(C)CC[N+](CC3=C(COC(C)(C)O4)C4=C(C)N=C3)(C)C)C=N1.[Cl-].[Cl-],Cc1ncc(C[N+](C)(C)CC[N+](C)(C)Cc2cnc(C)c3c2COC(C)(C)O3)c2c1OC(C)(C)OC2.[Cl-].[Cl-],Bad,0,True,False,False
408,A_2025-12-15,CC1=C2C(COC(C)(C)O2)=C(C[N+](C)(C)CCC[N+](CC3=C(COC(C)(C)O4)C4=C(C)N=C3)(C)C)C=N1.[Cl-].[Cl-],CC1=C2C(COC(C)(C)O2)=C(C[N+](C)(C)CCC[N+](CC3=C(COC(C)(C)O4)C4=C(C)N=C3)(C)C)C=N1.[Cl-].[Cl-],Cc1ncc(C[N+](C)(C)CCC[N+](C)(C)Cc2cnc(C)c3c2COC(C)(C)O3)c2c1OC(C)(C)OC2.[Cl-].[Cl-],Bad,0,True,False,False
409,A_2025-12-15,CC1=C2C(COC(C)(C)O2)=C(C[N+](C)(C)CCCC[N+](CC3=C(COC(C)(C)O4)C4=C(C)N=C3)(C)C)C=N1.[Cl-].[Cl-],CC1=C2C(COC(C)(C)O2)=C(C[N+](C)(C)CCCC[N+](CC3=C(COC(C)(C)O4)C4=C(C)N=C3)(C)C)C=N1.[Cl-].[Cl-],Cc1ncc(C[N+](C)(C)CCCC[N+](C)(C)Cc2cnc(C)c3c2COC(C)(C)O3)c2c1OC(C)(C)OC2.[Cl-].[Cl-],Bad,0,True,False,False
410,A_2025-12-15,CC1=C2C(COC(C)(C)O2)=C(C[N+](C)(C)CCCCCC[N+](CC3=C(COC(C)(C)O4)C4=C(C)N=C3)(C)C)C=N1.[Cl-].[Cl-],CC1=C2C(COC(C)(C)O2)=C(C[N+](C)(C)CCCCCC[N+](CC3=C(COC(C)(C)O4)C4=C(C)N=C3)(C)C)C=N1.[Cl-].[Cl-],Cc1ncc(C[N+](C)(C)CCCCCC[N+](C)(C)Cc2cnc(C)c3c2COC(C)(C)O3)c2c1OC(C)(C)OC2.[Cl-].[Cl-],Bad,0,True,False,False
411,A_2025-12-15,CC1=C(O)C(CO)=C(C[N+](C)(C)CC[N+](CC2=C(CO)C(O)=C(C)[NH+]=C2)(C)C)C=[NH+]1.[Cl-].[Cl-].[Cl-].[Cl-],CC1=C(O)C(CO)=C(C[N+](C)(C)CC[N+](CC2=C(CO)C(O)=C(C)[NH+]=C2)(C)C)C=[NH+]1.[Cl-].[Cl-].[Cl-].[Cl-],Cc1[nH+]cc(C[N+](C)(C)CC[N+](C)(C)Cc2c[nH+]c(C)c(O)c2CO)c(CO)c1O.[Cl-].[Cl-].[Cl-].[Cl-],Bad,0,True,False,False
412,A_2025-12-15,CC1=C(O)C(CO)=C(C[N+](C)(C)CCC[N+](CC2=C(CO)C(O)=C(C)[NH+]=C2)(C)C)C=[NH+]1.[Cl-].[Cl-].[Cl-].[Cl-],CC1=C(O)C(CO)=C(C[N+](C)(C)CCC[N+](CC2=C(CO)C(O)=C(C)[NH+]=C2)(C)C)C=[NH+]1.[Cl-].[Cl-].[Cl-].[Cl-],Cc1[nH+]cc(C[N+](C)(C)CCC[N+](C)(C)Cc2c[nH+]c(C)c(O)c2CO)c(CO)c1O.[Cl-].[Cl-].[Cl-].[Cl-],Bad,0,True,False,False
413,A_2025-12-15,CC1=C(O)C(CO)=C(C[N+](C)(C)CCCC[N+](CC2=C(CO)C(O)=C(C)[NH+]=C2)(C)C)C=[NH+]1.[Cl-].[Cl-].[Cl-].[Cl-],CC1=C(O)C(CO)=C(C[N+](C)(C)CCCC[N+](CC2=C(CO)C(O)=C(C)[NH+]=C2)(C)C)C=[NH+]1.[Cl-].[Cl-].[Cl-].[Cl-],Cc1[nH+]cc(C[N+](C)(C)CCCC[N+](C)(C)Cc2c[nH+]c(C)c(O)c2CO)c(CO)c1O.[Cl-].[Cl-].[Cl-].[Cl-],Bad,0,True,False,False
414,A_2025-12-15,CC1=C(O)C(CO)=C(C[N+](C)(C)CCCCCC[N+](CC2=C(CO)C(O)=C(C)[NH+]=C2)(C)C)C=[NH+]1.[Cl-].[Cl-].[Cl-].[Cl-],CC1=C(O)C(CO)=C(C[N+](C)(C)CCCCCC[N+](CC2=C(CO)C(O)=C(C)[NH+]=C2)(C)C)C=[NH+]1.[Cl-].[Cl-].[Cl-].[Cl-],Cc1[nH+]cc(C[N+](C)(C)CCCCCC[N+](C)(C)Cc2c[nH+]c(C)c(O)c2CO)c(CO)c1O.[Cl-].[Cl-].[Cl-].[Cl-],Bad,0,True,False,False
415,A_2025-12-15,CC1=C2C(COC(CCC)O2)=C(C[N+](C)(C)CC[N+](CC3=C(COC(CCC)O4)C4=C(C)N=C3)(C)C)C=N1.[Cl-].[Cl-],CC1=C2C(COC(CCC)O2)=C(C[N+](C)(C)CC[N+](CC3=C(COC(CCC)O4)C4=C(C)N=C3)(C)C)C=N1.[Cl-].[Cl-],CCCC1OCc2c(C[N+](C)(C)CC[N+](C)(C)Cc3cnc(C)c4c3COC(CCC)O4)cnc(C)c2O1.[Cl-].[Cl-],Bad,0,True,False,False
416,A_2025-12-15,CC1=C2C(COC(CCC)O2)=C(C[N+](C)(C)CCC[N+](CC3=C(COC(CCC)O4)C4=C(C)N=C3)(C)C)C=N1.[Cl-].[Cl-],CC1=C2C(COC(CCC)O2)=C(C[N+](C)(C)CCC[N+](CC3=C(COC(CCC)O4)C4=C(C)N=C3)(C)C)C=N1.[Cl-].[Cl-],CCCC1OCc2c(C[N+](C)(C)CCC[N+](C)(C)Cc3cnc(C)c4c3COC(CCC)O4)cnc(C)c2O1.[Cl-].[Cl-],Bad,0,True,False,False
417,A_2025-12-15,CC1=C2C(COC(CCC)O2)=C(C[N+](C)(C)CCCC[N+](CC3=C(COC(CCC)O4)C4=C(C)N=C3)(C)C)C=N1.[Cl-].[Cl-],CC1=C2C(COC(CCC)O2)=C(C[N+](C)(C)CCCC[N+](CC3=C(COC(CCC)O4)C4=C(C)N=C3)(C)C)C=N1.[Cl-].[Cl-],CCCC1OCc2c(C[N+](C)(C)CCCC[N+](C)(C)Cc3cnc(C)c4c3COC(CCC)O4)cnc(C)c2O1.[Cl-].[Cl-],Bad,0,True,False,False
418,A_2025-12-15,CC1=C2C(COC(CCC)O2)=C(C[N+](C)(CCCCCC[N+](C)(CC3=C(COC(CCC)O4)C4=C(C)N=C3)C)C)C=N1.[Cl-].[Cl-],CC1=C2C(COC(CCC)O2)=C(C[N+](C)(CCCCCC[N+](C)(CC3=C(COC(CCC)O4)C4=C(C)N=C3)C)C)C=N1.[Cl-].[Cl-],CCCC1OCc2c(C[N+](C)(C)CCCCCC[N+](C)(C)Cc3cnc(C)c4c3COC(CCC)O4)cnc(C)c2O1.[Cl-].[Cl-],Bad,0,True,False,False
419,A_2025-12-15,C[N+](CC1=C(COC(C)(C)O2)C2=C(C[N+](C)(CCCCCCCC)C)N=C1)(CCCCCCCC)C.[Cl-].[Cl-],C[N+](CC1=C(COC(C)(C)O2)C2=C(C[N+](C)(CCCCCCCC)C)N=C1)(CCCCCCCC)C.[Cl-].[Cl-],CCCCCCCC[N+](C)(C)Cc1cnc(C[N+](C)(C)CCCCCCCC)c2c1COC(C)(C)O2.[Cl-].[Cl-],Bad,0,True,False,False
420,A_2025-12-15,C[N+](CC1=C(COC(C)(C)O2)C2=C(C[N+](C)(CCCCCCCCCCCCCCCCCC)C)N=C1)(CCCCCCCCCCCCCCCCCC)C.[Cl-].[Cl-],C[N+](CC1=C(COC(C)(C)O2)C2=C(C[N+](C)(CCCCCCCCCCCCCCCCCC)C)N=C1)(CCCCCCCCCCCCCCCCCC)C.[Cl-].[Cl-],CCCCCCCCCCCCCCCCCC[N+](C)(C)Cc1cnc(C[N+](C)(C)CCCCCCCCCCCCCCCCCC)c2c1COC(C)(C)O2.[Cl-].[Cl-],Bad,0,True,False,False
421,A_2025-12-15,OC1=C(C[N+](C)(CCCCCCCC)C)[NH+]=CC(C[N+](C)(CCCCCCCC)C)=C1CO.[Cl-].[Cl-].[Cl-],OC1=C(C[N+](C)(CCCCCCCC)C)[NH+]=CC(C[N+](C)(CCCCCCCC)C)=C1CO.[Cl-].[Cl-].[Cl-],CCCCCCCC[N+](C)(C)Cc1c[nH+]c(C[N+](C)(C)CCCCCCCC)c(O)c1CO.[Cl-].[Cl-].[Cl-],Bad,0,True,False,False
422,A_2025-12-15,OC1=C(C[N+](C)(CCCCCCCCCCCCCCCCCC)C)[NH+]=CC(C[N+](C)(CCCCCCCCCCCCCCCCCC)C)=C1CO.[Cl-].[Cl-].[Cl-],OC1=C(C[N+](C)(CCCCCCCCCCCCCCCCCC)C)[NH+]=CC(C[N+](C)(CCCCCCCCCCCCCCCCCC)C)=C1CO.[Cl-].[Cl-].[Cl-],CCCCCCCCCCCCCCCCCC[N+](C)(C)Cc1c[nH+]c(C[N+](C)(C)CCCCCCCCCCCCCCCCCC)c(O)c1CO.[Cl-].[Cl-].[Cl-],Bad,0,True,False,False
423,A_2025-12-15,CC1=C2C(COC(C)(C)O2)=C3C(C[N+](CCCCCCCC)(CCCCCCCC)C3)=N1.[Br-],CC1=C2C(COC(C)(C)O2)=C3C(C[N+](CCCCCCCC)(CCCCCCCC)C3)=N1.[Br-],CCCCCCCC[N+]1(CCCCCCCC)Cc2nc(C)c3c(c2C1)COC(C)(C)O3.[Br-],Bad,0,True,False,False
424,A_2025-12-15,CC1=C2C(COC(C)(C)O2)=C3C(C[N+](CCCCCCCC)(CCCCCCCC)C3)=N1.[I-],CC1=C2C(COC(C)(C)O2)=C3C(C[N+](CCCCCCCC)(CCCCCCCC)C3)=N1.[I-],CCCCCCCC[N+]1(CCCCCCCC)Cc2nc(C)c3c(c2C1)COC(C)(C)O3.[I-],Bad,0,True,False,False
425,A_2025-12-15,CC1=C2C(COC(CCC)O2)=C3C(C[N+](CCCCCCCC)(CCCCCCCC)C3)=N1.[Cl-],CC1=C2C(COC(CCC)O2)=C3C(C[N+](CCCCCCCC)(CCCCCCCC)C3)=N1.[Cl-],CCCCCCCC[N+]1(CCCCCCCC)Cc2nc(C)c3c(c2C1)COC(CCC)O3.[Cl-],Good,1,True,False,False
426,A_2025-12-15,CC1=C2C(COC(CCCCC)O2)=C3C(C[N+](CCCCCCCC)(CCCCCCCC)C3)=N1.[Cl-],CC1=C2C(COC(CCCCC)O2)=C3C(C[N+](CCCCCCCC)(CCCCCCCC)C3)=N1.[Cl-],CCCCCCCC[N+]1(CCCCCCCC)Cc2nc(C)c3c(c2C1)COC(CCCCC)O3.[Cl-],Good,1,True,False,False
427,A_2025-12-15,C[N+](CC1=C(CO)C(COC(C)(C)O2)=C2C(C)=N1)(C/C=C/C#CC(C)(C)C)CC3=CC=CC4=CC=CC=C43.[Br-],C[N+](CC1=C(CO)C(COC(C)(C)O2)=C2C(C)=N1)(C/C=C/C#CC(C)(C)C)CC3=CC=CC4=CC=CC=C43.[Br-],Cc1nc(C[N+](C)(C/C=C/C#CC(C)(C)C)Cc2cccc3ccccc23)c(CO)c2c1OC(C)(C)OC2.[Br-],Bad,0,True,False,False
428,A_2025-12-15,C[N+](CC1=C(CO)C(COC(CCC)O2)=C2C(C)=N1)(C/C=C/C#CC(C)(C)C)CC3=CC=CC4=CC=CC=C43.[Br-],C[N+](CC1=C(CO)C(COC(CCC)O2)=C2C(C)=N1)(C/C=C/C#CC(C)(C)C)CC3=CC=CC4=CC=CC=C43.[Br-],CCCC1OCc2c(CO)c(C[N+](C)(C/C=C/C#CC(C)(C)C)Cc3cccc4ccccc34)nc(C)c2O1.[Br-],Bad,0,True,False,False
429,A_2025-12-15,C[N+](CC1=C(CO)C(COC(C(CCCCCCCCC)C)O2)=C2C(C)=N1)(C/C=C/C#CC(C)(C)C)CC3=CC=CC4=CC=CC=C43.[Br-],C[N+](CC1=C(CO)C(COC(C(CCCCCCCCC)C)O2)=C2C(C)=N1)(C/C=C/C#CC(C)(C)C)CC3=CC=CC4=CC=CC=C43.[Br-],CCCCCCCCCC(C)C1OCc2c(CO)c(C[N+](C)(C/C=C/C#CC(C)(C)C)Cc3cccc4ccccc34)nc(C)c2O1.[Br-],Bad,0,True,False,False
430,A_2025-12-15,C[N+](CC1=C(OC(C)(C)OC2)C2=C(COC(C)(C)OC3)C3=N1)(C/C=C/C#CC(C)(C)C)CC4=CC=CC5=CC=CC=C54.[Br-],C[N+](CC1=C(OC(C)(C)OC2)C2=C(COC(C)(C)OC3)C3=N1)(C/C=C/C#CC(C)(C)C)CC4=CC=CC5=CC=CC=C54.[Br-],CC(C)(C)C#C/C=C/C[N+](C)(Cc1nc2c(c3c1OC(C)(C)OC3)COC(C)(C)OC2)Cc1cccc2ccccc12.[Br-],Bad,0,True,False,False
431,A_2025-12-15,C[N+](CC1=C(OC(CCC)OC2)C2=C(COC(CCC)OC3)C3=N1)(C/C=C/C#CC(C)(C)C)CC4=CC=CC5=CC=CC=C54.[Br-],C[N+](CC1=C(OC(CCC)OC2)C2=C(COC(CCC)OC3)C3=N1)(C/C=C/C#CC(C)(C)C)CC4=CC=CC5=CC=CC=C54.[Br-],CCCC1OCc2nc(C[N+](C)(C/C=C/C#CC(C)(C)C)Cc3cccc4ccccc34)c3c(c2CO1)COC(CCC)O3.[Br-],Bad,0,True,False,False
432,A_2025-12-15,C[N+](CC1=C(OC(C(CCCCCCCCC)C)OC2)C2=C(COC(C(CCCCCCCCC)C)OC3)C3=N1)(C/C=C/C#CC(C)(C)C)CC4=CC=CC5=CC=CC=C54.[Br-],C[N+](CC1=C(OC(C(CCCCCCCCC)C)OC2)C2=C(COC(C(CCCCCCCCC)C)OC3)C3=N1)(C/C=C/C#CC(C)(C)C)CC4=CC=CC5=CC=CC=C54.[Br-],CCCCCCCCCC(C)C1OCc2nc(C[N+](C)(C/C=C/C#CC(C)(C)C)Cc3cccc4ccccc34)c3c(c2CO1)COC(C(C)CCCCCCCCC)O3.[Br-],Bad,0,True,False,False
433,A_2025-12-15,C[N+](CC1=C(OC(C)(C)OC2)C2=C(CO)C(CO)=N1)(C/C=C/C#CC(C)(C)C)CC3=CC=CC4=CC=CC=C43.[Br-],C[N+](CC1=C(OC(C)(C)OC2)C2=C(CO)C(CO)=N1)(C/C=C/C#CC(C)(C)C)CC3=CC=CC4=CC=CC=C43.[Br-],CC(C)(C)C#C/C=C/C[N+](C)(Cc1nc(CO)c(CO)c2c1OC(C)(C)OC2)Cc1cccc2ccccc12.[Br-],Bad,0,True,False,False
434,A_2025-12-15,CC1=NC=C(C[N+](C)(C)CCNC(CCCCCCCCCCC)=O)C2=C1OC(C)(C)OC2.[Cl-],CC1=NC=C(C[N+](C)(C)CCNC(CCCCCCCCCCC)=O)C2=C1OC(C)(C)OC2.[Cl-],CCCCCCCCCCCC(=O)NCC[N+](C)(C)Cc1cnc(C)c2c1COC(C)(C)O2.[Cl-],Bad,0,True,False,False
435,A_2025-12-15,CC1=NC=C(C[N+](C)(C)CCNC(CCCCCCCCCCCCC)=O)C2=C1OC(C)(C)OC2.[Cl-],CC1=NC=C(C[N+](C)(C)CCNC(CCCCCCCCCCCCC)=O)C2=C1OC(C)(C)OC2.[Cl-],CCCCCCCCCCCCCC(=O)NCC[N+](C)(C)Cc1cnc(C)c2c1COC(C)(C)O2.[Cl-],Good,1,True,False,False
436,A_2025-12-15,CC1=NC=C(C[N+](C)(C)CCNC(CCCCCCCCCCCCCCC)=O)C2=C1OC(C)(C)OC2.[Cl-],CC1=NC=C(C[N+](C)(C)CCNC(CCCCCCCCCCCCCCC)=O)C2=C1OC(C)(C)OC2.[Cl-],CCCCCCCCCCCCCCCC(=O)NCC[N+](C)(C)Cc1cnc(C)c2c1COC(C)(C)O2.[Cl-],Good,1,True,False,False
437,A_2025-12-15,CC1=NC=C(C[N+](C)(C)CCNC(CCCCCCCCCCCCCCCCC)=O)C2=C1OC(C)(C)OC2.[Cl-],CC1=NC=C(C[N+](C)(C)CCNC(CCCCCCCCCCCCCCCCC)=O)C2=C1OC(C)(C)OC2.[Cl-],CCCCCCCCCCCCCCCCCC(=O)NCC[N+](C)(C)Cc1cnc(C)c2c1COC(C)(C)O2.[Cl-],Bad,0,True,False,False
438,A_2025-12-15,CC1=NC=C(C[N+](C)(C)CCCNC(CCCCCCCCCCC)=O)C2=C1OC(C)(C)OC2.[Cl-],CC1=NC=C(C[N+](C)(C)CCCNC(CCCCCCCCCCC)=O)C2=C1OC(C)(C)OC2.[Cl-],CCCCCCCCCCCC(=O)NCCC[N+](C)(C)Cc1cnc(C)c2c1COC(C)(C)O2.[Cl-],Bad,0,True,False,False
439,A_2025-12-15,CC1=NC=C(C[N+](C)(C)CCCNC(CCCCCCCCCCCCC)=O)C2=C1OC(C)(C)OC2.[Cl-],CC1=NC=C(C[N+](C)(C)CCCNC(CCCCCCCCCCCCC)=O)C2=C1OC(C)(C)OC2.[Cl-],CCCCCCCCCCCCCC(=O)NCCC[N+](C)(C)Cc1cnc(C)c2c1COC(C)(C)O2.[Cl-],Good,1,True,False,False
440,A_2025-12-15,CC1=NC=C(C[N+](C)(C)CCCNC(CCCCCCCCCCCCCCC)=O)C2=C1OC(C)(C)OC2.[Cl-],CC1=NC=C(C[N+](C)(C)CCCNC(CCCCCCCCCCCCCCC)=O)C2=C1OC(C)(C)OC2.[Cl-],CCCCCCCCCCCCCCCC(=O)NCCC[N+](C)(C)Cc1cnc(C)c2c1COC(C)(C)O2.[Cl-],Bad,0,True,False,False
441,A_2025-12-15,CC1=NC=C(C[N+](C)(C)CCCNC(CCCCCCCCCCCCCCCCC)=O)C2=C1OC(C)(C)OC2.[Cl-],CC1=NC=C(C[N+](C)(C)CCCNC(CCCCCCCCCCCCCCCCC)=O)C2=C1OC(C)(C)OC2.[Cl-],CCCCCCCCCCCCCCCCCC(=O)NCCC[N+](C)(C)Cc1cnc(C)c2c1COC(C)(C)O2.[Cl-],Bad,0,True,False,False
442,A_2025-12-15,CC1=NC=C(C[N+](C)(C)CCNC(CCCCCCCCCCC)=O)C2=C1OC(CCC)OC2.[Cl-],CC1=NC=C(C[N+](C)(C)CCNC(CCCCCCCCCCC)=O)C2=C1OC(CCC)OC2.[Cl-],CCCCCCCCCCCC(=O)NCC[N+](C)(C)Cc1cnc(C)c2c1COC(CCC)O2.[Cl-],Good,1,True,False,False
443,A_2025-12-15,CC1=NC=C(C[N+](C)(C)CCNC(CCCCCCCCCCCCC)=O)C2=C1OC(CCC)OC2.[Cl-],CC1=NC=C(C[N+](C)(C)CCNC(CCCCCCCCCCCCC)=O)C2=C1OC(CCC)OC2.[Cl-],CCCCCCCCCCCCCC(=O)NCC[N+](C)(C)Cc1cnc(C)c2c1COC(CCC)O2.[Cl-],Good,1,True,False,False
444,A_2025-12-15,CC1=NC=C(C[N+](C)(C)CCNC(CCCCCCCCCCCCCCC)=O)C2=C1OC(CCC)OC2.[Cl-],CC1=NC=C(C[N+](C)(C)CCNC(CCCCCCCCCCCCCCC)=O)C2=C1OC(CCC)OC2.[Cl-],CCCCCCCCCCCCCCCC(=O)NCC[N+](C)(C)Cc1cnc(C)c2c1COC(CCC)O2.[Cl-],Bad,0,True,False,False
445,A_2025-12-15,CC1=NC=C(C[N+](C)(C)CCNC(CCCCCCCCCCCCCCCCC)=O)C2=C1OC(CCC)OC2.[Cl-],CC1=NC=C(C[N+](C)(C)CCNC(CCCCCCCCCCCCCCCCC)=O)C2=C1OC(CCC)OC2.[Cl-],CCCCCCCCCCCCCCCCCC(=O)NCC[N+](C)(C)Cc1cnc(C)c2c1COC(CCC)O2.[Cl-],Bad,0,True,False,False
446,A_2025-12-15,CC1=NC=C(C[N+](C)(C)CCCNC(CCCCCCCCCCC)=O)C2=C1OC(CCC)OC2.[Cl-],CC1=NC=C(C[N+](C)(C)CCCNC(CCCCCCCCCCC)=O)C2=C1OC(CCC)OC2.[Cl-],CCCCCCCCCCCC(=O)NCCC[N+](C)(C)Cc1cnc(C)c2c1COC(CCC)O2.[Cl-],Good,1,True,False,False
447,A_2025-12-15,CC1=NC=C(C[N+](C)(C)CCCNC(CCCCCCCCCCCCC)=O)C2=C1OC(CCC)OC2.[Cl-],CC1=NC=C(C[N+](C)(C)CCCNC(CCCCCCCCCCCCC)=O)C2=C1OC(CCC)OC2.[Cl-],CCCCCCCCCCCCCC(=O)NCCC[N+](C)(C)Cc1cnc(C)c2c1COC(CCC)O2.[Cl-],Bad,0,True,False,False
448,A_2025-12-15,CC1=NC=C(C[N+](C)(C)CCCNC(CCCCCCCCCCCCCCC)=O)C2=C1OC(CCC)OC2.[Cl-],CC1=NC=C(C[N+](C)(C)CCCNC(CCCCCCCCCCCCCCC)=O)C2=C1OC(CCC)OC2.[Cl-],CCCCCCCCCCCCCCCC(=O)NCCC[N+](C)(C)Cc1cnc(C)c2c1COC(CCC)O2.[Cl-],Bad,0,True,False,False
449,A_2025-12-15,CC1=NC=C(C[N+](C)(C)CCCNC(CCCCCCCCCCCCCCCCC)=O)C2=C1OC(CCC)OC2.[Cl-],CC1=NC=C(C[N+](C)(C)CCCNC(CCCCCCCCCCCCCCCCC)=O)C2=C1OC(CCC)OC2.[Cl-],CCCCCCCCCCCCCCCCCC(=O)NCCC[N+](C)(C)Cc1cnc(C)c2c1COC(CCC)O2.[Cl-],Bad,0,True,False,False
450,A_2025-12-15,CC1=NC=C(C[N+](C)(C)CCCNC(CCCCCCCCCCCCC)=O)C2=C1OC(CCCCC)OC2.[Cl-],CC1=NC=C(C[N+](C)(C)CCCNC(CCCCCCCCCCCCC)=O)C2=C1OC(CCCCC)OC2.[Cl-],CCCCCCCCCCCCCC(=O)NCCC[N+](C)(C)Cc1cnc(C)c2c1COC(CCCCC)O2.[Cl-],Bad,0,True,False,False
451,A_2025-12-15,CC1=NC=C(C[N+](C)(C)CCCNC(CCCCCCCCCCCCC)=O)C2=C1OC(CCCCCCCC)OC2.[Cl-],CC1=NC=C(C[N+](C)(C)CCCNC(CCCCCCCCCCCCC)=O)C2=C1OC(CCCCCCCC)OC2.[Cl-],CCCCCCCCCCCCCC(=O)NCCC[N+](C)(C)Cc1cnc(C)c2c1COC(CCCCCCCC)O2.[Cl-],Bad,0,True,False,False
452,A_2025-12-15,CC1=NC=C(C[N+](C)(C)CCCNC(CCCCC)=O)C2=C1OC(C)(C)OC2.[Cl-],CC1=NC=C(C[N+](C)(C)CCCNC(CCCCC)=O)C2=C1OC(C)(C)OC2.[Cl-],CCCCCC(=O)NCCC[N+](C)(C)Cc1cnc(C)c2c1COC(C)(C)O2.[Cl-],Bad,0,True,False,False
453,A_2025-12-15,CC1=NC=C(C[N+](C)(C)CCCNC(CCCCC)=O)C2=C1OC(CCC)OC2.[Cl-],CC1=NC=C(C[N+](C)(C)CCCNC(CCCCC)=O)C2=C1OC(CCC)OC2.[Cl-],CCCCCC(=O)NCCC[N+](C)(C)Cc1cnc(C)c2c1COC(CCC)O2.[Cl-],Bad,0,True,False,False
454,A_2025-12-15,CC1=NC=C(C[N+](C)(C)CCCNC(CCCCC)=O)C2=C1OC(C(C)CCCCCCCC)OC2.[Cl-],CC1=NC=C(C[N+](C)(C)CCCNC(CCCCC)=O)C2=C1OC(C(C)CCCCCCCC)OC2.[Cl-],CCCCCCCCC(C)C1OCc2c(C[N+](C)(C)CCCNC(=O)CCCCC)cnc(C)c2O1.[Cl-],Bad,0,True,False,False
455,A_2025-12-15,CC1=NC=C(C[N+](C)(C)CCOC(CCCCCCCCCCC)=O)C2=C1OC(C)(C)OC2.[Cl-],CC1=NC=C(C[N+](C)(C)CCOC(CCCCCCCCCCC)=O)C2=C1OC(C)(C)OC2.[Cl-],CCCCCCCCCCCC(=O)OCC[N+](C)(C)Cc1cnc(C)c2c1COC(C)(C)O2.[Cl-],Bad,0,True,False,False
456,A_2025-12-15,CC1=NC=C(C[N+](C)(C)CCOC(CCCCCCCCCCCCC)=O)C2=C1OC(C)(C)OC2.[Cl-],CC1=NC=C(C[N+](C)(C)CCOC(CCCCCCCCCCCCC)=O)C2=C1OC(C)(C)OC2.[Cl-],CCCCCCCCCCCCCC(=O)OCC[N+](C)(C)Cc1cnc(C)c2c1COC(C)(C)O2.[Cl-],Good,1,True,False,False
457,A_2025-12-15,CC1=NC=C(C[N+](C)(C)CCOC(CCCCCCCCCCCCCCC)=O)C2=C1OC(C)(C)OC2.[Cl-],CC1=NC=C(C[N+](C)(C)CCOC(CCCCCCCCCCCCCCC)=O)C2=C1OC(C)(C)OC2.[Cl-],CCCCCCCCCCCCCCCC(=O)OCC[N+](C)(C)Cc1cnc(C)c2c1COC(C)(C)O2.[Cl-],Bad,0,True,False,False
458,A_2025-12-15,CC1=NC=C(C[N+](C)(C)CCCOC(CCCCCCCCCCC)=O)C2=C1OC(C)(C)OC2.[Cl-],CC1=NC=C(C[N+](C)(C)CCCOC(CCCCCCCCCCC)=O)C2=C1OC(C)(C)OC2.[Cl-],CCCCCCCCCCCC(=O)OCCC[N+](C)(C)Cc1cnc(C)c2c1COC(C)(C)O2.[Cl-],Good,1,True,False,False
459,A_2025-12-15,CC1=NC=C(C[N+](C)(C)CCCOC(CCCCCCCCCCCCC)=O)C2=C1OC(C)(C)OC2.[Cl-],CC1=NC=C(C[N+](C)(C)CCCOC(CCCCCCCCCCCCC)=O)C2=C1OC(C)(C)OC2.[Cl-],CCCCCCCCCCCCCC(=O)OCCC[N+](C)(C)Cc1cnc(C)c2c1COC(C)(C)O2.[Cl-],Good,1,True,False,False
460,A_2025-12-15,CC1=NC=C(C[N+](C)(C)CCCOC(CCCCCCCCCCCCCCC)=O)C2=C1OC(C)(C)OC2.[Cl-],CC1=NC=C(C[N+](C)(C)CCCOC(CCCCCCCCCCCCCCC)=O)C2=C1OC(C)(C)OC2.[Cl-],CCCCCCCCCCCCCCCC(=O)OCCC[N+](C)(C)Cc1cnc(C)c2c1COC(C)(C)O2.[Cl-],Bad,0,True,False,False
461,A_2025-12-15,CC1=NC=C(C[N+](C)(C)CCOC(CCCCCCCCCCC)=O)C2=C1OC(CCC)OC2.[Cl-],CC1=NC=C(C[N+](C)(C)CCOC(CCCCCCCCCCC)=O)C2=C1OC(CCC)OC2.[Cl-],CCCCCCCCCCCC(=O)OCC[N+](C)(C)Cc1cnc(C)c2c1COC(CCC)O2.[Cl-],Good,1,True,False,False
462,A_2025-12-15,CC1=NC=C(C[N+](C)(C)CCOC(CCCCCCCCCCCCC)=O)C2=C1OC(CCC)OC2.[Cl-],CC1=NC=C(C[N+](C)(C)CCOC(CCCCCCCCCCCCC)=O)C2=C1OC(CCC)OC2.[Cl-],CCCCCCCCCCCCCC(=O)OCC[N+](C)(C)Cc1cnc(C)c2c1COC(CCC)O2.[Cl-],Good,1,True,False,False
463,A_2025-12-15,CC1=NC=C(C[N+](C)(C)CCOC(CCCCCCCCCCCCCCC)=O)C2=C1OC(CCC)OC2.[Cl-],CC1=NC=C(C[N+](C)(C)CCOC(CCCCCCCCCCCCCCC)=O)C2=C1OC(CCC)OC2.[Cl-],CCCCCCCCCCCCCCCC(=O)OCC[N+](C)(C)Cc1cnc(C)c2c1COC(CCC)O2.[Cl-],Bad,0,True,False,False
464,A_2025-12-15,CC1=NC=C(C[N+](C)(C)CCCOC(CCCCCCCCCCC)=O)C2=C1OC(CCC)OC2.[Cl-],CC1=NC=C(C[N+](C)(C)CCCOC(CCCCCCCCCCC)=O)C2=C1OC(CCC)OC2.[Cl-],CCCCCCCCCCCC(=O)OCCC[N+](C)(C)Cc1cnc(C)c2c1COC(CCC)O2.[Cl-],Good,1,True,False,False
465,A_2025-12-15,CC1=NC=C(C[N+](C)(C)CCCOC(CCCCCCCCCCCCC)=O)C2=C1OC(CCC)OC2.[Cl-],CC1=NC=C(C[N+](C)(C)CCCOC(CCCCCCCCCCCCC)=O)C2=C1OC(CCC)OC2.[Cl-],CCCCCCCCCCCCCC(=O)OCCC[N+](C)(C)Cc1cnc(C)c2c1COC(CCC)O2.[Cl-],Bad,0,True,False,False
466,A_2025-12-15,CC1=NC=C(C[N+](C)(C)CCCOC(CCCCCCCCCCCCCCC)=O)C2=C1OC(CCC)OC2.[Cl-],CC1=NC=C(C[N+](C)(C)CCCOC(CCCCCCCCCCCCCCC)=O)C2=C1OC(CCC)OC2.[Cl-],CCCCCCCCCCCCCCCC(=O)OCCC[N+](C)(C)Cc1cnc(C)c2c1COC(CCC)O2.[Cl-],Bad,0,True,False,False
467,A_2025-12-15,CC1=NC=C(C[N+](C)(C)CCCOC(CCCCCCCCCCCCC)=O)C2=C1OC(CCCCC)OC2.[Cl-],CC1=NC=C(C[N+](C)(C)CCCOC(CCCCCCCCCCCCC)=O)C2=C1OC(CCCCC)OC2.[Cl-],CCCCCCCCCCCCCC(=O)OCCC[N+](C)(C)Cc1cnc(C)c2c1COC(CCCCC)O2.[Cl-],Bad,0,True,False,False
468,A_2025-12-15,CC1=NC=C(C[N+](C)(C)CCCOC(CCCCCCCCCCCCC)=O)C2=C1OC(CCCCCCCC)OC2.[Cl-],CC1=NC=C(C[N+](C)(C)CCCOC(CCCCCCCCCCCCC)=O)C2=C1OC(CCCCCCCC)OC2.[Cl-],CCCCCCCCCCCCCC(=O)OCCC[N+](C)(C)Cc1cnc(C)c2c1COC(CCCCCCCC)O2.[Cl-],Bad,0,True,False,False
469,A_2025-12-15,CC1=NC(C[N+](C)(C)CCNC(CCCCCCCCCCCCC)=O)=C(CO)C2=C1OC(C)(C)OC2.[Cl-],CC1=NC(C[N+](C)(C)CCNC(CCCCCCCCCCCCC)=O)=C(CO)C2=C1OC(C)(C)OC2.[Cl-],CCCCCCCCCCCCCC(=O)NCC[N+](C)(C)Cc1nc(C)c2c(c1CO)COC(C)(C)O2.[Cl-],Bad,0,True,False,False
470,A_2025-12-15,CC1=NC(C[N+](C)(C)CCOC(CCCCCCCCCCCCC)=O)=C(CO)C2=C1OC(C)(C)OC2.[Cl-],CC1=NC(C[N+](C)(C)CCOC(CCCCCCCCCCCCC)=O)=C(CO)C2=C1OC(C)(C)OC2.[Cl-],CCCCCCCCCCCCCC(=O)OCC[N+](C)(C)Cc1nc(C)c2c(c1CO)COC(C)(C)O2.[Cl-],Bad,0,True,False,False
471,A_2025-12-15,CC1=NC(C[N+](C)(C)CCCNC(CCCCCCCCCCCCC)=O)=C(CO)C2=C1OC(C)(C)OC2.[Cl-],CC1=NC(C[N+](C)(C)CCCNC(CCCCCCCCCCCCC)=O)=C(CO)C2=C1OC(C)(C)OC2.[Cl-],CCCCCCCCCCCCCC(=O)NCCC[N+](C)(C)Cc1nc(C)c2c(c1CO)COC(C)(C)O2.[Cl-],Bad,0,True,False,False
472,A_2025-12-15,CC1=NC(C[N+](C)(C)CCCOC(CCCCCCCCCCCCC)=O)=C(CO)C2=C1OC(C)(C)OC2.[Cl-],CC1=NC(C[N+](C)(C)CCCOC(CCCCCCCCCCCCC)=O)=C(CO)C2=C1OC(C)(C)OC2.[Cl-],CCCCCCCCCCCCCC(=O)OCCC[N+](C)(C)Cc1nc(C)c2c(c1CO)COC(C)(C)O2.[Cl-],Bad,0,True,False,False
473,A_2025-12-15,CC1=NC(C[N+](C)(C)CCNC(CCCCCCCCCCCCC)=O)=C(CO)C2=C1OC(CCC)OC2.[Cl-],CC1=NC(C[N+](C)(C)CCNC(CCCCCCCCCCCCC)=O)=C(CO)C2=C1OC(CCC)OC2.[Cl-],CCCCCCCCCCCCCC(=O)NCC[N+](C)(C)Cc1nc(C)c2c(c1CO)COC(CCC)O2.[Cl-],Bad,0,True,False,False
474,A_2025-12-15,CC1=NC(C[N+](C)(C)CCOC(CCCCCCCCCCCCC)=O)=C(CO)C2=C1OC(CCC)OC2.[Cl-],CC1=NC(C[N+](C)(C)CCOC(CCCCCCCCCCCCC)=O)=C(CO)C2=C1OC(CCC)OC2.[Cl-],CCCCCCCCCCCCCC(=O)OCC[N+](C)(C)Cc1nc(C)c2c(c1CO)COC(CCC)O2.[Cl-],Bad,0,True,False,False
475,A_2025-12-15,CC1=NC(C[N+](C)(C)CCCNC(CCCCCCCCCCCCC)=O)=C(CO)C2=C1OC(CCC)OC2.[Cl-],CC1=NC(C[N+](C)(C)CCCNC(CCCCCCCCCCCCC)=O)=C(CO)C2=C1OC(CCC)OC2.[Cl-],CCCCCCCCCCCCCC(=O)NCCC[N+](C)(C)Cc1nc(C)c2c(c1CO)COC(CCC)O2.[Cl-],Bad,0,True,False,False
476,A_2025-12-15,CC1=NC(C[N+](C)(C)CCCOC(CCCCCCCCCCCCC)=O)=C(CO)C2=C1OC(CCC)OC2.[Cl-],CC1=NC(C[N+](C)(C)CCCOC(CCCCCCCCCCCCC)=O)=C(CO)C2=C1OC(CCC)OC2.[Cl-],CCCCCCCCCCCCCC(=O)OCCC[N+](C)(C)Cc1nc(C)c2c(c1CO)COC(CCC)O2.[Cl-],Bad,0,True,False,False
477,A_2025-12-15,CC1=NC(C[N+](C)(C)CCCCCCCC)=C(CO)C2=C1OC(C)(C)OC2.[Cl-],CC1=NC(C[N+](C)(C)CCCCCCCC)=C(CO)C2=C1OC(C)(C)OC2.[Cl-],CCCCCCCC[N+](C)(C)Cc1nc(C)c2c(c1CO)COC(C)(C)O2.[Cl-],Bad,0,True,False,False
478,A_2025-12-15,C[N+](CCCCC[N+](C)(C)CCCCCCCCCC)(C)CCCCCCCCCC.[Br-].[Br-],C[N+](CCCCC[N+](C)(C)CCCCCCCCCC)(C)CCCCCCCCCC.[Br-].[Br-],CCCCCCCCCC[N+](C)(C)CCCCC[N+](C)(C)CCCCCCCCCC.[Br-].[Br-],Bad,0,True,False,False
479,A_2025-12-15,C[N+](CCCCC[N+](C)(C)CCCCCCCCCCCC)(C)CCCCCCCCCCCC.[Br-].[Br-],C[N+](CCCCC[N+](C)(C)CCCCCCCCCCCC)(C)CCCCCCCCCCCC.[Br-].[Br-],CCCCCCCCCCCC[N+](C)(C)CCCCC[N+](C)(C)CCCCCCCCCCCC.[Br-].[Br-],Good,1,True,False,False
480,A_2025-12-15,C[N+](CCCCC[N+](C)(C)CCCCCCCCCCCCCC)(C)CCCCCCCCCCCCCC.[Br-].[Br-],C[N+](CCCCC[N+](C)(C)CCCCCCCCCCCCCC)(C)CCCCCCCCCCCCCC.[Br-].[Br-],CCCCCCCCCCCCCC[N+](C)(C)CCCCC[N+](C)(C)CCCCCCCCCCCCCC.[Br-].[Br-],Good,1,True,False,False
481,A_2025-12-15,C[N+](CCCCC[N+](C)(C)CCCCCCCCCCCCCCCC)(C)CCCCCCCCCCCCCCCC.[Br-].[Br-],C[N+](CCCCC[N+](C)(C)CCCCCCCCCCCCCCCC)(C)CCCCCCCCCCCCCCCC.[Br-].[Br-],CCCCCCCCCCCCCCCC[N+](C)(C)CCCCC[N+](C)(C)CCCCCCCCCCCCCCCC.[Br-].[Br-],Bad,0,True,False,False
482,A_2025-12-15,C[N+](CCN(C)CC[N+](C)(C)CCCCCCCCCC)(C)CCCCCCCCCC.[Br-].[Br-],C[N+](CCN(C)CC[N+](C)(C)CCCCCCCCCC)(C)CCCCCCCCCC.[Br-].[Br-],CCCCCCCCCC[N+](C)(C)CCN(C)CC[N+](C)(C)CCCCCCCCCC.[Br-].[Br-],Bad,0,True,False,False
483,A_2025-12-15,C[N+](CCN(C)CC[N+](C)(C)CCCCCCCCCCC)(C)CCCCCCCCCCC.[Br-].[Br-],C[N+](CCN(C)CC[N+](C)(C)CCCCCCCCCCC)(C)CCCCCCCCCCC.[Br-].[Br-],CCCCCCCCCCC[N+](C)(C)CCN(C)CC[N+](C)(C)CCCCCCCCCCC.[Br-].[Br-],Good,1,True,False,False
484,A_2025-12-15,C[N+](CCN(C)CC[N+](C)(C)CCCCCCCCCCCC)(C)CCCCCCCCCCCC.[Br-].[Br-],C[N+](CCN(C)CC[N+](C)(C)CCCCCCCCCCCC)(C)CCCCCCCCCCCC.[Br-].[Br-],CCCCCCCCCCCC[N+](C)(C)CCN(C)CC[N+](C)(C)CCCCCCCCCCCC.[Br-].[Br-],Good,1,True,False,False
485,A_2025-12-15,C[N+](CCN(C)CC[N+](C)(C)CCCCCCCCCCCCCC)(C)CCCCCCCCCCCCCC.[Br-].[Br-],C[N+](CCN(C)CC[N+](C)(C)CCCCCCCCCCCCCC)(C)CCCCCCCCCCCCCC.[Br-].[Br-],CCCCCCCCCCCCCC[N+](C)(C)CCN(C)CC[N+](C)(C)CCCCCCCCCCCCCC.[Br-].[Br-],Good,1,True,False,False
486,A_2025-12-15,C[N+](CCN(C)CC[N+](C)(C)CCCCCCCCCCCCCCCC)(C)CCCCCCCCCCCCCCCC.[Br-].[Br-],C[N+](CCN(C)CC[N+](C)(C)CCCCCCCCCCCCCCCC)(C)CCCCCCCCCCCCCCCC.[Br-].[Br-],CCCCCCCCCCCCCCCC[N+](C)(C)CCN(C)CC[N+](C)(C)CCCCCCCCCCCCCCCC.[Br-].[Br-],Bad,0,True,False,False
487,A_2025-12-15,C[N+](CC[N+](C)(C)CC[N+](C)(C)CCCCCCCCCC)(C)CCCCCCCCCC.[Br-].[Br-].[I-],C[N+](CC[N+](C)(C)CC[N+](C)(C)CCCCCCCCCC)(C)CCCCCCCCCC.[Br-].[Br-].[I-],CCCCCCCCCC[N+](C)(C)CC[N+](C)(C)CC[N+](C)(C)CCCCCCCCCC.[Br-].[Br-].[I-],Bad,0,True,False,False
488,A_2025-12-15,C[N+](CC[N+](C)(C)CC[N+](C)(C)CCCCCCCCCCC)(C)CCCCCCCCCCC.[Br-].[Br-].[I-],C[N+](CC[N+](C)(C)CC[N+](C)(C)CCCCCCCCCCC)(C)CCCCCCCCCCC.[Br-].[Br-].[I-],CCCCCCCCCCC[N+](C)(C)CC[N+](C)(C)CC[N+](C)(C)CCCCCCCCCCC.[Br-].[Br-].[I-],Good,1,True,False,False
489,A_2025-12-15,C[N+](CC[N+](C)(C)CC[N+](C)(C)CCCCCCCCCCCC)(C)CCCCCCCCCCCC.[Br-].[Br-].[I-],C[N+](CC[N+](C)(C)CC[N+](C)(C)CCCCCCCCCCCC)(C)CCCCCCCCCCCC.[Br-].[Br-].[I-],CCCCCCCCCCCC[N+](C)(C)CC[N+](C)(C)CC[N+](C)(C)CCCCCCCCCCCC.[Br-].[Br-].[I-],Good,1,True,False,False
490,A_2025-12-15,C[N+](CC[N+](C)(C)CC[N+](C)(C)CCCCCCCCCCCCCC)(C)CCCCCCCCCCCCCC.[Br-].[Br-].[I-],C[N+](CC[N+](C)(C)CC[N+](C)(C)CCCCCCCCCCCCCC)(C)CCCCCCCCCCCCCC.[Br-].[Br-].[I-],CCCCCCCCCCCCCC[N+](C)(C)CC[N+](C)(C)CC[N+](C)(C)CCCCCCCCCCCCCC.[Br-].[Br-].[I-],Good,1,True,False,False
491,A_2025-12-15,C[N+](CC[N+](C)(CC=C)CC[N+](C)(C)CCCCCCCCCC)(C)CCCCCCCCCC.[Br-].[Br-].[Br-],C[N+](CC[N+](C)(CC=C)CC[N+](C)(C)CCCCCCCCCC)(C)CCCCCCCCCC.[Br-].[Br-].[Br-],C=CC[N+](C)(CC[N+](C)(C)CCCCCCCCCC)CC[N+](C)(C)CCCCCCCCCC.[Br-].[Br-].[Br-],Bad,0,True,False,False
492,A_2025-12-15,C[N+](CC[N+](C)(CC=C)CC[N+](C)(C)CCCCCCCCCCC)(C)CCCCCCCCCCC.[Br-].[Br-].[Br-],C[N+](CC[N+](C)(CC=C)CC[N+](C)(C)CCCCCCCCCCC)(C)CCCCCCCCCCC.[Br-].[Br-].[Br-],C=CC[N+](C)(CC[N+](C)(C)CCCCCCCCCCC)CC[N+](C)(C)CCCCCCCCCCC.[Br-].[Br-].[Br-],Good,1,True,False,False
493,A_2025-12-15,C[N+](CC[N+](C)(CC=C)CC[N+](C)(C)CCCCCCCCCCCC)(C)CCCCCCCCCCCC.[Br-].[Br-].[Br-],C[N+](CC[N+](C)(CC=C)CC[N+](C)(C)CCCCCCCCCCCC)(C)CCCCCCCCCCCC.[Br-].[Br-].[Br-],C=CC[N+](C)(CC[N+](C)(C)CCCCCCCCCCCC)CC[N+](C)(C)CCCCCCCCCCCC.[Br-].[Br-].[Br-],Good,1,True,False,False
494,A_2025-12-15,C[N+](CC[N+](C)(CC=C)CC[N+](C)(C)CCCCCCCCCCCCCC)(C)CCCCCCCCCCCCCC.[Br-].[Br-].[Br-],C[N+](CC[N+](C)(CC=C)CC[N+](C)(C)CCCCCCCCCCCCCC)(C)CCCCCCCCCCCCCC.[Br-].[Br-].[Br-],C=CC[N+](C)(CC[N+](C)(C)CCCCCCCCCCCCCC)CC[N+](C)(C)CCCCCCCCCCCCCC.[Br-].[Br-].[Br-],Good,1,True,False,False
495,A_2025-12-15,C[N+](CC[N+](C)(CC=C)CC[N+](C)(C)CCCCCCCCCCCCCCCC)(C)CCCCCCCCCCCCCCCC.[Br-].[Br-].[Br-],C[N+](CC[N+](C)(CC=C)CC[N+](C)(C)CCCCCCCCCCCCCCCC)(C)CCCCCCCCCCCCCCCC.[Br-].[Br-].[Br-],C=CC[N+](C)(CC[N+](C)(C)CCCCCCCCCCCCCCCC)CC[N+](C)(C)CCCCCCCCCCCCCCCC.[Br-].[Br-].[Br-],Good,1,True,False,False
496,A_2025-12-15,C[N+](CCCCCCC[N+](C)(C)CCCCCCCCCCCC)(C)CCCCCCCCCCCC.[Br-].[Br-],C[N+](CCCCCCC[N+](C)(C)CCCCCCCCCCCC)(C)CCCCCCCCCCCC.[Br-].[Br-],CCCCCCCCCCCC[N+](C)(C)CCCCCCC[N+](C)(C)CCCCCCCCCCCC.[Br-].[Br-],Good,1,True,False,False
497,A_2025-12-15,C[N+](CCCN(C)CCC[N+](C)(C)CCCCCCCCCCCC)(C)CCCCCCCCCCCC.[Br-].[Br-],C[N+](CCCN(C)CCC[N+](C)(C)CCCCCCCCCCCC)(C)CCCCCCCCCCCC.[Br-].[Br-],CCCCCCCCCCCC[N+](C)(C)CCCN(C)CCC[N+](C)(C)CCCCCCCCCCCC.[Br-].[Br-],Good,1,True,False,False
498,A_2025-12-15,C[N+](CCC[N+](C)(C)CCC[N+](C)(C)CCCCCCCCCCCC)(C)CCCCCCCCCCCC.[Br-].[Br-].[I-],C[N+](CCC[N+](C)(C)CCC[N+](C)(C)CCCCCCCCCCCC)(C)CCCCCCCCCCCC.[Br-].[Br-].[I-],CCCCCCCCCCCC[N+](C)(C)CCC[N+](C)(C)CCC[N+](C)(C)CCCCCCCCCCCC.[Br-].[Br-].[I-],Good,1,True,False,False
499,A_2025-12-15,C[N+](CCC[N+](C)(CC=C)CCC[N+](C)(C)CCCCCCCCCCCC)(C)CCCCCCCCCCCC.[Br-].[Br-].[Br-],C[N+](CCC[N+](C)(CC=C)CCC[N+](C)(C)CCCCCCCCCCCC)(C)CCCCCCCCCCCC.[Br-].[Br-].[Br-],C=CC[N+](C)(CCC[N+](C)(C)CCCCCCCCCCCC)CCC[N+](C)(C)CCCCCCCCCCCC.[Br-].[Br-].[Br-],Good,1,True,False,False
500,A_2025-12-15,C[N+](CCC[N+](C)(CCCC)CCC[N+](C)(C)CCCCCCCCCCCC)(C)CCCCCCCCCCCC.[Br-].[Br-].[Br-],C[N+](CCC[N+](C)(CCCC)CCC[N+](C)(C)CCCCCCCCCCCC)(C)CCCCCCCCCCCC.[Br-].[Br-].[Br-],CCCCCCCCCCCC[N+](C)(C)CCC[N+](C)(CCCC)CCC[N+](C)(C)CCCCCCCCCCCC.[Br-].[Br-].[Br-],Good,1,True,False,False
501,A_2025-12-15,C[N+](CCC[N+](C)(CC1=CC=CC=C1)CCC[N+](C)(C)CCCCCCCCCCCC)(C)CCCCCCCCCCCC.[Br-].[Br-].[Br-],C[N+](CCC[N+](C)(CC1=CC=CC=C1)CCC[N+](C)(C)CCCCCCCCCCCC)(C)CCCCCCCCCCCC.[Br-].[Br-].[Br-],CCCCCCCCCCCC[N+](C)(C)CCC[N+](C)(CCC[N+](C)(C)CCCCCCCCCCCC)Cc1ccccc1.[Br-].[Br-].[Br-],Good,1,True,False,False
502,A_2025-12-15,C[N+](CCC[N+](C)(CC1=CC=C(CCCCCCCC)C=C1)CCC[N+](C)(C)CCCCCCCCCCCC)(C)CCCCCCCCCCCC.[Br-].[Br-].[Br-],C[N+](CCC[N+](C)(CC1=CC=C(CCCCCCCC)C=C1)CCC[N+](C)(C)CCCCCCCCCCCC)(C)CCCCCCCCCCCC.[Br-].[Br-].[Br-],CCCCCCCCCCCC[N+](C)(C)CCC[N+](C)(CCC[N+](C)(C)CCCCCCCCCCCC)Cc1ccc(CCCCCCCC)cc1.[Br-].[Br-].[Br-],Good,1,True,False,False
503,A_2025-12-15,C[N+](CCC[N+](C)(CCCCCCCCCCCC)CCC[N+](C)(C)CCCCCCCCCCCC)(C)CCCCCCCCCCCC.[Br-].[Br-].[Br-],C[N+](CCC[N+](C)(CCCCCCCCCCCC)CCC[N+](C)(C)CCCCCCCCCCCC)(C)CCCCCCCCCCCC.[Br-].[Br-].[Br-],CCCCCCCCCCCC[N+](C)(C)CCC[N+](C)(CCCCCCCCCCCC)CCC[N+](C)(C)CCCCCCCCCCCC.[Br-].[Br-].[Br-],Good,1,True,False,False
504,A_2025-12-15,CCCCCCCCCCCC[N+](C)(C)CCN(C)CCN(C)CCN(C)C.[Br-],CCCCCCCCCCCC[N+](C)(C)CCN(C)CCN(C)CCN(C)C.[Br-],CCCCCCCCCCCC[N+](C)(C)CCN(C)CCN(C)CCN(C)C.[Br-],Bad,0,True,False,False
505,A_2025-12-15,CCCCCCCCCCCCCC[N+](C)(C)CCN(C)CCN(C)CCN(C)C.[Br-],CCCCCCCCCCCCCC[N+](C)(C)CCN(C)CCN(C)CCN(C)C.[Br-],CCCCCCCCCCCCCC[N+](C)(C)CCN(C)CCN(C)CCN(C)C.[Br-],Bad,0,True,False,False
506,A_2025-12-15,CCCCCCCCCCCCCC[N+](C)(C)CCN(C)CCN(C)CC[N+](C)(C)CCCCCCCCCCCC.[Br-].[Br-],CCCCCCCCCCCCCC[N+](C)(C)CCN(C)CCN(C)CC[N+](C)(C)CCCCCCCCCCCC.[Br-].[Br-],CCCCCCCCCCCCCC[N+](C)(C)CCN(C)CCN(C)CC[N+](C)(C)CCCCCCCCCCCC.[Br-].[Br-],Good,1,True,False,False
507,A_2025-12-15,CCCCCCCCCCCC[N+](C)(C)CCN(C)CCN(C)CC[N+](CCCCCCCCCCCC)(C)C.[Br-].[Br-],CCCCCCCCCCCC[N+](C)(C)CCN(C)CCN(C)CC[N+](CCCCCCCCCCCC)(C)C.[Br-].[Br-],CCCCCCCCCCCC[N+](C)(C)CCN(C)CCN(C)CC[N+](C)(C)CCCCCCCCCCCC.[Br-].[Br-],Good,1,True,False,False
508,A_2025-12-15,C[N+](CCCCCCCCCCCCCC)(C)CCN(C)CCN(C)CC[N+](C)(C)CCCCCCCCCCCCCC.[Br-].[Br-],C[N+](CCCCCCCCCCCCCC)(C)CCN(C)CCN(C)CC[N+](C)(C)CCCCCCCCCCCCCC.[Br-].[Br-],CCCCCCCCCCCCCC[N+](C)(C)CCN(C)CCN(C)CC[N+](C)(C)CCCCCCCCCCCCCC.[Br-].[Br-],Good,1,True,False,False
509,A_2025-12-15,CCCCCCCCCCCC[N+](C)(C)CC[N+](C)(CC=C)CC[N+](C)(CC=C)CC[N+](CCCCCCCCCCCC)(C)C.[Br-].[Br-].[Br-].[Br-],CCCCCCCCCCCC[N+](C)(C)CC[N+](C)(CC=C)CC[N+](C)(CC=C)CC[N+](CCCCCCCCCCCC)(C)C.[Br-].[Br-].[Br-].[Br-],C=CC[N+](C)(CC[N+](C)(C)CCCCCCCCCCCC)CC[N+](C)(CC=C)CC[N+](C)(C)CCCCCCCCCCCC.[Br-].[Br-].[Br-].[Br-],Good,1,True,False,False
510,A_2025-12-15,C[N+](C)(CCCCCCCCCCCC)CCN1CC[N+](C)(CCCCCCCCCCCC)CC1.[Br-].[Br-],C[N+](C)(CCCCCCCCCCCC)CCN1CC[N+](C)(CCCCCCCCCCCC)CC1.[Br-].[Br-],CCCCCCCCCCCC[N+](C)(C)CCN1CC[N+](C)(CCCCCCCCCCCC)CC1.[Br-].[Br-],Good,1,True,False,False
511,A_2025-12-15,CN1CCN(C)CC[N+](C)(CCCCCCCCCCCCCCCC)CC1.[Br-],CN1CCN(C)CC[N+](C)(CCCCCCCCCCCCCCCC)CC1.[Br-],CCCCCCCCCCCCCCCC[N+]1(C)CCN(C)CCN(C)CC1.[Br-],Good,1,True,False,False
512,A_2025-12-15,CN1CCN(C)CC[N+](C)(CCCCCCCCCCCCCCCCCC)CC1.[Br-],CN1CCN(C)CC[N+](C)(CCCCCCCCCCCCCCCCCC)CC1.[Br-],CCCCCCCCCCCCCCCCCC[N+]1(C)CCN(C)CCN(C)CC1.[Br-],Bad,0,True,False,False
513,A_2025-12-15,CN1CCN(C)CC[N+](C)(CCCCCCCCCCCCCCCCCCCC)CC1.[Br-],CN1CCN(C)CC[N+](C)(CCCCCCCCCCCCCCCCCCCC)CC1.[Br-],CCCCCCCCCCCCCCCCCCCC[N+]1(C)CCN(C)CCN(C)CC1.[Br-],Bad,0,True,False,False
514,A_2025-12-15,C[N+]1(CCCCCCCCCCCCCCCC)CC[N+](C)(C)CC[N+](C)(C)CC1.[Br-].[I-].[I-],C[N+]1(CCCCCCCCCCCCCCCC)CC[N+](C)(C)CC[N+](C)(C)CC1.[Br-].[I-].[I-],CCCCCCCCCCCCCCCC[N+]1(C)CC[N+](C)(C)CC[N+](C)(C)CC1.[Br-].[I-].[I-],Good,1,True,False,False
515,A_2025-12-15,C[N+]1(CCCCCCCCCCCCCCCCCC)CC[N+](C)(C)CC[N+](C)(C)CC1.[Br-].[I-].[I-],C[N+]1(CCCCCCCCCCCCCCCCCC)CC[N+](C)(C)CC[N+](C)(C)CC1.[Br-].[I-].[I-],CCCCCCCCCCCCCCCCCC[N+]1(C)CC[N+](C)(C)CC[N+](C)(C)CC1.[Br-].[I-].[I-],Good,1,True,False,False
516,A_2025-12-15,C[N+]1(CCCCCCCCCCCCCCCCCCCC)CC[N+](C)(C)CC[N+](C)(C)CC1.[Br-].[I-].[I-],C[N+]1(CCCCCCCCCCCCCCCCCCCC)CC[N+](C)(C)CC[N+](C)(C)CC1.[Br-].[I-].[I-],CCCCCCCCCCCCCCCCCCCC[N+]1(C)CC[N+](C)(C)CC[N+](C)(C)CC1.[Br-].[I-].[I-],Good,1,True,False,False
517,A_2025-12-15,C[N+](C)(CCCCCCCCCC)CCN(CC[N+](C)(C)CCCCCCCCCC)CC[N+](C)(C)CCCCCCCCCC.[Br-].[Br-].[Br-],C[N+](C)(CCCCCCCCCC)CCN(CC[N+](C)(C)CCCCCCCCCC)CC[N+](C)(C)CCCCCCCCCC.[Br-].[Br-].[Br-],CCCCCCCCCC[N+](C)(C)CCN(CC[N+](C)(C)CCCCCCCCCC)CC[N+](C)(C)CCCCCCCCCC.[Br-].[Br-].[Br-],Good,1,True,False,False
518,A_2025-12-15,C[N+](C)(CCCCCCCCCCC)CCN(CC[N+](C)(C)CCCCCCCCCCC)CC[N+](C)(C)CCCCCCCCCCC.[Br-].[Br-].[Br-],C[N+](C)(CCCCCCCCCCC)CCN(CC[N+](C)(C)CCCCCCCCCCC)CC[N+](C)(C)CCCCCCCCCCC.[Br-].[Br-].[Br-],CCCCCCCCCCC[N+](C)(C)CCN(CC[N+](C)(C)CCCCCCCCCCC)CC[N+](C)(C)CCCCCCCCCCC.[Br-].[Br-].[Br-],Good,1,True,False,False
519,B_2026-02-11,C[N+](CCCCCCCC)(CCCCCCCC)CC1=CC=CC=C1.[Br-],C[N+](CCCCCCCC)(CCCCCCCC)CC1=CC=CC=C1.[Br-],CCCCCCCC[N+](C)(CCCCCCCC)Cc1ccccc1.[Br-],Bad,0,True,False,False
520,B_2026-02-11,C[N+](CCCCCCCCCC)(CCCCCCCCCC)CC1=CC=CC=C1.[Br-],C[N+](CCCCCCCCCC)(CCCCCCCCCC)CC1=CC=CC=C1.[Br-],CCCCCCCCCC[N+](C)(CCCCCCCCCC)Cc1ccccc1.[Br-],Bad,0,True,False,False
521,B_2026-02-11,O=C(OCCCCCCCCCCCC)[C@H]1N(C([C@@H]([N+](C)(C)C)CC2=CC=CC=C2)=O)CCC1.[I-],O=C(OCCCCCCCCCCCC)[C@H]1N(C([C@@H]([N+](C)(C)C)CC2=CC=CC=C2)=O)CCC1.[I-],CCCCCCCCCCCCOC(=O)[C@@H]1CCCN1C(=O)[C@H](Cc1ccccc1)[N+](C)(C)C.[I-],Bad,0,True,False,False
522,B_2026-02-11,O=C(OCCCCCCCCCCCCCC)[C@H]1N(C([C@@H]([N+](C)(C)C)CC2=CC=CC=C2)=O)CCC1.[I-],O=C(OCCCCCCCCCCCCCC)[C@H]1N(C([C@@H]([N+](C)(C)C)CC2=CC=CC=C2)=O)CCC1.[I-],CCCCCCCCCCCCCCOC(=O)[C@@H]1CCCN1C(=O)[C@H](Cc1ccccc1)[N+](C)(C)C.[I-],Bad,0,True,False,False
523,B_2026-02-11,OC[C@@]1(C)[N+]2(CC(C=CC=C3)=C3C2)CCC4=C1C=C(OC)C(OC)=C4.[Br-],OC[C@@]1(C)[N+]2(CC(C=CC=C3)=C3C2)CCC4=C1C=C(OC)C(OC)=C4.[Br-],COc1cc2c(cc1OC)[C@@](C)(CO)[N+]1(CC2)Cc2ccccc2C1.[Br-],Bad,0,True,False,False
524,B_2026-02-11,OC[C@@]1(C)[N+]2(CC(C=C(OC)C(OC)=C3)=C3C2)CCC4=C1C=C(OC)C(OC)=C4.[Br-],OC[C@@]1(C)[N+]2(CC(C=C(OC)C(OC)=C3)=C3C2)CCC4=C1C=C(OC)C(OC)=C4.[Br-],COc1cc2c(cc1OC)C[N+]1(CCc3cc(OC)c(OC)cc3[C@@]1(C)CO)C2.[Br-],Bad,0,True,False,False
525,B_2026-02-11,OC[C@@]1(C)[N+]2(CC(C=C(OC[O])C(OC[O])=C3)=C3C2)CCC4=C1C=C(OC)C(OC)=C4.[Br-],OC[C@@]1(C)[N+]2(CC(C=C(OC[O])C(OC[O])=C3)=C3C2)CCC4=C1C=C(OC)C(OC)=C4.[Br-],COc1cc2c(cc1OC)[C@@](C)(CO)[N+]1(CC2)Cc2cc(OC[O])c(OC[O])cc2C1.[Br-],Bad,0,True,False,False
526,B_2026-02-11,OC[C@@]1(C2=CC=C(OC)C=C2)[N+]3(CC(C=CC=C4)=C4C3)CCC5=C1C=C(OC)C(OC)=C5.[Br-],OC[C@@]1(C2=CC=C(OC)C=C2)[N+]3(CC(C=CC=C4)=C4C3)CCC5=C1C=C(OC)C(OC)=C5.[Br-],COc1ccc([C@@]2(CO)c3cc(OC)c(OC)cc3CC[N+]23Cc2ccccc2C3)cc1.[Br-],Bad,0,True,False,False
527,B_2026-02-11,OC[C@@]1(C2=CC=C(OC)C=C2)[N+]3(CC(C=C(OC)C(OC)=C4)=C4C3)CCC5=C1C=C(OC)C(OC)=C5.[Br-],OC[C@@]1(C2=CC=C(OC)C=C2)[N+]3(CC(C=C(OC)C(OC)=C4)=C4C3)CCC5=C1C=C(OC)C(OC)=C5.[Br-],COc1ccc([C@@]2(CO)c3cc(OC)c(OC)cc3CC[N+]23Cc2cc(OC)c(OC)cc2C3)cc1.[Br-],Bad,0,True,False,False
528,B_2026-02-11,OC[C@@]1(C2=CC=C(OC)C=C2)[N+]3(CC(C=C(OC[O])C(OC[O])=C4)=C4C3)CCC5=C1C=C(OC)C(OC)=C5.[Br-],OC[C@@]1(C2=CC=C(OC)C=C2)[N+]3(CC(C=C(OC[O])C(OC[O])=C4)=C4C3)CCC5=C1C=C(OC)C(OC)=C5.[Br-],COc1ccc([C@@]2(CO)c3cc(OC)c(OC)cc3CC[N+]23Cc2cc(OC[O])c(OC[O])cc2C3)cc1.[Br-],Bad,0,True,False,False
529,B_2026-02-11,OC[C@@]1(C2=CC=C(Br)C=C2)[N+]3(CC(C=CC=C4)=C4C3)CCC5=C1C=C(OC)C(OC)=C5.[Br-],OC[C@@]1(C2=CC=C(Br)C=C2)[N+]3(CC(C=CC=C4)=C4C3)CCC5=C1C=C(OC)C(OC)=C5.[Br-],COc1cc2c(cc1OC)[C@](CO)(c1ccc(Br)cc1)[N+]1(CC2)Cc2ccccc2C1.[Br-],Bad,0,True,False,False
530,B_2026-02-11,OC[C@@]1(C2=CC=C(Br)C=C2)[N+]3(CC(C=C(OC)C(OC)=C4)=C4C3)CCC5=C1C=C(OC)C(OC)=C5.[Br-],OC[C@@]1(C2=CC=C(Br)C=C2)[N+]3(CC(C=C(OC)C(OC)=C4)=C4C3)CCC5=C1C=C(OC)C(OC)=C5.[Br-],COc1cc2c(cc1OC)C[N+]1(CCc3cc(OC)c(OC)cc3[C@]1(CO)c1ccc(Br)cc1)C2.[Br-],Bad,0,True,False,False
531,B_2026-02-11,OC[C@@]1(C2=CC=C(Br)C=C2)[N+]3(CC(C=C(OC[O])C(OC[O])=C4)=C4C3)CCC5=C1C=C(OC)C(OC)=C5.[Br-],OC[C@@]1(C2=CC=C(Br)C=C2)[N+]3(CC(C=C(OC[O])C(OC[O])=C4)=C4C3)CCC5=C1C=C(OC)C(OC)=C5.[Br-],COc1cc2c(cc1OC)[C@](CO)(c1ccc(Br)cc1)[N+]1(CC2)Cc2cc(OC[O])c(OC[O])cc2C1.[Br-],Bad,0,True,False,False
532,B_2026-02-11,OC[C@@]1(C2CCCCC2)[N+]3(CC(C=CC=C4)=C4C3)CCC5=C1C=C(OC)C(OC)=C5.[Br-],OC[C@@]1(C2CCCCC2)[N+]3(CC(C=CC=C4)=C4C3)CCC5=C1C=C(OC)C(OC)=C5.[Br-],COc1cc2c(cc1OC)[C@](CO)(C1CCCCC1)[N+]1(CC2)Cc2ccccc2C1.[Br-],Bad,0,True,False,False
533,B_2026-02-11,OC[C@@]1(C2CCCCC2)[N+]3(CC(C=C(OC)C(OC)=C4)=C4C3)CCC5=C1C=C(OC)C(OC)=C5.[Br-],OC[C@@]1(C2CCCCC2)[N+]3(CC(C=C(OC)C(OC)=C4)=C4C3)CCC5=C1C=C(OC)C(OC)=C5.[Br-],COc1cc2c(cc1OC)C[N+]1(CCc3cc(OC)c(OC)cc3[C@]1(CO)C1CCCCC1)C2.[Br-],Bad,0,True,False,False
534,B_2026-02-11,OC[C@@]1(C2CCCCC2)[N+]3(CC(C=C(OC[O])C(OC[O])=C4)=C4C3)CCC5=C1C=C(OC)C(OC)=C5.[Br-],OC[C@@]1(C2CCCCC2)[N+]3(CC(C=C(OC[O])C(OC[O])=C4)=C4C3)CCC5=C1C=C(OC)C(OC)=C5.[Br-],COc1cc2c(cc1OC)[C@](CO)(C1CCCCC1)[N+]1(CC2)Cc2cc(OC[O])c(OC[O])cc2C1.[Br-],Bad,0,True,False,False
535,B_2026-02-11,C[N+](C)(CCCCCCCC)CC1=CN=C(C[N+](C)(CCCCCCCC)C)C2=C1COCO2.[Cl-].[Cl-],C[N+](C)(CCCCCCCC)CC1=CN=C(C[N+](C)(CCCCCCCC)C)C2=C1COCO2.[Cl-].[Cl-],CCCCCCCC[N+](C)(C)Cc1cnc(C[N+](C)(C)CCCCCCCC)c2c1COCO2.[Cl-].[Cl-],Bad,0,True,False,False
536,B_2026-02-11,C[N+](C)(CCCCCCCCCC)CC1=CN=C(C[N+](C)(CCCCCCCCCC)C)C2=C1COCO2.[Cl-].[Cl-],C[N+](C)(CCCCCCCCCC)CC1=CN=C(C[N+](C)(CCCCCCCCCC)C)C2=C1COCO2.[Cl-].[Cl-],CCCCCCCCCC[N+](C)(C)Cc1cnc(C[N+](C)(C)CCCCCCCCCC)c2c1COCO2.[Cl-].[Cl-],Bad,0,True,False,False
537,B_2026-02-11,C[N+](C)(CCCCCCCCCCCC)CC1=CN=C(C[N+](C)(CCCCCCCCCCCC)C)C2=C1COCO2.[Cl-].[Cl-],C[N+](C)(CCCCCCCCCCCC)CC1=CN=C(C[N+](C)(CCCCCCCCCCCC)C)C2=C1COCO2.[Cl-].[Cl-],CCCCCCCCCCCC[N+](C)(C)Cc1cnc(C[N+](C)(C)CCCCCCCCCCCC)c2c1COCO2.[Cl-].[Cl-],Bad,0,True,False,False
538,B_2026-02-11,C[N+](C)(CCCCCCCCCCCCCC)CC1=CN=C(C[N+](C)(CCCCCCCCCCCCCC)C)C2=C1COCO2.[Cl-].[Cl-],C[N+](C)(CCCCCCCCCCCCCC)CC1=CN=C(C[N+](C)(CCCCCCCCCCCCCC)C)C2=C1COCO2.[Cl-].[Cl-],CCCCCCCCCCCCCC[N+](C)(C)Cc1cnc(C[N+](C)(C)CCCCCCCCCCCCCC)c2c1COCO2.[Cl-].[Cl-],Bad,0,True,False,False
539,B_2026-02-11,C[N+](C)(CCCCCCCCCCCCCCCC)CC1=CN=C(C[N+](C)(CCCCCCCCCCCCCCCC)C)C2=C1COCO2.[Cl-].[Cl-],C[N+](C)(CCCCCCCCCCCCCCCC)CC1=CN=C(C[N+](C)(CCCCCCCCCCCCCCCC)C)C2=C1COCO2.[Cl-].[Cl-],CCCCCCCCCCCCCCCC[N+](C)(C)Cc1cnc(C[N+](C)(C)CCCCCCCCCCCCCCCC)c2c1COCO2.[Cl-].[Cl-],Bad,0,True,False,False
540,B_2026-02-11,C[N+](C)(CCCCCCCCCCCCCCCCCC)CC1=CN=C(C[N+](C)(CCCCCCCCCCCCCCCCCC)C)C2=C1COCO2.[Cl-].[Cl-],C[N+](C)(CCCCCCCCCCCCCCCCCC)CC1=CN=C(C[N+](C)(CCCCCCCCCCCCCCCCCC)C)C2=C1COCO2.[Cl-].[Cl-],CCCCCCCCCCCCCCCCCC[N+](C)(C)Cc1cnc(C[N+](C)(C)CCCCCCCCCCCCCCCCCC)c2c1COCO2.[Cl-].[Cl-],Bad,0,True,False,False
541,B_2026-02-11,C[N+](C)(CCCCCCCC)CC1=CN=C(C[N+](C)(CCCCCCCC)C)C2=C1COC(C)O2.[Cl-].[Cl-],C[N+](C)(CCCCCCCC)CC1=CN=C(C[N+](C)(CCCCCCCC)C)C2=C1COC(C)O2.[Cl-].[Cl-],CCCCCCCC[N+](C)(C)Cc1cnc(C[N+](C)(C)CCCCCCCC)c2c1COC(C)O2.[Cl-].[Cl-],Bad,0,True,False,False
542,B_2026-02-11,C[N+](C)(CCCCCCCCCC)CC1=CN=C(C[N+](C)(CCCCCCCCCC)C)C2=C1COC(C)O2.[Cl-].[Cl-],C[N+](C)(CCCCCCCCCC)CC1=CN=C(C[N+](C)(CCCCCCCCCC)C)C2=C1COC(C)O2.[Cl-].[Cl-],CCCCCCCCCC[N+](C)(C)Cc1cnc(C[N+](C)(C)CCCCCCCCCC)c2c1COC(C)O2.[Cl-].[Cl-],Bad,0,True,False,False
543,B_2026-02-11,C[N+](C)(CCCCCCCCCCCC)CC1=CN=C(C[N+](C)(CCCCCCCCCCCC)C)C2=C1COC(C)O2.[Cl-].[Cl-],C[N+](C)(CCCCCCCCCCCC)CC1=CN=C(C[N+](C)(CCCCCCCCCCCC)C)C2=C1COC(C)O2.[Cl-].[Cl-],CCCCCCCCCCCC[N+](C)(C)Cc1cnc(C[N+](C)(C)CCCCCCCCCCCC)c2c1COC(C)O2.[Cl-].[Cl-],Good,1,True,False,False
544,B_2026-02-11,C[N+](C)(CCCCCCCCCCCCCC)CC1=CN=C(C[N+](C)(CCCCCCCCCCCCCC)C)C2=C1COC(C)O2.[Cl-].[Cl-],C[N+](C)(CCCCCCCCCCCCCC)CC1=CN=C(C[N+](C)(CCCCCCCCCCCCCC)C)C2=C1COC(C)O2.[Cl-].[Cl-],CCCCCCCCCCCCCC[N+](C)(C)Cc1cnc(C[N+](C)(C)CCCCCCCCCCCCCC)c2c1COC(C)O2.[Cl-].[Cl-],Bad,0,True,False,False
545,B_2026-02-11,C[N+](C)(CCCCCCCCCCCCCCCC)CC1=CN=C(C[N+](C)(CCCCCCCCCCCCCCCC)C)C2=C1COC(C)O2.[Cl-].[Cl-],C[N+](C)(CCCCCCCCCCCCCCCC)CC1=CN=C(C[N+](C)(CCCCCCCCCCCCCCCC)C)C2=C1COC(C)O2.[Cl-].[Cl-],CCCCCCCCCCCCCCCC[N+](C)(C)Cc1cnc(C[N+](C)(C)CCCCCCCCCCCCCCCC)c2c1COC(C)O2.[Cl-].[Cl-],Bad,0,True,False,False
546,B_2026-02-11,C[N+](C)(CCCCCCCCCCCCCCCCCC)CC1=CN=C(C[N+](C)(CCCCCCCCCCCCCCCCCC)C)C2=C1COC(C)O2.[Cl-].[Cl-],C[N+](C)(CCCCCCCCCCCCCCCCCC)CC1=CN=C(C[N+](C)(CCCCCCCCCCCCCCCCCC)C)C2=C1COC(C)O2.[Cl-].[Cl-],CCCCCCCCCCCCCCCCCC[N+](C)(C)Cc1cnc(C[N+](C)(C)CCCCCCCCCCCCCCCCCC)c2c1COC(C)O2.[Cl-].[Cl-],Bad,0,True,False,False
547,B_2026-02-11,C[N+](C)(CCCCCCCC)CC1=CN=C(C[N+](C)(CCCCCCCC)C)C2=C1COC(CC)O2.[Cl-].[Cl-],C[N+](C)(CCCCCCCC)CC1=CN=C(C[N+](C)(CCCCCCCC)C)C2=C1COC(CC)O2.[Cl-].[Cl-],CCCCCCCC[N+](C)(C)Cc1cnc(C[N+](C)(C)CCCCCCCC)c2c1COC(CC)O2.[Cl-].[Cl-],Bad,0,True,False,False
548,B_2026-02-11,C[N+](C)(CCCCCCCCCC)CC1=CN=C(C[N+](C)(CCCCCCCCCC)C)C2=C1COC(CC)O2.[Cl-].[Cl-],C[N+](C)(CCCCCCCCCC)CC1=CN=C(C[N+](C)(CCCCCCCCCC)C)C2=C1COC(CC)O2.[Cl-].[Cl-],CCCCCCCCCC[N+](C)(C)Cc1cnc(C[N+](C)(C)CCCCCCCCCC)c2c1COC(CC)O2.[Cl-].[Cl-],Bad,0,True,False,False
549,B_2026-02-11,C[N+](C)(CCCCCCCCCCCC)CC1=CN=C(C[N+](C)(CCCCCCCCCCCC)C)C2=C1COC(CC)O2.[Cl-].[Cl-],C[N+](C)(CCCCCCCCCCCC)CC1=CN=C(C[N+](C)(CCCCCCCCCCCC)C)C2=C1COC(CC)O2.[Cl-].[Cl-],CCCCCCCCCCCC[N+](C)(C)Cc1cnc(C[N+](C)(C)CCCCCCCCCCCC)c2c1COC(CC)O2.[Cl-].[Cl-],Good,1,True,False,False
550,B_2026-02-11,C[N+](C)(CCCCCCCCCCCCCC)CC1=CN=C(C[N+](C)(CCCCCCCCCCCCCC)C)C2=C1COC(CC)O2.[Cl-].[Cl-],C[N+](C)(CCCCCCCCCCCCCC)CC1=CN=C(C[N+](C)(CCCCCCCCCCCCCC)C)C2=C1COC(CC)O2.[Cl-].[Cl-],CCCCCCCCCCCCCC[N+](C)(C)Cc1cnc(C[N+](C)(C)CCCCCCCCCCCCCC)c2c1COC(CC)O2.[Cl-].[Cl-],Bad,0,True,False,False
551,B_2026-02-11,C[N+](C)(CCCCCCCCCCCCCCCC)CC1=CN=C(C[N+](C)(CCCCCCCCCCCCCCCC)C)C2=C1COC(CC)O2.[Cl-].[Cl-],C[N+](C)(CCCCCCCCCCCCCCCC)CC1=CN=C(C[N+](C)(CCCCCCCCCCCCCCCC)C)C2=C1COC(CC)O2.[Cl-].[Cl-],CCCCCCCCCCCCCCCC[N+](C)(C)Cc1cnc(C[N+](C)(C)CCCCCCCCCCCCCCCC)c2c1COC(CC)O2.[Cl-].[Cl-],Bad,0,True,False,False
552,B_2026-02-11,C[N+](C)(CCCCCCCCCCCCCCCCCC)CC1=CN=C(C[N+](C)(CCCCCCCCCCCCCCCCCC)C)C2=C1COC(CC)O2.[Cl-].[Cl-],C[N+](C)(CCCCCCCCCCCCCCCCCC)CC1=CN=C(C[N+](C)(CCCCCCCCCCCCCCCCCC)C)C2=C1COC(CC)O2.[Cl-].[Cl-],CCCCCCCCCCCCCCCCCC[N+](C)(C)Cc1cnc(C[N+](C)(C)CCCCCCCCCCCCCCCCCC)c2c1COC(CC)O2.[Cl-].[Cl-],Bad,0,True,False,False
553,B_2026-02-11,C[N+](C)(CCCCCCCC)CC1=CN=C(C[N+](C)(CCCCCCCC)C)C2=C1COC(CCC)O2.[Cl-].[Cl-],C[N+](C)(CCCCCCCC)CC1=CN=C(C[N+](C)(CCCCCCCC)C)C2=C1COC(CCC)O2.[Cl-].[Cl-],CCCCCCCC[N+](C)(C)Cc1cnc(C[N+](C)(C)CCCCCCCC)c2c1COC(CCC)O2.[Cl-].[Cl-],Bad,0,True,False,False
554,B_2026-02-11,C[N+](C)(CCCCCCCCCC)CC1=CN=C(C[N+](C)(CCCCCCCCCC)C)C2=C1COC(CCC)O2.[Cl-].[Cl-],C[N+](C)(CCCCCCCCCC)CC1=CN=C(C[N+](C)(CCCCCCCCCC)C)C2=C1COC(CCC)O2.[Cl-].[Cl-],CCCCCCCCCC[N+](C)(C)Cc1cnc(C[N+](C)(C)CCCCCCCCCC)c2c1COC(CCC)O2.[Cl-].[Cl-],Bad,0,True,False,False
555,B_2026-02-11,C[N+](C)(CCCCCCCCCCCC)CC1=CN=C(C[N+](C)(CCCCCCCCCCCC)C)C2=C1COC(CCC)O2.[Cl-].[Cl-],C[N+](C)(CCCCCCCCCCCC)CC1=CN=C(C[N+](C)(CCCCCCCCCCCC)C)C2=C1COC(CCC)O2.[Cl-].[Cl-],CCCCCCCCCCCC[N+](C)(C)Cc1cnc(C[N+](C)(C)CCCCCCCCCCCC)c2c1COC(CCC)O2.[Cl-].[Cl-],Bad,0,True,False,False
556,B_2026-02-11,C[N+](C)(CCCCCCCCCCCCCC)CC1=CN=C(C[N+](C)(CCCCCCCCCCCCCC)C)C2=C1COC(CCC)O2.[Cl-].[Cl-],C[N+](C)(CCCCCCCCCCCCCC)CC1=CN=C(C[N+](C)(CCCCCCCCCCCCCC)C)C2=C1COC(CCC)O2.[Cl-].[Cl-],CCCCCCCCCCCCCC[N+](C)(C)Cc1cnc(C[N+](C)(C)CCCCCCCCCCCCCC)c2c1COC(CCC)O2.[Cl-].[Cl-],Bad,0,True,False,False
557,B_2026-02-11,C[N+](C)(CCCCCCCCCCCCCCCC)CC1=CN=C(C[N+](C)(CCCCCCCCCCCCCCCC)C)C2=C1COC(CCC)O2.[Cl-].[Cl-],C[N+](C)(CCCCCCCCCCCCCCCC)CC1=CN=C(C[N+](C)(CCCCCCCCCCCCCCCC)C)C2=C1COC(CCC)O2.[Cl-].[Cl-],CCCCCCCCCCCCCCCC[N+](C)(C)Cc1cnc(C[N+](C)(C)CCCCCCCCCCCCCCCC)c2c1COC(CCC)O2.[Cl-].[Cl-],Bad,0,True,False,False
558,B_2026-02-11,C[N+](C)(CCCCCCCCCCCCCCCCCC)CC1=CN=C(C[N+](C)(CCCCCCCCCCCCCCCCCC)C)C2=C1COC(CCC)O2.[Cl-].[Cl-],C[N+](C)(CCCCCCCCCCCCCCCCCC)CC1=CN=C(C[N+](C)(CCCCCCCCCCCCCCCCCC)C)C2=C1COC(CCC)O2.[Cl-].[Cl-],CCCCCCCCCCCCCCCCCC[N+](C)(C)Cc1cnc(C[N+](C)(C)CCCCCCCCCCCCCCCCCC)c2c1COC(CCC)O2.[Cl-].[Cl-],Bad,0,True,False,False
559,B_2026-02-11,C[N+](C)(CCCCCCCC)CC1=CN=C(C[N+](C)(CCCCCCCC)C)C2=C1COC(C(C)C)O2.[Cl-].[Cl-],C[N+](C)(CCCCCCCC)CC1=CN=C(C[N+](C)(CCCCCCCC)C)C2=C1COC(C(C)C)O2.[Cl-].[Cl-],CCCCCCCC[N+](C)(C)Cc1cnc(C[N+](C)(C)CCCCCCCC)c2c1COC(C(C)C)O2.[Cl-].[Cl-],Bad,0,True,False,False
560,B_2026-02-11,C[N+](C)(CCCCCCCCCC)CC1=CN=C(C[N+](C)(CCCCCCCCCC)C)C2=C1COC(C(C)C)O2.[Cl-].[Cl-],C[N+](C)(CCCCCCCCCC)CC1=CN=C(C[N+](C)(CCCCCCCCCC)C)C2=C1COC(C(C)C)O2.[Cl-].[Cl-],CCCCCCCCCC[N+](C)(C)Cc1cnc(C[N+](C)(C)CCCCCCCCCC)c2c1COC(C(C)C)O2.[Cl-].[Cl-],Bad,0,True,False,False
561,B_2026-02-11,C[N+](C)(CCCCCCCCCCCC)CC1=CN=C(C[N+](C)(CCCCCCCCCCCC)C)C2=C1COC(C(C)C)O2.[Cl-].[Cl-],C[N+](C)(CCCCCCCCCCCC)CC1=CN=C(C[N+](C)(CCCCCCCCCCCC)C)C2=C1COC(C(C)C)O2.[Cl-].[Cl-],CCCCCCCCCCCC[N+](C)(C)Cc1cnc(C[N+](C)(C)CCCCCCCCCCCC)c2c1COC(C(C)C)O2.[Cl-].[Cl-],Good,1,True,False,False
562,B_2026-02-11,C[N+](C)(CCCCCCCCCCCCCC)CC1=CN=C(C[N+](C)(CCCCCCCCCCCCCC)C)C2=C1COC(C(C)C)O2.[Cl-].[Cl-],C[N+](C)(CCCCCCCCCCCCCC)CC1=CN=C(C[N+](C)(CCCCCCCCCCCCCC)C)C2=C1COC(C(C)C)O2.[Cl-].[Cl-],CCCCCCCCCCCCCC[N+](C)(C)Cc1cnc(C[N+](C)(C)CCCCCCCCCCCCCC)c2c1COC(C(C)C)O2.[Cl-].[Cl-],Bad,0,True,False,False
563,B_2026-02-11,C[N+](C)(CCCCCCCCCCCCCCCC)CC1=CN=C(C[N+](C)(CCCCCCCCCCCCCCCC)C)C2=C1COC(C(C)C)O2.[Cl-].[Cl-],C[N+](C)(CCCCCCCCCCCCCCCC)CC1=CN=C(C[N+](C)(CCCCCCCCCCCCCCCC)C)C2=C1COC(C(C)C)O2.[Cl-].[Cl-],CCCCCCCCCCCCCCCC[N+](C)(C)Cc1cnc(C[N+](C)(C)CCCCCCCCCCCCCCCC)c2c1COC(C(C)C)O2.[Cl-].[Cl-],Bad,0,True,False,False
564,B_2026-02-11,C[N+](C)(CCCCCCCCCCCCCCCCCC)CC1=CN=C(C[N+](C)(CCCCCCCCCCCCCCCCCC)C)C2=C1COC(C(C)C)O2.[Cl-].[Cl-],C[N+](C)(CCCCCCCCCCCCCCCCCC)CC1=CN=C(C[N+](C)(CCCCCCCCCCCCCCCCCC)C)C2=C1COC(C(C)C)O2.[Cl-].[Cl-],CCCCCCCCCCCCCCCCCC[N+](C)(C)Cc1cnc(C[N+](C)(C)CCCCCCCCCCCCCCCCCC)c2c1COC(C(C)C)O2.[Cl-].[Cl-],Bad,0,True,False,False
565,B_2026-02-11,C[N+](C)(CCCCCCCC)CC1=CN=C(C[N+](C)(CCCCCCCC)C)C2=C1COC(CCCC)O2.[Cl-].[Cl-],C[N+](C)(CCCCCCCC)CC1=CN=C(C[N+](C)(CCCCCCCC)C)C2=C1COC(CCCC)O2.[Cl-].[Cl-],CCCCCCCC[N+](C)(C)Cc1cnc(C[N+](C)(C)CCCCCCCC)c2c1COC(CCCC)O2.[Cl-].[Cl-],Bad,0,True,False,False
566,B_2026-02-11,C[N+](C)(CCCCCCCCCC)CC1=CN=C(C[N+](C)(CCCCCCCCCC)C)C2=C1COC(CCCC)O2.[Cl-].[Cl-],C[N+](C)(CCCCCCCCCC)CC1=CN=C(C[N+](C)(CCCCCCCCCC)C)C2=C1COC(CCCC)O2.[Cl-].[Cl-],CCCCCCCCCC[N+](C)(C)Cc1cnc(C[N+](C)(C)CCCCCCCCCC)c2c1COC(CCCC)O2.[Cl-].[Cl-],Good,1,True,False,False
567,B_2026-02-11,C[N+](C)(CCCCCCCCCCCC)CC1=CN=C(C[N+](C)(CCCCCCCCCCCC)C)C2=C1COC(CCCC)O2.[Cl-].[Cl-],C[N+](C)(CCCCCCCCCCCC)CC1=CN=C(C[N+](C)(CCCCCCCCCCCC)C)C2=C1COC(CCCC)O2.[Cl-].[Cl-],CCCCCCCCCCCC[N+](C)(C)Cc1cnc(C[N+](C)(C)CCCCCCCCCCCC)c2c1COC(CCCC)O2.[Cl-].[Cl-],Bad,0,True,False,False
568,B_2026-02-11,C[N+](C)(CCCCCCCCCCCCCC)CC1=CN=C(C[N+](C)(CCCCCCCCCCCCCC)C)C2=C1COC(CCCC)O2.[Cl-].[Cl-],C[N+](C)(CCCCCCCCCCCCCC)CC1=CN=C(C[N+](C)(CCCCCCCCCCCCCC)C)C2=C1COC(CCCC)O2.[Cl-].[Cl-],CCCCCCCCCCCCCC[N+](C)(C)Cc1cnc(C[N+](C)(C)CCCCCCCCCCCCCC)c2c1COC(CCCC)O2.[Cl-].[Cl-],Bad,0,True,False,False
569,B_2026-02-11,C[N+](C)(CCCCCCCCCCCCCCCC)CC1=CN=C(C[N+](C)(CCCCCCCCCCCCCCCC)C)C2=C1COC(CCCC)O2.[Cl-].[Cl-],C[N+](C)(CCCCCCCCCCCCCCCC)CC1=CN=C(C[N+](C)(CCCCCCCCCCCCCCCC)C)C2=C1COC(CCCC)O2.[Cl-].[Cl-],CCCCCCCCCCCCCCCC[N+](C)(C)Cc1cnc(C[N+](C)(C)CCCCCCCCCCCCCCCC)c2c1COC(CCCC)O2.[Cl-].[Cl-],Bad,0,True,False,False
570,B_2026-02-11,C[N+](C)(CCCCCCCCCCCCCCCCCC)CC1=CN=C(C[N+](C)(CCCCCCCCCCCCCCCCCC)C)C2=C1COC(CCCC)O2.[Cl-].[Cl-],C[N+](C)(CCCCCCCCCCCCCCCCCC)CC1=CN=C(C[N+](C)(CCCCCCCCCCCCCCCCCC)C)C2=C1COC(CCCC)O2.[Cl-].[Cl-],CCCCCCCCCCCCCCCCCC[N+](C)(C)Cc1cnc(C[N+](C)(C)CCCCCCCCCCCCCCCCCC)c2c1COC(CCCC)O2.[Cl-].[Cl-],Bad,0,True,False,False
571,B_2026-02-11,C[N+](C)(CCCCCCCC)CC1=NC=C(C[N+](C)(CCCCCCCC)C)C2=C1OC(C(C)(C)C)OC2.[Cl-].[Cl-],C[N+](C)(CCCCCCCC)CC1=NC=C(C[N+](C)(CCCCCCCC)C)C2=C1OC(C(C)(C)C)OC2.[Cl-].[Cl-],CCCCCCCC[N+](C)(C)Cc1cnc(C[N+](C)(C)CCCCCCCC)c2c1COC(C(C)(C)C)O2.[Cl-].[Cl-],Bad,0,True,False,False
572,B_2026-02-11,C[N+](C)(CCCCCCCCCC)CC1=NC=C(C[N+](C)(CCCCCCCCCC)C)C2=C1OC(C(C)(C)C)OC2.[Cl-].[Cl-],C[N+](C)(CCCCCCCCCC)CC1=NC=C(C[N+](C)(CCCCCCCCCC)C)C2=C1OC(C(C)(C)C)OC2.[Cl-].[Cl-],CCCCCCCCCC[N+](C)(C)Cc1cnc(C[N+](C)(C)CCCCCCCCCC)c2c1COC(C(C)(C)C)O2.[Cl-].[Cl-],Good,1,True,False,False
573,B_2026-02-11,C[N+](C)(CCCCCCCCCCCC)CC1=NC=C(C[N+](C)(CCCCCCCCCCCC)C)C2=C1OC(C(C)(C)C)OC2.[Cl-].[Cl-],C[N+](C)(CCCCCCCCCCCC)CC1=NC=C(C[N+](C)(CCCCCCCCCCCC)C)C2=C1OC(C(C)(C)C)OC2.[Cl-].[Cl-],CCCCCCCCCCCC[N+](C)(C)Cc1cnc(C[N+](C)(C)CCCCCCCCCCCC)c2c1COC(C(C)(C)C)O2.[Cl-].[Cl-],Good,1,True,False,False
574,B_2026-02-11,C[N+](C)(CCCCCCCCCCCCCC)CC1=NC=C(C[N+](C)(CCCCCCCCCCCCCC)C)C2=C1OC(C(C)(C)C)OC2.[Cl-].[Cl-],C[N+](C)(CCCCCCCCCCCCCC)CC1=NC=C(C[N+](C)(CCCCCCCCCCCCCC)C)C2=C1OC(C(C)(C)C)OC2.[Cl-].[Cl-],CCCCCCCCCCCCCC[N+](C)(C)Cc1cnc(C[N+](C)(C)CCCCCCCCCCCCCC)c2c1COC(C(C)(C)C)O2.[Cl-].[Cl-],Bad,0,True,False,False
575,B_2026-02-11,C[N+](C)(CCCCCCCCCCCCCCCC)CC1=NC=C(C[N+](C)(CCCCCCCCCCCCCCCC)C)C2=C1OC(C(C)(C)C)OC2.[Cl-].[Cl-],C[N+](C)(CCCCCCCCCCCCCCCC)CC1=NC=C(C[N+](C)(CCCCCCCCCCCCCCCC)C)C2=C1OC(C(C)(C)C)OC2.[Cl-].[Cl-],CCCCCCCCCCCCCCCC[N+](C)(C)Cc1cnc(C[N+](C)(C)CCCCCCCCCCCCCCCC)c2c1COC(C(C)(C)C)O2.[Cl-].[Cl-],Bad,0,True,False,False
576,B_2026-02-11,C[N+](C)(CCCCCCCCCCCCCCCCCC)CC1=NC=C(C[N+](C)(CCCCCCCCCCCCCCCCCC)C)C2=C1OC(C(C)(C)C)OC2.[Cl-].[Cl-],C[N+](C)(CCCCCCCCCCCCCCCCCC)CC1=NC=C(C[N+](C)(CCCCCCCCCCCCCCCCCC)C)C2=C1OC(C(C)(C)C)OC2.[Cl-].[Cl-],CCCCCCCCCCCCCCCCCC[N+](C)(C)Cc1cnc(C[N+](C)(C)CCCCCCCCCCCCCCCCCC)c2c1COC(C(C)(C)C)O2.[Cl-].[Cl-],Bad,0,True,False,False
577,B_2026-02-11,C[N+](C)(CCCCCCCC)CC1=NC=C(C[N+](C)(CCCCCCCC)C)C2=C1OC(C(CC)C)OC2.[Cl-].[Cl-],C[N+](C)(CCCCCCCC)CC1=NC=C(C[N+](C)(CCCCCCCC)C)C2=C1OC(C(CC)C)OC2.[Cl-].[Cl-],CCCCCCCC[N+](C)(C)Cc1cnc(C[N+](C)(C)CCCCCCCC)c2c1COC(C(C)CC)O2.[Cl-].[Cl-],Bad,0,True,False,False
578,B_2026-02-11,C[N+](C)(CCCCCCCCCC)CC1=NC=C(C[N+](C)(CCCCCCCCCC)C)C2=C1OC(C(CC)C)OC2.[Cl-].[Cl-],C[N+](C)(CCCCCCCCCC)CC1=NC=C(C[N+](C)(CCCCCCCCCC)C)C2=C1OC(C(CC)C)OC2.[Cl-].[Cl-],CCCCCCCCCC[N+](C)(C)Cc1cnc(C[N+](C)(C)CCCCCCCCCC)c2c1COC(C(C)CC)O2.[Cl-].[Cl-],Good,1,True,False,False
579,B_2026-02-11,C[N+](C)(CCCCCCCCCCCC)CC1=NC=C(C[N+](C)(CCCCCCCCCCCC)C)C2=C1OC(C(CC)C)OC2.[Cl-].[Cl-],C[N+](C)(CCCCCCCCCCCC)CC1=NC=C(C[N+](C)(CCCCCCCCCCCC)C)C2=C1OC(C(CC)C)OC2.[Cl-].[Cl-],CCCCCCCCCCCC[N+](C)(C)Cc1cnc(C[N+](C)(C)CCCCCCCCCCCC)c2c1COC(C(C)CC)O2.[Cl-].[Cl-],Bad,0,True,False,False
580,B_2026-02-11,C[N+](C)(CCCCCCCCCCCCCC)CC1=NC=C(C[N+](C)(CCCCCCCCCCCCCC)C)C2=C1OC(C(CC)C)OC2.[Cl-].[Cl-],C[N+](C)(CCCCCCCCCCCCCC)CC1=NC=C(C[N+](C)(CCCCCCCCCCCCCC)C)C2=C1OC(C(CC)C)OC2.[Cl-].[Cl-],CCCCCCCCCCCCCC[N+](C)(C)Cc1cnc(C[N+](C)(C)CCCCCCCCCCCCCC)c2c1COC(C(C)CC)O2.[Cl-].[Cl-],Bad,0,True,False,False
581,B_2026-02-11,C[N+](C)(CCCCCCCCCCCCCCCC)CC1=NC=C(C[N+](C)(CCCCCCCCCCCCCCCC)C)C2=C1OC(C(CC)C)OC2.[Cl-].[Cl-],C[N+](C)(CCCCCCCCCCCCCCCC)CC1=NC=C(C[N+](C)(CCCCCCCCCCCCCCCC)C)C2=C1OC(C(CC)C)OC2.[Cl-].[Cl-],CCCCCCCCCCCCCCCC[N+](C)(C)Cc1cnc(C[N+](C)(C)CCCCCCCCCCCCCCCC)c2c1COC(C(C)CC)O2.[Cl-].[Cl-],Bad,0,True,False,False
582,B_2026-02-11,C[N+](C)(CCCCCCCCCCCCCCCCCC)CC1=NC=C(C[N+](C)(CCCCCCCCCCCCCCCCCC)C)C2=C1OC(C(CC)C)OC2.[Cl-].[Cl-],C[N+](C)(CCCCCCCCCCCCCCCCCC)CC1=NC=C(C[N+](C)(CCCCCCCCCCCCCCCCCC)C)C2=C1OC(C(CC)C)OC2.[Cl-].[Cl-],CCCCCCCCCCCCCCCCCC[N+](C)(C)Cc1cnc(C[N+](C)(C)CCCCCCCCCCCCCCCCCC)c2c1COC(C(C)CC)O2.[Cl-].[Cl-],Bad,0,True,False,False
583,B_2026-02-11,C[N+](C)(CCCCCCCC)CC1=NC=C(C[N+](C)(CCCCCCCC)C)C2=C1OC(CCCCC)OC2.[Cl-].[Cl-],C[N+](C)(CCCCCCCC)CC1=NC=C(C[N+](C)(CCCCCCCC)C)C2=C1OC(CCCCC)OC2.[Cl-].[Cl-],CCCCCCCC[N+](C)(C)Cc1cnc(C[N+](C)(C)CCCCCCCC)c2c1COC(CCCCC)O2.[Cl-].[Cl-],Bad,0,True,False,False
584,B_2026-02-11,C[N+](C)(CCCCCCCCCC)CC1=NC=C(C[N+](C)(CCCCCCCCCC)C)C2=C1OC(CCCCC)OC2.[Cl-].[Cl-],C[N+](C)(CCCCCCCCCC)CC1=NC=C(C[N+](C)(CCCCCCCCCC)C)C2=C1OC(CCCCC)OC2.[Cl-].[Cl-],CCCCCCCCCC[N+](C)(C)Cc1cnc(C[N+](C)(C)CCCCCCCCCC)c2c1COC(CCCCC)O2.[Cl-].[Cl-],Good,1,True,False,False
585,B_2026-02-11,C[N+](C)(CCCCCCCCCCCC)CC1=NC=C(C[N+](C)(CCCCCCCCCCCC)C)C2=C1OC(CCCCC)OC2.[Cl-].[Cl-],C[N+](C)(CCCCCCCCCCCC)CC1=NC=C(C[N+](C)(CCCCCCCCCCCC)C)C2=C1OC(CCCCC)OC2.[Cl-].[Cl-],CCCCCCCCCCCC[N+](C)(C)Cc1cnc(C[N+](C)(C)CCCCCCCCCCCC)c2c1COC(CCCCC)O2.[Cl-].[Cl-],Bad,0,True,False,False
586,B_2026-02-11,C[N+](C)(CCCCCCCCCCCCCC)CC1=NC=C(C[N+](C)(CCCCCCCCCCCCCC)C)C2=C1OC(CCCCC)OC2.[Cl-].[Cl-],C[N+](C)(CCCCCCCCCCCCCC)CC1=NC=C(C[N+](C)(CCCCCCCCCCCCCC)C)C2=C1OC(CCCCC)OC2.[Cl-].[Cl-],CCCCCCCCCCCCCC[N+](C)(C)Cc1cnc(C[N+](C)(C)CCCCCCCCCCCCCC)c2c1COC(CCCCC)O2.[Cl-].[Cl-],Bad,0,True,False,False
587,B_2026-02-11,C[N+](C)(CCCCCCCCCCCCCCCC)CC1=NC=C(C[N+](C)(CCCCCCCCCCCCCCCC)C)C2=C1OC(CCCCC)OC2.[Cl-].[Cl-],C[N+](C)(CCCCCCCCCCCCCCCC)CC1=NC=C(C[N+](C)(CCCCCCCCCCCCCCCC)C)C2=C1OC(CCCCC)OC2.[Cl-].[Cl-],CCCCCCCCCCCCCCCC[N+](C)(C)Cc1cnc(C[N+](C)(C)CCCCCCCCCCCCCCCC)c2c1COC(CCCCC)O2.[Cl-].[Cl-],Bad,0,True,False,False
588,B_2026-02-11,C[N+](C)(CCCCCCCCCCCCCCCCCC)CC1=NC=C(C[N+](C)(CCCCCCCCCCCCCCCCCC)C)C2=C1OC(CCCCC)OC2.[Cl-].[Cl-],C[N+](C)(CCCCCCCCCCCCCCCCCC)CC1=NC=C(C[N+](C)(CCCCCCCCCCCCCCCCCC)C)C2=C1OC(CCCCC)OC2.[Cl-].[Cl-],CCCCCCCCCCCCCCCCCC[N+](C)(C)Cc1cnc(C[N+](C)(C)CCCCCCCCCCCCCCCCCC)c2c1COC(CCCCC)O2.[Cl-].[Cl-],Bad,0,True,False,False
589,B_2026-02-11,C[N+](C)(CCCCCCCC)CC1=NC=C(C[N+](C)(CCCCCCCC)C)C2=C1OC(C(CCC)C)OC2.[Cl-].[Cl-],C[N+](C)(CCCCCCCC)CC1=NC=C(C[N+](C)(CCCCCCCC)C)C2=C1OC(C(CCC)C)OC2.[Cl-].[Cl-],CCCCCCCC[N+](C)(C)Cc1cnc(C[N+](C)(C)CCCCCCCC)c2c1COC(C(C)CCC)O2.[Cl-].[Cl-],Bad,0,True,False,False
590,B_2026-02-11,C[N+](C)(CCCCCCCCCC)CC1=NC=C(C[N+](C)(CCCCCCCCCC)C)C2=C1OC(C(CCC)C)OC2.[Cl-].[Cl-],C[N+](C)(CCCCCCCCCC)CC1=NC=C(C[N+](C)(CCCCCCCCCC)C)C2=C1OC(C(CCC)C)OC2.[Cl-].[Cl-],CCCCCCCCCC[N+](C)(C)Cc1cnc(C[N+](C)(C)CCCCCCCCCC)c2c1COC(C(C)CCC)O2.[Cl-].[Cl-],Good,1,True,False,False
591,B_2026-02-11,C[N+](C)(CCCCCCCCCCCC)CC1=NC=C(C[N+](C)(CCCCCCCCCCCC)C)C2=C1OC(C(CCC)C)OC2.[Cl-].[Cl-],C[N+](C)(CCCCCCCCCCCC)CC1=NC=C(C[N+](C)(CCCCCCCCCCCC)C)C2=C1OC(C(CCC)C)OC2.[Cl-].[Cl-],CCCCCCCCCCCC[N+](C)(C)Cc1cnc(C[N+](C)(C)CCCCCCCCCCCC)c2c1COC(C(C)CCC)O2.[Cl-].[Cl-],Bad,0,True,False,False
592,B_2026-02-11,C[N+](C)(CCCCCCCCCCCCCC)CC1=NC=C(C[N+](C)(CCCCCCCCCCCCCC)C)C2=C1OC(C(CCC)C)OC2.[Cl-].[Cl-],C[N+](C)(CCCCCCCCCCCCCC)CC1=NC=C(C[N+](C)(CCCCCCCCCCCCCC)C)C2=C1OC(C(CCC)C)OC2.[Cl-].[Cl-],CCCCCCCCCCCCCC[N+](C)(C)Cc1cnc(C[N+](C)(C)CCCCCCCCCCCCCC)c2c1COC(C(C)CCC)O2.[Cl-].[Cl-],Bad,0,True,False,False
593,B_2026-02-11,C[N+](C)(CCCCCCCCCCCCCCCC)CC1=NC=C(C[N+](C)(CCCCCCCCCCCCCCCC)C)C2=C1OC(C(CCC)C)OC2.[Cl-].[Cl-],C[N+](C)(CCCCCCCCCCCCCCCC)CC1=NC=C(C[N+](C)(CCCCCCCCCCCCCCCC)C)C2=C1OC(C(CCC)C)OC2.[Cl-].[Cl-],CCCCCCCCCCCCCCCC[N+](C)(C)Cc1cnc(C[N+](C)(C)CCCCCCCCCCCCCCCC)c2c1COC(C(C)CCC)O2.[Cl-].[Cl-],Bad,0,True,False,False
594,B_2026-02-11,C[N+](C)(CCCCCCCCCCCCCCCCCC)CC1=NC=C(C[N+](C)(CCCCCCCCCCCCCCCCCC)C)C2=C1OC(C(CCC)C)OC2.[Cl-].[Cl-],C[N+](C)(CCCCCCCCCCCCCCCCCC)CC1=NC=C(C[N+](C)(CCCCCCCCCCCCCCCCCC)C)C2=C1OC(C(CCC)C)OC2.[Cl-].[Cl-],CCCCCCCCCCCCCCCCCC[N+](C)(C)Cc1cnc(C[N+](C)(C)CCCCCCCCCCCCCCCCCC)c2c1COC(C(C)CCC)O2.[Cl-].[Cl-],Bad,0,True,False,False
595,B_2026-02-11,C[N+](C)(CCCCCCCC)CC1=NC=C(C[N+](C)(CCCCCCCC)C)C2=C1OC(C(CC)CC)OC2.[Cl-].[Cl-],C[N+](C)(CCCCCCCC)CC1=NC=C(C[N+](C)(CCCCCCCC)C)C2=C1OC(C(CC)CC)OC2.[Cl-].[Cl-],CCCCCCCC[N+](C)(C)Cc1cnc(C[N+](C)(C)CCCCCCCC)c2c1COC(C(CC)CC)O2.[Cl-].[Cl-],Bad,0,True,False,False
596,B_2026-02-11,C[N+](C)(CCCCCCCCCC)CC1=NC=C(C[N+](C)(CCCCCCCCCC)C)C2=C1OC(C(CC)CC)OC2.[Cl-].[Cl-],C[N+](C)(CCCCCCCCCC)CC1=NC=C(C[N+](C)(CCCCCCCCCC)C)C2=C1OC(C(CC)CC)OC2.[Cl-].[Cl-],CCCCCCCCCC[N+](C)(C)Cc1cnc(C[N+](C)(C)CCCCCCCCCC)c2c1COC(C(CC)CC)O2.[Cl-].[Cl-],Good,1,True,False,False
597,B_2026-02-11,C[N+](C)(CCCCCCCCCCCC)CC1=NC=C(C[N+](C)(CCCCCCCCCCCC)C)C2=C1OC(C(CC)CC)OC2.[Cl-].[Cl-],C[N+](C)(CCCCCCCCCCCC)CC1=NC=C(C[N+](C)(CCCCCCCCCCCC)C)C2=C1OC(C(CC)CC)OC2.[Cl-].[Cl-],CCCCCCCCCCCC[N+](C)(C)Cc1cnc(C[N+](C)(C)CCCCCCCCCCCC)c2c1COC(C(CC)CC)O2.[Cl-].[Cl-],Bad,0,True,False,False
598,B_2026-02-11,C[N+](C)(CCCCCCCCCCCCCC)CC1=NC=C(C[N+](C)(CCCCCCCCCCCCCC)C)C2=C1OC(C(CC)CC)OC2.[Cl-].[Cl-],C[N+](C)(CCCCCCCCCCCCCC)CC1=NC=C(C[N+](C)(CCCCCCCCCCCCCC)C)C2=C1OC(C(CC)CC)OC2.[Cl-].[Cl-],CCCCCCCCCCCCCC[N+](C)(C)Cc1cnc(C[N+](C)(C)CCCCCCCCCCCCCC)c2c1COC(C(CC)CC)O2.[Cl-].[Cl-],Bad,0,True,False,False
599,B_2026-02-11,C[N+](C)(CCCCCCCCCCCCCCCC)CC1=NC=C(C[N+](C)(CCCCCCCCCCCCCCCC)C)C2=C1OC(C(CC)CC)OC2.[Cl-].[Cl-],C[N+](C)(CCCCCCCCCCCCCCCC)CC1=NC=C(C[N+](C)(CCCCCCCCCCCCCCCC)C)C2=C1OC(C(CC)CC)OC2.[Cl-].[Cl-],CCCCCCCCCCCCCCCC[N+](C)(C)Cc1cnc(C[N+](C)(C)CCCCCCCCCCCCCCCC)c2c1COC(C(CC)CC)O2.[Cl-].[Cl-],Bad,0,True,False,False
600,B_2026-02-11,C[N+](C)(CCCCCCCCCCCCCCCCCC)CC1=NC=C(C[N+](C)(CCCCCCCCCCCCCCCCCC)C)C2=C1OC(C(CC)CC)OC2.[Cl-].[Cl-],C[N+](C)(CCCCCCCCCCCCCCCCCC)CC1=NC=C(C[N+](C)(CCCCCCCCCCCCCCCCCC)C)C2=C1OC(C(CC)CC)OC2.[Cl-].[Cl-],CCCCCCCCCCCCCCCCCC[N+](C)(C)Cc1cnc(C[N+](C)(C)CCCCCCCCCCCCCCCCCC)c2c1COC(C(CC)CC)O2.[Cl-].[Cl-],Bad,0,True,False,False
601,B_2026-02-11,C[N+](C)(CCCCCCCC)CC1=NC=C(C[N+](C)(CCCCCCCC)C)C2=C1OC(CCCCCC)OC2.[Cl-].[Cl-],C[N+](C)(CCCCCCCC)CC1=NC=C(C[N+](C)(CCCCCCCC)C)C2=C1OC(CCCCCC)OC2.[Cl-].[Cl-],CCCCCCCC[N+](C)(C)Cc1cnc(C[N+](C)(C)CCCCCCCC)c2c1COC(CCCCCC)O2.[Cl-].[Cl-],Bad,0,True,False,False
602,B_2026-02-11,C[N+](C)(CCCCCCCCCC)CC1=NC=C(C[N+](C)(CCCCCCCCCC)C)C2=C1OC(CCCCCC)OC2.[Cl-].[Cl-],C[N+](C)(CCCCCCCCCC)CC1=NC=C(C[N+](C)(CCCCCCCCCC)C)C2=C1OC(CCCCCC)OC2.[Cl-].[Cl-],CCCCCCCCCC[N+](C)(C)Cc1cnc(C[N+](C)(C)CCCCCCCCCC)c2c1COC(CCCCCC)O2.[Cl-].[Cl-],Good,1,True,False,False
603,B_2026-02-11,C[N+](C)(CCCCCCCCCCCC)CC1=NC=C(C[N+](C)(CCCCCCCCCCCC)C)C2=C1OC(CCCCCC)OC2.[Cl-].[Cl-],C[N+](C)(CCCCCCCCCCCC)CC1=NC=C(C[N+](C)(CCCCCCCCCCCC)C)C2=C1OC(CCCCCC)OC2.[Cl-].[Cl-],CCCCCCCCCCCC[N+](C)(C)Cc1cnc(C[N+](C)(C)CCCCCCCCCCCC)c2c1COC(CCCCCC)O2.[Cl-].[Cl-],Bad,0,True,False,False
604,B_2026-02-11,C[N+](C)(CCCCCCCCCCCCCC)CC1=NC=C(C[N+](C)(CCCCCCCCCCCCCC)C)C2=C1OC(CCCCCC)OC2.[Cl-].[Cl-],C[N+](C)(CCCCCCCCCCCCCC)CC1=NC=C(C[N+](C)(CCCCCCCCCCCCCC)C)C2=C1OC(CCCCCC)OC2.[Cl-].[Cl-],CCCCCCCCCCCCCC[N+](C)(C)Cc1cnc(C[N+](C)(C)CCCCCCCCCCCCCC)c2c1COC(CCCCCC)O2.[Cl-].[Cl-],Bad,0,True,False,False
605,B_2026-02-11,C[N+](C)(CCCCCCCCCCCCCCCC)CC1=NC=C(C[N+](C)(CCCCCCCCCCCCCCCC)C)C2=C1OC(CCCCCC)OC2.[Cl-].[Cl-],C[N+](C)(CCCCCCCCCCCCCCCC)CC1=NC=C(C[N+](C)(CCCCCCCCCCCCCCCC)C)C2=C1OC(CCCCCC)OC2.[Cl-].[Cl-],CCCCCCCCCCCCCCCC[N+](C)(C)Cc1cnc(C[N+](C)(C)CCCCCCCCCCCCCCCC)c2c1COC(CCCCCC)O2.[Cl-].[Cl-],Bad,0,True,False,False
606,B_2026-02-11,C[N+](C)(CCCCCCCCCCCCCCCCCC)CC1=NC=C(C[N+](C)(CCCCCCCCCCCCCCCCCC)C)C2=C1OC(CCCCCC)OC2.[Cl-].[Cl-],C[N+](C)(CCCCCCCCCCCCCCCCCC)CC1=NC=C(C[N+](C)(CCCCCCCCCCCCCCCCCC)C)C2=C1OC(CCCCCC)OC2.[Cl-].[Cl-],CCCCCCCCCCCCCCCCCC[N+](C)(C)Cc1cnc(C[N+](C)(C)CCCCCCCCCCCCCCCCCC)c2c1COC(CCCCCC)O2.[Cl-].[Cl-],Bad,0,True,False,False
607,B_2026-02-11,C[N+](C)(CCCCCCCC)CC1=NC=C(C[N+](C)(CCCCCCCC)C)C2=C1OC(CCCCCCC)OC2.[Cl-].[Cl-],C[N+](C)(CCCCCCCC)CC1=NC=C(C[N+](C)(CCCCCCCC)C)C2=C1OC(CCCCCCC)OC2.[Cl-].[Cl-],CCCCCCCC[N+](C)(C)Cc1cnc(C[N+](C)(C)CCCCCCCC)c2c1COC(CCCCCCC)O2.[Cl-].[Cl-],Bad,0,True,False,False
608,B_2026-02-11,C[N+](C)(CCCCCCCCCC)CC1=NC=C(C[N+](C)(CCCCCCCCCC)C)C2=C1OC(CCCCCCC)OC2.[Cl-].[Cl-],C[N+](C)(CCCCCCCCCC)CC1=NC=C(C[N+](C)(CCCCCCCCCC)C)C2=C1OC(CCCCCCC)OC2.[Cl-].[Cl-],CCCCCCCCCC[N+](C)(C)Cc1cnc(C[N+](C)(C)CCCCCCCCCC)c2c1COC(CCCCCCC)O2.[Cl-].[Cl-],Bad,0,True,False,False
609,B_2026-02-11,C[N+](C)(CCCCCCCCCCCC)CC1=NC=C(C[N+](C)(CCCCCCCCCCCC)C)C2=C1OC(CCCCCCC)OC2.[Cl-].[Cl-],C[N+](C)(CCCCCCCCCCCC)CC1=NC=C(C[N+](C)(CCCCCCCCCCCC)C)C2=C1OC(CCCCCCC)OC2.[Cl-].[Cl-],CCCCCCCCCCCC[N+](C)(C)Cc1cnc(C[N+](C)(C)CCCCCCCCCCCC)c2c1COC(CCCCCCC)O2.[Cl-].[Cl-],Bad,0,True,False,False
610,B_2026-02-11,C[N+](C)(CCCCCCCCCCCCCC)CC1=NC=C(C[N+](C)(CCCCCCCCCCCCCC)C)C2=C1OC(CCCCCCC)OC2.[Cl-].[Cl-],C[N+](C)(CCCCCCCCCCCCCC)CC1=NC=C(C[N+](C)(CCCCCCCCCCCCCC)C)C2=C1OC(CCCCCCC)OC2.[Cl-].[Cl-],CCCCCCCCCCCCCC[N+](C)(C)Cc1cnc(C[N+](C)(C)CCCCCCCCCCCCCC)c2c1COC(CCCCCCC)O2.[Cl-].[Cl-],Bad,0,True,False,False
611,B_2026-02-11,C[N+](C)(CCCCCCCCCCCCCCCC)CC1=NC=C(C[N+](C)(CCCCCCCCCCCCCCCC)C)C2=C1OC(CCCCCCC)OC2.[Cl-].[Cl-],C[N+](C)(CCCCCCCCCCCCCCCC)CC1=NC=C(C[N+](C)(CCCCCCCCCCCCCCCC)C)C2=C1OC(CCCCCCC)OC2.[Cl-].[Cl-],CCCCCCCCCCCCCCCC[N+](C)(C)Cc1cnc(C[N+](C)(C)CCCCCCCCCCCCCCCC)c2c1COC(CCCCCCC)O2.[Cl-].[Cl-],Bad,0,True,False,False
612,B_2026-02-11,C[N+](C)(CCCCCCCCCCCCCCCCCC)CC1=NC=C(C[N+](C)(CCCCCCCCCCCCCCCCCC)C)C2=C1OC(CCCCCCC)OC2.[Cl-].[Cl-],C[N+](C)(CCCCCCCCCCCCCCCCCC)CC1=NC=C(C[N+](C)(CCCCCCCCCCCCCCCCCC)C)C2=C1OC(CCCCCCC)OC2.[Cl-].[Cl-],CCCCCCCCCCCCCCCCCC[N+](C)(C)Cc1cnc(C[N+](C)(C)CCCCCCCCCCCCCCCCCC)c2c1COC(CCCCCCC)O2.[Cl-].[Cl-],Bad,0,True,False,False
613,B_2026-02-11,C[N+](C)(CCCCCCCC)CC1=NC=C(C[N+](C)(CCCCCCCC)C)C2=C1OC(C(CCCC)CC)OC2.[Cl-].[Cl-],C[N+](C)(CCCCCCCC)CC1=NC=C(C[N+](C)(CCCCCCCC)C)C2=C1OC(C(CCCC)CC)OC2.[Cl-].[Cl-],CCCCCCCC[N+](C)(C)Cc1cnc(C[N+](C)(C)CCCCCCCC)c2c1COC(C(CC)CCCC)O2.[Cl-].[Cl-],Bad,0,True,False,False
614,B_2026-02-11,C[N+](C)(CCCCCCCCCC)CC1=NC=C(C[N+](C)(CCCCCCCCCC)C)C2=C1OC(C(CCCC)CC)OC2.[Cl-].[Cl-],C[N+](C)(CCCCCCCCCC)CC1=NC=C(C[N+](C)(CCCCCCCCCC)C)C2=C1OC(C(CCCC)CC)OC2.[Cl-].[Cl-],CCCCCCCCCC[N+](C)(C)Cc1cnc(C[N+](C)(C)CCCCCCCCCC)c2c1COC(C(CC)CCCC)O2.[Cl-].[Cl-],Good,1,True,False,False
615,B_2026-02-11,C[N+](C)(CCCCCCCCCCCC)CC1=NC=C(C[N+](C)(CCCCCCCCCCCC)C)C2=C1OC(C(CCCC)CC)OC2.[Cl-].[Cl-],C[N+](C)(CCCCCCCCCCCC)CC1=NC=C(C[N+](C)(CCCCCCCCCCCC)C)C2=C1OC(C(CCCC)CC)OC2.[Cl-].[Cl-],CCCCCCCCCCCC[N+](C)(C)Cc1cnc(C[N+](C)(C)CCCCCCCCCCCC)c2c1COC(C(CC)CCCC)O2.[Cl-].[Cl-],Bad,0,True,False,False
616,B_2026-02-11,C[N+](C)(CCCCCCCCCCCCCC)CC1=NC=C(C[N+](C)(CCCCCCCCCCCCCC)C)C2=C1OC(C(CCCC)CC)OC2.[Cl-].[Cl-],C[N+](C)(CCCCCCCCCCCCCC)CC1=NC=C(C[N+](C)(CCCCCCCCCCCCCC)C)C2=C1OC(C(CCCC)CC)OC2.[Cl-].[Cl-],CCCCCCCCCCCCCC[N+](C)(C)Cc1cnc(C[N+](C)(C)CCCCCCCCCCCCCC)c2c1COC(C(CC)CCCC)O2.[Cl-].[Cl-],Bad,0,True,False,False
617,B_2026-02-11,C[N+](C)(CCCCCCCCCCCCCCCC)CC1=NC=C(C[N+](C)(CCCCCCCCCCCCCCCC)C)C2=C1OC(C(CCCC)CC)OC2.[Cl-].[Cl-],C[N+](C)(CCCCCCCCCCCCCCCC)CC1=NC=C(C[N+](C)(CCCCCCCCCCCCCCCC)C)C2=C1OC(C(CCCC)CC)OC2.[Cl-].[Cl-],CCCCCCCCCCCCCCCC[N+](C)(C)Cc1cnc(C[N+](C)(C)CCCCCCCCCCCCCCCC)c2c1COC(C(CC)CCCC)O2.[Cl-].[Cl-],Bad,0,True,False,False
618,B_2026-02-11,C[N+](C)(CCCCCCCCCCCCCCCCCC)CC1=NC=C(C[N+](C)(CCCCCCCCCCCCCCCCCC)C)C2=C1OC(C(CCCC)CC)OC2.[Cl-].[Cl-],C[N+](C)(CCCCCCCCCCCCCCCCCC)CC1=NC=C(C[N+](C)(CCCCCCCCCCCCCCCCCC)C)C2=C1OC(C(CCCC)CC)OC2.[Cl-].[Cl-],CCCCCCCCCCCCCCCCCC[N+](C)(C)Cc1cnc(C[N+](C)(C)CCCCCCCCCCCCCCCCCC)c2c1COC(C(CC)CCCC)O2.[Cl-].[Cl-],Bad,0,True,False,False
619,B_2026-02-11,C[N+](C)(CCCCCCCC)CC1=NC=C(C[N+](C)(CCCCCCCC)C)C2=C1OC(CCCCCCCC)OC2.[Cl-].[Cl-],C[N+](C)(CCCCCCCC)CC1=NC=C(C[N+](C)(CCCCCCCC)C)C2=C1OC(CCCCCCCC)OC2.[Cl-].[Cl-],CCCCCCCCC1OCc2c(C[N+](C)(C)CCCCCCCC)cnc(C[N+](C)(C)CCCCCCCC)c2O1.[Cl-].[Cl-],Good,1,True,False,False
620,B_2026-02-11,C[N+](C)(CCCCCCCCCC)CC1=NC=C(C[N+](C)(CCCCCCCCCC)C)C2=C1OC(CCCCCCCC)OC2.[Cl-].[Cl-],C[N+](C)(CCCCCCCCCC)CC1=NC=C(C[N+](C)(CCCCCCCCCC)C)C2=C1OC(CCCCCCCC)OC2.[Cl-].[Cl-],CCCCCCCCCC[N+](C)(C)Cc1cnc(C[N+](C)(C)CCCCCCCCCC)c2c1COC(CCCCCCCC)O2.[Cl-].[Cl-],Bad,0,True,False,False
621,B_2026-02-11,C[N+](C)(CCCCCCCCCCCC)CC1=NC=C(C[N+](C)(CCCCCCCCCCCC)C)C2=C1OC(CCCCCCCC)OC2.[Cl-].[Cl-],C[N+](C)(CCCCCCCCCCCC)CC1=NC=C(C[N+](C)(CCCCCCCCCCCC)C)C2=C1OC(CCCCCCCC)OC2.[Cl-].[Cl-],CCCCCCCCCCCC[N+](C)(C)Cc1cnc(C[N+](C)(C)CCCCCCCCCCCC)c2c1COC(CCCCCCCC)O2.[Cl-].[Cl-],Bad,0,True,False,False
622,B_2026-02-11,C[N+](C)(CCCCCCCCCCCCCC)CC1=NC=C(C[N+](C)(CCCCCCCCCCCCCC)C)C2=C1OC(CCCCCCCC)OC2.[Cl-].[Cl-],C[N+](C)(CCCCCCCCCCCCCC)CC1=NC=C(C[N+](C)(CCCCCCCCCCCCCC)C)C2=C1OC(CCCCCCCC)OC2.[Cl-].[Cl-],CCCCCCCCCCCCCC[N+](C)(C)Cc1cnc(C[N+](C)(C)CCCCCCCCCCCCCC)c2c1COC(CCCCCCCC)O2.[Cl-].[Cl-],Bad,0,True,False,False
623,B_2026-02-11,C[N+](C)(CCCCCCCCCCCCCCCC)CC1=NC=C(C[N+](C)(CCCCCCCCCCCCCCCC)C)C2=C1OC(CCCCCCCC)OC2.[Cl-].[Cl-],C[N+](C)(CCCCCCCCCCCCCCCC)CC1=NC=C(C[N+](C)(CCCCCCCCCCCCCCCC)C)C2=C1OC(CCCCCCCC)OC2.[Cl-].[Cl-],CCCCCCCCCCCCCCCC[N+](C)(C)Cc1cnc(C[N+](C)(C)CCCCCCCCCCCCCCCC)c2c1COC(CCCCCCCC)O2.[Cl-].[Cl-],Bad,0,True,False,False
624,B_2026-02-11,C[N+](C)(CCCCCCCCCCCCCCCCCC)CC1=NC=C(C[N+](C)(CCCCCCCCCCCCCCCCCC)C)C2=C1OC(CCCCCCCC)OC2.[Cl-].[Cl-],C[N+](C)(CCCCCCCCCCCCCCCCCC)CC1=NC=C(C[N+](C)(CCCCCCCCCCCCCCCCCC)C)C2=C1OC(CCCCCCCC)OC2.[Cl-].[Cl-],CCCCCCCCCCCCCCCCCC[N+](C)(C)Cc1cnc(C[N+](C)(C)CCCCCCCCCCCCCCCCCC)c2c1COC(CCCCCCCC)O2.[Cl-].[Cl-],Bad,0,True,False,False
625,B_2026-02-11,C[N+](C)(CCCCCCCC)CC1=NC=C(C[N+](C)(CCCCCCCC)C)C2=C1OC(C(CCCCCCCCC)C)OC2.[Cl-].[Cl-],C[N+](C)(CCCCCCCC)CC1=NC=C(C[N+](C)(CCCCCCCC)C)C2=C1OC(C(CCCCCCCCC)C)OC2.[Cl-].[Cl-],CCCCCCCCCC(C)C1OCc2c(C[N+](C)(C)CCCCCCCC)cnc(C[N+](C)(C)CCCCCCCC)c2O1.[Cl-].[Cl-],Good,1,True,False,False
626,B_2026-02-11,C[N+](C)(CCCCCCCCCC)CC1=NC=C(C[N+](C)(CCCCCCCCCC)C)C2=C1OC(C(CCCCCCCCC)C)OC2.[Cl-].[Cl-],C[N+](C)(CCCCCCCCCC)CC1=NC=C(C[N+](C)(CCCCCCCCCC)C)C2=C1OC(C(CCCCCCCCC)C)OC2.[Cl-].[Cl-],CCCCCCCCCC[N+](C)(C)Cc1cnc(C[N+](C)(C)CCCCCCCCCC)c2c1COC(C(C)CCCCCCCCC)O2.[Cl-].[Cl-],Bad,0,True,False,False
627,B_2026-02-11,C[N+](C)(CCCCCCCCCCCC)CC1=NC=C(C[N+](C)(CCCCCCCCCCCC)C)C2=C1OC(C(CCCCCCCCC)C)OC2.[Cl-].[Cl-],C[N+](C)(CCCCCCCCCCCC)CC1=NC=C(C[N+](C)(CCCCCCCCCCCC)C)C2=C1OC(C(CCCCCCCCC)C)OC2.[Cl-].[Cl-],CCCCCCCCCCCC[N+](C)(C)Cc1cnc(C[N+](C)(C)CCCCCCCCCCCC)c2c1COC(C(C)CCCCCCCCC)O2.[Cl-].[Cl-],Bad,0,True,False,False
628,B_2026-02-11,C[N+](C)(CCCCCCCCCCCCCC)CC1=NC=C(C[N+](C)(CCCCCCCCCCCCCC)C)C2=C1OC(C(CCCCCCCCC)C)OC2.[Cl-].[Cl-],C[N+](C)(CCCCCCCCCCCCCC)CC1=NC=C(C[N+](C)(CCCCCCCCCCCCCC)C)C2=C1OC(C(CCCCCCCCC)C)OC2.[Cl-].[Cl-],CCCCCCCCCCCCCC[N+](C)(C)Cc1cnc(C[N+](C)(C)CCCCCCCCCCCCCC)c2c1COC(C(C)CCCCCCCCC)O2.[Cl-].[Cl-],Bad,0,True,False,False
629,B_2026-02-11,C[N+](C)(CCCCCCCCCCCCCCCC)CC1=NC=C(C[N+](C)(CCCCCCCCCCCCCCCC)C)C2=C1OC(C(CCCCCCCCC)C)OC2.[Cl-].[Cl-],C[N+](C)(CCCCCCCCCCCCCCCC)CC1=NC=C(C[N+](C)(CCCCCCCCCCCCCCCC)C)C2=C1OC(C(CCCCCCCCC)C)OC2.[Cl-].[Cl-],CCCCCCCCCCCCCCCC[N+](C)(C)Cc1cnc(C[N+](C)(C)CCCCCCCCCCCCCCCC)c2c1COC(C(C)CCCCCCCCC)O2.[Cl-].[Cl-],Bad,0,True,False,False
630,B_2026-02-11,C[N+](C)(CCCCCCCCCCCCCCCCCC)CC1=NC=C(C[N+](C)(CCCCCCCCCCCCCCCCCC)C)C2=C1OC(C(CCCCCCCCC)C)OC2.[Cl-].[Cl-],C[N+](C)(CCCCCCCCCCCCCCCCCC)CC1=NC=C(C[N+](C)(CCCCCCCCCCCCCCCCCC)C)C2=C1OC(C(CCCCCCCCC)C)OC2.[Cl-].[Cl-],CCCCCCCCCCCCCCCCCC[N+](C)(C)Cc1cnc(C[N+](C)(C)CCCCCCCCCCCCCCCCCC)c2c1COC(C(C)CCCCCCCCC)O2.[Cl-].[Cl-],Bad,0,True,False,False
631,B_2026-02-11,C[N+](C)(CCCCCCCC)CC1=NC=C(C[N+](C)(CCCCCCCC)C)C2=C1OC(C)(CCCCCCCC)OC2.[Cl-].[Cl-],C[N+](C)(CCCCCCCC)CC1=NC=C(C[N+](C)(CCCCCCCC)C)C2=C1OC(C)(CCCCCCCC)OC2.[Cl-].[Cl-],CCCCCCCCC1(C)OCc2c(C[N+](C)(C)CCCCCCCC)cnc(C[N+](C)(C)CCCCCCCC)c2O1.[Cl-].[Cl-],Good,1,True,False,False
632,B_2026-02-11,C[N+](C)(CCCCCCCCCC)CC1=NC=C(C[N+](C)(CCCCCCCCCC)C)C2=C1OC(C)(CCCCCCCC)OC2.[Cl-].[Cl-],C[N+](C)(CCCCCCCCCC)CC1=NC=C(C[N+](C)(CCCCCCCCCC)C)C2=C1OC(C)(CCCCCCCC)OC2.[Cl-].[Cl-],CCCCCCCCCC[N+](C)(C)Cc1cnc(C[N+](C)(C)CCCCCCCCCC)c2c1COC(C)(CCCCCCCC)O2.[Cl-].[Cl-],Bad,0,True,False,False
633,B_2026-02-11,C[N+](C)(CCCCCCCCCCCC)CC1=NC=C(C[N+](C)(CCCCCCCCCCCC)C)C2=C1OC(C)(CCCCCCCC)OC2.[Cl-].[Cl-],C[N+](C)(CCCCCCCCCCCC)CC1=NC=C(C[N+](C)(CCCCCCCCCCCC)C)C2=C1OC(C)(CCCCCCCC)OC2.[Cl-].[Cl-],CCCCCCCCCCCC[N+](C)(C)Cc1cnc(C[N+](C)(C)CCCCCCCCCCCC)c2c1COC(C)(CCCCCCCC)O2.[Cl-].[Cl-],Bad,0,True,False,False
634,B_2026-02-11,C[N+](C)(CCCCCCCCCCCCCC)CC1=NC=C(C[N+](C)(CCCCCCCCCCCCCC)C)C2=C1OC(C)(CCCCCCCC)OC2.[Cl-].[Cl-],C[N+](C)(CCCCCCCCCCCCCC)CC1=NC=C(C[N+](C)(CCCCCCCCCCCCCC)C)C2=C1OC(C)(CCCCCCCC)OC2.[Cl-].[Cl-],CCCCCCCCCCCCCC[N+](C)(C)Cc1cnc(C[N+](C)(C)CCCCCCCCCCCCCC)c2c1COC(C)(CCCCCCCC)O2.[Cl-].[Cl-],Bad,0,True,False,False
635,B_2026-02-11,C[N+](C)(CCCCCCCCCCCCCCCC)CC1=NC=C(C[N+](C)(CCCCCCCCCCCCCCCC)C)C2=C1OC(C)(CCCCCCCC)OC2.[Cl-].[Cl-],C[N+](C)(CCCCCCCCCCCCCCCC)CC1=NC=C(C[N+](C)(CCCCCCCCCCCCCCCC)C)C2=C1OC(C)(CCCCCCCC)OC2.[Cl-].[Cl-],CCCCCCCCCCCCCCCC[N+](C)(C)Cc1cnc(C[N+](C)(C)CCCCCCCCCCCCCCCC)c2c1COC(C)(CCCCCCCC)O2.[Cl-].[Cl-],Bad,0,True,False,False
636,B_2026-02-11,C[N+](C)(CCCCCCCCCCCCCCCCCC)CC1=NC=C(C[N+](C)(CCCCCCCCCCCCCCCCCC)C)C2=C1OC(C)(CCCCCCCC)OC2.[Cl-].[Cl-],C[N+](C)(CCCCCCCCCCCCCCCCCC)CC1=NC=C(C[N+](C)(CCCCCCCCCCCCCCCCCC)C)C2=C1OC(C)(CCCCCCCC)OC2.[Cl-].[Cl-],CCCCCCCCCCCCCCCCCC[N+](C)(C)Cc1cnc(C[N+](C)(C)CCCCCCCCCCCCCCCCCC)c2c1COC(C)(CCCCCCCC)O2.[Cl-].[Cl-],Bad,0,True,False,False
637,B_2026-02-11,C[N+](C)(CCCCCCCC)CC1=CN=C(C[N+](C)(CCCCCCCC)C)C2=C1COC3(CCCCC3)O2.[Cl-].[Cl-],C[N+](C)(CCCCCCCC)CC1=CN=C(C[N+](C)(CCCCCCCC)C)C2=C1COC3(CCCCC3)O2.[Cl-].[Cl-],CCCCCCCC[N+](C)(C)Cc1cnc(C[N+](C)(C)CCCCCCCC)c2c1COC1(CCCCC1)O2.[Cl-].[Cl-],Bad,0,True,False,False
638,B_2026-02-11,C[N+](C)(CCCCCCCCCC)CC1=CN=C(C[N+](C)(CCCCCCCCCC)C)C2=C1COC3(CCCCC3)O2.[Cl-].[Cl-],C[N+](C)(CCCCCCCCCC)CC1=CN=C(C[N+](C)(CCCCCCCCCC)C)C2=C1COC3(CCCCC3)O2.[Cl-].[Cl-],CCCCCCCCCC[N+](C)(C)Cc1cnc(C[N+](C)(C)CCCCCCCCCC)c2c1COC1(CCCCC1)O2.[Cl-].[Cl-],Good,1,True,False,False
639,B_2026-02-11,C[N+](C)(CCCCCCCCCCCC)CC1=CN=C(C[N+](C)(CCCCCCCCCCCC)C)C2=C1COC3(CCCCC3)O2.[Cl-].[Cl-],C[N+](C)(CCCCCCCCCCCC)CC1=CN=C(C[N+](C)(CCCCCCCCCCCC)C)C2=C1COC3(CCCCC3)O2.[Cl-].[Cl-],CCCCCCCCCCCC[N+](C)(C)Cc1cnc(C[N+](C)(C)CCCCCCCCCCCC)c2c1COC1(CCCCC1)O2.[Cl-].[Cl-],Bad,0,True,False,False
640,B_2026-02-11,C[N+](C)(CCCCCCCCCCCCCC)CC1=CN=C(C[N+](C)(CCCCCCCCCCCCCC)C)C2=C1COC3(CCCCC3)O2.[Cl-].[Cl-],C[N+](C)(CCCCCCCCCCCCCC)CC1=CN=C(C[N+](C)(CCCCCCCCCCCCCC)C)C2=C1COC3(CCCCC3)O2.[Cl-].[Cl-],CCCCCCCCCCCCCC[N+](C)(C)Cc1cnc(C[N+](C)(C)CCCCCCCCCCCCCC)c2c1COC1(CCCCC1)O2.[Cl-].[Cl-],Bad,0,True,False,False
641,B_2026-02-11,C[N+](C)(CCCCCCCCCCCCCCCC)CC1=CN=C(C[N+](C)(CCCCCCCCCCCCCCCC)C)C2=C1COC3(CCCCC3)O2.[Cl-].[Cl-],C[N+](C)(CCCCCCCCCCCCCCCC)CC1=CN=C(C[N+](C)(CCCCCCCCCCCCCCCC)C)C2=C1COC3(CCCCC3)O2.[Cl-].[Cl-],CCCCCCCCCCCCCCCC[N+](C)(C)Cc1cnc(C[N+](C)(C)CCCCCCCCCCCCCCCC)c2c1COC1(CCCCC1)O2.[Cl-].[Cl-],Bad,0,True,False,False
642,B_2026-02-11,C[N+](C)(CCCCCCCCCCCCCCCCCC)CC1=CN=C(C[N+](C)(CCCCCCCCCCCCCCCCCC)C)C2=C1COC3(CCCCC3)O2.[Cl-].[Cl-],C[N+](C)(CCCCCCCCCCCCCCCCCC)CC1=CN=C(C[N+](C)(CCCCCCCCCCCCCCCCCC)C)C2=C1COC3(CCCCC3)O2.[Cl-].[Cl-],CCCCCCCCCCCCCCCCCC[N+](C)(C)Cc1cnc(C[N+](C)(C)CCCCCCCCCCCCCCCCCC)c2c1COC1(CCCCC1)O2.[Cl-].[Cl-],Bad,0,True,False,False
643,B_2026-02-11,O[C@H]([C@]1([H])CC2CC[N+]1(CCCCCCCCCC)CC2C=C)C3=CC=NC4=CC=C(OC)C=C34.[Br-],O[C@H]([C@]1([H])CC2CC[N+]1(CCCCCCCCCC)CC2C=C)C3=CC=NC4=CC=C(OC)C=C34.[Br-],C=CC1C[N+]2(CCCCCCCCCC)CCC1C[C@H]2[C@@H](O)c1ccnc2ccc(OC)cc12.[Br-],Bad,0,True,False,False
644,B_2026-02-11,O[C@H]([C@]1([H])CC2CC[N+]1(CCCCCCCCCCC)CC2C=C)C3=CC=NC4=CC=C(OC)C=C34.[Br-],O[C@H]([C@]1([H])CC2CC[N+]1(CCCCCCCCCCC)CC2C=C)C3=CC=NC4=CC=C(OC)C=C34.[Br-],C=CC1C[N+]2(CCCCCCCCCCC)CCC1C[C@H]2[C@@H](O)c1ccnc2ccc(OC)cc12.[Br-],Bad,0,True,False,False
645,B_2026-02-11,O[C@H]([C@]1([H])CC2CC[N+]1(CCCCCCCCCCCC)CC2C=C)C3=CC=NC4=CC=C(OC)C=C34.[Br-],O[C@H]([C@]1([H])CC2CC[N+]1(CCCCCCCCCCCC)CC2C=C)C3=CC=NC4=CC=C(OC)C=C34.[Br-],C=CC1C[N+]2(CCCCCCCCCCCC)CCC1C[C@H]2[C@@H](O)c1ccnc2ccc(OC)cc12.[Br-],Bad,0,True,False,False
646,B_2026-02-11,O[C@H]([C@]1([H])CC2CC[N+]1(CCCCCCCCCCCCCC)CC2C=C)C3=CC=NC4=CC=C(OC)C=C34.[Br-],O[C@H]([C@]1([H])CC2CC[N+]1(CCCCCCCCCCCCCC)CC2C=C)C3=CC=NC4=CC=C(OC)C=C34.[Br-],C=CC1C[N+]2(CCCCCCCCCCCCCC)CCC1C[C@H]2[C@@H](O)c1ccnc2ccc(OC)cc12.[Br-],Good,1,True,False,False
647,B_2026-02-11,O[C@H]([C@]1([H])CC2CC[N+]1(CCCCCCCCCCCCCCCC)CC2C=C)C3=CC=NC4=CC=C(OC)C=C34.[Br-],O[C@H]([C@]1([H])CC2CC[N+]1(CCCCCCCCCCCCCCCC)CC2C=C)C3=CC=NC4=CC=C(OC)C=C34.[Br-],C=CC1C[N+]2(CCCCCCCCCCCCCCCC)CCC1C[C@H]2[C@@H](O)c1ccnc2ccc(OC)cc12.[Br-],Good,1,True,False,False
648,B_2026-02-11,O[C@H]([C@]1([H])CC2CC[N+]1(CCCCCCCCCCCCCCCCCC)CC2C=C)C3=CC=NC4=CC=C(OC)C=C34.[Br-],O[C@H]([C@]1([H])CC2CC[N+]1(CCCCCCCCCCCCCCCCCC)CC2C=C)C3=CC=NC4=CC=C(OC)C=C34.[Br-],C=CC1C[N+]2(CCCCCCCCCCCCCCCCCC)CCC1C[C@H]2[C@@H](O)c1ccnc2ccc(OC)cc12.[Br-],Bad,0,True,False,False
649,B_2026-02-11,O[C@H]([C@]1([H])CC2CC[N+]1(C)CC2C=C)C3=CC=[N+](C)C4=CC=C(OC)C=C34.[Br-].[I-],O[C@H]([C@]1([H])CC2CC[N+]1(C)CC2C=C)C3=CC=[N+](C)C4=CC=C(OC)C=C34.[Br-].[I-],C=CC1C[N+]2(C)CCC1C[C@H]2[C@@H](O)c1cc[n+](C)c2ccc(OC)cc12.[Br-].[I-],Bad,0,True,False,False
650,B_2026-02-11,O[C@H]([C@]1([H])CC2CC[N+]1(CCCCCCCCCC)CC2C=C)C3=CC=[N+](C)C4=CC=C(OC)C=C34.[Br-].[I-],O[C@H]([C@]1([H])CC2CC[N+]1(CCCCCCCCCC)CC2C=C)C3=CC=[N+](C)C4=CC=C(OC)C=C34.[Br-].[I-],C=CC1C[N+]2(CCCCCCCCCC)CCC1C[C@H]2[C@@H](O)c1cc[n+](C)c2ccc(OC)cc12.[Br-].[I-],Bad,0,True,False,False
651,B_2026-02-11,O[C@H]([C@]1([H])CC2CC[N+]1(CCCCCCCCCCC)CC2C=C)C3=CC=[N+](C)C4=CC=C(OC)C=C34.[Br-].[I-],O[C@H]([C@]1([H])CC2CC[N+]1(CCCCCCCCCCC)CC2C=C)C3=CC=[N+](C)C4=CC=C(OC)C=C34.[Br-].[I-],C=CC1C[N+]2(CCCCCCCCCCC)CCC1C[C@H]2[C@@H](O)c1cc[n+](C)c2ccc(OC)cc12.[Br-].[I-],Bad,0,True,False,False
652,B_2026-02-11,O[C@H]([C@]1([H])CC2CC[N+]1(CCCCCCCCCCCC)CC2C=C)C3=CC=[N+](C)C4=CC=C(OC)C=C34.[Br-].[I-],O[C@H]([C@]1([H])CC2CC[N+]1(CCCCCCCCCCCC)CC2C=C)C3=CC=[N+](C)C4=CC=C(OC)C=C34.[Br-].[I-],C=CC1C[N+]2(CCCCCCCCCCCC)CCC1C[C@H]2[C@@H](O)c1cc[n+](C)c2ccc(OC)cc12.[Br-].[I-],Bad,0,True,False,False
653,B_2026-02-11,O[C@H]([C@]1([H])CC2CC[N+]1(CCCCCCCCCCCCCC)CC2C=C)C3=CC=[N+](C)C4=CC=C(OC)C=C34.[Br-].[I-],O[C@H]([C@]1([H])CC2CC[N+]1(CCCCCCCCCCCCCC)CC2C=C)C3=CC=[N+](C)C4=CC=C(OC)C=C34.[Br-].[I-],C=CC1C[N+]2(CCCCCCCCCCCCCC)CCC1C[C@H]2[C@@H](O)c1cc[n+](C)c2ccc(OC)cc12.[Br-].[I-],Good,1,True,False,False
654,B_2026-02-11,O[C@H]([C@]1([H])CC2CC[N+]1(CCCCCCCCCCCCCCCC)CC2C=C)C3=CC=[N+](C)C4=CC=C(OC)C=C34.[Br-].[I-],O[C@H]([C@]1([H])CC2CC[N+]1(CCCCCCCCCCCCCCCC)CC2C=C)C3=CC=[N+](C)C4=CC=C(OC)C=C34.[Br-].[I-],C=CC1C[N+]2(CCCCCCCCCCCCCCCC)CCC1C[C@H]2[C@@H](O)c1cc[n+](C)c2ccc(OC)cc12.[Br-].[I-],Good,1,True,False,False
655,B_2026-02-11,O[C@H]([C@]1([H])CC2CC[N+]1(CCCCCCCCCCCCCCCCCC)CC2C=C)C3=CC=[N+](C)C4=CC=C(OC)C=C34.[Br-].[I-],O[C@H]([C@]1([H])CC2CC[N+]1(CCCCCCCCCCCCCCCCCC)CC2C=C)C3=CC=[N+](C)C4=CC=C(OC)C=C34.[Br-].[I-],C=CC1C[N+]2(CCCCCCCCCCCCCCCCCC)CCC1C[C@H]2[C@@H](O)c1cc[n+](C)c2ccc(OC)cc12.[Br-].[I-],Good,1,True,False,False
656,B_2026-02-11,CN(CCC1)[C@]1([H])C2=CC=C[N+](CCCCCCCCCC)=C2.[Br-],CN(CCC1)[C@]1([H])C2=CC=C[N+](CCCCCCCCCC)=C2.[Br-],CCCCCCCCCC[n+]1cccc([C@@H]2CCCN2C)c1.[Br-],Bad,0,True,False,False
657,B_2026-02-11,CN(CCC1)[C@]1([H])C2=CC=C[N+](CCCCCCCCCCC)=C2.[Br-],CN(CCC1)[C@]1([H])C2=CC=C[N+](CCCCCCCCCCC)=C2.[Br-],CCCCCCCCCCC[n+]1cccc([C@@H]2CCCN2C)c1.[Br-],Bad,0,True,False,False
658,B_2026-02-11,CN(CCC1)[C@]1([H])C2=CC=C[N+](CCCCCCCCCCCC)=C2.[Br-],CN(CCC1)[C@]1([H])C2=CC=C[N+](CCCCCCCCCCCC)=C2.[Br-],CCCCCCCCCCCC[n+]1cccc([C@@H]2CCCN2C)c1.[Br-],Bad,0,True,False,False
659,B_2026-02-11,CN(CCC1)[C@]1([H])C2=CC=C[N+](CCCCCCCCCCCCCC)=C2.[Br-],CN(CCC1)[C@]1([H])C2=CC=C[N+](CCCCCCCCCCCCCC)=C2.[Br-],CCCCCCCCCCCCCC[n+]1cccc([C@@H]2CCCN2C)c1.[Br-],Bad,0,True,False,False
660,B_2026-02-11,CN(CCC1)[C@]1([H])C2=CC=C[N+](CCCCCCCCCCCCCCCC)=C2.[Br-],CN(CCC1)[C@]1([H])C2=CC=C[N+](CCCCCCCCCCCCCCCC)=C2.[Br-],CCCCCCCCCCCCCCCC[n+]1cccc([C@@H]2CCCN2C)c1.[Br-],Bad,0,True,False,False
661,B_2026-02-11,CN(CCC1)[C@]1([H])C2=CC=C[N+](CCCCCCCCCCCCCCCCCC)=C2.[Br-],CN(CCC1)[C@]1([H])C2=CC=C[N+](CCCCCCCCCCCCCCCCCC)=C2.[Br-],CCCCCCCCCCCCCCCCCC[n+]1cccc([C@@H]2CCCN2C)c1.[Br-],Bad,0,True,False,False
662,B_2026-02-11,CN(CCC1)[C@]1([H])C2=CC=C[N+](CCCCCCCCCCCCCCCCCCCC)=C2.[Br-],CN(CCC1)[C@]1([H])C2=CC=C[N+](CCCCCCCCCCCCCCCCCCCC)=C2.[Br-],CCCCCCCCCCCCCCCCCCCC[n+]1cccc([C@@H]2CCCN2C)c1.[Br-],Bad,0,True,False,False
663,B_2026-02-11,C[N+](CCC1)(C)[C@]1([H])C2=CC=C[N+](C)=C2.[Br-].[I-],C[N+](CCC1)(C)[C@]1([H])C2=CC=C[N+](C)=C2.[Br-].[I-],C[n+]1cccc([C@@H]2CCC[N+]2(C)C)c1.[Br-].[I-],Bad,0,True,False,False
664,B_2026-02-11,C[N+](CCC1)(C)[C@]1([H])C2=CC=C[N+](CCCCCCCCCC)=C2.[Br-].[I-],C[N+](CCC1)(C)[C@]1([H])C2=CC=C[N+](CCCCCCCCCC)=C2.[Br-].[I-],CCCCCCCCCC[n+]1cccc([C@@H]2CCC[N+]2(C)C)c1.[Br-].[I-],Bad,0,True,False,False
665,B_2026-02-11,C[N+](CCC1)(C)[C@]1([H])C2=CC=C[N+](CCCCCCCCCCC)=C2.[Br-].[I-],C[N+](CCC1)(C)[C@]1([H])C2=CC=C[N+](CCCCCCCCCCC)=C2.[Br-].[I-],CCCCCCCCCCC[n+]1cccc([C@@H]2CCC[N+]2(C)C)c1.[Br-].[I-],Bad,0,True,False,False
666,B_2026-02-11,C[N+](CCC1)(C)[C@]1([H])C2=CC=C[N+](CCCCCCCCCCCC)=C2.[Br-].[I-],C[N+](CCC1)(C)[C@]1([H])C2=CC=C[N+](CCCCCCCCCCCC)=C2.[Br-].[I-],CCCCCCCCCCCC[n+]1cccc([C@@H]2CCC[N+]2(C)C)c1.[Br-].[I-],Bad,0,True,False,False
667,B_2026-02-11,C[N+](CCC1)(C)[C@]1([H])C2=CC=C[N+](CCCCCCCCCCCCCC)=C2.[Br-].[I-],C[N+](CCC1)(C)[C@]1([H])C2=CC=C[N+](CCCCCCCCCCCCCC)=C2.[Br-].[I-],CCCCCCCCCCCCCC[n+]1cccc([C@@H]2CCC[N+]2(C)C)c1.[Br-].[I-],Bad,0,True,False,False
668,B_2026-02-11,C[N+](CCC1)(C)[C@]1([H])C2=CC=C[N+](CCCCCCCCCCCCCCCC)=C2.[Br-].[I-],C[N+](CCC1)(C)[C@]1([H])C2=CC=C[N+](CCCCCCCCCCCCCCCC)=C2.[Br-].[I-],CCCCCCCCCCCCCCCC[n+]1cccc([C@@H]2CCC[N+]2(C)C)c1.[Br-].[I-],Bad,0,True,False,False
669,B_2026-02-11,C[N+](CCC1)(C)[C@]1([H])C2=CC=C[N+](CCCCCCCCCCCCCCCCCC)=C2.[Br-].[I-],C[N+](CCC1)(C)[C@]1([H])C2=CC=C[N+](CCCCCCCCCCCCCCCCCC)=C2.[Br-].[I-],CCCCCCCCCCCCCCCCCC[n+]1cccc([C@@H]2CCC[N+]2(C)C)c1.[Br-].[I-],Bad,0,True,False,False
670,B_2026-02-11,C[N+](CCC1)(C)[C@]1([H])C2=CC=C[N+](CCCCCCCCCCCCCCCCCCCC)=C2.[Br-].[I-],C[N+](CCC1)(C)[C@]1([H])C2=CC=C[N+](CCCCCCCCCCCCCCCCCCCC)=C2.[Br-].[I-],CCCCCCCCCCCCCCCCCCCC[n+]1cccc([C@@H]2CCC[N+]2(C)C)c1.[Br-].[I-],Bad,0,True,False,False
671,B_2026-02-11,CN(C)CC[N+](C)(CCCCCCCCCCCCCCCCCCCC)C.[Br-],CN(C)CC[N+](C)(CCCCCCCCCCCCCCCCCCCC)C.[Br-],CCCCCCCCCCCCCCCCCCCC[N+](C)(C)CCN(C)C.[Br-],Bad,0,True,False,False
672,B_2026-02-11,CN(C)CC[N+](C)(CCCCCCCCCCCCCCCCCC)C.[Br-],CN(C)CC[N+](C)(CCCCCCCCCCCCCCCCCC)C.[Br-],CCCCCCCCCCCCCCCCCC[N+](C)(C)CCN(C)C.[Br-],Bad,0,True,False,False
673,B_2026-02-11,CN(C)CC[N+](C)(CCCCCCCCCCCCCCCC)C.[Br-],CN(C)CC[N+](C)(CCCCCCCCCCCCCCCC)C.[Br-],CCCCCCCCCCCCCCCC[N+](C)(C)CCN(C)C.[Br-],Good,1,True,False,False
674,B_2026-02-11,CN(C)CC[N+](C)(CCCCCCCCCCCCCC)C.[Br-],CN(C)CC[N+](C)(CCCCCCCCCCCCCC)C.[Br-],CCCCCCCCCCCCCC[N+](C)(C)CCN(C)C.[Br-],Bad,0,True,False,False
675,B_2026-02-11,CN(C)CC[N+](C)(CCCCCCCCCCCC)C.[Br-],CN(C)CC[N+](C)(CCCCCCCCCCCC)C.[Br-],CCCCCCCCCCCC[N+](C)(C)CCN(C)C.[Br-],Bad,0,True,False,False
676,B_2026-02-11,CN(C)CC[N+](C)(CCCCCCCCCC)C.[Br-],CN(C)CC[N+](C)(CCCCCCCCCC)C.[Br-],CCCCCCCCCC[N+](C)(C)CCN(C)C.[Br-],Bad,0,True,False,False
677,B_2026-02-11,CN(C)CC[N+](C)(CCCCCCCC)C.[Br-],CN(C)CC[N+](C)(CCCCCCCC)C.[Br-],CCCCCCCC[N+](C)(C)CCN(C)C.[Br-],Bad,0,True,False,False
678,B_2026-02-11,C[N+](C)(CCCCCCCCCCCCCCCC)CC[N+](C)(CCCCCCCCCCCCCCCCCCCC)C.[Br-].[Br-],C[N+](C)(CCCCCCCCCCCCCCCC)CC[N+](C)(CCCCCCCCCCCCCCCCCCCC)C.[Br-].[Br-],CCCCCCCCCCCCCCCCCCCC[N+](C)(C)CC[N+](C)(C)CCCCCCCCCCCCCCCC.[Br-].[Br-],Bad,0,True,False,False
679,B_2026-02-11,C[N+](C)(CCCCCCCCCCCCCC)CC[N+](C)(CCCCCCCCCCCCCCCCCCCC)C.[Br-].[Br-],C[N+](C)(CCCCCCCCCCCCCC)CC[N+](C)(CCCCCCCCCCCCCCCCCCCC)C.[Br-].[Br-],CCCCCCCCCCCCCCCCCCCC[N+](C)(C)CC[N+](C)(C)CCCCCCCCCCCCCC.[Br-].[Br-],Bad,0,True,False,False
680,B_2026-02-11,C[N+](C)(CCCCCCCCCCCC)CC[N+](C)(CCCCCCCCCCCCCCCCCCCC)C.[Br-].[Br-],C[N+](C)(CCCCCCCCCCCC)CC[N+](C)(CCCCCCCCCCCCCCCCCCCC)C.[Br-].[Br-],CCCCCCCCCCCCCCCCCCCC[N+](C)(C)CC[N+](C)(C)CCCCCCCCCCCC.[Br-].[Br-],Bad,0,True,False,False
681,B_2026-02-11,C[N+](C)(CCCCCCCCCC)CC[N+](C)(CCCCCCCCCCCCCCCCCCCC)C.[Br-].[Br-],C[N+](C)(CCCCCCCCCC)CC[N+](C)(CCCCCCCCCCCCCCCCCCCC)C.[Br-].[Br-],CCCCCCCCCCCCCCCCCCCC[N+](C)(C)CC[N+](C)(C)CCCCCCCCCC.[Br-].[Br-],Bad,0,True,False,False
682,B_2026-02-11,C[N+](C)(CCCCCCCC)CC[N+](C)(CCCCCCCCCCCCCCCCCCCC)C.[Br-].[Br-],C[N+](C)(CCCCCCCC)CC[N+](C)(CCCCCCCCCCCCCCCCCCCC)C.[Br-].[Br-],CCCCCCCCCCCCCCCCCCCC[N+](C)(C)CC[N+](C)(C)CCCCCCCC.[Br-].[Br-],Bad,0,True,False,False
683,B_2026-02-11,C[N+](C)(CCCCCCCCCCCCCCCCCC)CC[N+](C)(CCCCCCCCCCCCCCCCCC)C.[Br-].[Br-],C[N+](C)(CCCCCCCCCCCCCCCCCC)CC[N+](C)(CCCCCCCCCCCCCCCCCC)C.[Br-].[Br-],CCCCCCCCCCCCCCCCCC[N+](C)(C)CC[N+](C)(C)CCCCCCCCCCCCCCCCCC.[Br-].[Br-],Bad,0,True,False,False
684,B_2026-02-11,C[N+](C)(CCCCCCCCCCCCCCCCCC)CC[N+](C)(CCCCCCCCCCCCCCCC)C.[Br-].[Br-],C[N+](C)(CCCCCCCCCCCCCCCCCC)CC[N+](C)(CCCCCCCCCCCCCCCC)C.[Br-].[Br-],CCCCCCCCCCCCCCCCCC[N+](C)(C)CC[N+](C)(C)CCCCCCCCCCCCCCCC.[Br-].[Br-],Bad,0,True,False,False
685,B_2026-02-11,C[N+](C)(CCCCCCCCCCCCCCCCCC)CC[N+](C)(CCCCCCCCCCCCCC)C.[Br-].[Br-],C[N+](C)(CCCCCCCCCCCCCCCCCC)CC[N+](C)(CCCCCCCCCCCCCC)C.[Br-].[Br-],CCCCCCCCCCCCCCCCCC[N+](C)(C)CC[N+](C)(C)CCCCCCCCCCCCCC.[Br-].[Br-],Bad,0,True,False,False
686,B_2026-02-11,C[N+](C)(CCCCCCCCCCCCCCCCCC)CC[N+](C)(CCCCCCCCCCCC)C.[Br-].[Br-],C[N+](C)(CCCCCCCCCCCCCCCCCC)CC[N+](C)(CCCCCCCCCCCC)C.[Br-].[Br-],CCCCCCCCCCCCCCCCCC[N+](C)(C)CC[N+](C)(C)CCCCCCCCCCCC.[Br-].[Br-],Bad,0,True,False,False
687,B_2026-02-11,C[N+](C)(CCCCCCCCCCCCCCCCCC)CC[N+](C)(CCCCCCCCCC)C.[Br-].[Br-],C[N+](C)(CCCCCCCCCCCCCCCCCC)CC[N+](C)(CCCCCCCCCC)C.[Br-].[Br-],CCCCCCCCCCCCCCCCCC[N+](C)(C)CC[N+](C)(C)CCCCCCCCCC.[Br-].[Br-],Bad,0,True,False,False
688,B_2026-02-11,C[N+](C)(CCCCCCCCCCCCCCCCCC)CC[N+](C)(CCCCCCCC)C.[Br-].[Br-],C[N+](C)(CCCCCCCCCCCCCCCCCC)CC[N+](C)(CCCCCCCC)C.[Br-].[Br-],CCCCCCCCCCCCCCCCCC[N+](C)(C)CC[N+](C)(C)CCCCCCCC.[Br-].[Br-],Good,1,True,False,False
689,B_2026-02-11,C[N+](C)(CCCCCCCCCCCCCCCC)CC[N+](C)(CCCCCCCCCCCCCCCC)C.[Br-].[Br-],C[N+](C)(CCCCCCCCCCCCCCCC)CC[N+](C)(CCCCCCCCCCCCCCCC)C.[Br-].[Br-],CCCCCCCCCCCCCCCC[N+](C)(C)CC[N+](C)(C)CCCCCCCCCCCCCCCC.[Br-].[Br-],Bad,0,True,False,False
690,B_2026-02-11,C[N+](C)(CCCCCCCCCCCCCCCC)CC[N+](C)(CCCCCCCCCCCCCC)C.[Br-].[Br-],C[N+](C)(CCCCCCCCCCCCCCCC)CC[N+](C)(CCCCCCCCCCCCCC)C.[Br-].[Br-],CCCCCCCCCCCCCCCC[N+](C)(C)CC[N+](C)(C)CCCCCCCCCCCCCC.[Br-].[Br-],Bad,0,True,False,False
691,B_2026-02-11,C[N+](C)(CCCCCCCCCCCCCCCC)CC[N+](C)(CCCCCCCCCCCC)C.[Br-].[Br-],C[N+](C)(CCCCCCCCCCCCCCCC)CC[N+](C)(CCCCCCCCCCCC)C.[Br-].[Br-],CCCCCCCCCCCCCCCC[N+](C)(C)CC[N+](C)(C)CCCCCCCCCCCC.[Br-].[Br-],Bad,0,True,False,False
692,B_2026-02-11,C[N+](C)(CCCCCCCCCCCCCCCC)CC[N+](C)(CCCCCCCCCC)C.[Br-].[Br-],C[N+](C)(CCCCCCCCCCCCCCCC)CC[N+](C)(CCCCCCCCCC)C.[Br-].[Br-],CCCCCCCCCCCCCCCC[N+](C)(C)CC[N+](C)(C)CCCCCCCCCC.[Br-].[Br-],Bad,0,True,False,False
693,B_2026-02-11,C[N+](C)(CCCCCCCCCCCCCCCC)CC[N+](C)(CCCCCCCC)C.[Br-].[Br-],C[N+](C)(CCCCCCCCCCCCCCCC)CC[N+](C)(CCCCCCCC)C.[Br-].[Br-],CCCCCCCCCCCCCCCC[N+](C)(C)CC[N+](C)(C)CCCCCCCC.[Br-].[Br-],Good,1,True,False,False
694,B_2026-02-11,C[N+](C)(CCCCCCCCCCCCCC)CC[N+](C)(CCCCCCCCCCCCCC)C.[Br-].[Br-],C[N+](C)(CCCCCCCCCCCCCC)CC[N+](C)(CCCCCCCCCCCCCC)C.[Br-].[Br-],CCCCCCCCCCCCCC[N+](C)(C)CC[N+](C)(C)CCCCCCCCCCCCCC.[Br-].[Br-],Bad,0,True,False,False
695,B_2026-02-11,C[N+](C)(CCCCCCCCCCCCCC)CC[N+](C)(CCCCCCCCCCCC)C.[Br-].[Br-],C[N+](C)(CCCCCCCCCCCCCC)CC[N+](C)(CCCCCCCCCCCC)C.[Br-].[Br-],CCCCCCCCCCCCCC[N+](C)(C)CC[N+](C)(C)CCCCCCCCCCCC.[Br-].[Br-],Good,1,True,False,False
696,B_2026-02-11,C[N+](C)(CCCCCCCCCCCCCC)CC[N+](C)(CCCCCCCCCC)C.[Br-].[Br-],C[N+](C)(CCCCCCCCCCCCCC)CC[N+](C)(CCCCCCCCCC)C.[Br-].[Br-],CCCCCCCCCCCCCC[N+](C)(C)CC[N+](C)(C)CCCCCCCCCC.[Br-].[Br-],Good,1,True,False,False
697,B_2026-02-11,C[N+](C)(CCCCCCCCCCCCCC)CC[N+](C)(CCCCCCCC)C.[Br-].[Br-],C[N+](C)(CCCCCCCCCCCCCC)CC[N+](C)(CCCCCCCC)C.[Br-].[Br-],CCCCCCCCCCCCCC[N+](C)(C)CC[N+](C)(C)CCCCCCCC.[Br-].[Br-],Good,1,True,False,False
698,B_2026-02-11,C[N+](C)(CCCCCCCCCCCC)CC[N+](C)(CCCCCCCCCCCC)C.[Br-].[Br-],C[N+](C)(CCCCCCCCCCCC)CC[N+](C)(CCCCCCCCCCCC)C.[Br-].[Br-],CCCCCCCCCCCC[N+](C)(C)CC[N+](C)(C)CCCCCCCCCCCC.[Br-].[Br-],Good,1,True,False,False
699,B_2026-02-11,C[N+](C)(CCCCCCCCCCCC)CC[N+](C)(CCCCCCCCCC)C.[Br-].[Br-],C[N+](C)(CCCCCCCCCCCC)CC[N+](C)(CCCCCCCCCC)C.[Br-].[Br-],CCCCCCCCCCCC[N+](C)(C)CC[N+](C)(C)CCCCCCCCCC.[Br-].[Br-],Good,1,True,False,False
700,B_2026-02-11,C[N+](C)(CCCCCCCCCCCC)CC[N+](C)(CCCCCCCC)C.[Br-].[Br-],C[N+](C)(CCCCCCCCCCCC)CC[N+](C)(CCCCCCCC)C.[Br-].[Br-],CCCCCCCCCCCC[N+](C)(C)CC[N+](C)(C)CCCCCCCC.[Br-].[Br-],Good,1,True,False,False
701,B_2026-02-11,C[N+](C)(CCCCCCCCCC)CC[N+](C)(CCCCCCCCCC)C.[Br-].[Br-],C[N+](C)(CCCCCCCCCC)CC[N+](C)(CCCCCCCCCC)C.[Br-].[Br-],CCCCCCCCCC[N+](C)(C)CC[N+](C)(C)CCCCCCCCCC.[Br-].[Br-],Good,1,True,False,False
702,B_2026-02-11,C[N+](C)(CCCCCCCCCC)CC[N+](C)(CCCCCCCC)C.[Br-].[Br-],C[N+](C)(CCCCCCCCCC)CC[N+](C)(CCCCCCCC)C.[Br-].[Br-],CCCCCCCCCC[N+](C)(C)CC[N+](C)(C)CCCCCCCC.[Br-].[Br-],Bad,0,True,False,False
703,B_2026-02-11,C[N+](C)(CCCCCCCC)CC[N+](C)(CCCCCCCC)C.[Br-].[Br-],C[N+](C)(CCCCCCCC)CC[N+](C)(CCCCCCCC)C.[Br-].[Br-],CCCCCCCC[N+](C)(C)CC[N+](C)(C)CCCCCCCC.[Br-].[Br-],Bad,0,True,False,False
704,B_2026-02-11,C[N+](C)(CCCCCCCCCC)CC[N+](C)(CCCCCCCCCCCCC)C.[Br-].[Br-],C[N+](C)(CCCCCCCCCC)CC[N+](C)(CCCCCCCCCCCCC)C.[Br-].[Br-],CCCCCCCCCCCCC[N+](C)(C)CC[N+](C)(C)CCCCCCCCCC.[Br-].[Br-],Good,1,True,False,False
705,B_2026-02-11,C[N+](C)(CCCCCCCCCC)CC[N+](C)(CCCCCCCCCCC)C.[Br-].[Br-],C[N+](C)(CCCCCCCCCC)CC[N+](C)(CCCCCCCCCCC)C.[Br-].[Br-],CCCCCCCCCCC[N+](C)(C)CC[N+](C)(C)CCCCCCCCCC.[Br-].[Br-],Good,1,True,False,False
706,B_2026-02-11,C[N+](C)(CC(OCCCCCC)=O)CC1=CC=CC=C1.[Br-],C[N+](C)(CC(OCCCCCC)=O)CC1=CC=CC=C1.[Br-],CCCCCCOC(=O)C[N+](C)(C)Cc1ccccc1.[Br-],Bad,0,True,False,False
707,B_2026-02-11,C[N+](C)(CC(OCCCCCCC)=O)CC1=CC=CC=C1.[Br-],C[N+](C)(CC(OCCCCCCC)=O)CC1=CC=CC=C1.[Br-],CCCCCCCOC(=O)C[N+](C)(C)Cc1ccccc1.[Br-],Bad,0,True,False,False
708,B_2026-02-11,C[N+](C)(CC(OCCCCCCCC)=O)CC1=CC=CC=C1.[Br-],C[N+](C)(CC(OCCCCCCCC)=O)CC1=CC=CC=C1.[Br-],CCCCCCCCOC(=O)C[N+](C)(C)Cc1ccccc1.[Br-],Bad,0,True,False,False
709,B_2026-02-11,C[N+](C)(CC(OCCCCCCCCC)=O)CC1=CC=CC=C1.[Br-],C[N+](C)(CC(OCCCCCCCCC)=O)CC1=CC=CC=C1.[Br-],CCCCCCCCCOC(=O)C[N+](C)(C)Cc1ccccc1.[Br-],Bad,0,True,False,False
710,B_2026-02-11,C[N+](C)(CC(OCCCCCCCCCC)=O)CC1=CC=CC=C1.[Br-],C[N+](C)(CC(OCCCCCCCCCC)=O)CC1=CC=CC=C1.[Br-],CCCCCCCCCCOC(=O)C[N+](C)(C)Cc1ccccc1.[Br-],Bad,0,True,False,False
711,B_2026-02-11,C[N+](C)(CC(OCCCCCCCCCCCC)=O)CC1=CC=CC=C1.[Br-],C[N+](C)(CC(OCCCCCCCCCCCC)=O)CC1=CC=CC=C1.[Br-],CCCCCCCCCCCCOC(=O)C[N+](C)(C)Cc1ccccc1.[Br-],Bad,0,True,False,False
712,B_2026-02-11,C[N+](C)(CC(OCCCCCCCCCCCCCC)=O)CC1=CC=CC=C1.[Br-],C[N+](C)(CC(OCCCCCCCCCCCCCC)=O)CC1=CC=CC=C1.[Br-],CCCCCCCCCCCCCCOC(=O)C[N+](C)(C)Cc1ccccc1.[Br-],Bad,0,True,False,False
713,B_2026-02-11,C[N+](C)(CC(NCCCCCCCCCC)=O)CC1=CC=CC=C1.[Br-],C[N+](C)(CC(NCCCCCCCCCC)=O)CC1=CC=CC=C1.[Br-],CCCCCCCCCCNC(=O)C[N+](C)(C)Cc1ccccc1.[Br-],Bad,0,True,False,False
714,B_2026-02-11,C[N+](CC[N+](C)(C)CC(OCCCCCC)=O)(C)CC(OCCCCCC)=O.[Br-].[Br-],C[N+](CC[N+](C)(C)CC(OCCCCCC)=O)(C)CC(OCCCCCC)=O.[Br-].[Br-],CCCCCCOC(=O)C[N+](C)(C)CC[N+](C)(C)CC(=O)OCCCCCC.[Br-].[Br-],Bad,0,True,False,False
715,B_2026-02-11,C[N+](CC[N+](C)(C)CC(OCCCCCCC)=O)(C)CC(OCCCCCCC)=O.[Br-].[Br-],C[N+](CC[N+](C)(C)CC(OCCCCCCC)=O)(C)CC(OCCCCCCC)=O.[Br-].[Br-],CCCCCCCOC(=O)C[N+](C)(C)CC[N+](C)(C)CC(=O)OCCCCCCC.[Br-].[Br-],Bad,0,True,False,False
716,B_2026-02-11,C[N+](CC[N+](C)(C)CC(OCCCCCCCC)=O)(C)CC(OCCCCCCCC)=O.[Br-].[Br-],C[N+](CC[N+](C)(C)CC(OCCCCCCCC)=O)(C)CC(OCCCCCCCC)=O.[Br-].[Br-],CCCCCCCCOC(=O)C[N+](C)(C)CC[N+](C)(C)CC(=O)OCCCCCCCC.[Br-].[Br-],Bad,0,True,False,False
717,B_2026-02-11,C[N+](CC[N+](C)(C)CC(OCCCCCCCCC)=O)(C)CC(OCCCCCCCCC)=O.[Br-].[Br-],C[N+](CC[N+](C)(C)CC(OCCCCCCCCC)=O)(C)CC(OCCCCCCCCC)=O.[Br-].[Br-],CCCCCCCCCOC(=O)C[N+](C)(C)CC[N+](C)(C)CC(=O)OCCCCCCCCC.[Br-].[Br-],Bad,0,True,False,False
718,B_2026-02-11,C[N+](CC[N+](C)(C)CC(OCCCCCCCCCC)=O)(C)CC(OCCCCCCCCCC)=O.[Br-].[Br-],C[N+](CC[N+](C)(C)CC(OCCCCCCCCCC)=O)(C)CC(OCCCCCCCCCC)=O.[Br-].[Br-],CCCCCCCCCCOC(=O)C[N+](C)(C)CC[N+](C)(C)CC(=O)OCCCCCCCCCC.[Br-].[Br-],Good,1,True,False,False
719,B_2026-02-11,C[N+](CC[N+](C)(C)CC(OCCCCCCCCCCCC)=O)(C)CC(OCCCCCCCCCCCC)=O.[Br-].[Br-],C[N+](CC[N+](C)(C)CC(OCCCCCCCCCCCC)=O)(C)CC(OCCCCCCCCCCCC)=O.[Br-].[Br-],CCCCCCCCCCCCOC(=O)C[N+](C)(C)CC[N+](C)(C)CC(=O)OCCCCCCCCCCCC.[Br-].[Br-],Bad,0,True,False,False
720,B_2026-02-11,C[N+](CC[N+](C)(C)CC(OCCCCCCCCCCCCCC)=O)(C)CC(OCCCCCCCCCCCCCC)=O.[Br-].[Br-],C[N+](CC[N+](C)(C)CC(OCCCCCCCCCCCCCC)=O)(C)CC(OCCCCCCCCCCCCCC)=O.[Br-].[Br-],CCCCCCCCCCCCCCOC(=O)C[N+](C)(C)CC[N+](C)(C)CC(=O)OCCCCCCCCCCCCCC.[Br-].[Br-],Bad,0,True,False,False
721,B_2026-02-11,C[N+](CC[N+](C)(C)CC(NCCCCCCCCCC)=O)(C)CC(NCCCCCCCCCC)=O.[Br-].[Br-],C[N+](CC[N+](C)(C)CC(NCCCCCCCCCC)=O)(C)CC(NCCCCCCCCCC)=O.[Br-].[Br-],CCCCCCCCCCNC(=O)C[N+](C)(C)CC[N+](C)(C)CC(=O)NCCCCCCCCCC.[Br-].[Br-],Good,1,True,False,False
722,B_2026-02-11,C[N+](CC(OCCCCCC)=O)(C)CCN1CC[N+](CC(OCCCCCC)=O)(C)CC1.[Br-].[Br-],C[N+](CC(OCCCCCC)=O)(C)CCN1CC[N+](CC(OCCCCCC)=O)(C)CC1.[Br-].[Br-],CCCCCCOC(=O)C[N+](C)(C)CCN1CC[N+](C)(CC(=O)OCCCCCC)CC1.[Br-].[Br-],Bad,0,True,False,False
723,B_2026-02-11,C[N+](CC(OCCCCCCC)=O)(C)CCN1CC[N+](CC(OCCCCCCC)=O)(C)CC1.[Br-].[Br-],C[N+](CC(OCCCCCCC)=O)(C)CCN1CC[N+](CC(OCCCCCCC)=O)(C)CC1.[Br-].[Br-],CCCCCCCOC(=O)C[N+](C)(C)CCN1CC[N+](C)(CC(=O)OCCCCCCC)CC1.[Br-].[Br-],Bad,0,True,False,False
724,B_2026-02-11,C[N+](CC(OCCCCCCCC)=O)(C)CCN1CC[N+](CC(OCCCCCCCC)=O)(C)CC1.[Br-].[Br-],C[N+](CC(OCCCCCCCC)=O)(C)CCN1CC[N+](CC(OCCCCCCCC)=O)(C)CC1.[Br-].[Br-],CCCCCCCCOC(=O)C[N+](C)(C)CCN1CC[N+](C)(CC(=O)OCCCCCCCC)CC1.[Br-].[Br-],Bad,0,True,False,False
725,B_2026-02-11,C[N+](CC(OCCCCCCCCC)=O)(C)CCN1CC[N+](CC(OCCCCCCCCC)=O)(C)CC1.[Br-].[Br-],C[N+](CC(OCCCCCCCCC)=O)(C)CCN1CC[N+](CC(OCCCCCCCCC)=O)(C)CC1.[Br-].[Br-],CCCCCCCCCOC(=O)C[N+](C)(C)CCN1CC[N+](C)(CC(=O)OCCCCCCCCC)CC1.[Br-].[Br-],Bad,0,True,False,False
726,B_2026-02-11,C[N+](CC(OCCCCCCCCCC)=O)(C)CCN1CC[N+](CC(OCCCCCCCCCC)=O)(C)CC1.[Br-].[Br-],C[N+](CC(OCCCCCCCCCC)=O)(C)CCN1CC[N+](CC(OCCCCCCCCCC)=O)(C)CC1.[Br-].[Br-],CCCCCCCCCCOC(=O)C[N+](C)(C)CCN1CC[N+](C)(CC(=O)OCCCCCCCCCC)CC1.[Br-].[Br-],Good,1,True,False,False
727,B_2026-02-11,C[N+](CC(OCCCCCCCCCCCC)=O)(C)CCN1CC[N+](CC(OCCCCCCCCCCCC)=O)(C)CC1.[Br-].[Br-],C[N+](CC(OCCCCCCCCCCCC)=O)(C)CCN1CC[N+](CC(OCCCCCCCCCCCC)=O)(C)CC1.[Br-].[Br-],CCCCCCCCCCCCOC(=O)C[N+](C)(C)CCN1CC[N+](C)(CC(=O)OCCCCCCCCCCCC)CC1.[Br-].[Br-],Bad,0,True,False,False
728,B_2026-02-11,C[N+](CC(OCCCCCCCCCCCCCC)=O)(C)CCN1CC[N+](CC(OCCCCCCCCCCCCCC)=O)(C)CC1.[Br-].[Br-],C[N+](CC(OCCCCCCCCCCCCCC)=O)(C)CCN1CC[N+](CC(OCCCCCCCCCCCCCC)=O)(C)CC1.[Br-].[Br-],CCCCCCCCCCCCCCOC(=O)C[N+](C)(C)CCN1CC[N+](C)(CC(=O)OCCCCCCCCCCCCCC)CC1.[Br-].[Br-],Bad,0,True,False,False
729,B_2026-02-11,C[N+](CC(NCCCCCCCCCC)=O)(C)CCN1CC[N+](CC(NCCCCCCCCCC)=O)(C)CC1.[Br-].[Br-],C[N+](CC(NCCCCCCCCCC)=O)(C)CCN1CC[N+](CC(NCCCCCCCCCC)=O)(C)CC1.[Br-].[Br-],CCCCCCCCCCNC(=O)C[N+](C)(C)CCN1CC[N+](C)(CC(=O)NCCCCCCCCCC)CC1.[Br-].[Br-],Good,1,True,False,False
730,B_2026-02-11,C[N+](C)(CC(OCCCCCC)=O)CCC[N+](CC(OCCCCCC)=O)(CCC[N+](C)(CC(OCCCCCC)=O)C)C.[Br-].[Br-].[Br-],C[N+](C)(CC(OCCCCCC)=O)CCC[N+](CC(OCCCCCC)=O)(CCC[N+](C)(CC(OCCCCCC)=O)C)C.[Br-].[Br-].[Br-],CCCCCCOC(=O)C[N+](C)(C)CCC[N+](C)(CCC[N+](C)(C)CC(=O)OCCCCCC)CC(=O)OCCCCCC.[Br-].[Br-].[Br-],Bad,0,True,False,False
731,B_2026-02-11,C[N+](C)(CC(OCCCCCCC)=O)CCC[N+](CC(OCCCCCCC)=O)(CCC[N+](C)(CC(OCCCCCCC)=O)C)C.[Br-].[Br-].[Br-],C[N+](C)(CC(OCCCCCCC)=O)CCC[N+](CC(OCCCCCCC)=O)(CCC[N+](C)(CC(OCCCCCCC)=O)C)C.[Br-].[Br-].[Br-],CCCCCCCOC(=O)C[N+](C)(C)CCC[N+](C)(CCC[N+](C)(C)CC(=O)OCCCCCCC)CC(=O)OCCCCCCC.[Br-].[Br-].[Br-],Bad,0,True,False,False
732,B_2026-02-11,C[N+](C)(CC(OCCCCCCCC)=O)CCC[N+](CC(OCCCCCCCC)=O)(CCC[N+](C)(CC(OCCCCCCCC)=O)C)C.[Br-].[Br-].[Br-],C[N+](C)(CC(OCCCCCCCC)=O)CCC[N+](CC(OCCCCCCCC)=O)(CCC[N+](C)(CC(OCCCCCCCC)=O)C)C.[Br-].[Br-].[Br-],CCCCCCCCOC(=O)C[N+](C)(C)CCC[N+](C)(CCC[N+](C)(C)CC(=O)OCCCCCCCC)CC(=O)OCCCCCCCC.[Br-].[Br-].[Br-],Bad,0,True,False,False
733,B_2026-02-11,C[N+](C)(CC(OCCCCCCCCC)=O)CCC[N+](CC(OCCCCCCCCC)=O)(CCC[N+](C)(CC(OCCCCCCCCC)=O)C)C.[Br-].[Br-].[Br-],C[N+](C)(CC(OCCCCCCCCC)=O)CCC[N+](CC(OCCCCCCCCC)=O)(CCC[N+](C)(CC(OCCCCCCCCC)=O)C)C.[Br-].[Br-].[Br-],CCCCCCCCCOC(=O)C[N+](C)(C)CCC[N+](C)(CCC[N+](C)(C)CC(=O)OCCCCCCCCC)CC(=O)OCCCCCCCCC.[Br-].[Br-].[Br-],Bad,0,True,False,False
734,B_2026-02-11,C[N+](C)(CC(OCCCCCCCCCC)=O)CCC[N+](CC(OCCCCCCCCCC)=O)(CCC[N+](C)(CC(OCCCCCCCCCC)=O)C)C.[Br-].[Br-].[Br-],C[N+](C)(CC(OCCCCCCCCCC)=O)CCC[N+](CC(OCCCCCCCCCC)=O)(CCC[N+](C)(CC(OCCCCCCCCCC)=O)C)C.[Br-].[Br-].[Br-],CCCCCCCCCCOC(=O)C[N+](C)(C)CCC[N+](C)(CCC[N+](C)(C)CC(=O)OCCCCCCCCCC)CC(=O)OCCCCCCCCCC.[Br-].[Br-].[Br-],Good,1,True,False,False
735,B_2026-02-11,C[N+](C)(CC(OCCCCCCCCCCCC)=O)CCC[N+](CC(OCCCCCCCCCCCC)=O)(CCC[N+](C)(CC(OCCCCCCCCCCCC)=O)C)C.[Br-].[Br-].[Br-],C[N+](C)(CC(OCCCCCCCCCCCC)=O)CCC[N+](CC(OCCCCCCCCCCCC)=O)(CCC[N+](C)(CC(OCCCCCCCCCCCC)=O)C)C.[Br-].[Br-].[Br-],CCCCCCCCCCCCOC(=O)C[N+](C)(C)CCC[N+](C)(CCC[N+](C)(C)CC(=O)OCCCCCCCCCCCC)CC(=O)OCCCCCCCCCCCC.[Br-].[Br-].[Br-],Good,1,True,False,False
736,B_2026-02-11,C[N+](C)(CC(OCCCCCCCCCCCCCC)=O)CCC[N+](CC(OCCCCCCCCCCCCCC)=O)(CCC[N+](C)(CC(OCCCCCCCCCCCCCC)=O)C)C.[Br-].[Br-].[Br-],C[N+](C)(CC(OCCCCCCCCCCCCCC)=O)CCC[N+](CC(OCCCCCCCCCCCCCC)=O)(CCC[N+](C)(CC(OCCCCCCCCCCCCCC)=O)C)C.[Br-].[Br-].[Br-],CCCCCCCCCCCCCCOC(=O)C[N+](C)(C)CCC[N+](C)(CCC[N+](C)(C)CC(=O)OCCCCCCCCCCCCCC)CC(=O)OCCCCCCCCCCCCCC.[Br-].[Br-].[Br-],Bad,0,True,False,False
737,B_2026-02-11,C[N+](C)(CC(NCCCCCCCCCC)=O)CCC[N+](CC(NCCCCCCCCCC)=O)(CCC[N+](C)(CC(NCCCCCCCCCC)=O)C)C.[Br-].[Br-].[Br-],C[N+](C)(CC(NCCCCCCCCCC)=O)CCC[N+](CC(NCCCCCCCCCC)=O)(CCC[N+](C)(CC(NCCCCCCCCCC)=O)C)C.[Br-].[Br-].[Br-],CCCCCCCCCCNC(=O)C[N+](C)(C)CCC[N+](C)(CCC[N+](C)(C)CC(=O)NCCCCCCCCCC)CC(=O)NCCCCCCCCCC.[Br-].[Br-].[Br-],Bad,0,True,False,False
738,B_2026-02-11,C[N+](C)(CC(OCCCCCC)=O)CCCN(CCC[N+](CC(OCCCCCC)=O)(C)C)CCC[N+](C)(CC(OCCCCCC)=O)C.[Br-].[Br-].[Br-],C[N+](C)(CC(OCCCCCC)=O)CCCN(CCC[N+](CC(OCCCCCC)=O)(C)C)CCC[N+](C)(CC(OCCCCCC)=O)C.[Br-].[Br-].[Br-],CCCCCCOC(=O)C[N+](C)(C)CCCN(CCC[N+](C)(C)CC(=O)OCCCCCC)CCC[N+](C)(C)CC(=O)OCCCCCC.[Br-].[Br-].[Br-],Bad,0,True,False,False
739,B_2026-02-11,C[N+](C)(CC(OCCCCCCC)=O)CCCN(CCC[N+](CC(OCCCCCCC)=O)(C)C)CCC[N+](C)(CC(OCCCCCCC)=O)C.[Br-].[Br-].[Br-],C[N+](C)(CC(OCCCCCCC)=O)CCCN(CCC[N+](CC(OCCCCCCC)=O)(C)C)CCC[N+](C)(CC(OCCCCCCC)=O)C.[Br-].[Br-].[Br-],CCCCCCCOC(=O)C[N+](C)(C)CCCN(CCC[N+](C)(C)CC(=O)OCCCCCCC)CCC[N+](C)(C)CC(=O)OCCCCCCC.[Br-].[Br-].[Br-],Bad,0,True,False,False
740,B_2026-02-11,C[N+](C)(CC(OCCCCCCCC)=O)CCCN(CCC[N+](CC(OCCCCCCCC)=O)(C)C)CCC[N+](C)(CC(OCCCCCCCC)=O)C.[Br-].[Br-].[Br-],C[N+](C)(CC(OCCCCCCCC)=O)CCCN(CCC[N+](CC(OCCCCCCCC)=O)(C)C)CCC[N+](C)(CC(OCCCCCCCC)=O)C.[Br-].[Br-].[Br-],CCCCCCCCOC(=O)C[N+](C)(C)CCCN(CCC[N+](C)(C)CC(=O)OCCCCCCCC)CCC[N+](C)(C)CC(=O)OCCCCCCCC.[Br-].[Br-].[Br-],Bad,0,True,False,False
741,B_2026-02-11,C[N+](C)(CC(OCCCCCCCCC)=O)CCCN(CCC[N+](CC(OCCCCCCCCC)=O)(C)C)CCC[N+](C)(CC(OCCCCCCCCC)=O)C.[Br-].[Br-].[Br-],C[N+](C)(CC(OCCCCCCCCC)=O)CCCN(CCC[N+](CC(OCCCCCCCCC)=O)(C)C)CCC[N+](C)(CC(OCCCCCCCCC)=O)C.[Br-].[Br-].[Br-],CCCCCCCCCOC(=O)C[N+](C)(C)CCCN(CCC[N+](C)(C)CC(=O)OCCCCCCCCC)CCC[N+](C)(C)CC(=O)OCCCCCCCCC.[Br-].[Br-].[Br-],Good,1,True,False,False
742,B_2026-02-11,C[N+](C)(CC(OCCCCCCCCCC)=O)CCCN(CCC[N+](CC(OCCCCCCCCCC)=O)(C)C)CCC[N+](C)(CC(OCCCCCCCCCC)=O)C.[Br-].[Br-].[Br-],C[N+](C)(CC(OCCCCCCCCCC)=O)CCCN(CCC[N+](CC(OCCCCCCCCCC)=O)(C)C)CCC[N+](C)(CC(OCCCCCCCCCC)=O)C.[Br-].[Br-].[Br-],CCCCCCCCCCOC(=O)C[N+](C)(C)CCCN(CCC[N+](C)(C)CC(=O)OCCCCCCCCCC)CCC[N+](C)(C)CC(=O)OCCCCCCCCCC.[Br-].[Br-].[Br-],Good,1,True,False,False
743,B_2026-02-11,C[N+](C)(CC(OCCCCCCCCCCCC)=O)CCCN(CCC[N+](CC(OCCCCCCCCCCCC)=O)(C)C)CCC[N+](C)(CC(OCCCCCCCCCCCC)=O)C.[Br-].[Br-].[Br-],C[N+](C)(CC(OCCCCCCCCCCCC)=O)CCCN(CCC[N+](CC(OCCCCCCCCCCCC)=O)(C)C)CCC[N+](C)(CC(OCCCCCCCCCCCC)=O)C.[Br-].[Br-].[Br-],CCCCCCCCCCCCOC(=O)C[N+](C)(C)CCCN(CCC[N+](C)(C)CC(=O)OCCCCCCCCCCCC)CCC[N+](C)(C)CC(=O)OCCCCCCCCCCCC.[Br-].[Br-].[Br-],Bad,0,True,False,False
744,B_2026-02-11,C[N+](C)(CC(OCCCCCCCCCCCCCC)=O)CCCN(CCC[N+](CC(OCCCCCCCCCCCCCC)=O)(C)C)CCC[N+](C)(CC(OCCCCCCCCCCCCCC)=O)C.[Br-].[Br-].[Br-],C[N+](C)(CC(OCCCCCCCCCCCCCC)=O)CCCN(CCC[N+](CC(OCCCCCCCCCCCCCC)=O)(C)C)CCC[N+](C)(CC(OCCCCCCCCCCCCCC)=O)C.[Br-].[Br-].[Br-],CCCCCCCCCCCCCCOC(=O)C[N+](C)(C)CCCN(CCC[N+](C)(C)CC(=O)OCCCCCCCCCCCCCC)CCC[N+](C)(C)CC(=O)OCCCCCCCCCCCCCC.[Br-].[Br-].[Br-],Bad,0,True,False,False
745,B_2026-02-11,C[N+](C)(CC(NCCCCCCCCCC)=O)CCCN(CCC[N+](CC(NCCCCCCCCCC)=O)(C)C)CCC[N+](C)(CC(NCCCCCCCCCC)=O)C.[Br-].[Br-].[Br-],C[N+](C)(CC(NCCCCCCCCCC)=O)CCCN(CCC[N+](CC(NCCCCCCCCCC)=O)(C)C)CCC[N+](C)(CC(NCCCCCCCCCC)=O)C.[Br-].[Br-].[Br-],CCCCCCCCCCNC(=O)C[N+](C)(C)CCCN(CCC[N+](C)(C)CC(=O)NCCCCCCCCCC)CCC[N+](C)(C)CC(=O)NCCCCCCCCCC.[Br-].[Br-].[Br-],Good,1,True,False,False
746,B_2026-02-11,C[N+](C=C1)=CC=C1C2=CC=[N+](C)C=C2.[I-].[I-],C[N+](C=C1)=CC=C1C2=CC=[N+](C)C=C2.[I-].[I-],C[n+]1ccc(-c2cc[n+](C)cc2)cc1.[I-].[I-],Bad,0,True,False,False
747,B_2026-02-11,CCCCCCCC[N+]1=CC=C(C2=CC=[N+](CCCCCCCC)C=C2)C=C1.[Br-].[Br-],CCCCCCCC[N+]1=CC=C(C2=CC=[N+](CCCCCCCC)C=C2)C=C1.[Br-].[Br-],CCCCCCCC[n+]1ccc(-c2cc[n+](CCCCCCCC)cc2)cc1.[Br-].[Br-],Bad,0,True,False,False
748,B_2026-02-11,CCCCCCCCCC[N+]1=CC=C(C2=CC=[N+](CCCCCCCCCC)C=C2)C=C1.[Br-].[Br-],CCCCCCCCCC[N+]1=CC=C(C2=CC=[N+](CCCCCCCCCC)C=C2)C=C1.[Br-].[Br-],CCCCCCCCCC[n+]1ccc(-c2cc[n+](CCCCCCCCCC)cc2)cc1.[Br-].[Br-],Bad,0,True,False,False
749,B_2026-02-11,CCCCCCCCCCC[N+]1=CC=C(C2=CC=[N+](CCCCCCCCCCC)C=C2)C=C1.[Br-].[Br-],CCCCCCCCCCC[N+]1=CC=C(C2=CC=[N+](CCCCCCCCCCC)C=C2)C=C1.[Br-].[Br-],CCCCCCCCCCC[n+]1ccc(-c2cc[n+](CCCCCCCCCCC)cc2)cc1.[Br-].[Br-],Good,1,True,False,False
750,B_2026-02-11,CCCCCCCCCCCCC[N+]1=CC=C(C2=CC=[N+](CCCCCCCCCCCCC)C=C2)C=C1.[Br-].[Br-],CCCCCCCCCCCCC[N+]1=CC=C(C2=CC=[N+](CCCCCCCCCCCCC)C=C2)C=C1.[Br-].[Br-],CCCCCCCCCCCCC[n+]1ccc(-c2cc[n+](CCCCCCCCCCCCC)cc2)cc1.[Br-].[Br-],Bad,0,True,False,False
751,B_2026-02-11,CCCCCCCCCCCCCC[N+]1=CC=C(C2=CC=[N+](CCCCCCCCCCCCCC)C=C2)C=C1.[Br-].[Br-],CCCCCCCCCCCCCC[N+]1=CC=C(C2=CC=[N+](CCCCCCCCCCCCCC)C=C2)C=C1.[Br-].[Br-],CCCCCCCCCCCCCC[n+]1ccc(-c2cc[n+](CCCCCCCCCCCCCC)cc2)cc1.[Br-].[Br-],Bad,0,True,False,False
752,B_2026-02-11,CCCCCCCCCCCCCCCC[N+]1=CC=C(C2=CC=[N+](CCCCCCCCCCCCCCCC)C=C2)C=C1.[Br-].[Br-],CCCCCCCCCCCCCCCC[N+]1=CC=C(C2=CC=[N+](CCCCCCCCCCCCCCCC)C=C2)C=C1.[Br-].[Br-],CCCCCCCCCCCCCCCC[n+]1ccc(-c2cc[n+](CCCCCCCCCCCCCCCC)cc2)cc1.[Br-].[Br-],Bad,0,True,False,False
753,B_2026-02-11,CCCCCCCCCCCCCCCCCC[N+]1=CC=C(C2=CC=[N+](CCCCCCCCCCCCCCCCCC)C=C2)C=C1.[Br-].[Br-],CCCCCCCCCCCCCCCCCC[N+]1=CC=C(C2=CC=[N+](CCCCCCCCCCCCCCCCCC)C=C2)C=C1.[Br-].[Br-],CCCCCCCCCCCCCCCCCC[n+]1ccc(-c2cc[n+](CCCCCCCCCCCCCCCCCC)cc2)cc1.[Br-].[Br-],Bad,0,True,False,False
754,B_2026-02-11,CCCCCCCCCCCC[N+](C=C1)=CC=C1C2=CC=NC=C2.[Br-],CCCCCCCCCCCC[N+](C=C1)=CC=C1C2=CC=NC=C2.[Br-],CCCCCCCCCCCC[n+]1ccc(-c2ccncc2)cc1.[Br-],Bad,0,True,False,False
755,B_2026-02-11,C[N+](C=C1)=CC=C1C2=CC=[N+](CCCCCCCCCCCC)C=C2.[I-].[Br-],C[N+](C=C1)=CC=C1C2=CC=[N+](CCCCCCCCCCCC)C=C2.[I-].[Br-],CCCCCCCCCCCC[n+]1ccc(-c2cc[n+](C)cc2)cc1.[Br-].[I-],Bad,0,True,False,False
756,B_2026-02-11,CC[N+](C=C1)=CC=C1C2=CC=[N+](CCCCCCCCCCCC)C=C2.[Br-].[Br-],CC[N+](C=C1)=CC=C1C2=CC=[N+](CCCCCCCCCCCC)C=C2.[Br-].[Br-],CCCCCCCCCCCC[n+]1ccc(-c2cc[n+](CC)cc2)cc1.[Br-].[Br-],Bad,0,True,False,False
757,B_2026-02-11,CCCCCCCCCCCCCC[N+](C=C1)=CC=C1C2=CC=NC=C2.[Br-],CCCCCCCCCCCCCC[N+](C=C1)=CC=C1C2=CC=NC=C2.[Br-],CCCCCCCCCCCCCC[n+]1ccc(-c2ccncc2)cc1.[Br-],Bad,0,True,False,False
758,B_2026-02-11,C[N+](C=C1)=CC=C1C2=CC=[N+](CCCCCCCCCCCCCC)C=C2.[I-].[Br-],C[N+](C=C1)=CC=C1C2=CC=[N+](CCCCCCCCCCCCCC)C=C2.[I-].[Br-],CCCCCCCCCCCCCC[n+]1ccc(-c2cc[n+](C)cc2)cc1.[Br-].[I-],Bad,0,True,False,False
759,B_2026-02-11,CC[N+](C=C1)=CC=C1C2=CC=[N+](CCCCCCCCCCCCCC)C=C2.[Br-].[Br-],CC[N+](C=C1)=CC=C1C2=CC=[N+](CCCCCCCCCCCCCC)C=C2.[Br-].[Br-],CCCCCCCCCCCCCC[n+]1ccc(-c2cc[n+](CC)cc2)cc1.[Br-].[Br-],Bad,0,True,False,False
760,B_2026-02-11,CCCCCCCCCCCCCCCC[N+](C=C1)=CC=C1C2=CC=NC=C2.[Br-],CCCCCCCCCCCCCCCC[N+](C=C1)=CC=C1C2=CC=NC=C2.[Br-],CCCCCCCCCCCCCCCC[n+]1ccc(-c2ccncc2)cc1.[Br-],Bad,0,True,False,False
761,B_2026-02-11,C[N+](C=C1)=CC=C1C2=CC=[N+](CCCCCCCCCCCCCCCC)C=C2.[I-].[Br-],C[N+](C=C1)=CC=C1C2=CC=[N+](CCCCCCCCCCCCCCCC)C=C2.[I-].[Br-],CCCCCCCCCCCCCCCC[n+]1ccc(-c2cc[n+](C)cc2)cc1.[Br-].[I-],Bad,0,True,False,False
762,B_2026-02-11,CC[N+](C=C1)=CC=C1C2=CC=[N+](CCCCCCCCCCCCCCCC)C=C2.[Br-].[Br-],CC[N+](C=C1)=CC=C1C2=CC=[N+](CCCCCCCCCCCCCCCC)C=C2.[Br-].[Br-],CCCCCCCCCCCCCCCC[n+]1ccc(-c2cc[n+](CC)cc2)cc1.[Br-].[Br-],Bad,0,True,False,False
763,B_2026-02-11,CCCCCCCCCCCCCCCCCC[N+](C=C1)=CC=C1C2=CC=NC=C2.[Br-],CCCCCCCCCCCCCCCCCC[N+](C=C1)=CC=C1C2=CC=NC=C2.[Br-],CCCCCCCCCCCCCCCCCC[n+]1ccc(-c2ccncc2)cc1.[Br-],Bad,0,True,False,False
764,B_2026-02-11,C[N+](C=C1)=CC=C1C2=CC=[N+](CCCCCCCCCCCCCCCCCC)C=C2.[I-].[Br-],C[N+](C=C1)=CC=C1C2=CC=[N+](CCCCCCCCCCCCCCCCCC)C=C2.[I-].[Br-],CCCCCCCCCCCCCCCCCC[n+]1ccc(-c2cc[n+](C)cc2)cc1.[Br-].[I-],Bad,0,True,False,False
765,B_2026-02-11,CC[N+](C=C1)=CC=C1C2=CC=[N+](CCCCCCCCCCCCCCCCCC)C=C2.[Br-].[Br-],CC[N+](C=C1)=CC=C1C2=CC=[N+](CCCCCCCCCCCCCCCCCC)C=C2.[Br-].[Br-],CCCCCCCCCCCCCCCCCC[n+]1ccc(-c2cc[n+](CC)cc2)cc1.[Br-].[Br-],Bad,0,True,False,False
766,B_2026-02-11,CCCCCCCCCCCCCCCCCCCC[N+](C=C1)=CC=C1C2=CC=NC=C2.[Br-],CCCCCCCCCCCCCCCCCCCC[N+](C=C1)=CC=C1C2=CC=NC=C2.[Br-],CCCCCCCCCCCCCCCCCCCC[n+]1ccc(-c2ccncc2)cc1.[Br-],Bad,0,True,False,False
767,B_2026-02-11,C[N+](C=C1)=CC=C1C2=CC=[N+](CCCCCCCCCCCCCCCCCCCC)C=C2.[I-].[Br-],C[N+](C=C1)=CC=C1C2=CC=[N+](CCCCCCCCCCCCCCCCCCCC)C=C2.[I-].[Br-],CCCCCCCCCCCCCCCCCCCC[n+]1ccc(-c2cc[n+](C)cc2)cc1.[Br-].[I-],Bad,0,True,False,False
768,B_2026-02-11,CCCCCCCCCC[N+]1=CC=C(C2=CC=[N+](CCCCCCCCCC)C=C2)C=C1.[Cl-].[Cl-],CCCCCCCCCC[N+]1=CC=C(C2=CC=[N+](CCCCCCCCCC)C=C2)C=C1.[Cl-].[Cl-],CCCCCCCCCC[n+]1ccc(-c2cc[n+](CCCCCCCCCC)cc2)cc1.[Cl-].[Cl-],Bad,0,True,False,False
769,B_2026-02-11,CCCCCCCCCC[N+]1=CC=C(C2=CC=[N+](CCCCCCCCCC)C=C2)C=C1.[I-].[I-],CCCCCCCCCC[N+]1=CC=C(C2=CC=[N+](CCCCCCCCCC)C=C2)C=C1.[I-].[I-],CCCCCCCCCC[n+]1ccc(-c2cc[n+](CCCCCCCCCC)cc2)cc1.[I-].[I-],Bad,0,True,False,False
770,B_2026-02-11,CCCCCCCCCCC[N+]1=CC=C(C2=CC=[N+](CCCCCCCCCCC)C=C2)C=C1.[Cl-].[Cl-],CCCCCCCCCCC[N+]1=CC=C(C2=CC=[N+](CCCCCCCCCCC)C=C2)C=C1.[Cl-].[Cl-],CCCCCCCCCCC[n+]1ccc(-c2cc[n+](CCCCCCCCCCC)cc2)cc1.[Cl-].[Cl-],Good,1,True,False,False
771,B_2026-02-11,CCCCCCCCCCC[N+]1=CC=C(C2=CC=[N+](CCCCCCCCCCC)C=C2)C=C1.[I-].[I-],CCCCCCCCCCC[N+]1=CC=C(C2=CC=[N+](CCCCCCCCCCC)C=C2)C=C1.[I-].[I-],CCCCCCCCCCC[n+]1ccc(-c2cc[n+](CCCCCCCCCCC)cc2)cc1.[I-].[I-],Bad,0,True,False,False
772,B_2026-02-11,CCCCCCCCCCCC[N+]1=CC=C(C2=CC=[N+](CCCCCCCCCCCC)C=C2)C=C1.[Cl-].[Cl-],CCCCCCCCCCCC[N+]1=CC=C(C2=CC=[N+](CCCCCCCCCCCC)C=C2)C=C1.[Cl-].[Cl-],CCCCCCCCCCCC[n+]1ccc(-c2cc[n+](CCCCCCCCCCCC)cc2)cc1.[Cl-].[Cl-],Good,1,True,False,False
773,B_2026-02-11,CCCCCCCCCCCC[N+]1=CC=C(C2=CC=[N+](CCCCCCCCCCCC)C=C2)C=C1.[I-].[I-],CCCCCCCCCCCC[N+]1=CC=C(C2=CC=[N+](CCCCCCCCCCCC)C=C2)C=C1.[I-].[I-],CCCCCCCCCCCC[n+]1ccc(-c2cc[n+](CCCCCCCCCCCC)cc2)cc1.[I-].[I-],Bad,0,True,False,False
774,B_2026-02-11,CCCCCCCCCCCCCCCC[N+]1=CC=C(C2=CC=[N+](CCCCCCCCCCCCCCCC)C=C2)C=C1.[Cl-].[Cl-],CCCCCCCCCCCCCCCC[N+]1=CC=C(C2=CC=[N+](CCCCCCCCCCCCCCCC)C=C2)C=C1.[Cl-].[Cl-],CCCCCCCCCCCCCCCC[n+]1ccc(-c2cc[n+](CCCCCCCCCCCCCCCC)cc2)cc1.[Cl-].[Cl-],Bad,0,True,False,False
775,B_2026-02-11,CCCCCCCCCCCCCCCC[N+]1=CC=C(C2=CC=[N+](CCCCCCCCCCCCCCCC)C=C2)C=C1.[I-].[I-],CCCCCCCCCCCCCCCC[N+]1=CC=C(C2=CC=[N+](CCCCCCCCCCCCCCCC)C=C2)C=C1.[I-].[I-],CCCCCCCCCCCCCCCC[n+]1ccc(-c2cc[n+](CCCCCCCCCCCCCCCC)cc2)cc1.[I-].[I-],Bad,0,True,False,False
776,B_2026-02-11,CCCCCCCCCCCC[N+]1=CC=C(C2=CC=[N+](CCCCCCCCCC)C=C2)C=C1.[Br-].[Br-],CCCCCCCCCCCC[N+]1=CC=C(C2=CC=[N+](CCCCCCCCCC)C=C2)C=C1.[Br-].[Br-],CCCCCCCCCCCC[n+]1ccc(-c2cc[n+](CCCCCCCCCC)cc2)cc1.[Br-].[Br-],Good,1,True,False,False
777,B_2026-02-11,CCCCCCCCCCCCCC[N+]1=CC=C(C2=CC=[N+](CCCCCCCC)C=C2)C=C1.[Br-].[Br-],CCCCCCCCCCCCCC[N+]1=CC=C(C2=CC=[N+](CCCCCCCC)C=C2)C=C1.[Br-].[Br-],CCCCCCCCCCCCCC[n+]1ccc(-c2cc[n+](CCCCCCCC)cc2)cc1.[Br-].[Br-],Good,1,True,False,False
778,B_2026-02-11,CCCCCCCCCCCCCCCC[N+]1=CC=C(C2=CC=[N+](CCCCCC)C=C2)C=C1.[Br-].[Br-],CCCCCCCCCCCCCCCC[N+]1=CC=C(C2=CC=[N+](CCCCCC)C=C2)C=C1.[Br-].[Br-],CCCCCCCCCCCCCCCC[n+]1ccc(-c2cc[n+](CCCCCC)cc2)cc1.[Br-].[Br-],Bad,0,True,False,False
779,B_2026-02-11,CCCCCCCCCCCCCCCCCC[N+]1=CC=C(C2=CC=[N+](CCCC)C=C2)C=C1.[Br-].[Br-],CCCCCCCCCCCCCCCCCC[N+]1=CC=C(C2=CC=[N+](CCCC)C=C2)C=C1.[Br-].[Br-],CCCCCCCCCCCCCCCCCC[n+]1ccc(-c2cc[n+](CCCC)cc2)cc1.[Br-].[Br-],Bad,0,True,False,False
780,B_2026-02-11,CC[N+](C=C1)=CC=C1C2=CC=[N+](CCCCCCCCCCCCCCCCCCCC)C=C2.[Br-].[Br-],CC[N+](C=C1)=CC=C1C2=CC=[N+](CCCCCCCCCCCCCCCCCCCC)C=C2.[Br-].[Br-],CCCCCCCCCCCCCCCCCCCC[n+]1ccc(-c2cc[n+](CC)cc2)cc1.[Br-].[Br-],Bad,0,True,False,False
781,B_2026-02-11,CCCCCCCC[N+]1=CC(C2=CC=C[N+](CCCCCCCC)=C2)=CC=C1.[Br-].[Br-],CCCCCCCC[N+]1=CC(C2=CC=C[N+](CCCCCCCC)=C2)=CC=C1.[Br-].[Br-],CCCCCCCC[n+]1cccc(-c2ccc[n+](CCCCCCCC)c2)c1.[Br-].[Br-],Bad,0,True,False,False
782,B_2026-02-11,CCCCCCCCCC[N+]1=CC(C2=CC=C[N+](CCCCCCCCCC)=C2)=CC=C1.[Br-].[Br-],CCCCCCCCCC[N+]1=CC(C2=CC=C[N+](CCCCCCCCCC)=C2)=CC=C1.[Br-].[Br-],CCCCCCCCCC[n+]1cccc(-c2ccc[n+](CCCCCCCCCC)c2)c1.[Br-].[Br-],Good,1,True,False,False
783,B_2026-02-11,CCCCCCCCCC[N+]1=CC(C2=CC=C[N+](CCCCCCCCCCCC)=C2)=CC=C1.[Br-].[Br-],CCCCCCCCCC[N+]1=CC(C2=CC=C[N+](CCCCCCCCCCCC)=C2)=CC=C1.[Br-].[Br-],CCCCCCCCCCCC[n+]1cccc(-c2ccc[n+](CCCCCCCCCC)c2)c1.[Br-].[Br-],Good,1,True,False,False
784,B_2026-02-11,CCCCCCCCCCC[N+]1=CC(C2=CC=C[N+](CCCCCCCCCCC)=C2)=CC=C1.[Br-].[Br-],CCCCCCCCCCC[N+]1=CC(C2=CC=C[N+](CCCCCCCCCCC)=C2)=CC=C1.[Br-].[Br-],CCCCCCCCCCC[n+]1cccc(-c2ccc[n+](CCCCCCCCCCC)c2)c1.[Br-].[Br-],Good,1,True,False,False
785,B_2026-02-11,CCCCCCCCCCCC[N+]1=CC(C2=CC=C[N+](CCCCCCCCCCCC)=C2)=CC=C1.[Br-].[Br-],CCCCCCCCCCCC[N+]1=CC(C2=CC=C[N+](CCCCCCCCCCCC)=C2)=CC=C1.[Br-].[Br-],CCCCCCCCCCCC[n+]1cccc(-c2ccc[n+](CCCCCCCCCCCC)c2)c1.[Br-].[Br-],Good,1,True,False,False
786,B_2026-02-11,CCCCCCCCCCCCCC[N+]1=CC(C2=CC=C[N+](CCCCCCCCCCCC)=C2)=CC=C1.[Br-].[Br-],CCCCCCCCCCCCCC[N+]1=CC(C2=CC=C[N+](CCCCCCCCCCCC)=C2)=CC=C1.[Br-].[Br-],CCCCCCCCCCCCCC[n+]1cccc(-c2ccc[n+](CCCCCCCCCCCC)c2)c1.[Br-].[Br-],Good,1,True,False,False
787,B_2026-02-11,CCCCCCCCCCCCCC[N+]1=CC(C2=CC=C[N+](CCCCCCCCCCCCCC)=C2)=CC=C1.[Br-].[Br-],CCCCCCCCCCCCCC[N+]1=CC(C2=CC=C[N+](CCCCCCCCCCCCCC)=C2)=CC=C1.[Br-].[Br-],CCCCCCCCCCCCCC[n+]1cccc(-c2ccc[n+](CCCCCCCCCCCCCC)c2)c1.[Br-].[Br-],Bad,0,True,False,False
788,B_2026-02-11,CCCCCCCCCCCCCCCC[N+]1=CC(C2=CC=C[N+](CCCCCCCCCCCCCCCC)=C2)=CC=C1.[Br-].[Br-],CCCCCCCCCCCCCCCC[N+]1=CC(C2=CC=C[N+](CCCCCCCCCCCCCCCC)=C2)=CC=C1.[Br-].[Br-],CCCCCCCCCCCCCCCC[n+]1cccc(-c2ccc[n+](CCCCCCCCCCCCCCCC)c2)c1.[Br-].[Br-],Bad,0,True,False,False
789,B_2026-02-11,CCCCCCCCCCCC[N+]1=CC(C2=CC=CN=C2)=CC=C1.[Br-],CCCCCCCCCCCC[N+]1=CC(C2=CC=CN=C2)=CC=C1.[Br-],CCCCCCCCCCCC[n+]1cccc(-c2cccnc2)c1.[Br-],Bad,0,True,False,False
790,B_2026-02-11,C[N+]1=CC(C2=CC=C[N+](CCCCCCCCCCCC)=C2)=CC=C1.[Br-].[I-],C[N+]1=CC(C2=CC=C[N+](CCCCCCCCCCCC)=C2)=CC=C1.[Br-].[I-],CCCCCCCCCCCC[n+]1cccc(-c2ccc[n+](C)c2)c1.[Br-].[I-],Bad,0,True,False,False
791,B_2026-02-11,CCCCCCCCCCCC[N+]1=CC(C2=CC=C[N+](CC3=CC=CC=C3)=C2)=CC=C1.[Br-].[Br-],CCCCCCCCCCCC[N+]1=CC(C2=CC=C[N+](CC3=CC=CC=C3)=C2)=CC=C1.[Br-].[Br-],CCCCCCCCCCCC[n+]1cccc(-c2ccc[n+](Cc3ccccc3)c2)c1.[Br-].[Br-],Bad,0,True,False,False
792,B_2026-02-11,CCCCCCCC[N+](C=C1)=CC=C1C2=C[N+](CCCCCCCC)=CC=C2.[Br-].[Br-],CCCCCCCC[N+](C=C1)=CC=C1C2=C[N+](CCCCCCCC)=CC=C2.[Br-].[Br-],CCCCCCCC[n+]1ccc(-c2ccc[n+](CCCCCCCC)c2)cc1.[Br-].[Br-],Bad,0,True,False,False
793,B_2026-02-11,CCCCCCCCCC[N+](C=C1)=CC=C1C2=C[N+](CCCCCCCCCC)=CC=C2.[Br-].[Br-],CCCCCCCCCC[N+](C=C1)=CC=C1C2=C[N+](CCCCCCCCCC)=CC=C2.[Br-].[Br-],CCCCCCCCCC[n+]1ccc(-c2ccc[n+](CCCCCCCCCC)c2)cc1.[Br-].[Br-],Bad,0,True,False,False
794,B_2026-02-11,CCCCCCCCCCC[N+](C=C1)=CC=C1C2=C[N+](CCCCCCCCCCC)=CC=C2.[Br-].[Br-],CCCCCCCCCCC[N+](C=C1)=CC=C1C2=C[N+](CCCCCCCCCCC)=CC=C2.[Br-].[Br-],CCCCCCCCCCC[n+]1ccc(-c2ccc[n+](CCCCCCCCCCC)c2)cc1.[Br-].[Br-],Good,1,True,False,False
795,B_2026-02-11,CCCCCCCCCCCC[N+](C=C1)=CC=C1C2=C[N+](CCCCCCCCCCCC)=CC=C2.[Br-].[Br-],CCCCCCCCCCCC[N+](C=C1)=CC=C1C2=C[N+](CCCCCCCCCCCC)=CC=C2.[Br-].[Br-],CCCCCCCCCCCC[n+]1ccc(-c2ccc[n+](CCCCCCCCCCCC)c2)cc1.[Br-].[Br-],Good,1,True,False,False
796,B_2026-02-11,CCCCCCCCCCCCCC[N+](C=C1)=CC=C1C2=C[N+](CCCCCCCCCCCCCC)=CC=C2.[Br-].[Br-],CCCCCCCCCCCCCC[N+](C=C1)=CC=C1C2=C[N+](CCCCCCCCCCCCCC)=CC=C2.[Br-].[Br-],CCCCCCCCCCCCCC[n+]1ccc(-c2ccc[n+](CCCCCCCCCCCCCC)c2)cc1.[Br-].[Br-],Bad,0,True,False,False
797,B_2026-02-11,CCCCCCCCCCCCCCCC[N+](C=C1)=CC=C1C2=C[N+](CCCCCCCCCCCCCCCC)=CC=C2.[Br-].[Br-],CCCCCCCCCCCCCCCC[N+](C=C1)=CC=C1C2=C[N+](CCCCCCCCCCCCCCCC)=CC=C2.[Br-].[Br-],CCCCCCCCCCCCCCCC[n+]1ccc(-c2ccc[n+](CCCCCCCCCCCCCCCC)c2)cc1.[Br-].[Br-],Bad,0,True,False,False
798,B_2026-02-11,OCC[N+](C)(C)C.[Br-],OCC[N+](C)(C)C.[Br-],C[N+](C)(C)CCO.[Br-],Bad,0,True,False,False
799,B_2026-02-11,C[N+](C)(C)CCOC(CCCCCCCCCCC)=O.[Br-],C[N+](C)(C)CCOC(CCCCCCCCCCC)=O.[Br-],CCCCCCCCCCCC(=O)OCC[N+](C)(C)C.[Br-],Bad,0,True,False,False
800,B_2026-02-11,OCC[N+](CC)(CC)CC.[Br-],OCC[N+](CC)(CC)CC.[Br-],CC[N+](CC)(CC)CCO.[Br-],Bad,0,True,False,False
801,B_2026-02-11,CCCCCCCCCCCCCCCC(NCC[N+](CC)(CC)CC)=O.[Cl-],CCCCCCCCCCCCCCCC(NCC[N+](CC)(CC)CC)=O.[Cl-],CCCCCCCCCCCCCCCC(=O)NCC[N+](CC)(CC)CC.[Cl-],Bad,0,True,False,False
802,B_2026-02-11,O=C(OC[N+]1=CC=CC=C1)C.[Cl-],O=C(OC[N+]1=CC=CC=C1)C.[Cl-],CC(=O)OC[n+]1ccccc1.[Cl-],Bad,0,True,False,False
803,B_2026-02-11,CCCCCCCCCCCC(OC[N+]1=CC=CC=C1)=O.[Cl-],CCCCCCCCCCCC(OC[N+]1=CC=CC=C1)=O.[Cl-],CCCCCCCCCCCC(=O)OC[n+]1ccccc1.[Cl-],Bad,0,True,False,False
804,B_2026-02-11,OCC[N+]1=CC=CC=C1.[Br-],OCC[N+]1=CC=CC=C1.[Br-],OCC[n+]1ccccc1.[Br-],Bad,0,True,False,False
805,B_2026-02-11,CCCCCCCCCCCC(OCC[N+]1=CC=CC=C1)=O.[Br-],CCCCCCCCCCCC(OCC[N+]1=CC=CC=C1)=O.[Br-],CCCCCCCCCCCC(=O)OCC[n+]1ccccc1.[Br-],Bad,0,True,False,False
806,B_2026-02-11,CCCCCCCC(OCC[N+]1=CC=CC=C1)=O.[Br-],CCCCCCCC(OCC[N+]1=CC=CC=C1)=O.[Br-],CCCCCCCC(=O)OCC[n+]1ccccc1.[Br-],Bad,0,True,False,False
807,B_2026-02-11,CCCCCCCCCCCCCCCC(OCC[N+]1=CC=CC=C1)=O.[Br-],CCCCCCCCCCCCCCCC(OCC[N+]1=CC=CC=C1)=O.[Br-],CCCCCCCCCCCCCCCC(=O)OCC[n+]1ccccc1.[Br-],Bad,0,True,False,False
808,B_2026-02-11,CCCCCCCCCCCCCCCCCCCC(OCC[N+]1=CC=CC=C1)=O.[Br-],CCCCCCCCCCCCCCCCCCCC(OCC[N+]1=CC=CC=C1)=O.[Br-],CCCCCCCCCCCCCCCCCCCC(=O)OCC[n+]1ccccc1.[Br-],Bad,0,True,False,False
809,B_2026-02-11,O=C(CCCCCCC/C=C/CCCCCCCC)OCC[N+]1=CC=CC=C1.[Br-],O=C(CCCCCCC/C=C/CCCCCCCC)OCC[N+]1=CC=CC=C1.[Br-],CCCCCCCC/C=C/CCCCCCCC(=O)OCC[n+]1ccccc1.[Br-],Bad,0,True,False,False
810,B_2026-02-11,CCCCCCCCCCCCCCCC(NCC[N+]1=CC=CC=C1)=O.[Cl-],CCCCCCCCCCCCCCCC(NCC[N+]1=CC=CC=C1)=O.[Cl-],CCCCCCCCCCCCCCCC(=O)NCC[n+]1ccccc1.[Cl-],Bad,0,True,False,False
811,B_2026-02-11,OCCC[N+]1=CC=CC=C1.[Cl-],OCCC[N+]1=CC=CC=C1.[Cl-],OCCC[n+]1ccccc1.[Cl-],Bad,0,True,False,False
812,B_2026-02-11,O=C(C[N+]1=CC=CC=C1)O.[Cl-],O=C(C[N+]1=CC=CC=C1)O.[Cl-],O=C(O)C[n+]1ccccc1.[Cl-],Bad,0,True,False,False
813,B_2026-02-11,O=C(C[N+]1=CC=CC=C1)OCC.[Cl-],O=C(C[N+]1=CC=CC=C1)OCC.[Cl-],CCOC(=O)C[n+]1ccccc1.[Cl-],Bad,0,True,False,False
814,B_2026-02-11,O=C(C[N+]1=CC=CC=C1)OCCCCCC.[Cl-],O=C(C[N+]1=CC=CC=C1)OCCCCCC.[Cl-],CCCCCCOC(=O)C[n+]1ccccc1.[Cl-],Bad,0,True,False,False
815,B_2026-02-11,O=C(C[N+]1=CC=CC=C1)OCCCCCCCCCCCCCCCC.[Cl-],O=C(C[N+]1=CC=CC=C1)OCCCCCCCCCCCCCCCC.[Cl-],CCCCCCCCCCCCCCCCOC(=O)C[n+]1ccccc1.[Cl-],Bad,0,True,False,False
816,B_2026-02-11,O=C(C[N+]1=CC=CC=C1)OCCCCCCCCCCCCCCCCCC.[Cl-],O=C(C[N+]1=CC=CC=C1)OCCCCCCCCCCCCCCCCCC.[Cl-],CCCCCCCCCCCCCCCCCCOC(=O)C[n+]1ccccc1.[Cl-],Bad,0,True,False,False
817,B_2026-02-11,O=C(CC[N+]1=CC=CC=C1)O.[Cl-],O=C(CC[N+]1=CC=CC=C1)O.[Cl-],O=C(O)CC[n+]1ccccc1.[Cl-],Bad,0,True,False,False
818,B_2026-02-11,O=C(CC[N+]1=CC=CC=C1)OCCCCCCCCCCCCCCCC.[Cl-],O=C(CC[N+]1=CC=CC=C1)OCCCCCCCCCCCCCCCC.[Cl-],CCCCCCCCCCCCCCCCOC(=O)CC[n+]1ccccc1.[Cl-],Bad,0,True,False,False
819,B_2026-02-11,CC([N+]1=CC=CC=C1)C(OCC)=O.[Cl-],CC([N+]1=CC=CC=C1)C(OCC)=O.[Cl-],CCOC(=O)C(C)[n+]1ccccc1.[Cl-],Bad,0,True,False,False
820,B_2026-02-11,OCC[N+](CCCC)(CCC)CCCC.[Br-],OCC[N+](CCCC)(CCC)CCCC.[Br-],CCCC[N+](CCC)(CCO)CCCC.[Br-],Bad,0,True,False,False
821,B_2026-02-11,O=C1NC2=CC=CC=C2N3C1=C(C4=CC=CC=C4)N=C3C5=C[N+](CC6=CC=CC=C6)=CC=C5.[Cl-],O=C1NC2=CC=CC=C2N3C1=C(C4=CC=CC=C4)N=C3C5=C[N+](CC6=CC=CC=C6)=CC=C5.[Cl-],O=c1[nH]c2ccccc2n2c(-c3ccc[n+](Cc4ccccc4)c3)nc(-c3ccccc3)c12.[Cl-],Bad,0,True,False,False
822,B_2026-02-11,O=C1N(C)C2=CC=CC=C2N3C1=C(C4=CC=CC=C4)N=C3C5=C[N+](CC6=CC=CC=C6)=CC=C5.[Cl-],O=C1N(C)C2=CC=CC=C2N3C1=C(C4=CC=CC=C4)N=C3C5=C[N+](CC6=CC=CC=C6)=CC=C5.[Cl-],Cn1c(=O)c2c(-c3ccccc3)nc(-c3ccc[n+](Cc4ccccc4)c3)n2c2ccccc21.[Cl-],Bad,0,True,False,False
823,B_2026-02-11,O=C1N(CCC)C2=CC=CC=C2N3C1=C(C4=CC=CC=C4)N=C3C5=C[N+](CC6=CC=CC=C6)=CC=C5.[Cl-],O=C1N(CCC)C2=CC=CC=C2N3C1=C(C4=CC=CC=C4)N=C3C5=C[N+](CC6=CC=CC=C6)=CC=C5.[Cl-],CCCn1c(=O)c2c(-c3ccccc3)nc(-c3ccc[n+](Cc4ccccc4)c3)n2c2ccccc21.[Cl-],Bad,0,True,False,False
824,B_2026-02-11,O=C1N(CCCCCC)C2=CC=CC=C2N3C1=C(C4=CC=CC=C4)N=C3C5=C[N+](CC6=CC=CC=C6)=CC=C5.[Cl-],O=C1N(CCCCCC)C2=CC=CC=C2N3C1=C(C4=CC=CC=C4)N=C3C5=C[N+](CC6=CC=CC=C6)=CC=C5.[Cl-],CCCCCCn1c(=O)c2c(-c3ccccc3)nc(-c3ccc[n+](Cc4ccccc4)c3)n2c2ccccc21.[Cl-],Bad,0,True,False,False
825,B_2026-02-11,O=C1N(CCCCCCCCC)C2=CC=CC=C2N3C1=C(C4=CC=CC=C4)N=C3C5=C[N+](CC6=CC=CC=C6)=CC=C5.[Cl-],O=C1N(CCCCCCCCC)C2=CC=CC=C2N3C1=C(C4=CC=CC=C4)N=C3C5=C[N+](CC6=CC=CC=C6)=CC=C5.[Cl-],CCCCCCCCCn1c(=O)c2c(-c3ccccc3)nc(-c3ccc[n+](Cc4ccccc4)c3)n2c2ccccc21.[Cl-],Bad,0,True,False,False
826,B_2026-02-11,O=C1N(CCCCCCCCCCCCCCCCCC)C2=CC=CC=C2N3C1=C(C4=CC=CC=C4)N=C3C5=C[N+](CC6=CC=CC=C6)=CC=C5.[Cl-],O=C1N(CCCCCCCCCCCCCCCCCC)C2=CC=CC=C2N3C1=C(C4=CC=CC=C4)N=C3C5=C[N+](CC6=CC=CC=C6)=CC=C5.[Cl-],CCCCCCCCCCCCCCCCCCn1c(=O)c2c(-c3ccccc3)nc(-c3ccc[n+](Cc4ccccc4)c3)n2c2ccccc21.[Cl-],Bad,0,True,False,False
827,B_2026-02-11,O=C1NC2=CC=CC=C2N3C1=C(C)N=C3C4=C[N+](CC5=CC=CC=C5)=CC=C4.[Cl-],O=C1NC2=CC=CC=C2N3C1=C(C)N=C3C4=C[N+](CC5=CC=CC=C5)=CC=C4.[Cl-],Cc1nc(-c2ccc[n+](Cc3ccccc3)c2)n2c1c(=O)[nH]c1ccccc12.[Cl-],Bad,0,True,False,False
828,B_2026-02-11,O=C1NC2=CC=CC=C2N3C1=C(C4=CC=CC=C4)N=C3C5=C[N+](CCCCCC)=CC=C5.[Br-],O=C1NC2=CC=CC=C2N3C1=C(C4=CC=CC=C4)N=C3C5=C[N+](CCCCCC)=CC=C5.[Br-],CCCCCC[n+]1cccc(-c2nc(-c3ccccc3)c3c(=O)[nH]c4ccccc4n23)c1.[Br-],Bad,0,True,False,False
829,B_2026-02-11,O=C1N(CCCCCC)C2=CC=CC=C2N3C1=C(C4=CC=CC=C4)N=C3C5=C[N+](CCCCCCCCC)=CC=C5.[Br-],O=C1N(CCCCCC)C2=CC=CC=C2N3C1=C(C4=CC=CC=C4)N=C3C5=C[N+](CCCCCCCCC)=CC=C5.[Br-],CCCCCCCCC[n+]1cccc(-c2nc(-c3ccccc3)c3c(=O)n(CCCCCC)c4ccccc4n23)c1.[Br-],Bad,0,True,False,False
830,B_2026-02-11,O=C1N(CCCCCCCCC)C2=CC=CC=C2N3C1=C(C4=CC=CC=C4)N=C3C5=C[N+](CCCCCCCCC)=CC=C5.[Br-],O=C1N(CCCCCCCCC)C2=CC=CC=C2N3C1=C(C4=CC=CC=C4)N=C3C5=C[N+](CCCCCCCCC)=CC=C5.[Br-],CCCCCCCCCn1c(=O)c2c(-c3ccccc3)nc(-c3ccc[n+](CCCCCCCCC)c3)n2c2ccccc21.[Br-],Bad,0,True,False,False
831,B_2026-02-11,O=C1NC2=CC=CC=C2N3C1=C(C4=CC=CC=C4)N=C3C5=C[N+](CCCC)=CC=C5.[I-],O=C1NC2=CC=CC=C2N3C1=C(C4=CC=CC=C4)N=C3C5=C[N+](CCCC)=CC=C5.[I-],CCCC[n+]1cccc(-c2nc(-c3ccccc3)c3c(=O)[nH]c4ccccc4n23)c1.[I-],Bad,0,True,False,False
832,B_2026-02-11,O=C1N(CCCCCC)C2=CC=CC=C2N3C1=C(C4=CC=CC=C4)N=C3C5=C[N+](CCCCCC)=CC=C5.[I-],O=C1N(CCCCCC)C2=CC=CC=C2N3C1=C(C4=CC=CC=C4)N=C3C5=C[N+](CCCCCC)=CC=C5.[I-],CCCCCCn1c(=O)c2c(-c3ccccc3)nc(-c3ccc[n+](CCCCCC)c3)n2c2ccccc21.[I-],Bad,0,True,False,False
833,B_2026-02-11,O=C1N(CCCCCCCCC)C2=CC=CC=C2N3C1=C(C4=CC=CC=C4)N=C3C5=C[N+](CCCCCC)=CC=C5.[I-],O=C1N(CCCCCCCCC)C2=CC=CC=C2N3C1=C(C4=CC=CC=C4)N=C3C5=C[N+](CCCCCC)=CC=C5.[I-],CCCCCCCCCn1c(=O)c2c(-c3ccccc3)nc(-c3ccc[n+](CCCCCC)c3)n2c2ccccc21.[I-],Bad,0,True,False,False
834,B_2026-02-11,O=C1N(CCCCCC)C2=CC=CC=C2N3C1=C(C4=CC=CC=C4)N=C3C5=C[N+](CCCCCCCCC)=CC=C5.[I-],O=C1N(CCCCCC)C2=CC=CC=C2N3C1=C(C4=CC=CC=C4)N=C3C5=C[N+](CCCCCCCCC)=CC=C5.[I-],CCCCCCCCC[n+]1cccc(-c2nc(-c3ccccc3)c3c(=O)n(CCCCCC)c4ccccc4n23)c1.[I-],Bad,0,True,False,False
835,B_2026-02-11,O=C1N(CCCCCCCCC)C2=CC=CC=C2N3C1=C(C4=CC=CC=C4)N=C3C5=C[N+](CCCCCCCCC)=CC=C5.[I-],O=C1N(CCCCCCCCC)C2=CC=CC=C2N3C1=C(C4=CC=CC=C4)N=C3C5=C[N+](CCCCCCCCC)=CC=C5.[I-],CCCCCCCCCn1c(=O)c2c(-c3ccccc3)nc(-c3ccc[n+](CCCCCCCCC)c3)n2c2ccccc21.[I-],Bad,0,True,False,False
836,B_2026-02-11,O=C1NC2=CC=CC=C2N3C1=C(C4=CC=CC=C4)N=C3C5=C[N+](CCCC[N+]6=CC=CC(C7=NC(C8=CC=CC=C8)=C9N7C%10=CC=CC=C%10NC9=O)=C6)=CC=C5.[Br-].[Br-],O=C1NC2=CC=CC=C2N3C1=C(C4=CC=CC=C4)N=C3C5=C[N+](CCCC[N+]6=CC=CC(C7=NC(C8=CC=CC=C8)=C9N7C%10=CC=CC=C%10NC9=O)=C6)=CC=C5.[Br-].[Br-],O=c1[nH]c2ccccc2n2c(-c3ccc[n+](CCCC[n+]4cccc(-c5nc(-c6ccccc6)c6c(=O)[nH]c7ccccc7n56)c4)c3)nc(-c3ccccc3)c12.[Br-].[Br-],Bad,0,True,False,False
837,B_2026-02-11,O=C1NC2=CC=CC=C2N3C1=C(C4=CC=CC=C4)N=C3C5=C[N+](CCCCCC[N+]6=CC=CC(C7=NC(C8=CC=CC=C8)=C9N7C%10=CC=CC=C%10NC9=O)=C6)=CC=C5.[Br-].[Br-],O=C1NC2=CC=CC=C2N3C1=C(C4=CC=CC=C4)N=C3C5=C[N+](CCCCCC[N+]6=CC=CC(C7=NC(C8=CC=CC=C8)=C9N7C%10=CC=CC=C%10NC9=O)=C6)=CC=C5.[Br-].[Br-],O=c1[nH]c2ccccc2n2c(-c3ccc[n+](CCCCCC[n+]4cccc(-c5nc(-c6ccccc6)c6c(=O)[nH]c7ccccc7n56)c4)c3)nc(-c3ccccc3)c12.[Br-].[Br-],Bad,0,True,False,False
838,B_2026-02-11,O=C1N(CCCCCC)C2=CC=CC=C2N3C1=C(C4=CC=CC=C4)N=C3C5=C[N+](CC6=CC(C[N+]7=CC=CC(C8=NC(C9=CC=CC=C9)=C%10N8C%11=CC=CC=C%11N(CCCCCC)C%10=O)=C7)=CC=C6)=CC=C5.[Br-].[Br-],O=C1N(CCCCCC)C2=CC=CC=C2N3C1=C(C4=CC=CC=C4)N=C3C5=C[N+](CC6=CC(C[N+]7=CC=CC(C8=NC(C9=CC=CC=C9)=C%10N8C%11=CC=CC=C%11N(CCCCCC)C%10=O)=C7)=CC=C6)=CC=C5.[Br-].[Br-],CCCCCCn1c(=O)c2c(-c3ccccc3)nc(-c3ccc[n+](Cc4cccc(C[n+]5cccc(-c6nc(-c7ccccc7)c7c(=O)n(CCCCCC)c8ccccc8n67)c5)c4)c3)n2c2ccccc21.[Br-].[Br-],Bad,0,True,False,False
839,B_2026-02-11,O=C1N(CCCCCCCCC)C2=CC=CC=C2N3C1=C(C4=CC=CC=C4)N=C3C5=C[N+](CC6=CC(C[N+]7=CC=CC(C8=NC(C9=CC=CC=C9)=C%10N8C%11=CC=CC=C%11N(CCCCCCCCC)C%10=O)=C7)=CC=C6)=CC=C5.[Br-].[Br-],O=C1N(CCCCCCCCC)C2=CC=CC=C2N3C1=C(C4=CC=CC=C4)N=C3C5=C[N+](CC6=CC(C[N+]7=CC=CC(C8=NC(C9=CC=CC=C9)=C%10N8C%11=CC=CC=C%11N(CCCCCCCCC)C%10=O)=C7)=CC=C6)=CC=C5.[Br-].[Br-],CCCCCCCCCn1c(=O)c2c(-c3ccccc3)nc(-c3ccc[n+](Cc4cccc(C[n+]5cccc(-c6nc(-c7ccccc7)c7c(=O)n(CCCCCCCCC)c8ccccc8n67)c5)c4)c3)n2c2ccccc21.[Br-].[Br-],Bad,0,True,False,False
840,B_2026-02-11,OC1=CC=C([N+](CCCCCCCCCCCC)=CC=C2)C2=C1.[Br-],OC1=CC=C([N+](CCCCCCCCCCCC)=CC=C2)C2=C1.[Br-],CCCCCCCCCCCC[n+]1cccc2cc(O)ccc21.[Br-],Good,1,True,False,False
841,B_2026-02-11,OC1=CC=C([N+](CCCCCCCCCCCCCC)=CC=C2)C2=C1.[Br-],OC1=CC=C([N+](CCCCCCCCCCCCCC)=CC=C2)C2=C1.[Br-],CCCCCCCCCCCCCC[n+]1cccc2cc(O)ccc21.[Br-],Bad,0,True,False,False
842,B_2026-02-11,OC1=CC=C([N+](CCCCCCCCCCCCCCCC)=CC=C2)C2=C1.[Br-],OC1=CC=C([N+](CCCCCCCCCCCCCCCC)=CC=C2)C2=C1.[Br-],CCCCCCCCCCCCCCCC[n+]1cccc2cc(O)ccc21.[Br-],Bad,0,True,False,False
843,B_2026-02-11,O=C([C@H](CC1=CC=CC=C1)[N+](C)(CC)CC)OCCCCCCCCC.[I-],O=C([C@H](CC1=CC=CC=C1)[N+](C)(CC)CC)OCCCCCCCCC.[I-],CCCCCCCCCOC(=O)[C@H](Cc1ccccc1)[N+](C)(CC)CC.[I-],Bad,0,True,False,False
844,B_2026-02-11,O=C(OCCCCCCCCCCC)[C@@H]([N+](CC)(C)CC)CC1=CC=CC=C1.[I-],O=C(OCCCCCCCCCCC)[C@@H]([N+](CC)(C)CC)CC1=CC=CC=C1.[I-],CCCCCCCCCCCOC(=O)[C@H](Cc1ccccc1)[N+](C)(CC)CC.[I-],Bad,0,True,False,False
845,B_2026-02-11,O=C(OCCCCCCCCCCCCC)[C@@H]([N+](CC)(C)CC)CC1=CC=CC=C1.[I-],O=C(OCCCCCCCCCCCCC)[C@@H]([N+](CC)(C)CC)CC1=CC=CC=C1.[I-],CCCCCCCCCCCCCOC(=O)[C@H](Cc1ccccc1)[N+](C)(CC)CC.[I-],Bad,0,True,False,False
846,B_2026-02-11,O=C(OCCCCCCCCCCCCCCC)[C@@H]([N+](CC)(C)CC)CC1=CC=CC=C1.[I-],O=C(OCCCCCCCCCCCCCCC)[C@@H]([N+](CC)(C)CC)CC1=CC=CC=C1.[I-],CCCCCCCCCCCCCCCOC(=O)[C@H](Cc1ccccc1)[N+](C)(CC)CC.[I-],Bad,0,True,False,False
847,B_2026-02-11,O/N=C/C1=CC=[N+](CCCCCCCC)C=C1.[Br-],O/N=C/C1=CC=[N+](CCCCCCCC)C=C1.[Br-],CCCCCCCC[n+]1ccc(/C=N/O)cc1.[Br-],Bad,0,True,False,False
848,B_2026-02-11,O/N=C/C1=CC=[N+](CCCCCCCCCC)C=C1.[Br-],O/N=C/C1=CC=[N+](CCCCCCCCCC)C=C1.[Br-],CCCCCCCCCC[n+]1ccc(/C=N/O)cc1.[Br-],Bad,0,True,False,False
849,B_2026-02-11,O/N=C/C1=CC=[N+](CCCCCCCCCCCC)C=C1.[Br-],O/N=C/C1=CC=[N+](CCCCCCCCCCCC)C=C1.[Br-],CCCCCCCCCCCC[n+]1ccc(/C=N/O)cc1.[Br-],Bad,0,True,False,False
850,B_2026-02-11,O/N=C/C1=CC=[N+](CCCCCCCCCCCCCC)C=C1.[Br-],O/N=C/C1=CC=[N+](CCCCCCCCCCCCCC)C=C1.[Br-],CCCCCCCCCCCCCC[n+]1ccc(/C=N/O)cc1.[Br-],Good,1,True,False,False
851,B_2026-02-11,O/N=C/C1=CC=[N+](CCCCCCCCCCCCCCCC)C=C1.[Br-],O/N=C/C1=CC=[N+](CCCCCCCCCCCCCCCC)C=C1.[Br-],CCCCCCCCCCCCCCCC[n+]1ccc(/C=N/O)cc1.[Br-],Bad,0,True,False,False
852,B_2026-02-11,O/N=C/C1=CC=[N+](CCCCCCCCCCCCCCCCCC)C=C1.[Br-],O/N=C/C1=CC=[N+](CCCCCCCCCCCCCCCCCC)C=C1.[Br-],CCCCCCCCCCCCCCCCCC[n+]1ccc(/C=N/O)cc1.[Br-],Bad,0,True,False,False
853,B_2026-02-11,O/N=C/C1=CC=[N+](CCCCCCCCCCCCCCCCCCCC)C=C1.[Br-],O/N=C/C1=CC=[N+](CCCCCCCCCCCCCCCCCCCC)C=C1.[Br-],CCCCCCCCCCCCCCCCCCCC[n+]1ccc(/C=N/O)cc1.[Br-],Bad,0,True,False,False
854,B_2026-02-11,CC1=C(C[N+](C)(C)CCCCCCCC)C=NC(C)=C1OC(C)=O.[Cl-],CC1=C(C[N+](C)(C)CCCCCCCC)C=NC(C)=C1OC(C)=O.[Cl-],CCCCCCCC[N+](C)(C)Cc1cnc(C)c(OC(C)=O)c1C.[Cl-],Bad,0,True,False,False
855,B_2026-02-11,CC1=C(C[N+](C)(C)CCCCCCCCCCCC)C=NC(C)=C1OC(C)=O.[Cl-],CC1=C(C[N+](C)(C)CCCCCCCCCCCC)C=NC(C)=C1OC(C)=O.[Cl-],CCCCCCCCCCCC[N+](C)(C)Cc1cnc(C)c(OC(C)=O)c1C.[Cl-],Bad,0,True,False,False
856,B_2026-02-11,CC1=C(C[N+](C)(C)CCCCCCCCCCCCCCCCCC)C=NC(C)=C1OC(C)=O.[Cl-],CC1=C(C[N+](C)(C)CCCCCCCCCCCCCCCCCC)C=NC(C)=C1OC(C)=O.[Cl-],CCCCCCCCCCCCCCCCCC[N+](C)(C)Cc1cnc(C)c(OC(C)=O)c1C.[Cl-],Bad,0,True,False,False
857,B_2026-02-11,CC1=C(C[N+](C)(C)CCCCCCCC)C=[N+]([H])C(C)=C1OC(C)=O.[Cl-].[Cl-],CC1=C(C[N+](C)(C)CCCCCCCC)C=[N+]([H])C(C)=C1OC(C)=O.[Cl-].[Cl-],CCCCCCCC[N+](C)(C)Cc1c[nH+]c(C)c(OC(C)=O)c1C.[Cl-].[Cl-],Bad,0,True,False,False
858,B_2026-02-11,CC1=C(C[N+](C)(C)CCCCCCCCCCCC)C=[N+]([H])C(C)=C1OC(C)=O.[Cl-].[Cl-],CC1=C(C[N+](C)(C)CCCCCCCCCCCC)C=[N+]([H])C(C)=C1OC(C)=O.[Cl-].[Cl-],CCCCCCCCCCCC[N+](C)(C)Cc1c[nH+]c(C)c(OC(C)=O)c1C.[Cl-].[Cl-],Bad,0,True,False,False
859,B_2026-02-11,CC1=C(C[N+](C)(C)CCCCCCCCCCCCCCCCCC)C=[N+]([H])C(C)=C1OC(C)=O.[Cl-].[Cl-],CC1=C(C[N+](C)(C)CCCCCCCCCCCCCCCCCC)C=[N+]([H])C(C)=C1OC(C)=O.[Cl-].[Cl-],CCCCCCCCCCCCCCCCCC[N+](C)(C)Cc1c[nH+]c(C)c(OC(C)=O)c1C.[Cl-].[Cl-],Bad,0,True,False,False
860,B_2026-02-11,CC[N+](CC)(CCCCCCCCCC)C(C=C1)=CC=C1N(C2=CC=C(N(CC)CC)C=C2)C3=CC=C(N(CC)CC)C=C3.[I-],CC[N+](CC)(CCCCCCCCCC)C(C=C1)=CC=C1N(C2=CC=C(N(CC)CC)C=C2)C3=CC=C(N(CC)CC)C=C3.[I-],CCCCCCCCCC[N+](CC)(CC)c1ccc(N(c2ccc(N(CC)CC)cc2)c2ccc(N(CC)CC)cc2)cc1.[I-],Bad,0,True,False,False
861,B_2026-02-11,CC[N+](CC)(CCCCCCCCCC)C(C=C1)=CC=C1N(C2=CC=C([N+](CC)(C)CC)C=C2)C3=CC=C([N+](CC)(C)CC)C=C3.[I-].[I-].[I-],CC[N+](CC)(CCCCCCCCCC)C(C=C1)=CC=C1N(C2=CC=C([N+](CC)(C)CC)C=C2)C3=CC=C([N+](CC)(C)CC)C=C3.[I-].[I-].[I-],CCCCCCCCCC[N+](CC)(CC)c1ccc(N(c2ccc([N+](C)(CC)CC)cc2)c2ccc([N+](C)(CC)CC)cc2)cc1.[I-].[I-].[I-],Bad,0,True,False,False
862,B_2026-02-11,CC[N+](CC)(CCCCCCCCCCC)C(C=C1)=CC=C1N(C2=CC=C(N(CC)CC)C=C2)C3=CC=C(N(CC)CC)C=C3.[I-],CC[N+](CC)(CCCCCCCCCCC)C(C=C1)=CC=C1N(C2=CC=C(N(CC)CC)C=C2)C3=CC=C(N(CC)CC)C=C3.[I-],CCCCCCCCCCC[N+](CC)(CC)c1ccc(N(c2ccc(N(CC)CC)cc2)c2ccc(N(CC)CC)cc2)cc1.[I-],Bad,0,True,False,False
863,B_2026-02-11,CC[N+](CC)(CCCCCCCCCCC)C(C=C1)=CC=C1N(C2=CC=C([N+](CC)(C)CC)C=C2)C3=CC=C([N+](CC)(C)CC)C=C3.[I-].[I-].[I-],CC[N+](CC)(CCCCCCCCCCC)C(C=C1)=CC=C1N(C2=CC=C([N+](CC)(C)CC)C=C2)C3=CC=C([N+](CC)(C)CC)C=C3.[I-].[I-].[I-],CCCCCCCCCCC[N+](CC)(CC)c1ccc(N(c2ccc([N+](C)(CC)CC)cc2)c2ccc([N+](C)(CC)CC)cc2)cc1.[I-].[I-].[I-],Bad,0,True,False,False
864,B_2026-02-11,CC[N+](CC)(CCCCCCCCCCCC)C(C=C1)=CC=C1N(C2=CC=C(N(CC)CC)C=C2)C3=CC=C(N(CC)CC)C=C3.[I-],CC[N+](CC)(CCCCCCCCCCCC)C(C=C1)=CC=C1N(C2=CC=C(N(CC)CC)C=C2)C3=CC=C(N(CC)CC)C=C3.[I-],CCCCCCCCCCCC[N+](CC)(CC)c1ccc(N(c2ccc(N(CC)CC)cc2)c2ccc(N(CC)CC)cc2)cc1.[I-],Bad,0,True,False,False
865,B_2026-02-11,CC[N+](CC)(CCCCCCCCCCCC)C(C=C1)=CC=C1N(C2=CC=C([N+](CC)(C)CC)C=C2)C3=CC=C([N+](CC)(C)CC)C=C3.[I-].[I-].[I-],CC[N+](CC)(CCCCCCCCCCCC)C(C=C1)=CC=C1N(C2=CC=C([N+](CC)(C)CC)C=C2)C3=CC=C([N+](CC)(C)CC)C=C3.[I-].[I-].[I-],CCCCCCCCCCCC[N+](CC)(CC)c1ccc(N(c2ccc([N+](C)(CC)CC)cc2)c2ccc([N+](C)(CC)CC)cc2)cc1.[I-].[I-].[I-],Good,1,True,False,False
866,B_2026-02-11,CC[N+](CC)(CCCCCCCCCCCCCC)C(C=C1)=CC=C1N(C2=CC=C(N(CC)CC)C=C2)C3=CC=C(N(CC)CC)C=C3.[I-],CC[N+](CC)(CCCCCCCCCCCCCC)C(C=C1)=CC=C1N(C2=CC=C(N(CC)CC)C=C2)C3=CC=C(N(CC)CC)C=C3.[I-],CCCCCCCCCCCCCC[N+](CC)(CC)c1ccc(N(c2ccc(N(CC)CC)cc2)c2ccc(N(CC)CC)cc2)cc1.[I-],Bad,0,True,False,False
867,B_2026-02-11,CC[N+](CC)(CCCCCCCCCCCCCC)C(C=C1)=CC=C1N(C2=CC=C([N+](CC)(C)CC)C=C2)C3=CC=C([N+](CC)(C)CC)C=C3.[I-].[I-].[I-],CC[N+](CC)(CCCCCCCCCCCCCC)C(C=C1)=CC=C1N(C2=CC=C([N+](CC)(C)CC)C=C2)C3=CC=C([N+](CC)(C)CC)C=C3.[I-].[I-].[I-],CCCCCCCCCCCCCC[N+](CC)(CC)c1ccc(N(c2ccc([N+](C)(CC)CC)cc2)c2ccc([N+](C)(CC)CC)cc2)cc1.[I-].[I-].[I-],Good,1,True,False,False
868,B_2026-02-11,CC[N+](CC)(CCCCCCCCCCCCCCCC)C(C=C1)=CC=C1N(C2=CC=C(N(CC)CC)C=C2)C3=CC=C(N(CC)CC)C=C3.[I-],CC[N+](CC)(CCCCCCCCCCCCCCCC)C(C=C1)=CC=C1N(C2=CC=C(N(CC)CC)C=C2)C3=CC=C(N(CC)CC)C=C3.[I-],CCCCCCCCCCCCCCCC[N+](CC)(CC)c1ccc(N(c2ccc(N(CC)CC)cc2)c2ccc(N(CC)CC)cc2)cc1.[I-],Bad,0,True,False,False
869,B_2026-02-11,CC[N+](CC)(CCCCCCCCCCCCCCCC)C(C=C1)=CC=C1N(C2=CC=C([N+](CC)(C)CC)C=C2)C3=CC=C([N+](CC)(C)CC)C=C3.[I-].[I-].[I-],CC[N+](CC)(CCCCCCCCCCCCCCCC)C(C=C1)=CC=C1N(C2=CC=C([N+](CC)(C)CC)C=C2)C3=CC=C([N+](CC)(C)CC)C=C3.[I-].[I-].[I-],CCCCCCCCCCCCCCCC[N+](CC)(CC)c1ccc(N(c2ccc([N+](C)(CC)CC)cc2)c2ccc([N+](C)(CC)CC)cc2)cc1.[I-].[I-].[I-],Good,1,True,False,False
870,B_2026-02-11,CC[N+](CC)(CCCCCCCCCCCCCCCCCC)C(C=C1)=CC=C1N(C2=CC=C(N(CC)CC)C=C2)C3=CC=C(N(CC)CC)C=C3.[I-],CC[N+](CC)(CCCCCCCCCCCCCCCCCC)C(C=C1)=CC=C1N(C2=CC=C(N(CC)CC)C=C2)C3=CC=C(N(CC)CC)C=C3.[I-],CCCCCCCCCCCCCCCCCC[N+](CC)(CC)c1ccc(N(c2ccc(N(CC)CC)cc2)c2ccc(N(CC)CC)cc2)cc1.[I-],Bad,0,True,False,False
871,B_2026-02-11,CC[N+](CC)(CCCCCCCCCCCCCCCCCC)C(C=C1)=CC=C1N(C2=CC=C([N+](CC)(C)CC)C=C2)C3=CC=C([N+](CC)(C)CC)C=C3.[I-].[I-].[I-],CC[N+](CC)(CCCCCCCCCCCCCCCCCC)C(C=C1)=CC=C1N(C2=CC=C([N+](CC)(C)CC)C=C2)C3=CC=C([N+](CC)(C)CC)C=C3.[I-].[I-].[I-],CCCCCCCCCCCCCCCCCC[N+](CC)(CC)c1ccc(N(c2ccc([N+](C)(CC)CC)cc2)c2ccc([N+](C)(CC)CC)cc2)cc1.[I-].[I-].[I-],Good,1,True,False,False
872,B_2026-02-11,CC[N+](CC)(CCCCCCCCCCCCCCCCCCCC)C(C=C1)=CC=C1N(C2=CC=C(N(CC)CC)C=C2)C3=CC=C(N(CC)CC)C=C3.[Br-],CC[N+](CC)(CCCCCCCCCCCCCCCCCCCC)C(C=C1)=CC=C1N(C2=CC=C(N(CC)CC)C=C2)C3=CC=C(N(CC)CC)C=C3.[Br-],CCCCCCCCCCCCCCCCCCCC[N+](CC)(CC)c1ccc(N(c2ccc(N(CC)CC)cc2)c2ccc(N(CC)CC)cc2)cc1.[Br-],Bad,0,True,False,False
873,B_2026-02-11,CC[N+](CC)(CCCCCCCCCCCCCCCCCCCC)C(C=C1)=CC=C1N(C2=CC=C([N+](CC)(C)CC)C=C2)C3=CC=C([N+](CC)(C)CC)C=C3.[I-].[I-].[Br-],CC[N+](CC)(CCCCCCCCCCCCCCCCCCCC)C(C=C1)=CC=C1N(C2=CC=C([N+](CC)(C)CC)C=C2)C3=CC=C([N+](CC)(C)CC)C=C3.[I-].[I-].[Br-],CCCCCCCCCCCCCCCCCCCC[N+](CC)(CC)c1ccc(N(c2ccc([N+](C)(CC)CC)cc2)c2ccc([N+](C)(CC)CC)cc2)cc1.[Br-].[I-].[I-],Good,1,True,False,False
874,B_2026-02-11,C[N+](CCCCCCCCCC)(C1=CC=C(C(C2=CC=C(C=C2)N(C)C)C3=CC=C(C=C3)N(C)C)C=C1)C.[I-],C[N+](CCCCCCCCCC)(C1=CC=C(C(C2=CC=C(C=C2)N(C)C)C3=CC=C(C=C3)N(C)C)C=C1)C.[I-],CCCCCCCCCC[N+](C)(C)c1ccc(C(c2ccc(N(C)C)cc2)c2ccc(N(C)C)cc2)cc1.[I-],Bad,0,True,False,False
875,B_2026-02-11,C[N+](CCCCCCCCCC)(C1=CC=C(C(C2=CC=C(C=C2)[N+](C)(C)C)C3=CC=C(C=C3)[N+](C)(C)C)C=C1)C.[I-].[I-].[I-],C[N+](CCCCCCCCCC)(C1=CC=C(C(C2=CC=C(C=C2)[N+](C)(C)C)C3=CC=C(C=C3)[N+](C)(C)C)C=C1)C.[I-].[I-].[I-],CCCCCCCCCC[N+](C)(C)c1ccc(C(c2ccc([N+](C)(C)C)cc2)c2ccc([N+](C)(C)C)cc2)cc1.[I-].[I-].[I-],Bad,0,True,False,False
876,B_2026-02-11,C[N+](CCCCCCCCCCC)(C1=CC=C(C(C2=CC=C(C=C2)N(C)C)C3=CC=C(C=C3)N(C)C)C=C1)C.[I-],C[N+](CCCCCCCCCCC)(C1=CC=C(C(C2=CC=C(C=C2)N(C)C)C3=CC=C(C=C3)N(C)C)C=C1)C.[I-],CCCCCCCCCCC[N+](C)(C)c1ccc(C(c2ccc(N(C)C)cc2)c2ccc(N(C)C)cc2)cc1.[I-],Bad,0,True,False,False
877,B_2026-02-11,C[N+](CCCCCCCCCCC)(C1=CC=C(C(C2=CC=C(C=C2)[N+](C)(C)C)C3=CC=C(C=C3)[N+](C)(C)C)C=C1)C.[I-].[I-].[I-],C[N+](CCCCCCCCCCC)(C1=CC=C(C(C2=CC=C(C=C2)[N+](C)(C)C)C3=CC=C(C=C3)[N+](C)(C)C)C=C1)C.[I-].[I-].[I-],CCCCCCCCCCC[N+](C)(C)c1ccc(C(c2ccc([N+](C)(C)C)cc2)c2ccc([N+](C)(C)C)cc2)cc1.[I-].[I-].[I-],Bad,0,True,False,False
878,B_2026-02-11,C[N+](CCCCCCCCCCCC)(C1=CC=C(C(C2=CC=C(C=C2)N(C)C)C3=CC=C(C=C3)N(C)C)C=C1)C.[I-],C[N+](CCCCCCCCCCCC)(C1=CC=C(C(C2=CC=C(C=C2)N(C)C)C3=CC=C(C=C3)N(C)C)C=C1)C.[I-],CCCCCCCCCCCC[N+](C)(C)c1ccc(C(c2ccc(N(C)C)cc2)c2ccc(N(C)C)cc2)cc1.[I-],Bad,0,True,False,False
879,B_2026-02-11,C[N+](CCCCCCCCCCCC)(C1=CC=C(C(C2=CC=C(C=C2)[N+](C)(C)C)C3=CC=C(C=C3)[N+](C)(C)C)C=C1)C.[I-].[I-].[I-],C[N+](CCCCCCCCCCCC)(C1=CC=C(C(C2=CC=C(C=C2)[N+](C)(C)C)C3=CC=C(C=C3)[N+](C)(C)C)C=C1)C.[I-].[I-].[I-],CCCCCCCCCCCC[N+](C)(C)c1ccc(C(c2ccc([N+](C)(C)C)cc2)c2ccc([N+](C)(C)C)cc2)cc1.[I-].[I-].[I-],Bad,0,True,False,False
880,B_2026-02-11,C[N+](CCCCCCCCCCCCCC)(C1=CC=C(C(C2=CC=C(C=C2)N(C)C)C3=CC=C(C=C3)N(C)C)C=C1)C.[I-],C[N+](CCCCCCCCCCCCCC)(C1=CC=C(C(C2=CC=C(C=C2)N(C)C)C3=CC=C(C=C3)N(C)C)C=C1)C.[I-],CCCCCCCCCCCCCC[N+](C)(C)c1ccc(C(c2ccc(N(C)C)cc2)c2ccc(N(C)C)cc2)cc1.[I-],Bad,0,True,False,False
881,B_2026-02-11,C[N+](CCCCCCCCCCCCCC)(C1=CC=C(C(C2=CC=C(C=C2)[N+](C)(C)C)C3=CC=C(C=C3)[N+](C)(C)C)C=C1)C.[I-].[I-].[I-],C[N+](CCCCCCCCCCCCCC)(C1=CC=C(C(C2=CC=C(C=C2)[N+](C)(C)C)C3=CC=C(C=C3)[N+](C)(C)C)C=C1)C.[I-].[I-].[I-],CCCCCCCCCCCCCC[N+](C)(C)c1ccc(C(c2ccc([N+](C)(C)C)cc2)c2ccc([N+](C)(C)C)cc2)cc1.[I-].[I-].[I-],Good,1,True,False,False
882,B_2026-02-11,C[N+](CCCCCCCCCCCCCCCC)(C1=CC=C(C(C2=CC=C(C=C2)N(C)C)C3=CC=C(C=C3)N(C)C)C=C1)C.[I-],C[N+](CCCCCCCCCCCCCCCC)(C1=CC=C(C(C2=CC=C(C=C2)N(C)C)C3=CC=C(C=C3)N(C)C)C=C1)C.[I-],CCCCCCCCCCCCCCCC[N+](C)(C)c1ccc(C(c2ccc(N(C)C)cc2)c2ccc(N(C)C)cc2)cc1.[I-],Bad,0,True,False,False
883,B_2026-02-11,C[N+](CCCCCCCCCCCCCCCC)(C1=CC=C(C(C2=CC=C(C=C2)[N+](C)(C)C)C3=CC=C(C=C3)[N+](C)(C)C)C=C1)C.[I-].[I-].[I-],C[N+](CCCCCCCCCCCCCCCC)(C1=CC=C(C(C2=CC=C(C=C2)[N+](C)(C)C)C3=CC=C(C=C3)[N+](C)(C)C)C=C1)C.[I-].[I-].[I-],CCCCCCCCCCCCCCCC[N+](C)(C)c1ccc(C(c2ccc([N+](C)(C)C)cc2)c2ccc([N+](C)(C)C)cc2)cc1.[I-].[I-].[I-],Good,1,True,False,False
884,B_2026-02-11,C[N+](CCCCCCCCCCCCCCCCCC)(C1=CC=C(C(C2=CC=C(C=C2)N(C)C)C3=CC=C(C=C3)N(C)C)C=C1)C.[I-],C[N+](CCCCCCCCCCCCCCCCCC)(C1=CC=C(C(C2=CC=C(C=C2)N(C)C)C3=CC=C(C=C3)N(C)C)C=C1)C.[I-],CCCCCCCCCCCCCCCCCC[N+](C)(C)c1ccc(C(c2ccc(N(C)C)cc2)c2ccc(N(C)C)cc2)cc1.[I-],Bad,0,True,False,False
885,B_2026-02-11,C[N+](CCCCCCCCCCCCCCCCCC)(C1=CC=C(C(C2=CC=C(C=C2)[N+](C)(C)C)C3=CC=C(C=C3)[N+](C)(C)C)C=C1)C.[I-].[I-].[I-],C[N+](CCCCCCCCCCCCCCCCCC)(C1=CC=C(C(C2=CC=C(C=C2)[N+](C)(C)C)C3=CC=C(C=C3)[N+](C)(C)C)C=C1)C.[I-].[I-].[I-],CCCCCCCCCCCCCCCCCC[N+](C)(C)c1ccc(C(c2ccc([N+](C)(C)C)cc2)c2ccc([N+](C)(C)C)cc2)cc1.[I-].[I-].[I-],Good,1,True,False,False
886,B_2026-02-11,C[N+](C)(C1=CC=C(C(C2=CC=C(C=C2)[N+](C)(C)C)C3=CC=C(C=C3)[N+](C)(C)C)C=C1)C.[I-].[I-].[I-],C[N+](C)(C1=CC=C(C(C2=CC=C(C=C2)[N+](C)(C)C)C3=CC=C(C=C3)[N+](C)(C)C)C=C1)C.[I-].[I-].[I-],C[N+](C)(C)c1ccc(C(c2ccc([N+](C)(C)C)cc2)c2ccc([N+](C)(C)C)cc2)cc1.[I-].[I-].[I-],Bad,0,True,False,False
887,B_2026-02-11,CC[N+](CC)(C)C(C=C1)=CC=C1N(C2=CC=C(N(CC)CC)C=C2)C3=CC=C([N+](CC)(C)CC)C=C3.[I-].[I-],CC[N+](CC)(C)C(C=C1)=CC=C1N(C2=CC=C(N(CC)CC)C=C2)C3=CC=C([N+](CC)(C)CC)C=C3.[I-].[I-],CCN(CC)c1ccc(N(c2ccc([N+](C)(CC)CC)cc2)c2ccc([N+](C)(CC)CC)cc2)cc1.[I-].[I-],Bad,0,True,False,False
888,B_2026-02-11,CC[N+](CC)(C)C(C=C1)=CC=C1N(C2=CC=C([N+](CC)(C)CC)C=C2)C3=CC=C([N+](CC)(C)CC)C=C3.[I-].[I-].[I-],CC[N+](CC)(C)C(C=C1)=CC=C1N(C2=CC=C([N+](CC)(C)CC)C=C2)C3=CC=C([N+](CC)(C)CC)C=C3.[I-].[I-].[I-],CC[N+](C)(CC)c1ccc(N(c2ccc([N+](C)(CC)CC)cc2)c2ccc([N+](C)(CC)CC)cc2)cc1.[I-].[I-].[I-],Bad,0,True,False,False
889,B_2026-02-11,CN(C1=CC=C(C=C1)C(C2=CC=C(C=C2)[N+](CCCCCCCCCC)(C)C)C3=CC=CC=C3)C.[I-],CN(C1=CC=C(C=C1)C(C2=CC=C(C=C2)[N+](CCCCCCCCCC)(C)C)C3=CC=CC=C3)C.[I-],CCCCCCCCCC[N+](C)(C)c1ccc(C(c2ccccc2)c2ccc(N(C)C)cc2)cc1.[I-],Good,1,True,False,False
890,B_2026-02-11,C[N+](C)(C1=CC=C(C=C1)C(C2=CC=C(C=C2)[N+](CCCCCCCCCC)(C)C)C3=CC=CC=C3)C.[I-].[I-],C[N+](C)(C1=CC=C(C=C1)C(C2=CC=C(C=C2)[N+](CCCCCCCCCC)(C)C)C3=CC=CC=C3)C.[I-].[I-],CCCCCCCCCC[N+](C)(C)c1ccc(C(c2ccccc2)c2ccc([N+](C)(C)C)cc2)cc1.[I-].[I-],Bad,0,True,False,False
891,B_2026-02-11,C[N+](CCCCCCCCCC)(C1=CC=C(C=C1)C(C2=CC=C(C=C2)[N+](CCCCCCCCCC)(C)C)C3=CC=CC=C3)C.[I-].[I-],C[N+](CCCCCCCCCC)(C1=CC=C(C=C1)C(C2=CC=C(C=C2)[N+](CCCCCCCCCC)(C)C)C3=CC=CC=C3)C.[I-].[I-],CCCCCCCCCC[N+](C)(C)c1ccc(C(c2ccccc2)c2ccc([N+](C)(C)CCCCCCCCCC)cc2)cc1.[I-].[I-],Good,1,True,False,False
892,B_2026-02-11,CN(C1=CC=C(C=C1)C(C2=CC=C(C=C2)[N+](CCCCCCCCCCC)(C)C)C3=CC=CC=C3)C.[I-],CN(C1=CC=C(C=C1)C(C2=CC=C(C=C2)[N+](CCCCCCCCCCC)(C)C)C3=CC=CC=C3)C.[I-],CCCCCCCCCCC[N+](C)(C)c1ccc(C(c2ccccc2)c2ccc(N(C)C)cc2)cc1.[I-],Good,1,True,False,False
893,B_2026-02-11,C[N+](C)(C1=CC=C(C=C1)C(C2=CC=C(C=C2)[N+](CCCCCCCCCCC)(C)C)C3=CC=CC=C3)C.[I-].[I-],C[N+](C)(C1=CC=C(C=C1)C(C2=CC=C(C=C2)[N+](CCCCCCCCCCC)(C)C)C3=CC=CC=C3)C.[I-].[I-],CCCCCCCCCCC[N+](C)(C)c1ccc(C(c2ccccc2)c2ccc([N+](C)(C)C)cc2)cc1.[I-].[I-],Bad,0,True,False,False
894,B_2026-02-11,C[N+](CCCCCCCCCCC)(C1=CC=C(C=C1)C(C2=CC=C(C=C2)[N+](CCCCCCCCCCC)(C)C)C3=CC=CC=C3)C.[I-].[I-],C[N+](CCCCCCCCCCC)(C1=CC=C(C=C1)C(C2=CC=C(C=C2)[N+](CCCCCCCCCCC)(C)C)C3=CC=CC=C3)C.[I-].[I-],CCCCCCCCCCC[N+](C)(C)c1ccc(C(c2ccccc2)c2ccc([N+](C)(C)CCCCCCCCCCC)cc2)cc1.[I-].[I-],Good,1,True,False,False
895,B_2026-02-11,CN(C1=CC=C(C=C1)C(C2=CC=C(C=C2)[N+](CCCCCCCCCCCC)(C)C)C3=CC=CC=C3)C.[I-],CN(C1=CC=C(C=C1)C(C2=CC=C(C=C2)[N+](CCCCCCCCCCCC)(C)C)C3=CC=CC=C3)C.[I-],CCCCCCCCCCCC[N+](C)(C)c1ccc(C(c2ccccc2)c2ccc(N(C)C)cc2)cc1.[I-],Bad,0,True,False,False
896,B_2026-02-11,C[N+](C)(C1=CC=C(C=C1)C(C2=CC=C(C=C2)[N+](CCCCCCCCCCCC)(C)C)C3=CC=CC=C3)C.[I-].[I-],C[N+](C)(C1=CC=C(C=C1)C(C2=CC=C(C=C2)[N+](CCCCCCCCCCCC)(C)C)C3=CC=CC=C3)C.[I-].[I-],CCCCCCCCCCCC[N+](C)(C)c1ccc(C(c2ccccc2)c2ccc([N+](C)(C)C)cc2)cc1.[I-].[I-],Bad,0,True,False,False
897,B_2026-02-11,C[N+](CCCCCCCCCCCC)(C1=CC=C(C=C1)C(C2=CC=C(C=C2)[N+](CCCCCCCCCCCC)(C)C)C3=CC=CC=C3)C.[I-].[I-],C[N+](CCCCCCCCCCCC)(C1=CC=C(C=C1)C(C2=CC=C(C=C2)[N+](CCCCCCCCCCCC)(C)C)C3=CC=CC=C3)C.[I-].[I-],CCCCCCCCCCCC[N+](C)(C)c1ccc(C(c2ccccc2)c2ccc([N+](C)(C)CCCCCCCCCCCC)cc2)cc1.[I-].[I-],Good,1,True,False,False
898,B_2026-02-11,CN(C1=CC=C(C=C1)C(C2=CC=C(C=C2)[N+](CCCCCCCCCCCCCC)(C)C)C3=CC=CC=C3)C.[I-],CN(C1=CC=C(C=C1)C(C2=CC=C(C=C2)[N+](CCCCCCCCCCCCCC)(C)C)C3=CC=CC=C3)C.[I-],CCCCCCCCCCCCCC[N+](C)(C)c1ccc(C(c2ccccc2)c2ccc(N(C)C)cc2)cc1.[I-],Bad,0,True,False,False
899,B_2026-02-11,C[N+](C)(C1=CC=C(C=C1)C(C2=CC=C(C=C2)[N+](CCCCCCCCCCCCCC)(C)C)C3=CC=CC=C3)C.[I-].[I-],C[N+](C)(C1=CC=C(C=C1)C(C2=CC=C(C=C2)[N+](CCCCCCCCCCCCCC)(C)C)C3=CC=CC=C3)C.[I-].[I-],CCCCCCCCCCCCCC[N+](C)(C)c1ccc(C(c2ccccc2)c2ccc([N+](C)(C)C)cc2)cc1.[I-].[I-],Good,1,True,False,False
900,B_2026-02-11,C[N+](CCCCCCCCCCCCCC)(C1=CC=C(C=C1)C(C2=CC=C(C=C2)[N+](CCCCCCCCCCCCCC)(C)C)C3=CC=CC=C3)C.[I-].[I-],C[N+](CCCCCCCCCCCCCC)(C1=CC=C(C=C1)C(C2=CC=C(C=C2)[N+](CCCCCCCCCCCCCC)(C)C)C3=CC=CC=C3)C.[I-].[I-],CCCCCCCCCCCCCC[N+](C)(C)c1ccc(C(c2ccccc2)c2ccc([N+](C)(C)CCCCCCCCCCCCCC)cc2)cc1.[I-].[I-],Bad,0,True,False,False
901,B_2026-02-11,CN(C1=CC=C(C=C1)C(C2=CC=C(C=C2)[N+](CCCCCCCCCCCCCCCC)(C)C)C3=CC=CC=C3)C.[I-],CN(C1=CC=C(C=C1)C(C2=CC=C(C=C2)[N+](CCCCCCCCCCCCCCCC)(C)C)C3=CC=CC=C3)C.[I-],CCCCCCCCCCCCCCCC[N+](C)(C)c1ccc(C(c2ccccc2)c2ccc(N(C)C)cc2)cc1.[I-],Bad,0,True,False,False
902,B_2026-02-11,C[N+](C)(C1=CC=C(C=C1)C(C2=CC=C(C=C2)[N+](CCCCCCCCCCCCCCCC)(C)C)C3=CC=CC=C3)C.[I-].[I-],C[N+](C)(C1=CC=C(C=C1)C(C2=CC=C(C=C2)[N+](CCCCCCCCCCCCCCCC)(C)C)C3=CC=CC=C3)C.[I-].[I-],CCCCCCCCCCCCCCCC[N+](C)(C)c1ccc(C(c2ccccc2)c2ccc([N+](C)(C)C)cc2)cc1.[I-].[I-],Good,1,True,False,False
903,B_2026-02-11,C[N+](CCCCCCCCCCCCCCCC)(C1=CC=C(C=C1)C(C2=CC=C(C=C2)[N+](CCCCCCCCCCCCCCCC)(C)C)C3=CC=CC=C3)C.[I-].[I-],C[N+](CCCCCCCCCCCCCCCC)(C1=CC=C(C=C1)C(C2=CC=C(C=C2)[N+](CCCCCCCCCCCCCCCC)(C)C)C3=CC=CC=C3)C.[I-].[I-],CCCCCCCCCCCCCCCC[N+](C)(C)c1ccc(C(c2ccccc2)c2ccc([N+](C)(C)CCCCCCCCCCCCCCCC)cc2)cc1.[I-].[I-],Bad,0,True,False,False
904,B_2026-02-11,CN(C1=CC=C(C=C1)C(C2=CC=C(C=C2)[N+](CCCCCCCCCCCCCCCCCC)(C)C)C3=CC=CC=C3)C.[I-],CN(C1=CC=C(C=C1)C(C2=CC=C(C=C2)[N+](CCCCCCCCCCCCCCCCCC)(C)C)C3=CC=CC=C3)C.[I-],CCCCCCCCCCCCCCCCCC[N+](C)(C)c1ccc(C(c2ccccc2)c2ccc(N(C)C)cc2)cc1.[I-],Bad,0,True,False,False
905,B_2026-02-11,C[N+](C)(C1=CC=C(C=C1)C(C2=CC=C(C=C2)[N+](CCCCCCCCCCCCCCCCCC)(C)C)C3=CC=CC=C3)C.[I-].[I-],C[N+](C)(C1=CC=C(C=C1)C(C2=CC=C(C=C2)[N+](CCCCCCCCCCCCCCCCCC)(C)C)C3=CC=CC=C3)C.[I-].[I-],CCCCCCCCCCCCCCCCCC[N+](C)(C)c1ccc(C(c2ccccc2)c2ccc([N+](C)(C)C)cc2)cc1.[I-].[I-],Good,1,True,False,False
906,B_2026-02-11,C[N+](CCCCCCCCCCCCCCCCCC)(C1=CC=C(C=C1)C(C2=CC=C(C=C2)[N+](CCCCCCCCCCCCCCCCCC)(C)C)C3=CC=CC=C3)C.[I-].[I-],C[N+](CCCCCCCCCCCCCCCCCC)(C1=CC=C(C=C1)C(C2=CC=C(C=C2)[N+](CCCCCCCCCCCCCCCCCC)(C)C)C3=CC=CC=C3)C.[I-].[I-],CCCCCCCCCCCCCCCCCC[N+](C)(C)c1ccc(C(c2ccccc2)c2ccc([N+](C)(C)CCCCCCCCCCCCCCCCCC)cc2)cc1.[I-].[I-],Bad,0,True,False,False
907,B_2026-02-11,C[N+](C)(CCCCCCCCCC)C(C=C1)=CC=C1C(C2=CC=CC=C2)C3=CC=C(N(C)CCCCCCCCCC)C=C3.[I-],C[N+](C)(CCCCCCCCCC)C(C=C1)=CC=C1C(C2=CC=CC=C2)C3=CC=C(N(C)CCCCCCCCCC)C=C3.[I-],CCCCCCCCCCN(C)c1ccc(C(c2ccccc2)c2ccc([N+](C)(C)CCCCCCCCCC)cc2)cc1.[I-],Bad,0,True,False,False
908,B_2026-02-11,C[N+](C)(CCCCCCCCCCC)C(C=C1)=CC=C1C(C2=CC=CC=C2)C3=CC=C(N(C)CCCCCCCCCCC)C=C3.[I-],C[N+](C)(CCCCCCCCCCC)C(C=C1)=CC=C1C(C2=CC=CC=C2)C3=CC=C(N(C)CCCCCCCCCCC)C=C3.[I-],CCCCCCCCCCCN(C)c1ccc(C(c2ccccc2)c2ccc([N+](C)(C)CCCCCCCCCCC)cc2)cc1.[I-],Bad,0,True,False,False
909,B_2026-02-11,C[N+](C)(CCCCCCCCCCCC)C(C=C1)=CC=C1C(C2=CC=CC=C2)C3=CC=C(N(C)CCCCCCCCCCCC)C=C3.[I-],C[N+](C)(CCCCCCCCCCCC)C(C=C1)=CC=C1C(C2=CC=CC=C2)C3=CC=C(N(C)CCCCCCCCCCCC)C=C3.[I-],CCCCCCCCCCCCN(C)c1ccc(C(c2ccccc2)c2ccc([N+](C)(C)CCCCCCCCCCCC)cc2)cc1.[I-],Bad,0,True,False,False
910,B_2026-02-11,C[N+](C)(CCCCCCCCCCCCCC)C(C=C1)=CC=C1C(C2=CC=CC=C2)C3=CC=C(N(C)CCCCCCCCCCCCCC)C=C3.[I-],C[N+](C)(CCCCCCCCCCCCCC)C(C=C1)=CC=C1C(C2=CC=CC=C2)C3=CC=C(N(C)CCCCCCCCCCCCCC)C=C3.[I-],CCCCCCCCCCCCCCN(C)c1ccc(C(c2ccccc2)c2ccc([N+](C)(C)CCCCCCCCCCCCCC)cc2)cc1.[I-],Bad,0,True,False,False
911,B_2026-02-11,C[N+](C)(CCCCCCCCCCCCCCCC)C(C=C1)=CC=C1C(C2=CC=CC=C2)C3=CC=C(N(C)CCCCCCCCCCCCCCCC)C=C3.[I-],C[N+](C)(CCCCCCCCCCCCCCCC)C(C=C1)=CC=C1C(C2=CC=CC=C2)C3=CC=C(N(C)CCCCCCCCCCCCCCCC)C=C3.[I-],CCCCCCCCCCCCCCCCN(C)c1ccc(C(c2ccccc2)c2ccc([N+](C)(C)CCCCCCCCCCCCCCCC)cc2)cc1.[I-],Bad,0,True,False,False
912,B_2026-02-11,C[N+](C)(CCCCCCCCCCCCCCCCCC)C(C=C1)=CC=C1C(C2=CC=CC=C2)C3=CC=C(N(C)CCCCCCCCCCCCCCCCCC)C=C3.[I-],C[N+](C)(CCCCCCCCCCCCCCCCCC)C(C=C1)=CC=C1C(C2=CC=CC=C2)C3=CC=C(N(C)CCCCCCCCCCCCCCCCCC)C=C3.[I-],CCCCCCCCCCCCCCCCCCN(C)c1ccc(C(c2ccccc2)c2ccc([N+](C)(C)CCCCCCCCCCCCCCCCCC)cc2)cc1.[I-],Bad,0,True,False,False
913,B_2026-02-11,C[N+]1=C(C(C=CC=C2)=C2O3)C3=C(NC4=CC=CC=C4)C5=CC=CC=C51.[I-],C[N+]1=C(C(C=CC=C2)=C2O3)C3=C(NC4=CC=CC=C4)C5=CC=CC=C51.[I-],C[n+]1c2ccccc2c(Nc2ccccc2)c2oc3ccccc3c21.[I-],Bad,0,True,False,False
914,B_2026-02-11,C[N+]1=C(C(C=CC=C2)=C2O3)C3=C(NC4=CC=CC=C4C)C5=CC=CC=C51.[I-],C[N+]1=C(C(C=CC=C2)=C2O3)C3=C(NC4=CC=CC=C4C)C5=CC=CC=C51.[I-],Cc1ccccc1Nc1c2ccccc2[n+](C)c2c1oc1ccccc12.[I-],Bad,0,True,False,False
915,B_2026-02-11,C[N+]1=C(C(C=CC=C2)=C2O3)C3=C(NC4=CC=C(C)C=C4)C5=CC=CC=C51.[I-],C[N+]1=C(C(C=CC=C2)=C2O3)C3=C(NC4=CC=C(C)C=C4)C5=CC=CC=C51.[I-],Cc1ccc(Nc2c3ccccc3[n+](C)c3c2oc2ccccc23)cc1.[I-],Bad,0,True,False,False
916,B_2026-02-11,C[N+]1=C(C(C=CC=C2)=C2O3)C3=C(NC4=CC=C(CC)C=C4)C5=CC=CC=C51.[I-],C[N+]1=C(C(C=CC=C2)=C2O3)C3=C(NC4=CC=C(CC)C=C4)C5=CC=CC=C51.[I-],CCc1ccc(Nc2c3ccccc3[n+](C)c3c2oc2ccccc23)cc1.[I-],Bad,0,True,False,False
917,B_2026-02-11,C[N+]1=C(C(C=CC=C2)=C2O3)C3=C(NC4=CC=C(Cl)C=C4)C5=CC=CC=C51.[I-],C[N+]1=C(C(C=CC=C2)=C2O3)C3=C(NC4=CC=C(Cl)C=C4)C5=CC=CC=C51.[I-],C[n+]1c2ccccc2c(Nc2ccc(Cl)cc2)c2oc3ccccc3c21.[I-],Bad,0,True,False,False
918,B_2026-02-11,C[N+]1=C(C(C=CC=C2)=C2O3)C3=C(NC4=CC=CC=C4OCC)C5=CC=CC=C51.[I-],C[N+]1=C(C(C=CC=C2)=C2O3)C3=C(NC4=CC=CC=C4OCC)C5=CC=CC=C51.[I-],CCOc1ccccc1Nc1c2ccccc2[n+](C)c2c1oc1ccccc12.[I-],Bad,0,True,False,False
919,B_2026-02-11,C[N+]1=C(C(C=CC=C2)=C2O3)C3=C(NC4=CC=C(OCC)C=C4)C5=CC=CC=C51.[I-],C[N+]1=C(C(C=CC=C2)=C2O3)C3=C(NC4=CC=C(OCC)C=C4)C5=CC=CC=C51.[I-],CCOc1ccc(Nc2c3ccccc3[n+](C)c3c2oc2ccccc23)cc1.[I-],Bad,0,True,False,False
920,B_2026-02-11,C[N+]1=C(C(C=CC=C2)=C2O3)C3=C(NC4=CC=CC(F)=C4)C5=CC=CC=C51.[I-],C[N+]1=C(C(C=CC=C2)=C2O3)C3=C(NC4=CC=CC(F)=C4)C5=CC=CC=C51.[I-],C[n+]1c2ccccc2c(Nc2cccc(F)c2)c2oc3ccccc3c21.[I-],Bad,0,True,False,False
921,B_2026-02-11,C[N+]1=C(C(C=CC=C2)=C2O3)C3=C(NC4=CC=C(F)C=C4)C5=CC=CC=C51.[I-],C[N+]1=C(C(C=CC=C2)=C2O3)C3=C(NC4=CC=C(F)C=C4)C5=CC=CC=C51.[I-],C[n+]1c2ccccc2c(Nc2ccc(F)cc2)c2oc3ccccc3c21.[I-],Bad,0,True,False,False
922,B_2026-02-11,C[N+]1=C(C(C=CC=C2)=C2O3)C3=C(NC4=CC=C(OC)C=C4)C5=CC=CC=C51.[I-],C[N+]1=C(C(C=CC=C2)=C2O3)C3=C(NC4=CC=C(OC)C=C4)C5=CC=CC=C51.[I-],COc1ccc(Nc2c3ccccc3[n+](C)c3c2oc2ccccc23)cc1.[I-],Bad,0,True,False,False
923,B_2026-02-11,C[N+]1=C(C(C=CC=C2)=C2O3)C3=C(NC4=CC=CC=C4OC)C5=CC=CC=C51.[I-],C[N+]1=C(C(C=CC=C2)=C2O3)C3=C(NC4=CC=CC=C4OC)C5=CC=CC=C51.[I-],COc1ccccc1Nc1c2ccccc2[n+](C)c2c1oc1ccccc12.[I-],Bad,0,True,False,False
924,B_2026-02-11,C[N+]1=C(C(C=CC=C2)=C2O3)C3=C(NC4=CC=C(C)C(C)=C4)C5=CC=CC=C51.[I-],C[N+]1=C(C(C=CC=C2)=C2O3)C3=C(NC4=CC=C(C)C(C)=C4)C5=CC=CC=C51.[I-],Cc1ccc(Nc2c3ccccc3[n+](C)c3c2oc2ccccc23)cc1C.[I-],Bad,0,True,False,False
925,B_2026-02-11,C[N+]1=C(C(C=CC=C2)=C2O3)C3=C(NC4=CC=CC(OC)=C4)C5=CC=CC=C51.[I-],C[N+]1=C(C(C=CC=C2)=C2O3)C3=C(NC4=CC=CC(OC)=C4)C5=CC=CC=C51.[I-],COc1cccc(Nc2c3ccccc3[n+](C)c3c2oc2ccccc23)c1.[I-],Bad,0,True,False,False
926,B_2026-02-11,C[N+]1=C(C(C=CC=C2)=C2O3)C3=C(NC4=CC(C)=CC(C)=C4)C5=CC=CC=C51.[I-],C[N+]1=C(C(C=CC=C2)=C2O3)C3=C(NC4=CC(C)=CC(C)=C4)C5=CC=CC=C51.[I-],Cc1cc(C)cc(Nc2c3ccccc3[n+](C)c3c2oc2ccccc23)c1.[I-],Bad,0,True,False,False
927,B_2026-02-11,C[N+]1=C(C(C=CC=C2)=C2O3)C3=C(NC4=CC=C(F)C=C4F)C5=CC=CC=C51.[I-],C[N+]1=C(C(C=CC=C2)=C2O3)C3=C(NC4=CC=C(F)C=C4F)C5=CC=CC=C51.[I-],C[n+]1c2ccccc2c(Nc2ccc(F)cc2F)c2oc3ccccc3c21.[I-],Bad,0,True,False,False
928,B_2026-02-11,C[N+]1=C(C(C=CC=C2)=C2O3)C3=C(NC4=CC=C(F)C=C4C)C5=CC=CC=C51.[I-],C[N+]1=C(C(C=CC=C2)=C2O3)C3=C(NC4=CC=C(F)C=C4C)C5=CC=CC=C51.[I-],Cc1cc(F)ccc1Nc1c2ccccc2[n+](C)c2c1oc1ccccc12.[I-],Bad,0,True,False,False
929,B_2026-02-11,C[N+]1=C(C(C=CC=C2)=C2O3)C3=C(NC4=CC=C(C)C(F)=C4)C5=CC=CC=C51.[I-],C[N+]1=C(C(C=CC=C2)=C2O3)C3=C(NC4=CC=C(C)C(F)=C4)C5=CC=CC=C51.[I-],Cc1ccc(Nc2c3ccccc3[n+](C)c3c2oc2ccccc23)cc1F.[I-],Bad,0,True,False,False
930,B_2026-02-11,C[N+]1=C(C(C=CC=C2)=C2O3)C3=C(NC4=CC=C(OC(F)(F)F)C=C4)C5=CC=CC=C51.[I-],C[N+]1=C(C(C=CC=C2)=C2O3)C3=C(NC4=CC=C(OC(F)(F)F)C=C4)C5=CC=CC=C51.[I-],C[n+]1c2ccccc2c(Nc2ccc(OC(F)(F)F)cc2)c2oc3ccccc3c21.[I-],Bad,0,True,False,False
931,B_2026-02-11,C[N+]1=C2C3=C(NC2=C(C4=CC=CC=C41)NC5=CC=CC=C5)C=CC=C3.[I-],C[N+]1=C2C3=C(NC2=C(C4=CC=CC=C41)NC5=CC=CC=C5)C=CC=C3.[I-],C[n+]1c2ccccc2c(Nc2ccccc2)c2[nH]c3ccccc3c21.[I-],Bad,0,True,False,False
932,B_2026-02-11,C[N+]1=C2C3=C(NC2=C(C4=CC=CC=C41)NC5=CC=CC=C5C)C=CC=C3.[I-],C[N+]1=C2C3=C(NC2=C(C4=CC=CC=C41)NC5=CC=CC=C5C)C=CC=C3.[I-],Cc1ccccc1Nc1c2ccccc2[n+](C)c2c1[nH]c1ccccc12.[I-],Bad,0,True,False,False
933,B_2026-02-11,C[N+]1=C2C3=C(NC2=C(C4=CC=CC=C41)NC5=CC=C(C=C5)C)C=CC=C3.[I-],C[N+]1=C2C3=C(NC2=C(C4=CC=CC=C41)NC5=CC=C(C=C5)C)C=CC=C3.[I-],Cc1ccc(Nc2c3ccccc3[n+](C)c3c2[nH]c2ccccc23)cc1.[I-],Bad,0,True,False,False
934,B_2026-02-11,C[N+]1=C2C3=C(NC2=C(C4=CC=CC=C41)NC5=CC=C(C=C5)CC)C=CC=C3.[I-],C[N+]1=C2C3=C(NC2=C(C4=CC=CC=C41)NC5=CC=C(C=C5)CC)C=CC=C3.[I-],CCc1ccc(Nc2c3ccccc3[n+](C)c3c2[nH]c2ccccc23)cc1.[I-],Bad,0,True,False,False
935,B_2026-02-11,C[N+]1=C2C3=C(NC2=C(C4=CC=CC=C41)NC5=CC=C(C=C5)Cl)C=CC=C3.[I-],C[N+]1=C2C3=C(NC2=C(C4=CC=CC=C41)NC5=CC=C(C=C5)Cl)C=CC=C3.[I-],C[n+]1c2ccccc2c(Nc2ccc(Cl)cc2)c2[nH]c3ccccc3c21.[I-],Bad,0,True,False,False
936,B_2026-02-11,C[N+]1=C2C3=C(NC2=C(C4=CC=CC=C41)NC5=CC=CC=C5OCC)C=CC=C3.[I-],C[N+]1=C2C3=C(NC2=C(C4=CC=CC=C41)NC5=CC=CC=C5OCC)C=CC=C3.[I-],CCOc1ccccc1Nc1c2ccccc2[n+](C)c2c1[nH]c1ccccc12.[I-],Bad,0,True,False,False
937,B_2026-02-11,C[N+]1=C2C3=C(NC2=C(C4=CC=CC=C41)NC5=CC=C(C=C5)OCC)C=CC=C3.[I-],C[N+]1=C2C3=C(NC2=C(C4=CC=CC=C41)NC5=CC=C(C=C5)OCC)C=CC=C3.[I-],CCOc1ccc(Nc2c3ccccc3[n+](C)c3c2[nH]c2ccccc23)cc1.[I-],Bad,0,True,False,False
938,B_2026-02-11,C[N+]1=C2C3=C(NC2=C(C4=CC=CC=C41)NC5=CC=CC(F)=C5)C=CC=C3.[I-],C[N+]1=C2C3=C(NC2=C(C4=CC=CC=C41)NC5=CC=CC(F)=C5)C=CC=C3.[I-],C[n+]1c2ccccc2c(Nc2cccc(F)c2)c2[nH]c3ccccc3c21.[I-],Bad,0,True,False,False
939,B_2026-02-11,C[N+]1=C2C3=C(NC2=C(C4=CC=CC=C41)NC5=CC=C(C=C5)F)C=CC=C3.[I-],C[N+]1=C2C3=C(NC2=C(C4=CC=CC=C41)NC5=CC=C(C=C5)F)C=CC=C3.[I-],C[n+]1c2ccccc2c(Nc2ccc(F)cc2)c2[nH]c3ccccc3c21.[I-],Bad,0,True,False,False
940,B_2026-02-11,C[N+]1=C2C3=C(NC2=C(C4=CC=CC=C41)NC5=CC=C(C=C5)OC)C=CC=C3.[I-],C[N+]1=C2C3=C(NC2=C(C4=CC=CC=C41)NC5=CC=C(C=C5)OC)C=CC=C3.[I-],COc1ccc(Nc2c3ccccc3[n+](C)c3c2[nH]c2ccccc23)cc1.[I-],Bad,0,True,False,False
941,B_2026-02-11,C[N+]1=C2C3=C(NC2=C(C4=CC=CC=C41)NC5=CC=CC=C5OC)C=CC=C3.[I-],C[N+]1=C2C3=C(NC2=C(C4=CC=CC=C41)NC5=CC=CC=C5OC)C=CC=C3.[I-],COc1ccccc1Nc1c2ccccc2[n+](C)c2c1[nH]c1ccccc12.[I-],Bad,0,True,False,False
942,B_2026-02-11,C[N+]1=C2C3=C(NC2=C(C4=CC=CC=C41)NC5=CC=C(C(C)=C5)C)C=CC=C3.[I-],C[N+]1=C2C3=C(NC2=C(C4=CC=CC=C41)NC5=CC=C(C(C)=C5)C)C=CC=C3.[I-],Cc1ccc(Nc2c3ccccc3[n+](C)c3c2[nH]c2ccccc23)cc1C.[I-],Bad,0,True,False,False
943,B_2026-02-11,C[N+]1=C2C3=C(NC2=C(C4=CC=CC=C41)NC5=CC=CC(OC)=C5)C=CC=C3.[I-],C[N+]1=C2C3=C(NC2=C(C4=CC=CC=C41)NC5=CC=CC(OC)=C5)C=CC=C3.[I-],COc1cccc(Nc2c3ccccc3[n+](C)c3c2[nH]c2ccccc23)c1.[I-],Bad,0,True,False,False
944,B_2026-02-11,C[N+]1=C2C3=C(NC2=C(C4=CC=CC=C41)NC5=CC(C)=CC(C)=C5)C=CC=C3.[I-],C[N+]1=C2C3=C(NC2=C(C4=CC=CC=C41)NC5=CC(C)=CC(C)=C5)C=CC=C3.[I-],Cc1cc(C)cc(Nc2c3ccccc3[n+](C)c3c2[nH]c2ccccc23)c1.[I-],Bad,0,True,False,False
945,B_2026-02-11,C[N+]1=C2C3=C(NC2=C(C4=CC=CC=C41)NC5=CC=C(C=C5F)F)C=CC=C3.[I-],C[N+]1=C2C3=C(NC2=C(C4=CC=CC=C41)NC5=CC=C(C=C5F)F)C=CC=C3.[I-],C[n+]1c2ccccc2c(Nc2ccc(F)cc2F)c2[nH]c3ccccc3c21.[I-],Bad,0,True,False,False
946,B_2026-02-11,C[N+]1=C2C3=C(NC2=C(C4=CC=CC=C41)NC5=CC=C(C=C5C)F)C=CC=C3.[I-],C[N+]1=C2C3=C(NC2=C(C4=CC=CC=C41)NC5=CC=C(C=C5C)F)C=CC=C3.[I-],Cc1cc(F)ccc1Nc1c2ccccc2[n+](C)c2c1[nH]c1ccccc12.[I-],Bad,0,True,False,False
947,B_2026-02-11,C[N+]1=C2C3=C(NC2=C(C4=CC=CC=C41)NC5=CC=C(C(F)=C5)C)C=CC=C3.[I-],C[N+]1=C2C3=C(NC2=C(C4=CC=CC=C41)NC5=CC=C(C(F)=C5)C)C=CC=C3.[I-],Cc1ccc(Nc2c3ccccc3[n+](C)c3c2[nH]c2ccccc23)cc1F.[I-],Bad,0,True,False,False
948,B_2026-02-11,C[N+]1=C2C3=C(NC2=C(C4=CC=CC=C41)NC5=CC=C(C=C5)OC(F)(F)F)C=CC=C3.[I-],C[N+]1=C2C3=C(NC2=C(C4=CC=CC=C41)NC5=CC=C(C=C5)OC(F)(F)F)C=CC=C3.[I-],C[n+]1c2ccccc2c(Nc2ccc(OC(F)(F)F)cc2)c2[nH]c3ccccc3c21.[I-],Bad,0,True,False,False
949,B_2026-02-11,C[N+](CCO)(C)CCSC(O1)=NN=C1C2=CC=CC=C2.[Br-],C[N+](CCO)(C)CCSC(O1)=NN=C1C2=CC=CC=C2.[Br-],C[N+](C)(CCO)CCSc1nnc(-c2ccccc2)o1.[Br-],Bad,0,True,False,False
950,B_2026-02-11,C[N+](CCO)(C)CCCSC(O1)=NN=C1C2=CC=CC=C2.[Br-],C[N+](CCO)(C)CCCSC(O1)=NN=C1C2=CC=CC=C2.[Br-],C[N+](C)(CCO)CCCSc1nnc(-c2ccccc2)o1.[Br-],Bad,0,True,False,False
951,B_2026-02-11,C[N+](CCO)(C)CCCCSC(O1)=NN=C1C2=CC=CC=C2.[Br-],C[N+](CCO)(C)CCCCSC(O1)=NN=C1C2=CC=CC=C2.[Br-],C[N+](C)(CCO)CCCCSc1nnc(-c2ccccc2)o1.[Br-],Bad,0,True,False,False
952,B_2026-02-11,C[N+](CCO)(C)CCCCCCSC(O1)=NN=C1C2=CC=CC=C2.[Br-],C[N+](CCO)(C)CCCCCCSC(O1)=NN=C1C2=CC=CC=C2.[Br-],C[N+](C)(CCO)CCCCCCSc1nnc(-c2ccccc2)o1.[Br-],Bad,0,True,False,False
953,B_2026-02-11,C[N+](CCO)(C)CCCCCCCCSC(O1)=NN=C1C2=CC=CC=C2.[Br-],C[N+](CCO)(C)CCCCCCCCSC(O1)=NN=C1C2=CC=CC=C2.[Br-],C[N+](C)(CCO)CCCCCCCCSc1nnc(-c2ccccc2)o1.[Br-],Bad,0,True,False,False
954,B_2026-02-11,C[N+](CCO)(C)CCCCCCCCCCSC(O1)=NN=C1C2=CC=CC=C2.[Br-],C[N+](CCO)(C)CCCCCCCCCCSC(O1)=NN=C1C2=CC=CC=C2.[Br-],C[N+](C)(CCO)CCCCCCCCCCSc1nnc(-c2ccccc2)o1.[Br-],Bad,0,True,False,False
955,B_2026-02-11,C[N+](CCO)(C)CCCCCCCCCCCCSC(O1)=NN=C1C2=CC=CC=C2.[Br-],C[N+](CCO)(C)CCCCCCCCCCCCSC(O1)=NN=C1C2=CC=CC=C2.[Br-],C[N+](C)(CCO)CCCCCCCCCCCCSc1nnc(-c2ccccc2)o1.[Br-],Bad,0,True,False,False
956,B_2026-02-11,OCC[N+](CC)(CC)CCSC(O1)=NN=C1C2=CC=CC=C2.[Br-],OCC[N+](CC)(CC)CCSC(O1)=NN=C1C2=CC=CC=C2.[Br-],CC[N+](CC)(CCO)CCSc1nnc(-c2ccccc2)o1.[Br-],Bad,0,True,False,False
957,B_2026-02-11,OCC[N+](CC)(CC)CCCSC(O1)=NN=C1C2=CC=CC=C2.[Br-],OCC[N+](CC)(CC)CCCSC(O1)=NN=C1C2=CC=CC=C2.[Br-],CC[N+](CC)(CCO)CCCSc1nnc(-c2ccccc2)o1.[Br-],Bad,0,True,False,False
958,B_2026-02-11,OCC[N+](CC)(CC)CCCCSC(O1)=NN=C1C2=CC=CC=C2.[Br-],OCC[N+](CC)(CC)CCCCSC(O1)=NN=C1C2=CC=CC=C2.[Br-],CC[N+](CC)(CCO)CCCCSc1nnc(-c2ccccc2)o1.[Br-],Bad,0,True,False,False
959,B_2026-02-11,OCC[N+](CC)(CC)CCCCCCSC(O1)=NN=C1C2=CC=CC=C2.[Br-],OCC[N+](CC)(CC)CCCCCCSC(O1)=NN=C1C2=CC=CC=C2.[Br-],CC[N+](CC)(CCO)CCCCCCSc1nnc(-c2ccccc2)o1.[Br-],Bad,0,True,False,False
960,B_2026-02-11,OCC[N+](CC)(CC)CCCCCCCCSC(O1)=NN=C1C2=CC=CC=C2.[Br-],OCC[N+](CC)(CC)CCCCCCCCSC(O1)=NN=C1C2=CC=CC=C2.[Br-],CC[N+](CC)(CCO)CCCCCCCCSc1nnc(-c2ccccc2)o1.[Br-],Bad,0,True,False,False
961,B_2026-02-11,OCC[N+](CC)(CC)CCCCCCCCCCSC(O1)=NN=C1C2=CC=CC=C2.[Br-],OCC[N+](CC)(CC)CCCCCCCCCCSC(O1)=NN=C1C2=CC=CC=C2.[Br-],CC[N+](CC)(CCO)CCCCCCCCCCSc1nnc(-c2ccccc2)o1.[Br-],Bad,0,True,False,False
962,B_2026-02-11,OCC[N+](CC)(CC)CCCCCCCCCCCCSC(O1)=NN=C1C2=CC=CC=C2.[Br-],OCC[N+](CC)(CC)CCCCCCCCCCCCSC(O1)=NN=C1C2=CC=CC=C2.[Br-],CC[N+](CC)(CCO)CCCCCCCCCCCCSc1nnc(-c2ccccc2)o1.[Br-],Bad,0,True,False,False
963,B_2026-02-11,C[N+](CCO)(CCO)CCSC(O1)=NN=C1C2=CC=CC=C2.[Br-],C[N+](CCO)(CCO)CCSC(O1)=NN=C1C2=CC=CC=C2.[Br-],C[N+](CCO)(CCO)CCSc1nnc(-c2ccccc2)o1.[Br-],Bad,0,True,False,False
964,B_2026-02-11,C[N+](CCO)(CCO)CCCSC(O1)=NN=C1C2=CC=CC=C2.[Br-],C[N+](CCO)(CCO)CCCSC(O1)=NN=C1C2=CC=CC=C2.[Br-],C[N+](CCO)(CCO)CCCSc1nnc(-c2ccccc2)o1.[Br-],Bad,0,True,False,False
965,B_2026-02-11,C[N+](CCO)(CCO)CCCCSC(O1)=NN=C1C2=CC=CC=C2.[Br-],C[N+](CCO)(CCO)CCCCSC(O1)=NN=C1C2=CC=CC=C2.[Br-],C[N+](CCO)(CCO)CCCCSc1nnc(-c2ccccc2)o1.[Br-],Bad,0,True,False,False
966,B_2026-02-11,C[N+](CCO)(CCO)CCCCCCSC(O1)=NN=C1C2=CC=CC=C2.[Br-],C[N+](CCO)(CCO)CCCCCCSC(O1)=NN=C1C2=CC=CC=C2.[Br-],C[N+](CCO)(CCO)CCCCCCSc1nnc(-c2ccccc2)o1.[Br-],Bad,0,True,False,False
967,B_2026-02-11,C[N+](CCO)(CCO)CCCCCCCCSC(O1)=NN=C1C2=CC=CC=C2.[Br-],C[N+](CCO)(CCO)CCCCCCCCSC(O1)=NN=C1C2=CC=CC=C2.[Br-],C[N+](CCO)(CCO)CCCCCCCCSc1nnc(-c2ccccc2)o1.[Br-],Bad,0,True,False,False
968,B_2026-02-11,C[N+](CCO)(CCO)CCCCCCCCCCSC(O1)=NN=C1C2=CC=CC=C2.[Br-],C[N+](CCO)(CCO)CCCCCCCCCCSC(O1)=NN=C1C2=CC=CC=C2.[Br-],C[N+](CCO)(CCO)CCCCCCCCCCSc1nnc(-c2ccccc2)o1.[Br-],Bad,0,True,False,False
969,B_2026-02-11,C[N+](CCO)(CCO)CCCCCCCCCCCCSC(O1)=NN=C1C2=CC=CC=C2.[Br-],C[N+](CCO)(CCO)CCCCCCCCCCCCSC(O1)=NN=C1C2=CC=CC=C2.[Br-],C[N+](CCO)(CCO)CCCCCCCCCCCCSc1nnc(-c2ccccc2)o1.[Br-],Good,1,True,False,False
970,B_2026-02-11,CC1=[N+](C=CN1CCCCCCCCCCCCCCCC)C2=CC=CC=C2.[Br-],CC1=[N+](C=CN1CCCCCCCCCCCCCCCC)C2=CC=CC=C2.[Br-],CCCCCCCCCCCCCCCCn1cc[n+](-c2ccccc2)c1C.[Br-],Bad,0,True,False,False
971,B_2026-02-11,CC1=[N+](C=CN1CCCCCCCCCCCCCCCC)C2=CC=C(C(F)(F)F)C=C2.[Br-],CC1=[N+](C=CN1CCCCCCCCCCCCCCCC)C2=CC=C(C(F)(F)F)C=C2.[Br-],CCCCCCCCCCCCCCCCn1cc[n+](-c2ccc(C(F)(F)F)cc2)c1C.[Br-],Bad,0,True,False,False
972,B_2026-02-11,CC1=[N+](C=CN1CCCCCCCCCCCCCCCC)C2=CC=C([N+]([O-])=O)C=C2.[Br-],CC1=[N+](C=CN1CCCCCCCCCCCCCCCC)C2=CC=C([N+]([O-])=O)C=C2.[Br-],CCCCCCCCCCCCCCCCn1cc[n+](-c2ccc([N+](=O)[O-])cc2)c1C.[Br-],Bad,0,True,False,False
973,B_2026-02-11,CC1=[N+](C=CN1CCCCCCCCCCCCCCCC)C2=CC=C(OC)C=C2.[Br-],CC1=[N+](C=CN1CCCCCCCCCCCCCCCC)C2=CC=C(OC)C=C2.[Br-],CCCCCCCCCCCCCCCCn1cc[n+](-c2ccc(OC)cc2)c1C.[Br-],Bad,0,True,False,False
974,B_2026-02-11,CC1=[N+](C=CN1CCCCCCCCCCCCCCCC)C2=CC=C(OC3=CC=CC=C3)C=C2.[Br-],CC1=[N+](C=CN1CCCCCCCCCCCCCCCC)C2=CC=C(OC3=CC=CC=C3)C=C2.[Br-],CCCCCCCCCCCCCCCCn1cc[n+](-c2ccc(Oc3ccccc3)cc2)c1C.[Br-],Bad,0,True,False,False
975,B_2026-02-11,CC1=[N+](C=CN1CCCCCCCCCCCCCCCC)C2=CC=C(Cl)C=C2.[Br-],CC1=[N+](C=CN1CCCCCCCCCCCCCCCC)C2=CC=C(Cl)C=C2.[Br-],CCCCCCCCCCCCCCCCn1cc[n+](-c2ccc(Cl)cc2)c1C.[Br-],Bad,0,True,False,False
976,B_2026-02-11,CC1=[N+](C=CN1CCCCCCCCCCCCCCCC)C2=CC=C(OC(F)(F)F)C=C2.[Br-],CC1=[N+](C=CN1CCCCCCCCCCCCCCCC)C2=CC=C(OC(F)(F)F)C=C2.[Br-],CCCCCCCCCCCCCCCCn1cc[n+](-c2ccc(OC(F)(F)F)cc2)c1C.[Br-],Bad,0,True,False,False
977,B_2026-02-11,C[N+]1=C(C)N(CCCCCCCCCCCCCCCC)C=C1.[I-],C[N+]1=C(C)N(CCCCCCCCCCCCCCCC)C=C1.[I-],CCCCCCCCCCCCCCCCn1cc[n+](C)c1C.[I-],Bad,0,True,False,False
978,B_2026-02-11,CC1=[N+](C=CN1CCCCCCCCCCCCCCCC)CCCC.[Br-],CC1=[N+](C=CN1CCCCCCCCCCCCCCCC)CCCC.[Br-],CCCCCCCCCCCCCCCCn1cc[n+](CCCC)c1C.[Br-],Bad,0,True,False,False
979,B_2026-02-11,CC1=[N+](C=CN1CCCCCCCCCCCCCCCC)CC=C.[Br-],CC1=[N+](C=CN1CCCCCCCCCCCCCCCC)CC=C.[Br-],C=CC[n+]1ccn(CCCCCCCCCCCCCCCC)c1C.[Br-],Good,1,True,False,False
980,B_2026-02-11,CC1=[N+](C=CN1CCCCCCCCCCCCCCCC)CCO.[Br-],CC1=[N+](C=CN1CCCCCCCCCCCCCCCC)CCO.[Br-],CCCCCCCCCCCCCCCCn1cc[n+](CCO)c1C.[Br-],Good,1,True,False,False
981,B_2026-02-11,CC1=[N+](C=CN1CCCCCCCCCCCCCCCC)CC2=CC=C(C(C)C)C=C2.[Br-],CC1=[N+](C=CN1CCCCCCCCCCCCCCCC)CC2=CC=C(C(C)C)C=C2.[Br-],CCCCCCCCCCCCCCCCn1cc[n+](Cc2ccc(C(C)C)cc2)c1C.[Br-],Bad,0,True,False,False
982,B_2026-02-11,CC1=[N+](C=CN1CCCCCCCCCCCCCCCC)CC2=CC=C(C(C)(C)C)C=C2.[Br-],CC1=[N+](C=CN1CCCCCCCCCCCCCCCC)CC2=CC=C(C(C)(C)C)C=C2.[Br-],CCCCCCCCCCCCCCCCn1cc[n+](Cc2ccc(C(C)(C)C)cc2)c1C.[Br-],Bad,0,True,False,False
983,B_2026-02-11,CC1=[N+](C=CN1CCCCCCCCCCCCCCCC)CC2=CC=C(Br)C=C2.[Br-],CC1=[N+](C=CN1CCCCCCCCCCCCCCCC)CC2=CC=C(Br)C=C2.[Br-],CCCCCCCCCCCCCCCCn1cc[n+](Cc2ccc(Br)cc2)c1C.[Br-],Bad,0,True,False,False
984,B_2026-02-11,CC1=[N+](C=CN1CCCCCCCCCCCCCCCC)CC2=C(Br)C=CC=C2.[Br-],CC1=[N+](C=CN1CCCCCCCCCCCCCCCC)CC2=C(Br)C=CC=C2.[Br-],CCCCCCCCCCCCCCCCn1cc[n+](Cc2ccccc2Br)c1C.[Br-],Bad,0,True,False,False
985,B_2026-02-11,CC1=[N+](C=CN1CCCCCCCCCCCCCCCC)CC2=C(C(F)(F)F)C=C(Br)C=C2.[Br-],CC1=[N+](C=CN1CCCCCCCCCCCCCCCC)CC2=C(C(F)(F)F)C=C(Br)C=C2.[Br-],CCCCCCCCCCCCCCCCn1cc[n+](Cc2ccc(Br)cc2C(F)(F)F)c1C.[Br-],Bad,0,True,False,False
986,B_2026-02-11,CC1=[N+](C=CN1CCCCCCCCCCCCCCCC)CC2=CC=CC(OC)=C2.[Br-],CC1=[N+](C=CN1CCCCCCCCCCCCCCCC)CC2=CC=CC(OC)=C2.[Br-],CCCCCCCCCCCCCCCCn1cc[n+](Cc2cccc(OC)c2)c1C.[Br-],Bad,0,True,False,False
987,B_2026-02-11,CC1=[N+](C=CN1CCCCCCCCCCCCCCCC)CC2=CC=CC(F)=C2.[Br-],CC1=[N+](C=CN1CCCCCCCCCCCCCCCC)CC2=CC=CC(F)=C2.[Br-],CCCCCCCCCCCCCCCCn1cc[n+](Cc2cccc(F)c2)c1C.[Br-],Bad,0,True,False,False
988,B_2026-02-11,CC1=[N+](C=CN1CCCCCCCCCCCCCCCC)CC2=CC(C(F)(F)F)=CC(C(F)(F)F)=C2.[Br-],CC1=[N+](C=CN1CCCCCCCCCCCCCCCC)CC2=CC(C(F)(F)F)=CC(C(F)(F)F)=C2.[Br-],CCCCCCCCCCCCCCCCn1cc[n+](Cc2cc(C(F)(F)F)cc(C(F)(F)F)c2)c1C.[Br-],Bad,0,True,False,False
989,B_2026-02-11,CC1=[N+](C=CN1CCCCCCCCCCCCCCCC)CC2=CC(Br)=CC(Br)=C2.[Br-],CC1=[N+](C=CN1CCCCCCCCCCCCCCCC)CC2=CC(Br)=CC(Br)=C2.[Br-],CCCCCCCCCCCCCCCCn1cc[n+](Cc2cc(Br)cc(Br)c2)c1C.[Br-],Bad,0,True,False,False
990,B_2026-02-11,CC1=[N+](C=CN1CCCCCCCCCCCCCCCC)CC(NC2=CC=C(F)C=C2)=O.[Br-],CC1=[N+](C=CN1CCCCCCCCCCCCCCCC)CC(NC2=CC=C(F)C=C2)=O.[Br-],CCCCCCCCCCCCCCCCn1cc[n+](CC(=O)Nc2ccc(F)cc2)c1C.[Br-],Bad,0,True,False,False
991,B_2026-02-11,C[N+]1=C(C)N(CCCCCCCCCCCCCCCC)C2=C1C=CC=C2.[I-],C[N+]1=C(C)N(CCCCCCCCCCCCCCCC)C2=C1C=CC=C2.[I-],CCCCCCCCCCCCCCCCn1c(C)[n+](C)c2ccccc21.[I-],Bad,0,True,False,False
992,B_2026-02-11,CC1=[N+](C(C=CC=C2)=C2N1CCCCCCCCCCCCCCCC)CC3=CC=CC=C3.[Br-],CC1=[N+](C(C=CC=C2)=C2N1CCCCCCCCCCCCCCCC)CC3=CC=CC=C3.[Br-],CCCCCCCCCCCCCCCCn1c(C)[n+](Cc2ccccc2)c2ccccc21.[Br-],Bad,0,True,False,False
993,B_2026-02-11,CC1=[N+](C(C=CC=C2)=C2N1CCCCCCCCCCCCCCCC)CC3=CC(OC)=CC=C3.[Br-],CC1=[N+](C(C=CC=C2)=C2N1CCCCCCCCCCCCCCCC)CC3=CC(OC)=CC=C3.[Br-],CCCCCCCCCCCCCCCCn1c(C)[n+](Cc2cccc(OC)c2)c2ccccc21.[Br-],Bad,0,True,False,False
994,B_2026-02-11,CC1=[N+](C(C=CC=C2)=C2N1CCCCCCCCCCCCCCCC)CC3=CC(F)=CC=C3.[Br-],CC1=[N+](C(C=CC=C2)=C2N1CCCCCCCCCCCCCCCC)CC3=CC(F)=CC=C3.[Br-],CCCCCCCCCCCCCCCCn1c(C)[n+](Cc2cccc(F)c2)c2ccccc21.[Br-],Bad,0,True,False,False
995,B_2026-02-11,CC(N(CCCCCCCCCCCCCCCC)C=C1)=[N+]1CC2=CC=C(C[N+]3=C(C)N(CCCCCCCCCCCCCCCC)C=C3)C=C2.[Br-].[Br-],CC(N(CCCCCCCCCCCCCCCC)C=C1)=[N+]1CC2=CC=C(C[N+]3=C(C)N(CCCCCCCCCCCCCCCC)C=C3)C=C2.[Br-].[Br-],CCCCCCCCCCCCCCCCn1cc[n+](Cc2ccc(C[n+]3ccn(CCCCCCCCCCCCCCCC)c3C)cc2)c1C.[Br-].[Br-],Bad,0,True,False,False
996,B_2026-02-11,CC(N(CCCCCCCCCCCCCCCC)C=C1)=[N+]1CC2=CC=CC=C2C[N+]3=C(C)N(CCCCCCCCCCCCCCCC)C=C3.[Br-].[Br-],CC(N(CCCCCCCCCCCCCCCC)C=C1)=[N+]1CC2=CC=CC=C2C[N+]3=C(C)N(CCCCCCCCCCCCCCCC)C=C3.[Br-].[Br-],CCCCCCCCCCCCCCCCn1cc[n+](Cc2ccccc2C[n+]2ccn(CCCCCCCCCCCCCCCC)c2C)c1C.[Br-].[Br-],Bad,0,True,False,False
997,B_2026-02-11,C[N+]1=NN(CCCCCCCCCCCCCCCC)C=C1C2=CC=CC=C2.[I-],C[N+]1=NN(CCCCCCCCCCCCCCCC)C=C1C2=CC=CC=C2.[I-],CCCCCCCCCCCCCCCCn1cc(-c2ccccc2)[n+](C)n1.[I-],Good,1,True,False,False
998,B_2026-02-11,OS(C1=C(/C=C/C2=C(S(=O)(O)=O)C=C(NC3=NC(NC4=CC=C(C(O)=O)C=C4)=NC([N+](C)(CCCCCCCCCCCC)C)=N3)C=C2)C=CC(NC5=NC(NC6=CC=C(C(O)=O)C=C6)=NC([N+](C)(CCCCCCCCCCCC)C)=N5)=C1)(=O)=O.[Cl]-.[Cl]-,OS(C1=C(/C=C/C2=C(S(=O)(O)=O)C=C(NC3=NC(NC4=CC=C(C(O)=O)C=C4)=NC([N+](C)(CCCCCCCCCCCC)C)=N3)C=C2)C=CC(NC5=NC(NC6=CC=C(C(O)=O)C=C6)=NC([N+](C)(CCCCCCCCCCCC)C)=N5)=C1)(=O)=O.[Cl-].[Cl-],CCCCCCCCCCCC[N+](C)(C)c1nc(Nc2ccc(C(=O)O)cc2)nc(Nc2ccc(/C=C/c3ccc(Nc4nc(Nc5ccc(C(=O)O)cc5)nc([N+](C)(C)CCCCCCCCCCCC)n4)cc3S(=O)(=O)O)c(S(=O)(=O)O)c2)n1.[Cl-].[Cl-],Bad,0,True,True,False
999,B_2026-02-11,OS(C1=C(/C=C/C2=C(S(=O)(O)=O)C=C(NC3=NC(NC4=CC=C(S(=O)(O)=O)C=C4)=NC([N+](C)(CCCCCCCCCCCC)C)=N3)C=C2)C=CC(NC5=NC(NC6=CC=C(S(=O)(O)=O)C=C6)=NC([N+](C)(CCCCCCCCCCCC)C)=N5)=C1)(=O)=O.[Cl]-.[Cl]-,OS(C1=C(/C=C/C2=C(S(=O)(O)=O)C=C(NC3=NC(NC4=CC=C(S(=O)(O)=O)C=C4)=NC([N+](C)(CCCCCCCCCCCC)C)=N3)C=C2)C=CC(NC5=NC(NC6=CC=C(S(=O)(O)=O)C=C6)=NC([N+](C)(CCCCCCCCCCCC)C)=N5)=C1)(=O)=O.[Cl-].[Cl-],CCCCCCCCCCCC[N+](C)(C)c1nc(Nc2ccc(S(=O)(=O)O)cc2)nc(Nc2ccc(/C=C/c3ccc(Nc4nc(Nc5ccc(S(=O)(=O)O)cc5)nc([N+](C)(C)CCCCCCCCCCCC)n4)cc3S(=O)(=O)O)c(S(=O)(=O)O)c2)n1.[Cl-].[Cl-],Bad,0,True,True,False
1000,B_2026-02-11,OS(C1=C(/C=C/C2=C(S(=O)(O)=O)C=C(NC3=NC(N(CCO)CCO)=NC([N+](C)(CCCCCCCCCCCC)C)=N3)C=C2)C=CC(NC4=NC(N(CCO)CCO)=NC([N+](C)(CCCCCCCCCCCC)C)=N4)=C1)(=O)=O.[Cl]-.[Cl]-,OS(C1=C(/C=C/C2=C(S(=O)(O)=O)C=C(NC3=NC(N(CCO)CCO)=NC([N+](C)(CCCCCCCCCCCC)C)=N3)C=C2)C=CC(NC4=NC(N(CCO)CCO)=NC([N+](C)(CCCCCCCCCCCC)C)=N4)=C1)(=O)=O.[Cl-].[Cl-],CCCCCCCCCCCC[N+](C)(C)c1nc(Nc2ccc(/C=C/c3ccc(Nc4nc(N(CCO)CCO)nc([N+](C)(C)CCCCCCCCCCCC)n4)cc3S(=O)(=O)O)c(S(=O)(=O)O)c2)nc(N(CCO)CCO)n1.[Cl-].[Cl-],Bad,0,True,True,False
1001,B_2026-02-11,OS(C1=C(/C=C/C2=C(S(=O)(O)=O)C=C(NC3=NC(N(CC(O)=O)CC(O)=O)=NC([N+](C)(CCCCCCCCCCCC)C)=N3)C=C2)C=CC(NC4=NC(N(CC(O)=O)CC(O)=O)=NC([N+](C)(CCCCCCCCCCCC)C)=N4)=C1)(=O)=O.[Cl]-.[Cl]-,OS(C1=C(/C=C/C2=C(S(=O)(O)=O)C=C(NC3=NC(N(CC(O)=O)CC(O)=O)=NC([N+](C)(CCCCCCCCCCCC)C)=N3)C=C2)C=CC(NC4=NC(N(CC(O)=O)CC(O)=O)=NC([N+](C)(CCCCCCCCCCCC)C)=N4)=C1)(=O)=O.[Cl-].[Cl-],CCCCCCCCCCCC[N+](C)(C)c1nc(Nc2ccc(/C=C/c3ccc(Nc4nc(N(CC(=O)O)CC(=O)O)nc([N+](C)(C)CCCCCCCCCCCC)n4)cc3S(=O)(=O)O)c(S(=O)(=O)O)c2)nc(N(CC(=O)O)CC(=O)O)n1.[Cl-].[Cl-],Bad,0,True,True,False
1002,B_2026-02-11,C[N+](C)(CC(NC)=O)CCCOC1=CC(OCCC[N+](C)(CC(NC)=O)C)=CC(/C=C/C2=CC=C(/C=C/C3=CC(OCCC[N+](C)(CC(NC)=O)C)=CC(OCCC[N+](C)(CC(NC)=O)C)=C3)C=C2)=C1.[Br]-.[Br]-.[Br]-.[Br]-,C[N+](C)(CC(NC)=O)CCCOC1=CC(OCCC[N+](C)(CC(NC)=O)C)=CC(/C=C/C2=CC=C(/C=C/C3=CC(OCCC[N+](C)(CC(NC)=O)C)=CC(OCCC[N+](C)(CC(NC)=O)C)=C3)C=C2)=C1.[Br-].[Br-].[Br-].[Br-],CNC(=O)C[N+](C)(C)CCCOc1cc(/C=C/c2ccc(/C=C/c3cc(OCCC[N+](C)(C)CC(=O)NC)cc(OCCC[N+](C)(C)CC(=O)NC)c3)cc2)cc(OCCC[N+](C)(C)CC(=O)NC)c1.[Br-].[Br-].[Br-].[Br-],Bad,0,True,True,False
1003,B_2026-02-11,C[N+](C)(CC(NCCC)=O)CCCOC1=CC(OCCC[N+](C)(CC(NCCC)=O)C)=CC(/C=C/C2=CC=C(/C=C/C3=CC(OCCC[N+](C)(CC(NCCC)=O)C)=CC(OCCC[N+](C)(CC(NCCC)=O)C)=C3)C=C2)=C1.[Br]-.[Br]-.[Br]-.[Br]-,C[N+](C)(CC(NCCC)=O)CCCOC1=CC(OCCC[N+](C)(CC(NCCC)=O)C)=CC(/C=C/C2=CC=C(/C=C/C3=CC(OCCC[N+](C)(CC(NCCC)=O)C)=CC(OCCC[N+](C)(CC(NCCC)=O)C)=C3)C=C2)=C1.[Br-].[Br-].[Br-].[Br-],CCCNC(=O)C[N+](C)(C)CCCOc1cc(/C=C/c2ccc(/C=C/c3cc(OCCC[N+](C)(C)CC(=O)NCCC)cc(OCCC[N+](C)(C)CC(=O)NCCC)c3)cc2)cc(OCCC[N+](C)(C)CC(=O)NCCC)c1.[Br-].[Br-].[Br-].[Br-],Good,1,True,True,False
1004,B_2026-02-11,C[N+](C)(CC(NCCCCCC)=O)CCCOC1=CC(OCCC[N+](C)(CC(NCCCCCC)=O)C)=CC(/C=C/C2=CC=C(/C=C/C3=CC(OCCC[N+](C)(CC(NCCCCCC)=O)C)=CC(OCCC[N+](C)(CC(NCCCCCC)=O)C)=C3)C=C2)=C1.[Br]-.[Br]-.[Br]-.[Br]-,C[N+](C)(CC(NCCCCCC)=O)CCCOC1=CC(OCCC[N+](C)(CC(NCCCCCC)=O)C)=CC(/C=C/C2=CC=C(/C=C/C3=CC(OCCC[N+](C)(CC(NCCCCCC)=O)C)=CC(OCCC[N+](C)(CC(NCCCCCC)=O)C)=C3)C=C2)=C1.[Br-].[Br-].[Br-].[Br-],CCCCCCNC(=O)C[N+](C)(C)CCCOc1cc(/C=C/c2ccc(/C=C/c3cc(OCCC[N+](C)(C)CC(=O)NCCCCCC)cc(OCCC[N+](C)(C)CC(=O)NCCCCCC)c3)cc2)cc(OCCC[N+](C)(C)CC(=O)NCCCCCC)c1.[Br-].[Br-].[Br-].[Br-],Bad,0,True,True,False
1005,B_2026-02-11,C[N+](C)(CCCC)CC1=CC=C(C[N+](C)(CCCC)C)C=C1.[Br]-.[Br]-,C[N+](C)(CCCC)CC1=CC=C(C[N+](C)(CCCC)C)C=C1.[Br-].[Br-],CCCC[N+](C)(C)Cc1ccc(C[N+](C)(C)CCCC)cc1.[Br-].[Br-],Bad,0,True,True,False
1006,B_2026-02-11,C[N+](C)(CCCCCC)CC1=CC=C(C[N+](C)(CCCCCC)C)C=C1.[Br]-.[Br]-,C[N+](C)(CCCCCC)CC1=CC=C(C[N+](C)(CCCCCC)C)C=C1.[Br-].[Br-],CCCCCC[N+](C)(C)Cc1ccc(C[N+](C)(C)CCCCCC)cc1.[Br-].[Br-],Bad,0,True,True,False
1007,B_2026-02-11,C[N+](C)(CCCCCCCC)CC1=CC=C(C[N+](C)(CCCCCCCC)C)C=C1.[Br]-.[Br]-,C[N+](C)(CCCCCCCC)CC1=CC=C(C[N+](C)(CCCCCCCC)C)C=C1.[Br-].[Br-],CCCCCCCC[N+](C)(C)Cc1ccc(C[N+](C)(C)CCCCCCCC)cc1.[Br-].[Br-],Bad,0,True,True,False
1008,B_2026-02-11,C[N+](C)(CCCCCCCCCC)CC1=CC=C(C[N+](C)(CCCCCCCCCC)C)C=C1.[Br]-.[Br]-,C[N+](C)(CCCCCCCCCC)CC1=CC=C(C[N+](C)(CCCCCCCCCC)C)C=C1.[Br-].[Br-],CCCCCCCCCC[N+](C)(C)Cc1ccc(C[N+](C)(C)CCCCCCCCCC)cc1.[Br-].[Br-],Good,1,True,True,False
1009,B_2026-02-11,C[N+](C)(CCCCCCCCCCCC)CC1=CC=C(C[N+](C)(CCCCCCCCCCCC)C)C=C1.[Br]-.[Br]-,C[N+](C)(CCCCCCCCCCCC)CC1=CC=C(C[N+](C)(CCCCCCCCCCCC)C)C=C1.[Br-].[Br-],CCCCCCCCCCCC[N+](C)(C)Cc1ccc(C[N+](C)(C)CCCCCCCCCCCC)cc1.[Br-].[Br-],Good,1,True,True,False
1010,B_2026-02-11,C[N+](C)(CCCCCCCCCCCCCC)CC1=CC=C(C[N+](C)(CCCCCCCCCCCCCC)C)C=C1.[Br]-.[Br]-,C[N+](C)(CCCCCCCCCCCCCC)CC1=CC=C(C[N+](C)(CCCCCCCCCCCCCC)C)C=C1.[Br-].[Br-],CCCCCCCCCCCCCC[N+](C)(C)Cc1ccc(C[N+](C)(C)CCCCCCCCCCCCCC)cc1.[Br-].[Br-],Bad,0,True,True,False
1011,B_2026-02-11,C[N+](C)(CCCCCCCCCCCCCCCC)CC1=CC=C(C[N+](C)(CCCCCCCCCCCCCCCC)C)C=C1.[Br]-.[Br]-,C[N+](C)(CCCCCCCCCCCCCCCC)CC1=CC=C(C[N+](C)(CCCCCCCCCCCCCCCC)C)C=C1.[Br-].[Br-],CCCCCCCCCCCCCCCC[N+](C)(C)Cc1ccc(C[N+](C)(C)CCCCCCCCCCCCCCCC)cc1.[Br-].[Br-],Bad,0,True,True,False
1012,B_2026-02-11,C[N+](C)(CCCCCCCCCCCCCCCCCC)CC1=CC=C(C[N+](C)(CCCCCCCCCCCCCCCCCC)C)C=C1.[Br]-.[Br]-,C[N+](C)(CCCCCCCCCCCCCCCCCC)CC1=CC=C(C[N+](C)(CCCCCCCCCCCCCCCCCC)C)C=C1.[Br-].[Br-],CCCCCCCCCCCCCCCCCC[N+](C)(C)Cc1ccc(C[N+](C)(C)CCCCCCCCCCCCCCCCCC)cc1.[Br-].[Br-],Bad,0,True,True,False
1013,B_2026-02-11,C[N+](C)(CCCCCCCC)CCN(C)CC[N+](C)(CCCCCCCC)C.[I]-,C[N+](C)(CCCCCCCC)CCN(C)CC[N+](C)(CCCCCCCC)C.[I-],CCCCCCCC[N+](C)(C)CCN(C)CC[N+](C)(C)CCCCCCCC.[I-],Bad,0,True,True,False
1014,B_2026-02-11,C[N+](C)(CCCCCCCCCC)CCN(C)CC[N+](C)(CCCCCCCCCC)C.[I]-,C[N+](C)(CCCCCCCCCC)CCN(C)CC[N+](C)(CCCCCCCCCC)C.[I-],CCCCCCCCCC[N+](C)(C)CCN(C)CC[N+](C)(C)CCCCCCCCCC.[I-],Bad,0,True,True,False
1015,B_2026-02-11,C[N+](C)(CCCCCCCCCCCC)CCN(C)CC[N+](C)(CCCCCCCCCCCC)C.[I]-,C[N+](C)(CCCCCCCCCCCC)CCN(C)CC[N+](C)(CCCCCCCCCCCC)C.[I-],CCCCCCCCCCCC[N+](C)(C)CCN(C)CC[N+](C)(C)CCCCCCCCCCCC.[I-],Bad,0,True,True,False
1016,B_2026-02-11,C[N+](C)(CCCCCCCCCCCCCC)CCN(C)CC[N+](C)(CCCCCCCCCCCCCC)C.[I]-,C[N+](C)(CCCCCCCCCCCCCC)CCN(C)CC[N+](C)(CCCCCCCCCCCCCC)C.[I-],CCCCCCCCCCCCCC[N+](C)(C)CCN(C)CC[N+](C)(C)CCCCCCCCCCCCCC.[I-],Bad,0,True,True,False
1017,B_2026-02-11,C[N+](C)(CCCCCCCCCCCCCCCC)CCN(C)CC[N+](C)(CCCCCCCCCCCCCCCC)C.[I]-,C[N+](C)(CCCCCCCCCCCCCCCC)CCN(C)CC[N+](C)(CCCCCCCCCCCCCCCC)C.[I-],CCCCCCCCCCCCCCCC[N+](C)(C)CCN(C)CC[N+](C)(C)CCCCCCCCCCCCCCCC.[I-],Bad,0,True,True,False
1018,B_2026-02-11,C[N+](C)(CCCCCCCCCCCCCCCCCC)CCN(C)CC[N+](C)(CCCCCCCCCCCCCCCCCC)C.[I]-,C[N+](C)(CCCCCCCCCCCCCCCCCC)CCN(C)CC[N+](C)(CCCCCCCCCCCCCCCCCC)C.[I-],CCCCCCCCCCCCCCCCCC[N+](C)(C)CCN(C)CC[N+](C)(C)CCCCCCCCCCCCCCCCCC.[I-],Bad,0,True,True,False
1019,B_2026-02-11,C[N+](C)(CCCCCCCCCC)CCN(C)CC[N+](C)(CCCCCCCCCC)C.[Br]-,C[N+](C)(CCCCCCCCCC)CCN(C)CC[N+](C)(CCCCCCCCCC)C.[Br-],CCCCCCCCCC[N+](C)(C)CCN(C)CC[N+](C)(C)CCCCCCCCCC.[Br-],Bad,0,True,True,False
1020,B_2026-02-11,C[N+](C)(CCCCCCCCCCCC)CCN(C)CC[N+](C)(CCCCCCCCCCCC)C.[Br]-,C[N+](C)(CCCCCCCCCCCC)CCN(C)CC[N+](C)(CCCCCCCCCCCC)C.[Br-],CCCCCCCCCCCC[N+](C)(C)CCN(C)CC[N+](C)(C)CCCCCCCCCCCC.[Br-],Good,1,True,True,False
1021,B_2026-02-11,C[N+](C)(CCCCCCCCCCCCCC)CCN(C)CC[N+](C)(CCCCCCCCCCCCCC)C.[Br]-,C[N+](C)(CCCCCCCCCCCCCC)CCN(C)CC[N+](C)(CCCCCCCCCCCCCC)C.[Br-],CCCCCCCCCCCCCC[N+](C)(C)CCN(C)CC[N+](C)(C)CCCCCCCCCCCCCC.[Br-],Good,1,True,True,False
1022,B_2026-02-11,C[N+](C)(CCCCCCCCCCCCCCCC)CCN(C)CC[N+](C)(CCCCCCCCCCCCCCCC)C.[Br]-,C[N+](C)(CCCCCCCCCCCCCCCC)CCN(C)CC[N+](C)(CCCCCCCCCCCCCCCC)C.[Br-],CCCCCCCCCCCCCCCC[N+](C)(C)CCN(C)CC[N+](C)(C)CCCCCCCCCCCCCCCC.[Br-],Bad,0,True,True,False
1023,B_2026-02-11,C[N+](C)(CCCCCCCCCCCCCCCCCC)CCN(C)CC[N+](C)(CCCCCCCCCCCCCCCCCC)C.[Br]-,C[N+](C)(CCCCCCCCCCCCCCCCCC)CCN(C)CC[N+](C)(CCCCCCCCCCCCCCCCCC)C.[Br-],CCCCCCCCCCCCCCCCCC[N+](C)(C)CCN(C)CC[N+](C)(C)CCCCCCCCCCCCCCCCCC.[Br-],Bad,0,True,True,False
1024,B_2026-02-11,C[N+](C)(CCCCCCCCCCCCCCCCCC)CCCN(CCCCCCCC)CCC[N+](C)(CCCCCCCCCCCCCCCCCC)C.[Br]-,C[N+](C)(CCCCCCCCCCCCCCCCCC)CCCN(CCCCCCCC)CCC[N+](C)(CCCCCCCCCCCCCCCCCC)C.[Br-],CCCCCCCCCCCCCCCCCC[N+](C)(C)CCCN(CCCCCCCC)CCC[N+](C)(C)CCCCCCCCCCCCCCCCCC.[Br-],Bad,0,True,True,False
1025,B_2026-02-11,C[N+](C)(CCCCCCCCCCCCCCCCCC)CCCN(CCCCCCCCCC)CCC[N+](C)(CCCCCCCCCCCCCCCCCC)C.[Br]-,C[N+](C)(CCCCCCCCCCCCCCCCCC)CCCN(CCCCCCCCCC)CCC[N+](C)(CCCCCCCCCCCCCCCCCC)C.[Br-],CCCCCCCCCCCCCCCCCC[N+](C)(C)CCCN(CCCCCCCCCC)CCC[N+](C)(C)CCCCCCCCCCCCCCCCCC.[Br-],Bad,0,True,True,False
1026,B_2026-02-11,C[N+](C)(CCCCCCCCCCCCCCCCCC)CCCN(CCCCCCCCCCCC)CCC[N+](C)(CCCCCCCCCCCCCCCCCC)C.[Br]-,C[N+](C)(CCCCCCCCCCCCCCCCCC)CCCN(CCCCCCCCCCCC)CCC[N+](C)(CCCCCCCCCCCCCCCCCC)C.[Br-],CCCCCCCCCCCCCCCCCC[N+](C)(C)CCCN(CCCCCCCCCCCC)CCC[N+](C)(C)CCCCCCCCCCCCCCCCCC.[Br-],Bad,0,True,True,False
1027,B_2026-02-11,C[N+](C)(CCCCCCCCCCCCCCCC)CCCN(CCCCCCCCCCCCCC)CCC[N+](C)(CCCCCCCCCCCCCCCC)C.[Br]-,C[N+](C)(CCCCCCCCCCCCCCCC)CCCN(CCCCCCCCCCCCCC)CCC[N+](C)(CCCCCCCCCCCCCCCC)C.[Br-],CCCCCCCCCCCCCCCC[N+](C)(C)CCCN(CCCCCCCCCCCCCC)CCC[N+](C)(C)CCCCCCCCCCCCCCCC.[Br-],Bad,0,True,True,False
1028,B_2026-02-11,C[N+](C)(CCCCCCCCCCCCCCCCCC)CCCN(CCCCCCCCCCCCCCCC)CCC[N+](C)(CCCCCCCCCCCCCCCCCC)C.[Br]-,C[N+](C)(CCCCCCCCCCCCCCCCCC)CCCN(CCCCCCCCCCCCCCCC)CCC[N+](C)(CCCCCCCCCCCCCCCCCC)C.[Br-],CCCCCCCCCCCCCCCCCC[N+](C)(C)CCCN(CCCCCCCCCCCCCCCC)CCC[N+](C)(C)CCCCCCCCCCCCCCCCCC.[Br-],Bad,0,True,True,False
1029,B_2026-02-11,C[N+](C)(CCCCCCCCCCCC)CCCN(CCCCCCCCCCCC)CCC[N+](C)(CCCCCCCCCCCC)C.[I]-,C[N+](C)(CCCCCCCCCCCC)CCCN(CCCCCCCCCCCC)CCC[N+](C)(CCCCCCCCCCCC)C.[I-],CCCCCCCCCCCCN(CCC[N+](C)(C)CCCCCCCCCCCC)CCC[N+](C)(C)CCCCCCCCCCCC.[I-],Bad,0,True,True,False
1030,B_2026-02-11,C[N+](C)(CCCCCCCCCCCCCCCC)CCCN(CCCCCCCCCCCCCCCC)CCC[N+](C)(CCCCCCCCCCCCCCCC)C.[I]-,C[N+](C)(CCCCCCCCCCCCCCCC)CCCN(CCCCCCCCCCCCCCCC)CCC[N+](C)(CCCCCCCCCCCCCCCC)C.[I-],CCCCCCCCCCCCCCCCN(CCC[N+](C)(C)CCCCCCCCCCCCCCCC)CCC[N+](C)(C)CCCCCCCCCCCCCCCC.[I-],Bad,0,True,True,False
1031,B_2026-02-11,C[N+](C)(CCCCCCCCCCCC)CCCNCCC[N+](C)(CCCCCCCCCCCC)C.[I]-,C[N+](C)(CCCCCCCCCCCC)CCCNCCC[N+](C)(CCCCCCCCCCCC)C.[I-],CCCCCCCCCCCC[N+](C)(C)CCCNCCC[N+](C)(C)CCCCCCCCCCCC.[I-],Good,1,True,True,False
1032,B_2026-02-11,C[N+](C)(CCCCCCCCCCCCCCCC)CCCNCCC[N+](C)(CCCCCCCCCCCCCCCC)C.[I]-,C[N+](C)(CCCCCCCCCCCCCCCC)CCCNCCC[N+](C)(CCCCCCCCCCCCCCCC)C.[I-],CCCCCCCCCCCCCCCC[N+](C)(C)CCCNCCC[N+](C)(C)CCCCCCCCCCCCCCCC.[I-],Bad,0,True,True,False
1033,B_2026-02-11,C[N+](C)(CCCCCCCCCCCCCCCCCC)CCCNCCC[N+](C)(CCCCCCCCCCCCCCCCCC)C.[I]-,C[N+](C)(CCCCCCCCCCCCCCCCCC)CCCNCCC[N+](C)(CCCCCCCCCCCCCCCCCC)C.[I-],CCCCCCCCCCCCCCCCCC[N+](C)(C)CCCNCCC[N+](C)(C)CCCCCCCCCCCCCCCCCC.[I-],Bad,0,True,True,False
1034,B_2026-02-11,[C@H]1([N+]2=CC=CC=C2)COC3C1OC[C@@H]3[N+]4=CC=CC=C4.[TfO]-,[C@H]1([N+]2=CC=CC=C2)COC3C1OC[C@@H]3[N+]4=CC=CC=C4.[TfO],,Bad,0,False,False,False
1035,B_2026-02-11,CN(C)C(C=C1)=CC=[N+]1[C@H]2COC3C2OC[C@@H]3[N+]4=CC=C(N(C)C)C=C4.[TfO]-,CN(C)C(C=C1)=CC=[N+]1[C@H]2COC3C2OC[C@@H]3[N+]4=CC=C(N(C)C)C=C4.[TfO],,Bad,0,False,False,False
1036,B_2026-02-11,O=C(N)C(C=C1)=CC=[N+]1[C@H]2COC3C2OC[C@@H]3[N+]4=CC=C(C(N)=O)C=C4.[TfO]-,O=C(N)C(C=C1)=CC=[N+]1[C@H]2COC3C2OC[C@@H]3[N+]4=CC=C(C(N)=O)C=C4.[TfO],,Bad,0,False,False,False
1037,B_2026-02-11,CN1C=C[N+]([C@@H]2C3OC[C@H]([N+]4=CN(C)C=C4)C3OC2)=C1.[TfO]-,CN1C=C[N+]([C@@H]2C3OC[C@H]([N+]4=CN(C)C=C4)C3OC2)=C1.[TfO],,Bad,0,False,False,False
1038,B_2026-02-11,C[N+](C)(C)[C@H]1COC2C1OC[C@@H]2[N+](C)(C)C.[TfO]-,C[N+](C)(C)[C@H]1COC2C1OC[C@@H]2[N+](C)(C)C.[TfO],,Bad,0,False,False,False
1039,B_2026-02-11,C[N+](C)(CCCCCC)[C@H]1COC2C1OC[C@@H]2[N+](C)(CCCCCC)C.[TfO]-,C[N+](C)(CCCCCC)[C@H]1COC2C1OC[C@@H]2[N+](C)(CCCCCC)C.[TfO],,Bad,0,False,False,False
1040,B_2026-02-11,C[N+](C)(CCCCCCCC)[C@H]1COC2C1OC[C@@H]2[N+](C)(CCCCCCCC)C.[TfO]-,C[N+](C)(CCCCCCCC)[C@H]1COC2C1OC[C@@H]2[N+](C)(CCCCCCCC)C.[TfO],,Bad,0,False,False,False
1041,B_2026-02-11,C[N+](C)(CCCCCCCCCC)[C@H]1COC2C1OC[C@@H]2[N+](C)(CCCCCCCCCC)C.[TfO]-,C[N+](C)(CCCCCCCCCC)[C@H]1COC2C1OC[C@@H]2[N+](C)(CCCCCCCCCC)C.[TfO],,Bad,0,False,False,False
1042,B_2026-02-11,ClC1=CC2=[N+]([O-])ON=C2C(NCC[N+](C)(CC3=CC=CC=C3)C)=C1[N+]([O-])=O.[Br]-,ClC1=CC2=[N+]([O-])ON=C2C(NCC[N+](C)(CC3=CC=CC=C3)C)=C1[N+]([O-])=O.[Br-],C[N+](C)(CCNc1c([N+](=O)[O-])c(Cl)cc2c1no[n+]2[O-])Cc1ccccc1.[Br-],Bad,0,True,True,False
1043,B_2026-02-11,ClC1=CC2=[N+]([O-])ON=C2C(NCC[N+](C)(CC3=CC=CC=C3CBr)C)=C1[N+]([O-])=O.[Br]-,ClC1=CC2=[N+]([O-])ON=C2C(NCC[N+](C)(CC3=CC=CC=C3CBr)C)=C1[N+]([O-])=O.[Br-],C[N+](C)(CCNc1c([N+](=O)[O-])c(Cl)cc2c1no[n+]2[O-])Cc1ccccc1CBr.[Br-],Bad,0,True,True,False
1044,B_2026-02-11,ClC1=CC2=[N+]([O-])ON=C2C(NCC[N+](C)(CC3=CC=CC(CBr)=C3)C)=C1[N+]([O-])=O.[Br]-,ClC1=CC2=[N+]([O-])ON=C2C(NCC[N+](C)(CC3=CC=CC(CBr)=C3)C)=C1[N+]([O-])=O.[Br-],C[N+](C)(CCNc1c([N+](=O)[O-])c(Cl)cc2c1no[n+]2[O-])Cc1cccc(CBr)c1.[Br-],Bad,0,True,True,False
1045,B_2026-02-11,ClC1=CC2=[N+]([O-])ON=C2C(NCC[N+](C)(CC3=CC=C(CBr)C=C3)C)=C1[N+]([O-])=O.[Br]-,ClC1=CC2=[N+]([O-])ON=C2C(NCC[N+](C)(CC3=CC=C(CBr)C=C3)C)=C1[N+]([O-])=O.[Br-],C[N+](C)(CCNc1c([N+](=O)[O-])c(Cl)cc2c1no[n+]2[O-])Cc1ccc(CBr)cc1.[Br-],Bad,0,True,True,False
1046,B_2026-02-11,ClC1=CC2=NO[N+]([O-])=C2C(NCC[N+](C)(CC3=CC=CC=C3CBr)C)=C1[N+]([O-])=O.[Br]-,ClC1=CC2=NO[N+]([O-])=C2C(NCC[N+](C)(CC3=CC=CC=C3CBr)C)=C1[N+]([O-])=O.[Br-],C[N+](C)(CCNc1c([N+](=O)[O-])c(Cl)cc2no[n+]([O-])c12)Cc1ccccc1CBr.[Br-],Bad,0,True,True,False
1047,B_2026-02-11,ClC1=CC2=NO[N+]([O-])=C2C(NCC[N+](C)(CC3=CC=CC(CBr)=C3)C)=C1[N+]([O-])=O.[Br]-,ClC1=CC2=NO[N+]([O-])=C2C(NCC[N+](C)(CC3=CC=CC(CBr)=C3)C)=C1[N+]([O-])=O.[Br-],C[N+](C)(CCNc1c([N+](=O)[O-])c(Cl)cc2no[n+]([O-])c12)Cc1cccc(CBr)c1.[Br-],Bad,0,True,True,False
1048,B_2026-02-11,ClC1=CC2=NO[N+]([O-])=C2C(NCC[N+](C)(CC3=CC=C(CBr)C=C3)C)=C1[N+]([O-])=O.[Br]-,ClC1=CC2=NO[N+]([O-])=C2C(NCC[N+](C)(CC3=CC=C(CBr)C=C3)C)=C1[N+]([O-])=O.[Br-],C[N+](C)(CCNc1c([N+](=O)[O-])c(Cl)cc2no[n+]([O-])c12)Cc1ccc(CBr)cc1.[Br-],Bad,0,True,True,False
1049,B_2026-02-11,CC(C)C1=CC(S2)=C(OCCNCCC[N+](C)(C)C)C(SC3=C(OCCNCCC[N](C)(C)[CH2+])C(SC4=CC(C(C)C)=CC(SC5=CC(C(C)C)=CC2=C5OCCNCCC[N+](C)(C)C)=C4OCCNCCC[N+](C)(C)C)=CC(C(C)C)=C3)=C1.[Cl]-.[Cl]-.[Cl]-.[Cl]-,CC(C)C1=CC(S2)=C(OCCNCCC[N+](C)(C)C)C(SC3=C(OCCNCCC[N](C)(C)[CH2+])C(SC4=CC(C(C)C)=CC(SC5=CC(C(C)C)=CC2=C5OCCNCCC[N+](C)(C)C)=C4OCCNCCC[N+](C)(C)C)=CC(C(C)C)=C3)=C1.[Cl-].[Cl-].[Cl-].[Cl-],,Bad,0,False,False,False
1050,B_2026-02-11,CC(C)C1=CC(S2)=C(OCCNCCC[N+](C)(C)CCCC)C(SC3=C(OCCNCCC[N](C)(CCCC)[CH2+])C(SC4=CC(C(C)C)=CC(SC5=CC(C(C)C)=CC2=C5OCCNCCC[N+](C)(C)CCCC)=C4OCCNCCC[N+](C)(CCCC)C)=CC(C(C)C)=C3)=C1.[Cl]-.[Cl]-.[Cl]-.[Cl]-,CC(C)C1=CC(S2)=C(OCCNCCC[N+](C)(C)CCCC)C(SC3=C(OCCNCCC[N](C)(CCCC)[CH2+])C(SC4=CC(C(C)C)=CC(SC5=CC(C(C)C)=CC2=C5OCCNCCC[N+](C)(C)CCCC)=C4OCCNCCC[N+](C)(CCCC)C)=CC(C(C)C)=C3)=C1.[Cl-].[Cl-].[Cl-].[Cl-],,Bad,0,False,False,False
1051,B_2026-02-11,CC(C)C1=CC(S2)=C(OCCNCCC[N+](C)(C)CCCCCCCC)C(SC3=C(OCCNCCC[N](C)(CCCCCCCC)[CH2+])C(SC4=CC(C(C)C)=CC(SC5=CC(C(C)C)=CC2=C5OCCNCCC[N+](C)(C)CCCCCCCC)=C4OCCNCCC[N+](C)(CCCCCCCC)C)=CC(C(C)C)=C3)=C1.[Cl]-.[Cl]-.[Cl]-.[Cl]-,CC(C)C1=CC(S2)=C(OCCNCCC[N+](C)(C)CCCCCCCC)C(SC3=C(OCCNCCC[N](C)(CCCCCCCC)[CH2+])C(SC4=CC(C(C)C)=CC(SC5=CC(C(C)C)=CC2=C5OCCNCCC[N+](C)(C)CCCCCCCC)=C4OCCNCCC[N+](C)(CCCCCCCC)C)=CC(C(C)C)=C3)=C1.[Cl-].[Cl-].[Cl-].[Cl-],,Bad,0,False,False,False
1052,B_2026-02-11,CC(C)C1=CC(S2)=C(OCCNCCC[N+](C)(C)CCCCCCCCCC)C(SC3=C(OCCNCCC[N](C)(CCCCCCCCCC)[CH2+])C(SC4=CC(C(C)C)=CC(SC5=CC(C(C)C)=CC2=C5OCCNCCC[N+](C)(C)CCCCCCCCCC)=C4OCCNCCC[N+](C)(CCCCCCCCCC)C)=CC(C(C)C)=C3)=C1.[Cl]-.[Cl]-.[Cl]-.[Cl]-,CC(C)C1=CC(S2)=C(OCCNCCC[N+](C)(C)CCCCCCCCCC)C(SC3=C(OCCNCCC[N](C)(CCCCCCCCCC)[CH2+])C(SC4=CC(C(C)C)=CC(SC5=CC(C(C)C)=CC2=C5OCCNCCC[N+](C)(C)CCCCCCCCCC)=C4OCCNCCC[N+](C)(CCCCCCCCCC)C)=CC(C(C)C)=C3)=C1.[Cl-].[Cl-].[Cl-].[Cl-],,Bad,0,False,False,False
1053,B_2026-02-11,CC(C)C1=CC(S2)=C(OCCNCCC[N+](C)(C)CC3=CC=CC=C3)C(SC4=C(OCCNCCC[N](C)(CC5=CC=CC=C5)[CH2+])C(SC6=CC(C(C)C)=CC(SC7=CC(C(C)C)=CC2=C7OCCNCCC[N+](C)(C)CC8=CC=CC=C8)=C6OCCNCCC[N+](C)(CC9=CC=CC=C9)C)=CC(C(C)C)=C4)=C1.[Cl]-.[Cl]-.[Cl]-.[Cl]-,CC(C)C1=CC(S2)=C(OCCNCCC[N+](C)(C)CC3=CC=CC=C3)C(SC4=C(OCCNCCC[N](C)(CC5=CC=CC=C5)[CH2+])C(SC6=CC(C(C)C)=CC(SC7=CC(C(C)C)=CC2=C7OCCNCCC[N+](C)(C)CC8=CC=CC=C8)=C6OCCNCCC[N+](C)(CC9=CC=CC=C9)C)=CC(C(C)C)=C4)=C1.[Cl-].[Cl-].[Cl-].[Cl-],,Bad,0,False,False,False
1054,B_2026-02-11,CC(C)C1=CC(SC2=C(OCC(NCCC[N+](C)(C)C)=O)C(SC3=C(OCC(NCCC[N+](C)(C)C)=O)C4=CC(C(C)C)=C3)=CC(C(C)C)=C2)=C(OCC(NCCC[N+](C)(C)C)=O)C(SC5=C(OCC(NCCC[N+](C)(C)C)=O)C(S4)=CC(C(C)C)=C5)=C1.[Cl]-.[Cl]-.[Cl]-.[Cl]-,CC(C)C1=CC(SC2=C(OCC(NCCC[N+](C)(C)C)=O)C(SC3=C(OCC(NCCC[N+](C)(C)C)=O)C4=CC(C(C)C)=C3)=CC(C(C)C)=C2)=C(OCC(NCCC[N+](C)(C)C)=O)C(SC5=C(OCC(NCCC[N+](C)(C)C)=O)C(S4)=CC(C(C)C)=C5)=C1.[Cl-].[Cl-].[Cl-].[Cl-],CC(C)c1cc2c(OCC(=O)NCCC[N+](C)(C)C)c(c1)Sc1cc(C(C)C)cc(c1OCC(=O)NCCC[N+](C)(C)C)Sc1cc(C(C)C)cc(c1OCC(=O)NCCC[N+](C)(C)C)Sc1cc(C(C)C)cc(c1OCC(=O)NCCC[N+](C)(C)C)S2.[Cl-].[Cl-].[Cl-].[Cl-],Bad,0,True,True,False
1055,B_2026-02-11,CC(C)C1=CC(SC2=C(OCC(NCCC[N+](CCCC)(C)C)=O)C(SC3=C(OCC(NCCC[N+](C)(CCCC)C)=O)C4=CC(C(C)C)=C3)=CC(C(C)C)=C2)=C(OCC(NCCC[N+](C)(CCCC)C)=O)C(SC5=C(OCC(NCCC[N+](C)(CCCC)C)=O)C(S4)=CC(C(C)C)=C5)=C1.[Cl]-.[Cl]-.[Cl]-.[Cl]-,CC(C)C1=CC(SC2=C(OCC(NCCC[N+](CCCC)(C)C)=O)C(SC3=C(OCC(NCCC[N+](C)(CCCC)C)=O)C4=CC(C(C)C)=C3)=CC(C(C)C)=C2)=C(OCC(NCCC[N+](C)(CCCC)C)=O)C(SC5=C(OCC(NCCC[N+](C)(CCCC)C)=O)C(S4)=CC(C(C)C)=C5)=C1.[Cl-].[Cl-].[Cl-].[Cl-],CCCC[N+](C)(C)CCCNC(=O)COc1c2cc(C(C)C)cc1Sc1cc(C(C)C)cc(c1OCC(=O)NCCC[N+](C)(C)CCCC)Sc1cc(C(C)C)cc(c1OCC(=O)NCCC[N+](C)(C)CCCC)Sc1cc(C(C)C)cc(c1OCC(=O)NCCC[N+](C)(C)CCCC)S2.[Cl-].[Cl-].[Cl-].[Cl-],Bad,0,True,True,False
1056,B_2026-02-11,CC(C)C1=CC(SC2=C(OCC(NCCC[N+](CCCCCCCC)(C)C)=O)C(SC3=C(OCC(NCCC[N+](C)(CCCCCCCC)C)=O)C4=CC(C(C)C)=C3)=CC(C(C)C)=C2)=C(OCC(NCCC[N+](C)(CCCCCCCC)C)=O)C(SC5=C(OCC(NCCC[N+](C)(CCCCCCCC)C)=O)C(S4)=CC(C(C)C)=C5)=C1.[Cl]-.[Cl]-.[Cl]-.[Cl]-,CC(C)C1=CC(SC2=C(OCC(NCCC[N+](CCCCCCCC)(C)C)=O)C(SC3=C(OCC(NCCC[N+](C)(CCCCCCCC)C)=O)C4=CC(C(C)C)=C3)=CC(C(C)C)=C2)=C(OCC(NCCC[N+](C)(CCCCCCCC)C)=O)C(SC5=C(OCC(NCCC[N+](C)(CCCCCCCC)C)=O)C(S4)=CC(C(C)C)=C5)=C1.[Cl-].[Cl-].[Cl-].[Cl-],CCCCCCCC[N+](C)(C)CCCNC(=O)COc1c2cc(C(C)C)cc1Sc1cc(C(C)C)cc(c1OCC(=O)NCCC[N+](C)(C)CCCCCCCC)Sc1cc(C(C)C)cc(c1OCC(=O)NCCC[N+](C)(C)CCCCCCCC)Sc1cc(C(C)C)cc(c1OCC(=O)NCCC[N+](C)(C)CCCCCCCC)S2.[Cl-].[Cl-].[Cl-].[Cl-],Good,1,True,True,False
1057,B_2026-02-11,CC(C)C1=CC(SC2=C(OCC(NCCC[N+](CCCCCCCCCC)(C)C)=O)C(SC3=C(OCC(NCCC[N+](C)(CCCCCCCCCC)C)=O)C4=CC(C(C)C)=C3)=CC(C(C)C)=C2)=C(OCC(NCCC[N+](C)(CCCCCCCCCC)C)=O)C(SC5=C(OCC(NCCC[N+](C)(CCCCCCCCCC)C)=O)C(S4)=CC(C(C)C)=C5)=C1.[Cl]-.[Cl]-.[Cl]-.[Cl]-,CC(C)C1=CC(SC2=C(OCC(NCCC[N+](CCCCCCCCCC)(C)C)=O)C(SC3=C(OCC(NCCC[N+](C)(CCCCCCCCCC)C)=O)C4=CC(C(C)C)=C3)=CC(C(C)C)=C2)=C(OCC(NCCC[N+](C)(CCCCCCCCCC)C)=O)C(SC5=C(OCC(NCCC[N+](C)(CCCCCCCCCC)C)=O)C(S4)=CC(C(C)C)=C5)=C1.[Cl-].[Cl-].[Cl-].[Cl-],CCCCCCCCCC[N+](C)(C)CCCNC(=O)COc1c2cc(C(C)C)cc1Sc1cc(C(C)C)cc(c1OCC(=O)NCCC[N+](C)(C)CCCCCCCCCC)Sc1cc(C(C)C)cc(c1OCC(=O)NCCC[N+](C)(C)CCCCCCCCCC)Sc1cc(C(C)C)cc(c1OCC(=O)NCCC[N+](C)(C)CCCCCCCCCC)S2.[Cl-].[Cl-].[Cl-].[Cl-],Bad,0,True,True,False
1058,B_2026-02-11,CC(C)C1=CC(SC2=C(OCC(NCCC[N+](CC3=CC=CC=C3)(C)C)=O)C(SC4=C(OCC(NCCC[N+](C)(CC5=CC=CC=C5)C)=O)C6=CC(C(C)C)=C4)=CC(C(C)C)=C2)=C(OCC(NCCC[N+](C)(CC7=CC=CC=C7)C)=O)C(SC8=C(OCC(NCCC[N+](C)(CC9=CC=CC=C9)C)=O)C(S6)=CC(C(C)C)=C8)=C1.[Cl]-.[Cl]-.[Cl]-.[Cl]-,CC(C)C1=CC(SC2=C(OCC(NCCC[N+](CC3=CC=CC=C3)(C)C)=O)C(SC4=C(OCC(NCCC[N+](C)(CC5=CC=CC=C5)C)=O)C6=CC(C(C)C)=C4)=CC(C(C)C)=C2)=C(OCC(NCCC[N+](C)(CC7=CC=CC=C7)C)=O)C(SC8=C(OCC(NCCC[N+](C)(CC9=CC=CC=C9)C)=O)C(S6)=CC(C(C)C)=C8)=C1.[Cl-].[Cl-].[Cl-].[Cl-],CC(C)c1cc2c(OCC(=O)NCCC[N+](C)(C)Cc3ccccc3)c(c1)Sc1cc(C(C)C)cc(c1OCC(=O)NCCC[N+](C)(C)Cc1ccccc1)Sc1cc(C(C)C)cc(c1OCC(=O)NCCC[N+](C)(C)Cc1ccccc1)Sc1cc(C(C)C)cc(c1OCC(=O)NCCC[N+](C)(C)Cc1ccccc1)S2.[Cl-].[Cl-].[Cl-].[Cl-],Bad,0,True,True,False
1059,B_2026-02-11,CC1=C(C(O)=O)C2=N[N+]3(CCN(C4=NC(N(CC)C=C(C(O)=O)C5=O)=C5C=N4)CC3)CN2C(C)=C1.[Cl]-,CC1=C(C(O)=O)C2=N[N+]3(CCN(C4=NC(N(CC)C=C(C(O)=O)C5=O)=C5C=N4)CC3)CN2C(C)=C1.[Cl-],CCn1cc(C(=O)O)c(=O)c2cnc(N3CC[N+]4(CC3)CN3C(C)=CC(C)=C(C(=O)O)C3=N4)nc21.[Cl-],Bad,0,True,True,False
1060,B_2026-02-11,CC1=C(C(O)=O)C2=N[N+]3(CCN(C4=NC(N(CC)C=C(C(O)=O)C5=O)=C5C=C4F)CC3)CN2C(C)=C1.[Cl]-,CC1=C(C(O)=O)C2=N[N+]3(CCN(C4=NC(N(CC)C=C(C(O)=O)C5=O)=C5C=C4F)CC3)CN2C(C)=C1.[Cl-],CCn1cc(C(=O)O)c(=O)c2cc(F)c(N3CC[N+]4(CC3)CN3C(C)=CC(C)=C(C(=O)O)C3=N4)nc21.[Cl-],Bad,0,True,True,False
1061,B_2026-02-11,CC1=C(C(O)=O)C2=N[N+]3(CCN(C4=CC(N(CC)C=C(C(O)=O)C5=O)=C5C=C4F)CC3)CN2C(C)=C1.[Cl]-,CC1=C(C(O)=O)C2=N[N+]3(CCN(C4=CC(N(CC)C=C(C(O)=O)C5=O)=C5C=C4F)CC3)CN2C(C)=C1.[Cl-],CCn1cc(C(=O)O)c(=O)c2cc(F)c(N3CC[N+]4(CC3)CN3C(C)=CC(C)=C(C(=O)O)C3=N4)cc21.[Cl-],Bad,0,True,True,False
1062,B_2026-02-11,CC1=C(C(O)=O)C2=N[N+]3(CCN(C4=C(F)C(N(C5CC5)C=C(C(O)=O)C6=O)=C6C=C4F)CC3C)CN2C(C)=C1.[Cl]-,CC1=C(C(O)=O)C2=N[N+]3(CCN(C4=C(F)C(N(C5CC5)C=C(C(O)=O)C6=O)=C6C=C4F)CC3C)CN2C(C)=C1.[Cl-],CC1=CC(C)=C(C(=O)O)C2=N[N+]3(CCN(c4c(F)cc5c(=O)c(C(=O)O)cn(C6CC6)c5c4F)CC3C)CN12.[Cl-],Bad,0,True,True,False
1063,B_2026-02-11,CC1=C(C(O)=O)C2=N[N+]3(CCN(C4=CC(N(C5CC5)C=C(C(O)=O)C6=O)=C6C=C4F)CC3)CN2C(C)=C1.[Cl]-,CC1=C(C(O)=O)C2=N[N+]3(CCN(C4=CC(N(C5CC5)C=C(C(O)=O)C6=O)=C6C=C4F)CC3)CN2C(C)=C1.[Cl-],CC1=CC(C)=C(C(=O)O)C2=N[N+]3(CCN(c4cc5c(cc4F)c(=O)c(C(=O)O)cn5C4CC4)CC3)CN12.[Cl-],Bad,0,True,True,False
1064,B_2026-02-11,CC1=C(C(O)=O)C2=N[N+]3([C@H](C)CN(C4=C(F)C(N(C5CC5)C=C(C(O)=O)C6=O)=C6C(N)=C4F)C[C@@H]3C)CN2C(C)=C1.[Cl]-,CC1=C(C(O)=O)C2=N[N+]3([C@H](C)CN(C4=C(F)C(N(C5CC5)C=C(C(O)=O)C6=O)=C6C(N)=C4F)C[C@@H]3C)CN2C(C)=C1.[Cl-],CC1=CC(C)=C(C(=O)O)C2=N[N+]3(CN12)[C@H](C)CN(c1c(F)c(N)c2c(=O)c(C(=O)O)cn(C4CC4)c2c1F)C[C@@H]3C.[Cl-],Bad,0,True,True,False
1065,B_2026-02-11,CC1=C(C(O)=O)C2=N[N+]3(CCN(C4=C(OC)C(N(C5CC5)C=C(C(O)=O)C6=O)=C6C=C4F)CC3C)CN2C(C)=C1.[Cl]-,CC1=C(C(O)=O)C2=N[N+]3(CCN(C4=C(OC)C(N(C5CC5)C=C(C(O)=O)C6=O)=C6C=C4F)CC3C)CN2C(C)=C1.[Cl-],COc1c(N2CC[N+]3(CN4C(C)=CC(C)=C(C(=O)O)C4=N3)C(C)C2)c(F)cc2c(=O)c(C(=O)O)cn(C3CC3)c12.[Cl-],Bad,0,True,True,False
1066,B_2026-02-11,CC1=C(C(O)=O)C2=N[N+]3([C@@](CN(C4=C(OC)C(C(C5CC5)C=C(C(O)=O)C6)=C6C=C4F)C7)([H])[C@@]7([H])CCC3)CN2C(C)=C1.[Cl]-,CC1=C(C(O)=O)C2=N[N+]3([C@@](CN(C4=C(OC)C(C(C5CC5)C=C(C(O)=O)C6)=C6C=C4F)C7)([H])[C@@]7([H])CCC3)CN2C(C)=C1.[Cl-],COc1c2c(cc(F)c1N1C[C@@H]3CCC[N+]4(CN5C(C)=CC(C)=C(C(=O)O)C5=N4)[C@@H]3C1)CC(C(=O)O)=CC2C1CC1.[Cl-],Bad,0,True,True,False
1067,B_2026-02-11,OC(C1=CC(C=CC=C2)=C2N3C1=N[N+]4(CCN(C5=NC(N(CC)C=C(C(O)=O)C6=O)=C6C=N5)CC4)C3)=O.[Cl]-,OC(C1=CC(C=CC=C2)=C2N3C1=N[N+]4(CCN(C5=NC(N(CC)C=C(C(O)=O)C6=O)=C6C=N5)CC4)C3)=O.[Cl-],CCn1cc(C(=O)O)c(=O)c2cnc(N3CC[N+]4(CC3)CN3C(=N4)C(C(=O)O)=Cc4ccccc43)nc21.[Cl-],Bad,0,True,True,False
1068,B_2026-02-11,OC(C1=CC(C=CC=C2)=C2N3C1=N[N+]4(CCN(C5=NC(N(CC)C=C(C(O)=O)C6=O)=C6C=C5F)CC4)C3)=O.[Cl]-,OC(C1=CC(C=CC=C2)=C2N3C1=N[N+]4(CCN(C5=NC(N(CC)C=C(C(O)=O)C6=O)=C6C=C5F)CC4)C3)=O.[Cl-],CCn1cc(C(=O)O)c(=O)c2cc(F)c(N3CC[N+]4(CC3)CN3C(=N4)C(C(=O)O)=Cc4ccccc43)nc21.[Cl-],Good,1,True,True,False
1069,B_2026-02-11,OC(C1=CC(C=CC=C2)=C2N3C1=N[N+]4(CCN(C5=CC(N(CC)C=C(C(O)=O)C6=O)=C6C=C5F)CC4)C3)=O.[Cl]-,OC(C1=CC(C=CC=C2)=C2N3C1=N[N+]4(CCN(C5=CC(N(CC)C=C(C(O)=O)C6=O)=C6C=C5F)CC4)C3)=O.[Cl-],CCn1cc(C(=O)O)c(=O)c2cc(F)c(N3CC[N+]4(CC3)CN3C(=N4)C(C(=O)O)=Cc4ccccc43)cc21.[Cl-],Bad,0,True,True,False
1070,B_2026-02-11,OC(C1=CC(C=CC=C2)=C2N3C1=N[N+]4(CCN(C5=C(F)C(N(CC)C=C(C(O)=O)C6=O)=C6C=C5F)CC4C)C3)=O.[Cl]-,OC(C1=CC(C=CC=C2)=C2N3C1=N[N+]4(CCN(C5=C(F)C(N(CC)C=C(C(O)=O)C6=O)=C6C=C5F)CC4C)C3)=O.[Cl-],CCn1cc(C(=O)O)c(=O)c2cc(F)c(N3CC[N+]4(CN5C(=N4)C(C(=O)O)=Cc4ccccc45)C(C)C3)c(F)c21.[Cl-],Good,1,True,True,False
1071,B_2026-02-11,OC(C1=CC(C=CC=C2)=C2N3C1=N[N+]4(CCN(C5=CC(N(C6CC6)C=C(C(O)=O)C7=O)=C7C=C5F)CC4)C3)=O.[Cl]-,OC(C1=CC(C=CC=C2)=C2N3C1=N[N+]4(CCN(C5=CC(N(C6CC6)C=C(C(O)=O)C7=O)=C7C=C5F)CC4)C3)=O.[Cl-],O=C(O)C1=Cc2ccccc2N2C[N+]3(CCN(c4cc5c(cc4F)c(=O)c(C(=O)O)cn5C4CC4)CC3)N=C12.[Cl-],Good,1,True,True,False
1072,B_2026-02-11,OC(C1=CC(C=CC=C2)=C2N3C1=N[N+]4([C@H](C)CN(C5=C(F)C(N(C6CC6)C=C(C(O)=O)C7=O)=C7C(N)=C5F)C[C@@H]4C)C3)=O.[Cl]-,OC(C1=CC(C=CC=C2)=C2N3C1=N[N+]4([C@H](C)CN(C5=C(F)C(N(C6CC6)C=C(C(O)=O)C7=O)=C7C(N)=C5F)C[C@@H]4C)C3)=O.[Cl-],C[C@@H]1CN(c2c(F)c(N)c3c(=O)c(C(=O)O)cn(C4CC4)c3c2F)C[C@H](C)[N+]12CN1C(=N2)C(C(=O)O)=Cc2ccccc21.[Cl-],Bad,0,True,True,False
1073,B_2026-02-11,OC(C1=CC(C=CC=C2)=C2N3C1=N[N+]4(CCN(C5=C(OC)C(N(C6CC6)C=C(C(O)=O)C7=O)=C7C=C5F)CC4C)C3)=O.[Cl]-,OC(C1=CC(C=CC=C2)=C2N3C1=N[N+]4(CCN(C5=C(OC)C(N(C6CC6)C=C(C(O)=O)C7=O)=C7C=C5F)CC4C)C3)=O.[Cl-],COc1c(N2CC[N+]3(CN4C(=N3)C(C(=O)O)=Cc3ccccc34)C(C)C2)c(F)cc2c(=O)c(C(=O)O)cn(C3CC3)c12.[Cl-],Bad,0,True,True,False
1074,B_2026-02-11,OC(C1=CC(C=CC=C2)=C2N3C1=N[N+]4(C(CN(C5=C(OC)C(C(C6CC6)C=C(C(C)=C)C7=C)=C7C=C5F)C8)C8CCC4)C3)=O.[Cl]-,OC(C1=CC(C=CC=C2)=C2N3C1=N[N+]4(C(CN(C5=C(OC)C(C(C6CC6)C=C(C(C)=C)C7=C)=C7C=C5F)C8)C8CCC4)C3)=O.[Cl-],C=C(C)C1=CC(C2CC2)c2c(cc(F)c(N3CC4CCC[N+]5(CN6C(=N5)C(C(=O)O)=Cc5ccccc56)C4C3)c2OC)C1=C.[Cl-],Bad,0,True,True,False
1075,B_2026-02-11,OC(C1=CN(CC)C2=C(C=NC(N3CC[N+](C)(C)CC3)=N2)C1=O)=O.[I]-,OC(C1=CN(CC)C2=C(C=NC(N3CC[N+](C)(C)CC3)=N2)C1=O)=O.[I-],CCn1cc(C(=O)O)c(=O)c2cnc(N3CC[N+](C)(C)CC3)nc21.[I-],Bad,0,True,True,False
1076,B_2026-02-11,OC(C1=CN(CC)C2=C(C=C(F)C(N3CC[N+](C)(C)CC3)=N2)C1=O)=O.[I]-,OC(C1=CN(CC)C2=C(C=C(F)C(N3CC[N+](C)(C)CC3)=N2)C1=O)=O.[I-],CCn1cc(C(=O)O)c(=O)c2cc(F)c(N3CC[N+](C)(C)CC3)nc21.[I-],Bad,0,True,True,False
1077,B_2026-02-11,OC(C1=CN(CC)C2=C(C=C(F)C(N3CC[N+](C)(C)CC3)=C2)C1=O)=O.[I]-,OC(C1=CN(CC)C2=C(C=C(F)C(N3CC[N+](C)(C)CC3)=C2)C1=O)=O.[I-],CCn1cc(C(=O)O)c(=O)c2cc(F)c(N3CC[N+](C)(C)CC3)cc21.[I-],Bad,0,True,True,False
1078,B_2026-02-11,OC(C1=CN(CC)C2=C(C=C(F)C(N3CC(C)[N+](C)(C)CC3)=C2F)C1=O)=O.[I]-,OC(C1=CN(CC)C2=C(C=C(F)C(N3CC(C)[N+](C)(C)CC3)=C2F)C1=O)=O.[I-],CCn1cc(C(=O)O)c(=O)c2cc(F)c(N3CC[N+](C)(C)C(C)C3)c(F)c21.[I-],Bad,0,True,True,False
1079,B_2026-02-11,OC(C1=CN(C2CC2)C3=C(C=C(F)C(N4CC[N+](C)(C)CC4)=C3)C1=O)=O.[I]-,OC(C1=CN(C2CC2)C3=C(C=C(F)C(N4CC[N+](C)(C)CC4)=C3)C1=O)=O.[I-],C[N+]1(C)CCN(c2cc3c(cc2F)c(=O)c(C(=O)O)cn3C2CC2)CC1.[I-],Good,1,True,True,False
1080,B_2026-02-11,OC(C1=CN(C2CC2)C3=C(C=C(F)C(N4CC(C)[N+](C)(C)CC4)=C3OC)C1=O)=O.[I]-,OC(C1=CN(C2CC2)C3=C(C=C(F)C(N4CC(C)[N+](C)(C)CC4)=C3OC)C1=O)=O.[I-],COc1c(N2CC[N+](C)(C)C(C)C2)c(F)cc2c(=O)c(C(=O)O)cn(C3CC3)c12.[I-],Bad,0,True,True,False
1081,B_2026-02-11,OC(C1=CN(C2CC2)C3=C(C=C(F)C(N4CCC[N+](C)(C)CC4)=C3)C1=O)=O.[I]-,OC(C1=CN(C2CC2)C3=C(C=C(F)C(N4CCC[N+](C)(C)CC4)=C3)C1=O)=O.[I-],C[N+]1(C)CCCN(c2cc3c(cc2F)c(=O)c(C(=O)O)cn3C2CC2)CC1.[I-],Good,1,True,True,False
1082,B_2026-02-11,OC(C1=CN(C2CC2)C3=C(C=C(F)C(N4CC(CCC[N+]5(C)C)C5C4)=C3OC)C1=O)=O.[I]-,OC(C1=CN(C2CC2)C3=C(C=C(F)C(N4CC(CCC[N+]5(C)C)C5C4)=C3OC)C1=O)=O.[I-],COc1c(N2CC3CCC[N+](C)(C)C3C2)c(F)cc2c(=O)c(C(=O)O)cn(C3CC3)c12.[I-],Bad,0,True,True,False
1083,B_2026-02-11,OC(C1=CN(C2CC2)C3=C(C=C(F)C(N4CC[N+]5(N=C(C(C(O)=O)=CC6=C7C=CC=C6)N7C5)CCC4)=C3)C1=O)=O.[Cl]-,OC(C1=CN(C2CC2)C3=C(C=C(F)C(N4CC[N+]5(N=C(C(C(O)=O)=CC6=C7C=CC=C6)N7C5)CCC4)=C3)C1=O)=O.[Cl-],O=C(O)C1=Cc2ccccc2N2C[N+]3(CCCN(c4cc5c(cc4F)c(=O)c(C(=O)O)cn5C4CC4)CC3)N=C12.[Cl-],Bad,0,True,True,False
1084,B_2026-02-11,C[N+](CCO)(CCCCCCCCCCCCC)C.[Br]-,C[N+](CCO)(CCCCCCCCCCCCC)C.[Br-],CCCCCCCCCCCCC[N+](C)(C)CCO.[Br-],Bad,0,True,True,False
1085,B_2026-02-11,C[N+](CCCO)(CCCCCCCCCCCCC)C.[Br]-,C[N+](CCCO)(CCCCCCCCCCCCC)C.[Br-],CCCCCCCCCCCCC[N+](C)(C)CCCO.[Br-],Bad,0,True,True,False
1086,B_2026-02-11,C[N+](CC(C)O)(CCCCCCCCCCCCC)C.[Br]-,C[N+](CC(C)O)(CCCCCCCCCCCCC)C.[Br-],CCCCCCCCCCCCC[N+](C)(C)CC(C)O.[Br-],Bad,0,True,True,False
1087,B_2026-02-11,C[N+](CCO)(CCCCCCCCCCCCCCC)C.[Br]-,C[N+](CCO)(CCCCCCCCCCCCCCC)C.[Br-],CCCCCCCCCCCCCCC[N+](C)(C)CCO.[Br-],Bad,0,True,True,False
1088,B_2026-02-11,C[N+](CCCO)(CCCCCCCCCCCCCCC)C.[Br]-,C[N+](CCCO)(CCCCCCCCCCCCCCC)C.[Br-],CCCCCCCCCCCCCCC[N+](C)(C)CCCO.[Br-],Bad,0,True,True,False
1089,B_2026-02-11,C[N+](CC(C)O)(CCCCCCCCCCCCCCC)C.[Br]-,C[N+](CC(C)O)(CCCCCCCCCCCCCCC)C.[Br-],CCCCCCCCCCCCCCC[N+](C)(C)CC(C)O.[Br-],Bad,0,True,True,False
1090,B_2026-02-11,C[N+](C)(CCCCCCCCCC)CC1CO1.[Cl]-,C[N+](C)(CCCCCCCCCC)CC1CO1.[Cl-],CCCCCCCCCC[N+](C)(C)CC1CO1.[Cl-],Bad,0,True,True,False
1091,B_2026-02-11,C[N+](C)(CCCCCCCCCCCC)CC1CO1.[Cl]-,C[N+](C)(CCCCCCCCCCCC)CC1CO1.[Cl-],CCCCCCCCCCCC[N+](C)(C)CC1CO1.[Cl-],Bad,0,True,True,False
1092,B_2026-02-11,C[N+](C)(CCCCCCCCCCCCCC)CC1CO1.[Cl]-,C[N+](C)(CCCCCCCCCCCCCC)CC1CO1.[Cl-],CCCCCCCCCCCCCC[N+](C)(C)CC1CO1.[Cl-],Bad,0,True,True,False
1093,B_2026-02-11,C[N+](C)(CCCCCCCCCCCCCCCC)CC1CO1.[Cl]-,C[N+](C)(CCCCCCCCCCCCCCCC)CC1CO1.[Cl-],CCCCCCCCCCCCCCCC[N+](C)(C)CC1CO1.[Cl-],Bad,0,True,True,False
1094,B_2026-02-11,CCCCCCCC[N+](C=C1)=CC=C1CCCC2=CC=[N+](CCCCCCCC)C=C2.[Br]-.[Br]-,CCCCCCCC[N+](C=C1)=CC=C1CCCC2=CC=[N+](CCCCCCCC)C=C2.[Br-].[Br-],CCCCCCCC[n+]1ccc(CCCc2cc[n+](CCCCCCCC)cc2)cc1.[Br-].[Br-],Bad,0,True,True,False
1095,B_2026-02-11,CCCCCCCCCC[N+](C=C1)=CC=C1CCCC2=CC=[N+](CCCCCCCCCC)C=C2.[Br]-.[Br]-,CCCCCCCCCC[N+](C=C1)=CC=C1CCCC2=CC=[N+](CCCCCCCCCC)C=C2.[Br-].[Br-],CCCCCCCCCC[n+]1ccc(CCCc2cc[n+](CCCCCCCCCC)cc2)cc1.[Br-].[Br-],Bad,0,True,True,False
1096,B_2026-02-11,CCCCCCCCCCC[N+](C=C1)=CC=C1CCCC2=CC=[N+](CCCCCCCCCCC)C=C2.[Br]-.[Br]-,CCCCCCCCCCC[N+](C=C1)=CC=C1CCCC2=CC=[N+](CCCCCCCCCCC)C=C2.[Br-].[Br-],CCCCCCCCCCC[n+]1ccc(CCCc2cc[n+](CCCCCCCCCCC)cc2)cc1.[Br-].[Br-],Good,1,True,True,False
1097,B_2026-02-11,CCCCCCCCCCCC[N+](C=C1)=CC=C1CCCC2=CC=[N+](CCCCCCCCCCCC)C=C2.[Br]-.[Br]-,CCCCCCCCCCCC[N+](C=C1)=CC=C1CCCC2=CC=[N+](CCCCCCCCCCCC)C=C2.[Br-].[Br-],CCCCCCCCCCCC[n+]1ccc(CCCc2cc[n+](CCCCCCCCCCCC)cc2)cc1.[Br-].[Br-],Good,1,True,True,False
1098,B_2026-02-11,CCCCCCCCCCCCC[N+](C=C1)=CC=C1CCCC2=CC=[N+](CCCCCCCCCCCCC)C=C2.[Br]-.[Br]-,CCCCCCCCCCCCC[N+](C=C1)=CC=C1CCCC2=CC=[N+](CCCCCCCCCCCCC)C=C2.[Br-].[Br-],CCCCCCCCCCCCC[n+]1ccc(CCCc2cc[n+](CCCCCCCCCCCCC)cc2)cc1.[Br-].[Br-],Good,1,True,True,False
1099,B_2026-02-11,CCCCCCCCCCCCCC[N+](C=C1)=CC=C1CCCC2=CC=[N+](CCCCCCCCCCCCCC)C=C2.[Br]-.[Br]-,CCCCCCCCCCCCCC[N+](C=C1)=CC=C1CCCC2=CC=[N+](CCCCCCCCCCCCCC)C=C2.[Br-].[Br-],CCCCCCCCCCCCCC[n+]1ccc(CCCc2cc[n+](CCCCCCCCCCCCCC)cc2)cc1.[Br-].[Br-],Bad,0,True,True,False
1100,B_2026-02-11,CCCCCCCCCCCCCCCC[N+](C=C1)=CC=C1CCCC2=CC=[N+](CCCCCCCCCCCCCCCC)C=C2.[Br]-.[Br]-,CCCCCCCCCCCCCCCC[N+](C=C1)=CC=C1CCCC2=CC=[N+](CCCCCCCCCCCCCCCC)C=C2.[Br-].[Br-],CCCCCCCCCCCCCCCC[n+]1ccc(CCCc2cc[n+](CCCCCCCCCCCCCCCC)cc2)cc1.[Br-].[Br-],Bad,0,True,True,False
1101,B_2026-02-11,CCCCCCCCCCCCCCCCCC[N+](C=C1)=CC=C1CCCC2=CC=[N+](CCCCCCCCCCCCCCCCCC)C=C2.[Br]-.[Br]-,CCCCCCCCCCCCCCCCCC[N+](C=C1)=CC=C1CCCC2=CC=[N+](CCCCCCCCCCCCCCCCCC)C=C2.[Br-].[Br-],CCCCCCCCCCCCCCCCCC[n+]1ccc(CCCc2cc[n+](CCCCCCCCCCCCCCCCCC)cc2)cc1.[Br-].[Br-],Bad,0,True,True,False
1102,B_2026-02-11,CCCCCCCCCC[N+](C=C1)=CC=C1CN(CC2=CC=[N+](CCCCCCCCCCCC)C=C2)CC3=CC=[N+](CCCCCCCCCC)C=C3.[Br-].[Br-].[Br-],CCCCCCCCCC[N+](C=C1)=CC=C1CN(CC2=CC=[N+](CCCCCCCCCCCC)C=C2)CC3=CC=[N+](CCCCCCCCCC)C=C3.[Br-].[Br-].[Br-],CCCCCCCCCCCC[n+]1ccc(CN(Cc2cc[n+](CCCCCCCCCC)cc2)Cc2cc[n+](CCCCCCCCCC)cc2)cc1.[Br-].[Br-].[Br-],Bad,0,True,False,False
1103,B_2026-02-11,CCCCCCCCCCCC[N+](C=C1)=CC=C1CN(CC2=CC=[N+](CCCCCCCCCCCC)C=C2)CC3=CC=[N+](CCCCCCCCCCCC)C=C3.[Br-].[Br-].[Br-],CCCCCCCCCCCC[N+](C=C1)=CC=C1CN(CC2=CC=[N+](CCCCCCCCCCCC)C=C2)CC3=CC=[N+](CCCCCCCCCCCC)C=C3.[Br-].[Br-].[Br-],CCCCCCCCCCCC[n+]1ccc(CN(Cc2cc[n+](CCCCCCCCCCCC)cc2)Cc2cc[n+](CCCCCCCCCCCC)cc2)cc1.[Br-].[Br-].[Br-],Bad,0,True,False,False
